ISO-10303-21;
HEADER;
/* Generated by software containing ST-Developer
 * from STEP Tools, Inc. (www.steptools.com) 
 */
/* OPTION: using custom renumber hook */

FILE_DESCRIPTION(
/* description */ ('STEP AP242 Edition 2',
'CAx-IF Rec.Pracs.---Representation and Presentation of Product Manufa
cturing Information (PMI)---4.0---2014-10-13',
'CAx-IF Rec.Pracs.---3D Tessellated Geometry---0.4---2014-09-14','2;1',
'CAx-IF Rec.Pracs.---User Defined Attributes---1.5---2016-08-15'),
/* implementation_level */ '2;1');

FILE_NAME(
/* name */ 'V2 - Part 20',
/* time_stamp */ '2026-05-14T03:12:45Z',
/* author */ (''),
/* organization */ (''),
/* preprocessor_version */ 'ST-DEVELOPER v20',
/* originating_system */ 'ONSHAPE BY PTC INC, 1.214',
/* authorisation */ '  ');

FILE_SCHEMA (('AP242_MANAGED_MODEL_BASED_3D_ENGINEERING_MIM_LF { 1 0 10303 442 3 1 4 }'));
ENDSEC;

DATA;
#10=SHAPE_REPRESENTATION_RELATIONSHIP('','',#1343,#11);
#11=ADVANCED_BREP_SHAPE_REPRESENTATION('',(#1341),#2235);
#12=CONICAL_SURFACE('',#1466,0.001651,0.785398163397448);
#13=CYLINDRICAL_SURFACE('',#1355,0.0060387331677918);
#14=CYLINDRICAL_SURFACE('',#1358,0.0060387331677918);
#15=CYLINDRICAL_SURFACE('',#1428,0.001524);
#16=CYLINDRICAL_SURFACE('',#1429,0.001524);
#17=CYLINDRICAL_SURFACE('',#1430,0.001524);
#18=CYLINDRICAL_SURFACE('',#1431,0.001524);
#19=CYLINDRICAL_SURFACE('',#1434,0.00378989800810814);
#20=CYLINDRICAL_SURFACE('',#1449,0.0111755707305467);
#21=CYLINDRICAL_SURFACE('',#1450,0.0111755707305467);
#22=CYLINDRICAL_SURFACE('',#1451,0.0111755707305467);
#23=CYLINDRICAL_SURFACE('',#1452,0.0111755707305467);
#24=CYLINDRICAL_SURFACE('',#1453,0.0111755707305467);
#25=CYLINDRICAL_SURFACE('',#1454,0.0111755707305467);
#26=CYLINDRICAL_SURFACE('',#1455,0.0111755707305467);
#27=CYLINDRICAL_SURFACE('',#1458,0.0060387331677918);
#28=CYLINDRICAL_SURFACE('',#1459,0.00470832769408269);
#29=CYLINDRICAL_SURFACE('',#1461,0.00474811379447027);
#30=CYLINDRICAL_SURFACE('',#1462,0.001651);
#31=B_SPLINE_CURVE_WITH_KNOTS('',3,(#1866,#1867,#1868,#1869),
 .UNSPECIFIED.,.F.,.F.,(4,4),(0.0413399670193673,0.0435076707291136),
 .UNSPECIFIED.);
#32=B_SPLINE_CURVE_WITH_KNOTS('',3,(#1874,#1875,#1876,#1877),
 .UNSPECIFIED.,.F.,.F.,(4,4),(0.0105394728617562,0.0122404139849339),
 .UNSPECIFIED.);
#33=B_SPLINE_CURVE_WITH_KNOTS('',3,(#2039,#2040,#2041,#2042),
 .UNSPECIFIED.,.F.,.F.,(4,4),(0.00172385643876946,0.0023953420188024),
 .UNSPECIFIED.);
#34=B_SPLINE_CURVE_WITH_KNOTS('',3,(#2067,#2068,#2069,#2070),
 .UNSPECIFIED.,.F.,.F.,(4,4),(0.00359349817005887,0.00383650896062722),
 .UNSPECIFIED.);
#35=TOROIDAL_SURFACE('',#1347,0.0128554779721741,0.00378989800810814);
#36=TOROIDAL_SURFACE('',#1460,0.0128554779721741,0.00378989800810814);
#37=CIRCLE('',#1346,0.0060387331677918);
#38=CIRCLE('',#1348,0.0128554779721741);
#39=CIRCLE('',#1349,0.013492235463552);
#40=CIRCLE('',#1352,0.00474811379447027);
#41=CIRCLE('',#1354,0.0060387331677918);
#42=CIRCLE('',#1356,0.0060387331677918);
#43=CIRCLE('',#1357,0.0060387331677918);
#44=CIRCLE('',#1359,0.0060387331677918);
#45=CIRCLE('',#1360,0.0060387331677918);
#46=CIRCLE('',#1362,0.0111755707305467);
#47=CIRCLE('',#1364,0.0111755707305467);
#48=CIRCLE('',#1366,0.0111755707305467);
#49=CIRCLE('',#1368,0.0111755707305467);
#50=CIRCLE('',#1370,0.0111755707305467);
#51=CIRCLE('',#1372,0.0111755707305467);
#52=CIRCLE('',#1374,0.0111755707305467);
#53=CIRCLE('',#1376,0.0111755707305467);
#54=CIRCLE('',#1378,0.0111755707305467);
#55=CIRCLE('',#1380,0.0111755707305467);
#56=CIRCLE('',#1382,0.0111755707305467);
#57=CIRCLE('',#1384,0.0111755707305467);
#58=CIRCLE('',#1386,0.0111755707305467);
#59=CIRCLE('',#1388,0.0111755707305467);
#60=CIRCLE('',#1401,0.00378989800810814);
#61=CIRCLE('',#1402,0.001524);
#62=CIRCLE('',#1403,0.001524);
#63=CIRCLE('',#1410,0.00470832769408269);
#64=CIRCLE('',#1412,0.00470832769408269);
#65=CIRCLE('',#1414,0.00474811379447027);
#66=CIRCLE('',#1416,0.00378989800810814);
#67=CIRCLE('',#1417,0.001524);
#68=CIRCLE('',#1418,0.001524);
#69=CIRCLE('',#1420,0.001524);
#70=CIRCLE('',#1421,0.001524);
#71=CIRCLE('',#1422,0.001524);
#72=CIRCLE('',#1423,0.001524);
#73=CIRCLE('',#1433,0.00378989800810814);
#74=CIRCLE('',#1435,0.00378989800810814);
#75=CIRCLE('',#1437,0.00474811379447027);
#76=CIRCLE('',#1438,0.0128554779721741);
#77=CIRCLE('',#1440,0.002413);
#78=CIRCLE('',#1457,0.0060387331677918);
#79=CIRCLE('',#1463,0.001651);
#80=CIRCLE('',#1464,0.001651);
#81=ORIENTED_EDGE('',*,*,#445,.F.);
#82=ORIENTED_EDGE('',*,*,#446,.T.);
#83=ORIENTED_EDGE('',*,*,#447,.T.);
#84=ORIENTED_EDGE('',*,*,#448,.F.);
#85=ORIENTED_EDGE('',*,*,#449,.T.);
#86=ORIENTED_EDGE('',*,*,#450,.T.);
#87=ORIENTED_EDGE('',*,*,#451,.F.);
#88=ORIENTED_EDGE('',*,*,#452,.F.);
#89=ORIENTED_EDGE('',*,*,#453,.F.);
#90=ORIENTED_EDGE('',*,*,#454,.T.);
#91=ORIENTED_EDGE('',*,*,#455,.T.);
#92=ORIENTED_EDGE('',*,*,#456,.F.);
#93=ORIENTED_EDGE('',*,*,#457,.F.);
#94=ORIENTED_EDGE('',*,*,#458,.F.);
#95=ORIENTED_EDGE('',*,*,#459,.F.);
#96=ORIENTED_EDGE('',*,*,#460,.T.);
#97=ORIENTED_EDGE('',*,*,#461,.F.);
#98=ORIENTED_EDGE('',*,*,#458,.T.);
#99=ORIENTED_EDGE('',*,*,#462,.T.);
#100=ORIENTED_EDGE('',*,*,#463,.T.);
#101=ORIENTED_EDGE('',*,*,#464,.F.);
#102=ORIENTED_EDGE('',*,*,#465,.T.);
#103=ORIENTED_EDGE('',*,*,#466,.F.);
#104=ORIENTED_EDGE('',*,*,#467,.T.);
#105=ORIENTED_EDGE('',*,*,#468,.T.);
#106=ORIENTED_EDGE('',*,*,#469,.F.);
#107=ORIENTED_EDGE('',*,*,#470,.F.);
#108=ORIENTED_EDGE('',*,*,#464,.T.);
#109=ORIENTED_EDGE('',*,*,#471,.F.);
#110=ORIENTED_EDGE('',*,*,#472,.F.);
#111=ORIENTED_EDGE('',*,*,#473,.T.);
#112=ORIENTED_EDGE('',*,*,#474,.T.);
#113=ORIENTED_EDGE('',*,*,#475,.T.);
#114=ORIENTED_EDGE('',*,*,#476,.T.);
#115=ORIENTED_EDGE('',*,*,#477,.F.);
#116=ORIENTED_EDGE('',*,*,#478,.F.);
#117=ORIENTED_EDGE('',*,*,#479,.T.);
#118=ORIENTED_EDGE('',*,*,#480,.T.);
#119=ORIENTED_EDGE('',*,*,#481,.F.);
#120=ORIENTED_EDGE('',*,*,#482,.F.);
#121=ORIENTED_EDGE('',*,*,#483,.T.);
#122=ORIENTED_EDGE('',*,*,#484,.T.);
#123=ORIENTED_EDGE('',*,*,#485,.F.);
#124=ORIENTED_EDGE('',*,*,#486,.F.);
#125=ORIENTED_EDGE('',*,*,#487,.T.);
#126=ORIENTED_EDGE('',*,*,#488,.T.);
#127=ORIENTED_EDGE('',*,*,#489,.F.);
#128=ORIENTED_EDGE('',*,*,#490,.F.);
#129=ORIENTED_EDGE('',*,*,#491,.T.);
#130=ORIENTED_EDGE('',*,*,#492,.T.);
#131=ORIENTED_EDGE('',*,*,#493,.F.);
#132=ORIENTED_EDGE('',*,*,#494,.F.);
#133=ORIENTED_EDGE('',*,*,#495,.T.);
#134=ORIENTED_EDGE('',*,*,#496,.T.);
#135=ORIENTED_EDGE('',*,*,#497,.F.);
#136=ORIENTED_EDGE('',*,*,#498,.F.);
#137=ORIENTED_EDGE('',*,*,#499,.F.);
#138=ORIENTED_EDGE('',*,*,#500,.F.);
#139=ORIENTED_EDGE('',*,*,#501,.F.);
#140=ORIENTED_EDGE('',*,*,#502,.T.);
#141=ORIENTED_EDGE('',*,*,#503,.T.);
#142=ORIENTED_EDGE('',*,*,#504,.T.);
#143=ORIENTED_EDGE('',*,*,#505,.F.);
#144=ORIENTED_EDGE('',*,*,#506,.F.);
#145=ORIENTED_EDGE('',*,*,#473,.F.);
#146=ORIENTED_EDGE('',*,*,#507,.T.);
#147=ORIENTED_EDGE('',*,*,#501,.T.);
#148=ORIENTED_EDGE('',*,*,#508,.F.);
#149=ORIENTED_EDGE('',*,*,#475,.F.);
#150=ORIENTED_EDGE('',*,*,#509,.T.);
#151=ORIENTED_EDGE('',*,*,#478,.T.);
#152=ORIENTED_EDGE('',*,*,#510,.F.);
#153=ORIENTED_EDGE('',*,*,#479,.F.);
#154=ORIENTED_EDGE('',*,*,#511,.T.);
#155=ORIENTED_EDGE('',*,*,#482,.T.);
#156=ORIENTED_EDGE('',*,*,#512,.F.);
#157=ORIENTED_EDGE('',*,*,#483,.F.);
#158=ORIENTED_EDGE('',*,*,#513,.T.);
#159=ORIENTED_EDGE('',*,*,#486,.T.);
#160=ORIENTED_EDGE('',*,*,#514,.F.);
#161=ORIENTED_EDGE('',*,*,#487,.F.);
#162=ORIENTED_EDGE('',*,*,#515,.T.);
#163=ORIENTED_EDGE('',*,*,#490,.T.);
#164=ORIENTED_EDGE('',*,*,#516,.F.);
#165=ORIENTED_EDGE('',*,*,#491,.F.);
#166=ORIENTED_EDGE('',*,*,#517,.T.);
#167=ORIENTED_EDGE('',*,*,#494,.T.);
#168=ORIENTED_EDGE('',*,*,#518,.F.);
#169=ORIENTED_EDGE('',*,*,#495,.F.);
#170=ORIENTED_EDGE('',*,*,#519,.T.);
#171=ORIENTED_EDGE('',*,*,#498,.T.);
#172=ORIENTED_EDGE('',*,*,#520,.F.);
#173=ORIENTED_EDGE('',*,*,#521,.F.);
#174=ORIENTED_EDGE('',*,*,#522,.T.);
#175=ORIENTED_EDGE('',*,*,#505,.T.);
#176=ORIENTED_EDGE('',*,*,#523,.F.);
#177=ORIENTED_EDGE('',*,*,#524,.F.);
#178=ORIENTED_EDGE('',*,*,#525,.T.);
#179=ORIENTED_EDGE('',*,*,#500,.T.);
#180=ORIENTED_EDGE('',*,*,#526,.F.);
#181=ORIENTED_EDGE('',*,*,#524,.T.);
#182=ORIENTED_EDGE('',*,*,#527,.F.);
#183=ORIENTED_EDGE('',*,*,#521,.T.);
#184=ORIENTED_EDGE('',*,*,#528,.F.);
#185=ORIENTED_EDGE('',*,*,#529,.T.);
#186=ORIENTED_EDGE('',*,*,#530,.T.);
#187=ORIENTED_EDGE('',*,*,#531,.F.);
#188=ORIENTED_EDGE('',*,*,#532,.T.);
#189=ORIENTED_EDGE('',*,*,#533,.T.);
#190=ORIENTED_EDGE('',*,*,#534,.F.);
#191=ORIENTED_EDGE('',*,*,#535,.T.);
#192=ORIENTED_EDGE('',*,*,#536,.T.);
#193=ORIENTED_EDGE('',*,*,#537,.F.);
#194=ORIENTED_EDGE('',*,*,#538,.F.);
#195=ORIENTED_EDGE('',*,*,#539,.F.);
#196=ORIENTED_EDGE('',*,*,#455,.F.);
#197=ORIENTED_EDGE('',*,*,#540,.T.);
#198=ORIENTED_EDGE('',*,*,#541,.F.);
#199=ORIENTED_EDGE('',*,*,#528,.T.);
#200=ORIENTED_EDGE('',*,*,#523,.T.);
#201=ORIENTED_EDGE('',*,*,#504,.F.);
#202=ORIENTED_EDGE('',*,*,#542,.F.);
#203=ORIENTED_EDGE('',*,*,#543,.T.);
#204=ORIENTED_EDGE('',*,*,#544,.F.);
#205=ORIENTED_EDGE('',*,*,#545,.T.);
#206=ORIENTED_EDGE('',*,*,#532,.F.);
#207=ORIENTED_EDGE('',*,*,#546,.T.);
#208=ORIENTED_EDGE('',*,*,#547,.T.);
#209=ORIENTED_EDGE('',*,*,#548,.F.);
#210=ORIENTED_EDGE('',*,*,#549,.T.);
#211=ORIENTED_EDGE('',*,*,#550,.T.);
#212=ORIENTED_EDGE('',*,*,#551,.T.);
#213=ORIENTED_EDGE('',*,*,#552,.F.);
#214=ORIENTED_EDGE('',*,*,#553,.T.);
#215=ORIENTED_EDGE('',*,*,#552,.T.);
#216=ORIENTED_EDGE('',*,*,#554,.T.);
#217=ORIENTED_EDGE('',*,*,#555,.F.);
#218=ORIENTED_EDGE('',*,*,#556,.T.);
#219=ORIENTED_EDGE('',*,*,#555,.T.);
#220=ORIENTED_EDGE('',*,*,#557,.T.);
#221=ORIENTED_EDGE('',*,*,#450,.F.);
#222=ORIENTED_EDGE('',*,*,#558,.T.);
#223=ORIENTED_EDGE('',*,*,#465,.F.);
#224=ORIENTED_EDGE('',*,*,#470,.T.);
#225=ORIENTED_EDGE('',*,*,#559,.T.);
#226=ORIENTED_EDGE('',*,*,#550,.F.);
#227=ORIENTED_EDGE('',*,*,#560,.T.);
#228=ORIENTED_EDGE('',*,*,#561,.F.);
#229=ORIENTED_EDGE('',*,*,#562,.F.);
#230=ORIENTED_EDGE('',*,*,#469,.T.);
#231=ORIENTED_EDGE('',*,*,#563,.F.);
#232=ORIENTED_EDGE('',*,*,#564,.F.);
#233=ORIENTED_EDGE('',*,*,#565,.T.);
#234=ORIENTED_EDGE('',*,*,#566,.T.);
#235=ORIENTED_EDGE('',*,*,#548,.T.);
#236=ORIENTED_EDGE('',*,*,#567,.T.);
#237=ORIENTED_EDGE('',*,*,#460,.F.);
#238=ORIENTED_EDGE('',*,*,#568,.F.);
#239=ORIENTED_EDGE('',*,*,#569,.F.);
#240=ORIENTED_EDGE('',*,*,#467,.F.);
#241=ORIENTED_EDGE('',*,*,#570,.T.);
#242=ORIENTED_EDGE('',*,*,#546,.F.);
#243=ORIENTED_EDGE('',*,*,#571,.T.);
#244=ORIENTED_EDGE('',*,*,#572,.F.);
#245=ORIENTED_EDGE('',*,*,#573,.F.);
#246=ORIENTED_EDGE('',*,*,#447,.F.);
#247=ORIENTED_EDGE('',*,*,#574,.F.);
#248=ORIENTED_EDGE('',*,*,#575,.F.);
#249=ORIENTED_EDGE('',*,*,#576,.T.);
#250=ORIENTED_EDGE('',*,*,#577,.T.);
#251=ORIENTED_EDGE('',*,*,#578,.F.);
#252=ORIENTED_EDGE('',*,*,#579,.F.);
#253=ORIENTED_EDGE('',*,*,#580,.T.);
#254=ORIENTED_EDGE('',*,*,#581,.T.);
#255=ORIENTED_EDGE('',*,*,#582,.T.);
#256=ORIENTED_EDGE('',*,*,#583,.F.);
#257=ORIENTED_EDGE('',*,*,#584,.F.);
#258=ORIENTED_EDGE('',*,*,#585,.T.);
#259=ORIENTED_EDGE('',*,*,#586,.F.);
#260=ORIENTED_EDGE('',*,*,#581,.F.);
#261=ORIENTED_EDGE('',*,*,#587,.F.);
#262=ORIENTED_EDGE('',*,*,#575,.T.);
#263=ORIENTED_EDGE('',*,*,#588,.T.);
#264=ORIENTED_EDGE('',*,*,#584,.T.);
#265=ORIENTED_EDGE('',*,*,#589,.F.);
#266=ORIENTED_EDGE('',*,*,#535,.F.);
#267=ORIENTED_EDGE('',*,*,#590,.F.);
#268=ORIENTED_EDGE('',*,*,#576,.F.);
#269=ORIENTED_EDGE('',*,*,#587,.T.);
#270=ORIENTED_EDGE('',*,*,#583,.T.);
#271=ORIENTED_EDGE('',*,*,#591,.F.);
#272=ORIENTED_EDGE('',*,*,#536,.F.);
#273=ORIENTED_EDGE('',*,*,#589,.T.);
#274=ORIENTED_EDGE('',*,*,#574,.T.);
#275=ORIENTED_EDGE('',*,*,#446,.F.);
#276=ORIENTED_EDGE('',*,*,#592,.T.);
#277=ORIENTED_EDGE('',*,*,#593,.T.);
#278=ORIENTED_EDGE('',*,*,#453,.T.);
#279=ORIENTED_EDGE('',*,*,#594,.T.);
#280=ORIENTED_EDGE('',*,*,#537,.T.);
#281=ORIENTED_EDGE('',*,*,#591,.T.);
#282=ORIENTED_EDGE('',*,*,#582,.F.);
#283=ORIENTED_EDGE('',*,*,#588,.F.);
#284=ORIENTED_EDGE('',*,*,#577,.F.);
#285=ORIENTED_EDGE('',*,*,#580,.F.);
#286=ORIENTED_EDGE('',*,*,#578,.T.);
#287=ORIENTED_EDGE('',*,*,#579,.T.);
#288=ORIENTED_EDGE('',*,*,#543,.F.);
#289=ORIENTED_EDGE('',*,*,#585,.F.);
#290=ORIENTED_EDGE('',*,*,#542,.T.);
#291=ORIENTED_EDGE('',*,*,#586,.T.);
#292=ORIENTED_EDGE('',*,*,#595,.F.);
#293=ORIENTED_EDGE('',*,*,#590,.T.);
#294=ORIENTED_EDGE('',*,*,#573,.T.);
#295=ORIENTED_EDGE('',*,*,#595,.T.);
#296=ORIENTED_EDGE('',*,*,#534,.T.);
#297=ORIENTED_EDGE('',*,*,#596,.F.);
#298=ORIENTED_EDGE('',*,*,#597,.F.);
#299=ORIENTED_EDGE('',*,*,#448,.T.);
#300=ORIENTED_EDGE('',*,*,#593,.F.);
#301=ORIENTED_EDGE('',*,*,#598,.F.);
#302=ORIENTED_EDGE('',*,*,#599,.T.);
#303=ORIENTED_EDGE('',*,*,#600,.T.);
#304=ORIENTED_EDGE('',*,*,#596,.T.);
#305=ORIENTED_EDGE('',*,*,#533,.F.);
#306=ORIENTED_EDGE('',*,*,#545,.F.);
#307=ORIENTED_EDGE('',*,*,#601,.F.);
#308=ORIENTED_EDGE('',*,*,#540,.F.);
#309=ORIENTED_EDGE('',*,*,#454,.F.);
#310=ORIENTED_EDGE('',*,*,#602,.T.);
#311=ORIENTED_EDGE('',*,*,#449,.F.);
#312=ORIENTED_EDGE('',*,*,#597,.T.);
#313=ORIENTED_EDGE('',*,*,#600,.F.);
#314=ORIENTED_EDGE('',*,*,#603,.F.);
#315=ORIENTED_EDGE('',*,*,#571,.F.);
#316=ORIENTED_EDGE('',*,*,#549,.F.);
#317=ORIENTED_EDGE('',*,*,#566,.F.);
#318=ORIENTED_EDGE('',*,*,#604,.F.);
#319=ORIENTED_EDGE('',*,*,#560,.F.);
#320=ORIENTED_EDGE('',*,*,#553,.F.);
#321=ORIENTED_EDGE('',*,*,#556,.F.);
#322=ORIENTED_EDGE('',*,*,#558,.F.);
#323=ORIENTED_EDGE('',*,*,#594,.F.);
#324=ORIENTED_EDGE('',*,*,#456,.T.);
#325=ORIENTED_EDGE('',*,*,#539,.T.);
#326=ORIENTED_EDGE('',*,*,#538,.T.);
#327=ORIENTED_EDGE('',*,*,#592,.F.);
#328=ORIENTED_EDGE('',*,*,#445,.T.);
#329=ORIENTED_EDGE('',*,*,#605,.T.);
#330=ORIENTED_EDGE('',*,*,#462,.F.);
#331=ORIENTED_EDGE('',*,*,#562,.T.);
#332=ORIENTED_EDGE('',*,*,#606,.T.);
#333=ORIENTED_EDGE('',*,*,#564,.T.);
#334=ORIENTED_EDGE('',*,*,#607,.F.);
#335=ORIENTED_EDGE('',*,*,#568,.T.);
#336=ORIENTED_EDGE('',*,*,#459,.T.);
#337=ORIENTED_EDGE('',*,*,#608,.T.);
#338=ORIENTED_EDGE('',*,*,#598,.T.);
#339=ORIENTED_EDGE('',*,*,#570,.F.);
#340=ORIENTED_EDGE('',*,*,#466,.T.);
#341=ORIENTED_EDGE('',*,*,#567,.F.);
#342=ORIENTED_EDGE('',*,*,#547,.F.);
#343=ORIENTED_EDGE('',*,*,#607,.T.);
#344=ORIENTED_EDGE('',*,*,#563,.T.);
#345=ORIENTED_EDGE('',*,*,#468,.F.);
#346=ORIENTED_EDGE('',*,*,#569,.T.);
#347=ORIENTED_EDGE('',*,*,#559,.F.);
#348=ORIENTED_EDGE('',*,*,#472,.T.);
#349=ORIENTED_EDGE('',*,*,#554,.F.);
#350=ORIENTED_EDGE('',*,*,#551,.F.);
#351=ORIENTED_EDGE('',*,*,#522,.F.);
#352=ORIENTED_EDGE('',*,*,#527,.T.);
#353=ORIENTED_EDGE('',*,*,#526,.T.);
#354=ORIENTED_EDGE('',*,*,#609,.T.);
#355=ORIENTED_EDGE('',*,*,#520,.T.);
#356=ORIENTED_EDGE('',*,*,#610,.T.);
#357=ORIENTED_EDGE('',*,*,#518,.T.);
#358=ORIENTED_EDGE('',*,*,#611,.T.);
#359=ORIENTED_EDGE('',*,*,#516,.T.);
#360=ORIENTED_EDGE('',*,*,#612,.T.);
#361=ORIENTED_EDGE('',*,*,#514,.T.);
#362=ORIENTED_EDGE('',*,*,#613,.T.);
#363=ORIENTED_EDGE('',*,*,#512,.T.);
#364=ORIENTED_EDGE('',*,*,#614,.T.);
#365=ORIENTED_EDGE('',*,*,#510,.T.);
#366=ORIENTED_EDGE('',*,*,#615,.T.);
#367=ORIENTED_EDGE('',*,*,#508,.T.);
#368=ORIENTED_EDGE('',*,*,#506,.T.);
#369=ORIENTED_EDGE('',*,*,#541,.T.);
#370=ORIENTED_EDGE('',*,*,#503,.F.);
#371=ORIENTED_EDGE('',*,*,#616,.F.);
#372=ORIENTED_EDGE('',*,*,#529,.F.);
#373=ORIENTED_EDGE('',*,*,#616,.T.);
#374=ORIENTED_EDGE('',*,*,#502,.F.);
#375=ORIENTED_EDGE('',*,*,#507,.F.);
#376=ORIENTED_EDGE('',*,*,#617,.F.);
#377=ORIENTED_EDGE('',*,*,#509,.F.);
#378=ORIENTED_EDGE('',*,*,#618,.F.);
#379=ORIENTED_EDGE('',*,*,#511,.F.);
#380=ORIENTED_EDGE('',*,*,#619,.F.);
#381=ORIENTED_EDGE('',*,*,#513,.F.);
#382=ORIENTED_EDGE('',*,*,#620,.F.);
#383=ORIENTED_EDGE('',*,*,#515,.F.);
#384=ORIENTED_EDGE('',*,*,#621,.F.);
#385=ORIENTED_EDGE('',*,*,#517,.F.);
#386=ORIENTED_EDGE('',*,*,#622,.F.);
#387=ORIENTED_EDGE('',*,*,#519,.F.);
#388=ORIENTED_EDGE('',*,*,#623,.F.);
#389=ORIENTED_EDGE('',*,*,#525,.F.);
#390=ORIENTED_EDGE('',*,*,#530,.F.);
#391=ORIENTED_EDGE('',*,*,#496,.F.);
#392=ORIENTED_EDGE('',*,*,#609,.F.);
#393=ORIENTED_EDGE('',*,*,#499,.T.);
#394=ORIENTED_EDGE('',*,*,#623,.T.);
#395=ORIENTED_EDGE('',*,*,#492,.F.);
#396=ORIENTED_EDGE('',*,*,#610,.F.);
#397=ORIENTED_EDGE('',*,*,#497,.T.);
#398=ORIENTED_EDGE('',*,*,#622,.T.);
#399=ORIENTED_EDGE('',*,*,#488,.F.);
#400=ORIENTED_EDGE('',*,*,#611,.F.);
#401=ORIENTED_EDGE('',*,*,#493,.T.);
#402=ORIENTED_EDGE('',*,*,#621,.T.);
#403=ORIENTED_EDGE('',*,*,#484,.F.);
#404=ORIENTED_EDGE('',*,*,#612,.F.);
#405=ORIENTED_EDGE('',*,*,#489,.T.);
#406=ORIENTED_EDGE('',*,*,#620,.T.);
#407=ORIENTED_EDGE('',*,*,#480,.F.);
#408=ORIENTED_EDGE('',*,*,#613,.F.);
#409=ORIENTED_EDGE('',*,*,#485,.T.);
#410=ORIENTED_EDGE('',*,*,#619,.T.);
#411=ORIENTED_EDGE('',*,*,#476,.F.);
#412=ORIENTED_EDGE('',*,*,#614,.F.);
#413=ORIENTED_EDGE('',*,*,#481,.T.);
#414=ORIENTED_EDGE('',*,*,#618,.T.);
#415=ORIENTED_EDGE('',*,*,#474,.F.);
#416=ORIENTED_EDGE('',*,*,#615,.F.);
#417=ORIENTED_EDGE('',*,*,#477,.T.);
#418=ORIENTED_EDGE('',*,*,#617,.T.);
#419=ORIENTED_EDGE('',*,*,#624,.T.);
#420=ORIENTED_EDGE('',*,*,#471,.T.);
#421=ORIENTED_EDGE('',*,*,#557,.F.);
#422=ORIENTED_EDGE('',*,*,#624,.F.);
#423=ORIENTED_EDGE('',*,*,#463,.F.);
#424=ORIENTED_EDGE('',*,*,#605,.F.);
#425=ORIENTED_EDGE('',*,*,#452,.T.);
#426=ORIENTED_EDGE('',*,*,#451,.T.);
#427=ORIENTED_EDGE('',*,*,#561,.T.);
#428=ORIENTED_EDGE('',*,*,#604,.T.);
#429=ORIENTED_EDGE('',*,*,#565,.F.);
#430=ORIENTED_EDGE('',*,*,#606,.F.);
#431=ORIENTED_EDGE('',*,*,#544,.T.);
#432=ORIENTED_EDGE('',*,*,#531,.T.);
#433=ORIENTED_EDGE('',*,*,#601,.T.);
#434=ORIENTED_EDGE('',*,*,#461,.T.);
#435=ORIENTED_EDGE('',*,*,#457,.T.);
#436=ORIENTED_EDGE('',*,*,#572,.T.);
#437=ORIENTED_EDGE('',*,*,#603,.T.);
#438=ORIENTED_EDGE('',*,*,#599,.F.);
#439=ORIENTED_EDGE('',*,*,#608,.F.);
#440=ORIENTED_EDGE('',*,*,#625,.T.);
#441=ORIENTED_EDGE('',*,*,#626,.F.);
#442=ORIENTED_EDGE('',*,*,#626,.T.);
#443=ORIENTED_EDGE('',*,*,#602,.F.);
#444=ORIENTED_EDGE('',*,*,#625,.F.);
#445=EDGE_CURVE('',#627,#628,#741,.T.);
#446=EDGE_CURVE('',#627,#629,#742,.T.);
#447=EDGE_CURVE('',#629,#630,#743,.T.);
#448=EDGE_CURVE('',#631,#630,#744,.T.);
#449=EDGE_CURVE('',#631,#632,#745,.T.);
#450=EDGE_CURVE('',#632,#633,#746,.T.);
#451=EDGE_CURVE('',#634,#633,#37,.T.);
#452=EDGE_CURVE('',#628,#634,#747,.T.);
#453=EDGE_CURVE('',#635,#636,#31,.T.);
#454=EDGE_CURVE('',#635,#637,#38,.T.);
#455=EDGE_CURVE('',#637,#638,#32,.T.);
#456=EDGE_CURVE('',#636,#638,#39,.T.);
#457=EDGE_CURVE('',#639,#640,#748,.T.);
#458=EDGE_CURVE('',#641,#639,#749,.T.);
#459=EDGE_CURVE('',#642,#641,#750,.T.);
#460=EDGE_CURVE('',#642,#640,#751,.T.);
#461=EDGE_CURVE('',#641,#639,#40,.T.);
#462=EDGE_CURVE('',#643,#644,#752,.T.);
#463=EDGE_CURVE('',#644,#645,#41,.T.);
#464=EDGE_CURVE('',#646,#645,#753,.T.);
#465=EDGE_CURVE('',#646,#643,#754,.T.);
#466=EDGE_CURVE('',#647,#648,#755,.T.);
#467=EDGE_CURVE('',#647,#649,#42,.T.);
#468=EDGE_CURVE('',#649,#650,#756,.T.);
#469=EDGE_CURVE('',#648,#650,#43,.T.);
#470=EDGE_CURVE('',#646,#651,#44,.T.);
#471=EDGE_CURVE('',#652,#645,#45,.F.);
#472=EDGE_CURVE('',#651,#652,#757,.T.);
#473=EDGE_CURVE('',#653,#654,#758,.T.);
#474=EDGE_CURVE('',#654,#653,#46,.T.);
#475=EDGE_CURVE('',#655,#656,#759,.T.);
#476=EDGE_CURVE('',#656,#655,#47,.T.);
#477=EDGE_CURVE('',#657,#658,#48,.T.);
#478=EDGE_CURVE('',#658,#657,#760,.T.);
#479=EDGE_CURVE('',#659,#660,#761,.T.);
#480=EDGE_CURVE('',#660,#659,#49,.T.);
#481=EDGE_CURVE('',#661,#662,#50,.T.);
#482=EDGE_CURVE('',#662,#661,#762,.T.);
#483=EDGE_CURVE('',#663,#664,#763,.T.);
#484=EDGE_CURVE('',#664,#663,#51,.T.);
#485=EDGE_CURVE('',#665,#666,#52,.T.);
#486=EDGE_CURVE('',#666,#665,#764,.T.);
#487=EDGE_CURVE('',#667,#668,#765,.T.);
#488=EDGE_CURVE('',#668,#667,#53,.T.);
#489=EDGE_CURVE('',#669,#670,#54,.T.);
#490=EDGE_CURVE('',#670,#669,#766,.T.);
#491=EDGE_CURVE('',#671,#672,#767,.T.);
#492=EDGE_CURVE('',#672,#671,#55,.T.);
#493=EDGE_CURVE('',#673,#674,#56,.T.);
#494=EDGE_CURVE('',#674,#673,#768,.T.);
#495=EDGE_CURVE('',#675,#676,#769,.T.);
#496=EDGE_CURVE('',#676,#675,#57,.T.);
#497=EDGE_CURVE('',#677,#678,#58,.T.);
#498=EDGE_CURVE('',#678,#677,#770,.T.);
#499=EDGE_CURVE('',#679,#680,#59,.T.);
#500=EDGE_CURVE('',#680,#679,#771,.T.);
#501=EDGE_CURVE('',#681,#682,#772,.T.);
#502=EDGE_CURVE('',#681,#683,#773,.T.);
#503=EDGE_CURVE('',#683,#684,#774,.T.);
#504=EDGE_CURVE('',#684,#685,#775,.T.);
#505=EDGE_CURVE('',#686,#685,#776,.T.);
#506=EDGE_CURVE('',#682,#686,#777,.T.);
#507=EDGE_CURVE('',#653,#681,#778,.T.);
#508=EDGE_CURVE('',#654,#682,#779,.T.);
#509=EDGE_CURVE('',#655,#658,#780,.T.);
#510=EDGE_CURVE('',#656,#657,#781,.T.);
#511=EDGE_CURVE('',#659,#662,#782,.T.);
#512=EDGE_CURVE('',#660,#661,#783,.T.);
#513=EDGE_CURVE('',#663,#666,#784,.T.);
#514=EDGE_CURVE('',#664,#665,#785,.T.);
#515=EDGE_CURVE('',#667,#670,#786,.T.);
#516=EDGE_CURVE('',#668,#669,#787,.T.);
#517=EDGE_CURVE('',#671,#674,#788,.T.);
#518=EDGE_CURVE('',#672,#673,#789,.T.);
#519=EDGE_CURVE('',#675,#678,#790,.T.);
#520=EDGE_CURVE('',#676,#677,#791,.T.);
#521=EDGE_CURVE('',#687,#688,#792,.T.);
#522=EDGE_CURVE('',#687,#686,#793,.T.);
#523=EDGE_CURVE('',#688,#685,#794,.T.);
#524=EDGE_CURVE('',#689,#690,#795,.T.);
#525=EDGE_CURVE('',#689,#680,#796,.T.);
#526=EDGE_CURVE('',#690,#679,#797,.T.);
#527=EDGE_CURVE('',#687,#690,#798,.T.);
#528=EDGE_CURVE('',#691,#688,#799,.T.);
#529=EDGE_CURVE('',#691,#692,#800,.T.);
#530=EDGE_CURVE('',#692,#689,#801,.T.);
#531=EDGE_CURVE('',#693,#694,#33,.T.);
#532=EDGE_CURVE('',#693,#695,#802,.T.);
#533=EDGE_CURVE('',#695,#696,#803,.T.);
#534=EDGE_CURVE('',#697,#696,#60,.T.);
#535=EDGE_CURVE('',#697,#698,#804,.T.);
#536=EDGE_CURVE('',#698,#699,#805,.T.);
#537=EDGE_CURVE('',#700,#699,#806,.T.);
#538=EDGE_CURVE('',#701,#700,#807,.T.);
#539=EDGE_CURVE('',#638,#701,#808,.T.);
#540=EDGE_CURVE('',#637,#694,#809,.T.);
#541=EDGE_CURVE('',#691,#684,#810,.T.);
#542=EDGE_CURVE('',#702,#702,#61,.T.);
#543=EDGE_CURVE('',#703,#703,#62,.F.);
#544=EDGE_CURVE('',#704,#693,#34,.T.);
#545=EDGE_CURVE('',#704,#695,#811,.T.);
#546=EDGE_CURVE('',#705,#706,#812,.T.);
#547=EDGE_CURVE('',#706,#707,#813,.T.);
#548=EDGE_CURVE('',#708,#707,#814,.T.);
#549=EDGE_CURVE('',#708,#705,#815,.T.);
#550=EDGE_CURVE('',#709,#710,#816,.T.);
#551=EDGE_CURVE('',#710,#711,#817,.T.);
#552=EDGE_CURVE('',#712,#711,#818,.T.);
#553=EDGE_CURVE('',#712,#709,#819,.T.);
#554=EDGE_CURVE('',#711,#652,#820,.T.);
#555=EDGE_CURVE('',#713,#652,#821,.T.);
#556=EDGE_CURVE('',#713,#712,#822,.T.);
#557=EDGE_CURVE('',#652,#633,#823,.T.);
#558=EDGE_CURVE('',#632,#713,#824,.T.);
#559=EDGE_CURVE('',#651,#710,#825,.T.);
#560=EDGE_CURVE('',#709,#714,#826,.T.);
#561=EDGE_CURVE('',#715,#714,#63,.T.);
#562=EDGE_CURVE('',#643,#715,#827,.T.);
#563=EDGE_CURVE('',#716,#650,#828,.T.);
#564=EDGE_CURVE('',#717,#716,#829,.T.);
#565=EDGE_CURVE('',#717,#718,#64,.T.);
#566=EDGE_CURVE('',#718,#708,#830,.T.);
#567=EDGE_CURVE('',#707,#648,#831,.T.);
#568=EDGE_CURVE('',#719,#642,#832,.T.);
#569=EDGE_CURVE('',#649,#719,#833,.T.);
#570=EDGE_CURVE('',#647,#706,#834,.T.);
#571=EDGE_CURVE('',#705,#720,#835,.T.);
#572=EDGE_CURVE('',#640,#720,#65,.T.);
#573=EDGE_CURVE('',#630,#721,#66,.T.);
#574=EDGE_CURVE('',#722,#629,#836,.T.);
#575=EDGE_CURVE('',#723,#722,#837,.T.);
#576=EDGE_CURVE('',#723,#721,#838,.T.);
#577=EDGE_CURVE('',#724,#724,#67,.F.);
#578=EDGE_CURVE('',#725,#725,#68,.T.);
#579=EDGE_CURVE('',#726,#726,#69,.T.);
#580=EDGE_CURVE('',#727,#727,#70,.T.);
#581=EDGE_CURVE('',#728,#729,#839,.T.);
#582=EDGE_CURVE('',#729,#730,#840,.T.);
#583=EDGE_CURVE('',#731,#730,#841,.T.);
#584=EDGE_CURVE('',#728,#731,#842,.T.);
#585=EDGE_CURVE('',#732,#732,#71,.T.);
#586=EDGE_CURVE('',#733,#733,#72,.T.);
#587=EDGE_CURVE('',#723,#728,#843,.T.);
#588=EDGE_CURVE('',#722,#729,#844,.T.);
#589=EDGE_CURVE('',#698,#731,#845,.T.);
#590=EDGE_CURVE('',#721,#697,#846,.T.);
#591=EDGE_CURVE('',#699,#730,#847,.T.);
#592=EDGE_CURVE('',#627,#734,#848,.T.);
#593=EDGE_CURVE('',#734,#635,#849,.T.);
#594=EDGE_CURVE('',#636,#700,#850,.T.);
#595=EDGE_CURVE('',#721,#697,#73,.T.);
#596=EDGE_CURVE('',#735,#696,#851,.T.);
#597=EDGE_CURVE('',#631,#735,#74,.T.);
#598=EDGE_CURVE('',#736,#734,#852,.T.);
#599=EDGE_CURVE('',#736,#737,#75,.T.);
#600=EDGE_CURVE('',#737,#735,#853,.T.);
#601=EDGE_CURVE('',#694,#704,#76,.T.);
#602=EDGE_CURVE('',#738,#738,#77,.F.);
#603=EDGE_CURVE('',#720,#737,#854,.T.);
#604=EDGE_CURVE('',#714,#718,#855,.T.);
#605=EDGE_CURVE('',#628,#644,#856,.T.);
#606=EDGE_CURVE('',#715,#717,#857,.T.);
#607=EDGE_CURVE('',#719,#716,#858,.T.);
#608=EDGE_CURVE('',#641,#736,#859,.T.);
#609=EDGE_CURVE('',#679,#676,#860,.T.);
#610=EDGE_CURVE('',#677,#672,#861,.T.);
#611=EDGE_CURVE('',#673,#668,#862,.T.);
#612=EDGE_CURVE('',#669,#664,#863,.T.);
#613=EDGE_CURVE('',#665,#660,#864,.T.);
#614=EDGE_CURVE('',#661,#656,#865,.T.);
#615=EDGE_CURVE('',#657,#654,#866,.T.);
#616=EDGE_CURVE('',#692,#683,#867,.T.);
#617=EDGE_CURVE('',#658,#653,#868,.T.);
#618=EDGE_CURVE('',#662,#655,#869,.T.);
#619=EDGE_CURVE('',#666,#659,#870,.T.);
#620=EDGE_CURVE('',#670,#663,#871,.T.);
#621=EDGE_CURVE('',#674,#667,#872,.T.);
#622=EDGE_CURVE('',#678,#671,#873,.T.);
#623=EDGE_CURVE('',#680,#675,#874,.T.);
#624=EDGE_CURVE('',#645,#652,#78,.T.);
#625=EDGE_CURVE('',#739,#739,#79,.T.);
#626=EDGE_CURVE('',#740,#740,#80,.T.);
#627=VERTEX_POINT('',#1850);
#628=VERTEX_POINT('',#1851);
#629=VERTEX_POINT('',#1853);
#630=VERTEX_POINT('',#1855);
#631=VERTEX_POINT('',#1857);
#632=VERTEX_POINT('',#1859);
#633=VERTEX_POINT('',#1861);
#634=VERTEX_POINT('',#1863);
#635=VERTEX_POINT('',#1870);
#636=VERTEX_POINT('',#1871);
#637=VERTEX_POINT('',#1873);
#638=VERTEX_POINT('',#1878);
#639=VERTEX_POINT('',#1882);
#640=VERTEX_POINT('',#1883);
#641=VERTEX_POINT('',#1885);
#642=VERTEX_POINT('',#1887);
#643=VERTEX_POINT('',#1893);
#644=VERTEX_POINT('',#1894);
#645=VERTEX_POINT('',#1896);
#646=VERTEX_POINT('',#1898);
#647=VERTEX_POINT('',#1902);
#648=VERTEX_POINT('',#1903);
#649=VERTEX_POINT('',#1905);
#650=VERTEX_POINT('',#1907);
#651=VERTEX_POINT('',#1911);
#652=VERTEX_POINT('',#1913);
#653=VERTEX_POINT('',#1917);
#654=VERTEX_POINT('',#1918);
#655=VERTEX_POINT('',#1922);
#656=VERTEX_POINT('',#1923);
#657=VERTEX_POINT('',#1927);
#658=VERTEX_POINT('',#1928);
#659=VERTEX_POINT('',#1932);
#660=VERTEX_POINT('',#1933);
#661=VERTEX_POINT('',#1937);
#662=VERTEX_POINT('',#1938);
#663=VERTEX_POINT('',#1942);
#664=VERTEX_POINT('',#1943);
#665=VERTEX_POINT('',#1947);
#666=VERTEX_POINT('',#1948);
#667=VERTEX_POINT('',#1952);
#668=VERTEX_POINT('',#1953);
#669=VERTEX_POINT('',#1957);
#670=VERTEX_POINT('',#1958);
#671=VERTEX_POINT('',#1962);
#672=VERTEX_POINT('',#1963);
#673=VERTEX_POINT('',#1967);
#674=VERTEX_POINT('',#1968);
#675=VERTEX_POINT('',#1972);
#676=VERTEX_POINT('',#1973);
#677=VERTEX_POINT('',#1977);
#678=VERTEX_POINT('',#1978);
#679=VERTEX_POINT('',#1982);
#680=VERTEX_POINT('',#1983);
#681=VERTEX_POINT('',#1987);
#682=VERTEX_POINT('',#1988);
#683=VERTEX_POINT('',#1990);
#684=VERTEX_POINT('',#1992);
#685=VERTEX_POINT('',#1994);
#686=VERTEX_POINT('',#1996);
#687=VERTEX_POINT('',#2021);
#688=VERTEX_POINT('',#2022);
#689=VERTEX_POINT('',#2027);
#690=VERTEX_POINT('',#2028);
#691=VERTEX_POINT('',#2034);
#692=VERTEX_POINT('',#2036);
#693=VERTEX_POINT('',#2043);
#694=VERTEX_POINT('',#2044);
#695=VERTEX_POINT('',#2046);
#696=VERTEX_POINT('',#2048);
#697=VERTEX_POINT('',#2050);
#698=VERTEX_POINT('',#2052);
#699=VERTEX_POINT('',#2054);
#700=VERTEX_POINT('',#2056);
#701=VERTEX_POINT('',#2058);
#702=VERTEX_POINT('',#2063);
#703=VERTEX_POINT('',#2065);
#704=VERTEX_POINT('',#2071);
#705=VERTEX_POINT('',#2075);
#706=VERTEX_POINT('',#2076);
#707=VERTEX_POINT('',#2078);
#708=VERTEX_POINT('',#2080);
#709=VERTEX_POINT('',#2084);
#710=VERTEX_POINT('',#2085);
#711=VERTEX_POINT('',#2087);
#712=VERTEX_POINT('',#2089);
#713=VERTEX_POINT('',#2094);
#714=VERTEX_POINT('',#2102);
#715=VERTEX_POINT('',#2104);
#716=VERTEX_POINT('',#2108);
#717=VERTEX_POINT('',#2110);
#718=VERTEX_POINT('',#2112);
#719=VERTEX_POINT('',#2117);
#720=VERTEX_POINT('',#2121);
#721=VERTEX_POINT('',#2125);
#722=VERTEX_POINT('',#2127);
#723=VERTEX_POINT('',#2129);
#724=VERTEX_POINT('',#2132);
#725=VERTEX_POINT('',#2134);
#726=VERTEX_POINT('',#2137);
#727=VERTEX_POINT('',#2139);
#728=VERTEX_POINT('',#2141);
#729=VERTEX_POINT('',#2142);
#730=VERTEX_POINT('',#2144);
#731=VERTEX_POINT('',#2146);
#732=VERTEX_POINT('',#2149);
#733=VERTEX_POINT('',#2151);
#734=VERTEX_POINT('',#2162);
#735=VERTEX_POINT('',#2173);
#736=VERTEX_POINT('',#2177);
#737=VERTEX_POINT('',#2179);
#738=VERTEX_POINT('',#2184);
#739=VERTEX_POINT('',#2229);
#740=VERTEX_POINT('',#2231);
#741=LINE('',#1849,#875);
#742=LINE('',#1852,#876);
#743=LINE('',#1854,#877);
#744=LINE('',#1856,#878);
#745=LINE('',#1858,#879);
#746=LINE('',#1860,#880);
#747=LINE('',#1864,#881);
#748=LINE('',#1881,#882);
#749=LINE('',#1884,#883);
#750=LINE('',#1886,#884);
#751=LINE('',#1888,#885);
#752=LINE('',#1892,#886);
#753=LINE('',#1897,#887);
#754=LINE('',#1899,#888);
#755=LINE('',#1901,#889);
#756=LINE('',#1906,#890);
#757=LINE('',#1914,#891);
#758=LINE('',#1916,#892);
#759=LINE('',#1921,#893);
#760=LINE('',#1929,#894);
#761=LINE('',#1931,#895);
#762=LINE('',#1939,#896);
#763=LINE('',#1941,#897);
#764=LINE('',#1949,#898);
#765=LINE('',#1951,#899);
#766=LINE('',#1959,#900);
#767=LINE('',#1961,#901);
#768=LINE('',#1969,#902);
#769=LINE('',#1971,#903);
#770=LINE('',#1979,#904);
#771=LINE('',#1984,#905);
#772=LINE('',#1986,#906);
#773=LINE('',#1989,#907);
#774=LINE('',#1991,#908);
#775=LINE('',#1993,#909);
#776=LINE('',#1995,#910);
#777=LINE('',#1997,#911);
#778=LINE('',#1999,#912);
#779=LINE('',#2000,#913);
#780=LINE('',#2002,#914);
#781=LINE('',#2003,#915);
#782=LINE('',#2005,#916);
#783=LINE('',#2006,#917);
#784=LINE('',#2008,#918);
#785=LINE('',#2009,#919);
#786=LINE('',#2011,#920);
#787=LINE('',#2012,#921);
#788=LINE('',#2014,#922);
#789=LINE('',#2015,#923);
#790=LINE('',#2017,#924);
#791=LINE('',#2018,#925);
#792=LINE('',#2020,#926);
#793=LINE('',#2023,#927);
#794=LINE('',#2024,#928);
#795=LINE('',#2026,#929);
#796=LINE('',#2029,#930);
#797=LINE('',#2030,#931);
#798=LINE('',#2032,#932);
#799=LINE('',#2033,#933);
#800=LINE('',#2035,#934);
#801=LINE('',#2037,#935);
#802=LINE('',#2045,#936);
#803=LINE('',#2047,#937);
#804=LINE('',#2051,#938);
#805=LINE('',#2053,#939);
#806=LINE('',#2055,#940);
#807=LINE('',#2057,#941);
#808=LINE('',#2059,#942);
#809=LINE('',#2060,#943);
#810=LINE('',#2061,#944);
#811=LINE('',#2072,#945);
#812=LINE('',#2074,#946);
#813=LINE('',#2077,#947);
#814=LINE('',#2079,#948);
#815=LINE('',#2081,#949);
#816=LINE('',#2083,#950);
#817=LINE('',#2086,#951);
#818=LINE('',#2088,#952);
#819=LINE('',#2090,#953);
#820=LINE('',#2092,#954);
#821=LINE('',#2093,#955);
#822=LINE('',#2095,#956);
#823=LINE('',#2097,#957);
#824=LINE('',#2098,#958);
#825=LINE('',#2100,#959);
#826=LINE('',#2101,#960);
#827=LINE('',#2105,#961);
#828=LINE('',#2107,#962);
#829=LINE('',#2109,#963);
#830=LINE('',#2113,#964);
#831=LINE('',#2114,#965);
#832=LINE('',#2116,#966);
#833=LINE('',#2118,#967);
#834=LINE('',#2119,#968);
#835=LINE('',#2120,#969);
#836=LINE('',#2126,#970);
#837=LINE('',#2128,#971);
#838=LINE('',#2130,#972);
#839=LINE('',#2140,#973);
#840=LINE('',#2143,#974);
#841=LINE('',#2145,#975);
#842=LINE('',#2147,#976);
#843=LINE('',#2153,#977);
#844=LINE('',#2154,#978);
#845=LINE('',#2156,#979);
#846=LINE('',#2157,#980);
#847=LINE('',#2159,#981);
#848=LINE('',#2161,#982);
#849=LINE('',#2163,#983);
#850=LINE('',#2164,#984);
#851=LINE('',#2172,#985);
#852=LINE('',#2176,#986);
#853=LINE('',#2180,#987);
#854=LINE('',#2185,#988);
#855=LINE('',#2186,#989);
#856=LINE('',#2189,#990);
#857=LINE('',#2190,#991);
#858=LINE('',#2191,#992);
#859=LINE('',#2192,#993);
#860=LINE('',#2197,#994);
#861=LINE('',#2198,#995);
#862=LINE('',#2199,#996);
#863=LINE('',#2200,#997);
#864=LINE('',#2201,#998);
#865=LINE('',#2202,#999);
#866=LINE('',#2203,#1000);
#867=LINE('',#2205,#1001);
#868=LINE('',#2207,#1002);
#869=LINE('',#2208,#1003);
#870=LINE('',#2209,#1004);
#871=LINE('',#2210,#1005);
#872=LINE('',#2211,#1006);
#873=LINE('',#2212,#1007);
#874=LINE('',#2213,#1008);
#875=VECTOR('',#1471,1.);
#876=VECTOR('',#1472,1.);
#877=VECTOR('',#1473,1.);
#878=VECTOR('',#1474,1.);
#879=VECTOR('',#1475,1.);
#880=VECTOR('',#1476,1.);
#881=VECTOR('',#1479,1.);
#882=VECTOR('',#1488,1.);
#883=VECTOR('',#1489,1.);
#884=VECTOR('',#1490,1.);
#885=VECTOR('',#1491,1.);
#886=VECTOR('',#1498,1.);
#887=VECTOR('',#1501,1.);
#888=VECTOR('',#1502,1.);
#889=VECTOR('',#1505,1.);
#890=VECTOR('',#1508,1.);
#891=VECTOR('',#1517,1.);
#892=VECTOR('',#1520,1.);
#893=VECTOR('',#1525,1.);
#894=VECTOR('',#1532,1.);
#895=VECTOR('',#1535,1.);
#896=VECTOR('',#1542,1.);
#897=VECTOR('',#1545,1.);
#898=VECTOR('',#1552,1.);
#899=VECTOR('',#1555,1.);
#900=VECTOR('',#1562,1.);
#901=VECTOR('',#1565,1.);
#902=VECTOR('',#1572,1.);
#903=VECTOR('',#1575,1.);
#904=VECTOR('',#1582,1.);
#905=VECTOR('',#1587,1.);
#906=VECTOR('',#1590,1.);
#907=VECTOR('',#1591,1.);
#908=VECTOR('',#1592,1.);
#909=VECTOR('',#1593,1.);
#910=VECTOR('',#1594,1.);
#911=VECTOR('',#1595,1.);
#912=VECTOR('',#1598,1.);
#913=VECTOR('',#1599,1.);
#914=VECTOR('',#1602,1.);
#915=VECTOR('',#1603,1.);
#916=VECTOR('',#1606,1.);
#917=VECTOR('',#1607,1.);
#918=VECTOR('',#1610,1.);
#919=VECTOR('',#1611,1.);
#920=VECTOR('',#1614,1.);
#921=VECTOR('',#1615,1.);
#922=VECTOR('',#1618,1.);
#923=VECTOR('',#1619,1.);
#924=VECTOR('',#1622,1.);
#925=VECTOR('',#1623,1.);
#926=VECTOR('',#1626,1.);
#927=VECTOR('',#1627,1.);
#928=VECTOR('',#1628,1.);
#929=VECTOR('',#1631,1.);
#930=VECTOR('',#1632,1.);
#931=VECTOR('',#1633,1.);
#932=VECTOR('',#1636,1.);
#933=VECTOR('',#1637,1.);
#934=VECTOR('',#1638,1.);
#935=VECTOR('',#1639,1.);
#936=VECTOR('',#1642,1.);
#937=VECTOR('',#1643,1.);
#938=VECTOR('',#1646,1.);
#939=VECTOR('',#1647,1.);
#940=VECTOR('',#1648,1.);
#941=VECTOR('',#1649,1.);
#942=VECTOR('',#1650,1.);
#943=VECTOR('',#1651,1.);
#944=VECTOR('',#1652,1.);
#945=VECTOR('',#1659,1.);
#946=VECTOR('',#1662,1.);
#947=VECTOR('',#1663,1.);
#948=VECTOR('',#1664,1.);
#949=VECTOR('',#1665,1.);
#950=VECTOR('',#1668,1.);
#951=VECTOR('',#1669,1.);
#952=VECTOR('',#1670,1.);
#953=VECTOR('',#1671,1.);
#954=VECTOR('',#1674,1.);
#955=VECTOR('',#1675,1.);
#956=VECTOR('',#1676,1.);
#957=VECTOR('',#1679,1.);
#958=VECTOR('',#1680,1.);
#959=VECTOR('',#1683,1.);
#960=VECTOR('',#1684,1.);
#961=VECTOR('',#1687,1.);
#962=VECTOR('',#1690,1.);
#963=VECTOR('',#1691,1.);
#964=VECTOR('',#1694,1.);
#965=VECTOR('',#1695,1.);
#966=VECTOR('',#1698,1.);
#967=VECTOR('',#1699,1.);
#968=VECTOR('',#1700,1.);
#969=VECTOR('',#1701,1.);
#970=VECTOR('',#1708,1.);
#971=VECTOR('',#1709,1.);
#972=VECTOR('',#1710,1.);
#973=VECTOR('',#1721,1.);
#974=VECTOR('',#1722,1.);
#975=VECTOR('',#1723,1.);
#976=VECTOR('',#1724,1.);
#977=VECTOR('',#1731,1.);
#978=VECTOR('',#1732,1.);
#979=VECTOR('',#1735,1.);
#980=VECTOR('',#1736,1.);
#981=VECTOR('',#1739,1.);
#982=VECTOR('',#1742,1.);
#983=VECTOR('',#1743,1.);
#984=VECTOR('',#1744,1.);
#985=VECTOR('',#1759,1.);
#986=VECTOR('',#1764,1.);
#987=VECTOR('',#1767,1.);
#988=VECTOR('',#1774,1.);
#989=VECTOR('',#1775,1.);
#990=VECTOR('',#1780,1.);
#991=VECTOR('',#1781,1.);
#992=VECTOR('',#1782,1.);
#993=VECTOR('',#1783,1.);
#994=VECTOR('',#1792,1.);
#995=VECTOR('',#1793,1.);
#996=VECTOR('',#1794,1.);
#997=VECTOR('',#1795,1.);
#998=VECTOR('',#1796,1.);
#999=VECTOR('',#1797,1.);
#1000=VECTOR('',#1798,1.);
#1001=VECTOR('',#1801,1.);
#1002=VECTOR('',#1804,1.);
#1003=VECTOR('',#1805,1.);
#1004=VECTOR('',#1806,1.);
#1005=VECTOR('',#1807,1.);
#1006=VECTOR('',#1808,1.);
#1007=VECTOR('',#1809,1.);
#1008=VECTOR('',#1810,1.);
#1009=EDGE_LOOP('',(#81,#82,#83,#84,#85,#86,#87,#88));
#1010=EDGE_LOOP('',(#89,#90,#91,#92));
#1011=EDGE_LOOP('',(#93,#94,#95,#96));
#1012=EDGE_LOOP('',(#97,#98));
#1013=EDGE_LOOP('',(#99,#100,#101,#102));
#1014=EDGE_LOOP('',(#103,#104,#105,#106));
#1015=EDGE_LOOP('',(#107,#108,#109,#110));
#1016=EDGE_LOOP('',(#111,#112));
#1017=EDGE_LOOP('',(#113,#114));
#1018=EDGE_LOOP('',(#115,#116));
#1019=EDGE_LOOP('',(#117,#118));
#1020=EDGE_LOOP('',(#119,#120));
#1021=EDGE_LOOP('',(#121,#122));
#1022=EDGE_LOOP('',(#123,#124));
#1023=EDGE_LOOP('',(#125,#126));
#1024=EDGE_LOOP('',(#127,#128));
#1025=EDGE_LOOP('',(#129,#130));
#1026=EDGE_LOOP('',(#131,#132));
#1027=EDGE_LOOP('',(#133,#134));
#1028=EDGE_LOOP('',(#135,#136));
#1029=EDGE_LOOP('',(#137,#138));
#1030=EDGE_LOOP('',(#139,#140,#141,#142,#143,#144));
#1031=EDGE_LOOP('',(#145,#146,#147,#148));
#1032=EDGE_LOOP('',(#149,#150,#151,#152));
#1033=EDGE_LOOP('',(#153,#154,#155,#156));
#1034=EDGE_LOOP('',(#157,#158,#159,#160));
#1035=EDGE_LOOP('',(#161,#162,#163,#164));
#1036=EDGE_LOOP('',(#165,#166,#167,#168));
#1037=EDGE_LOOP('',(#169,#170,#171,#172));
#1038=EDGE_LOOP('',(#173,#174,#175,#176));
#1039=EDGE_LOOP('',(#177,#178,#179,#180));
#1040=EDGE_LOOP('',(#181,#182,#183,#184,#185,#186));
#1041=EDGE_LOOP('',(#187,#188,#189,#190,#191,#192,#193,#194,#195,#196,#197));
#1042=EDGE_LOOP('',(#198,#199,#200,#201));
#1043=EDGE_LOOP('',(#202));
#1044=EDGE_LOOP('',(#203));
#1045=EDGE_LOOP('',(#204,#205,#206));
#1046=EDGE_LOOP('',(#207,#208,#209,#210));
#1047=EDGE_LOOP('',(#211,#212,#213,#214));
#1048=EDGE_LOOP('',(#215,#216,#217,#218));
#1049=EDGE_LOOP('',(#219,#220,#221,#222));
#1050=EDGE_LOOP('',(#223,#224,#225,#226,#227,#228,#229));
#1051=EDGE_LOOP('',(#230,#231,#232,#233,#234,#235,#236));
#1052=EDGE_LOOP('',(#237,#238,#239,#240,#241,#242,#243,#244));
#1053=EDGE_LOOP('',(#245,#246,#247,#248,#249));
#1054=EDGE_LOOP('',(#250));
#1055=EDGE_LOOP('',(#251));
#1056=EDGE_LOOP('',(#252));
#1057=EDGE_LOOP('',(#253));
#1058=EDGE_LOOP('',(#254,#255,#256,#257));
#1059=EDGE_LOOP('',(#258));
#1060=EDGE_LOOP('',(#259));
#1061=EDGE_LOOP('',(#260,#261,#262,#263));
#1062=EDGE_LOOP('',(#264,#265,#266,#267,#268,#269));
#1063=EDGE_LOOP('',(#270,#271,#272,#273));
#1064=EDGE_LOOP('',(#274,#275,#276,#277,#278,#279,#280,#281,#282,#283));
#1065=EDGE_LOOP('',(#284));
#1066=EDGE_LOOP('',(#285));
#1067=EDGE_LOOP('',(#286));
#1068=EDGE_LOOP('',(#287));
#1069=EDGE_LOOP('',(#288));
#1070=EDGE_LOOP('',(#289));
#1071=EDGE_LOOP('',(#290));
#1072=EDGE_LOOP('',(#291));
#1073=EDGE_LOOP('',(#292,#293));
#1074=EDGE_LOOP('',(#294,#295,#296,#297,#298,#299));
#1075=EDGE_LOOP('',(#300,#301,#302,#303,#304,#305,#306,#307,#308,#309));
#1076=EDGE_LOOP('',(#310));
#1077=EDGE_LOOP('',(#311,#312,#313,#314,#315,#316,#317,#318,#319,#320,#321,
#322));
#1078=EDGE_LOOP('',(#323,#324,#325,#326));
#1079=EDGE_LOOP('',(#327,#328,#329,#330,#331,#332,#333,#334,#335,#336,#337,
#338));
#1080=EDGE_LOOP('',(#339,#340,#341,#342));
#1081=EDGE_LOOP('',(#343,#344,#345,#346));
#1082=EDGE_LOOP('',(#347,#348,#349,#350));
#1083=EDGE_LOOP('',(#351,#352,#353,#354,#355,#356,#357,#358,#359,#360,#361,
#362,#363,#364,#365,#366,#367,#368));
#1084=EDGE_LOOP('',(#369,#370,#371,#372));
#1085=EDGE_LOOP('',(#373,#374,#375,#376,#377,#378,#379,#380,#381,#382,#383,
#384,#385,#386,#387,#388,#389,#390));
#1086=EDGE_LOOP('',(#391,#392,#393,#394));
#1087=EDGE_LOOP('',(#395,#396,#397,#398));
#1088=EDGE_LOOP('',(#399,#400,#401,#402));
#1089=EDGE_LOOP('',(#403,#404,#405,#406));
#1090=EDGE_LOOP('',(#407,#408,#409,#410));
#1091=EDGE_LOOP('',(#411,#412,#413,#414));
#1092=EDGE_LOOP('',(#415,#416,#417,#418));
#1093=EDGE_LOOP('',(#419,#420));
#1094=EDGE_LOOP('',(#421,#422,#423,#424,#425,#426));
#1095=EDGE_LOOP('',(#427,#428,#429,#430));
#1096=EDGE_LOOP('',(#431,#432,#433));
#1097=EDGE_LOOP('',(#434,#435,#436,#437,#438,#439));
#1098=EDGE_LOOP('',(#440));
#1099=EDGE_LOOP('',(#441));
#1100=EDGE_LOOP('',(#442));
#1101=EDGE_LOOP('',(#443));
#1102=EDGE_LOOP('',(#444));
#1103=FACE_BOUND('',#1009,.T.);
#1104=FACE_BOUND('',#1010,.T.);
#1105=FACE_BOUND('',#1011,.T.);
#1106=FACE_BOUND('',#1012,.T.);
#1107=FACE_BOUND('',#1013,.T.);
#1108=FACE_BOUND('',#1014,.T.);
#1109=FACE_BOUND('',#1015,.T.);
#1110=FACE_BOUND('',#1016,.T.);
#1111=FACE_BOUND('',#1017,.T.);
#1112=FACE_BOUND('',#1018,.T.);
#1113=FACE_BOUND('',#1019,.T.);
#1114=FACE_BOUND('',#1020,.T.);
#1115=FACE_BOUND('',#1021,.T.);
#1116=FACE_BOUND('',#1022,.T.);
#1117=FACE_BOUND('',#1023,.T.);
#1118=FACE_BOUND('',#1024,.T.);
#1119=FACE_BOUND('',#1025,.T.);
#1120=FACE_BOUND('',#1026,.T.);
#1121=FACE_BOUND('',#1027,.T.);
#1122=FACE_BOUND('',#1028,.T.);
#1123=FACE_BOUND('',#1029,.T.);
#1124=FACE_BOUND('',#1030,.T.);
#1125=FACE_BOUND('',#1031,.T.);
#1126=FACE_BOUND('',#1032,.T.);
#1127=FACE_BOUND('',#1033,.T.);
#1128=FACE_BOUND('',#1034,.T.);
#1129=FACE_BOUND('',#1035,.T.);
#1130=FACE_BOUND('',#1036,.T.);
#1131=FACE_BOUND('',#1037,.T.);
#1132=FACE_BOUND('',#1038,.T.);
#1133=FACE_BOUND('',#1039,.T.);
#1134=FACE_BOUND('',#1040,.T.);
#1135=FACE_BOUND('',#1041,.T.);
#1136=FACE_BOUND('',#1042,.T.);
#1137=FACE_BOUND('',#1043,.T.);
#1138=FACE_BOUND('',#1044,.T.);
#1139=FACE_BOUND('',#1045,.T.);
#1140=FACE_BOUND('',#1046,.T.);
#1141=FACE_BOUND('',#1047,.T.);
#1142=FACE_BOUND('',#1048,.T.);
#1143=FACE_BOUND('',#1049,.T.);
#1144=FACE_BOUND('',#1050,.T.);
#1145=FACE_BOUND('',#1051,.T.);
#1146=FACE_BOUND('',#1052,.T.);
#1147=FACE_BOUND('',#1053,.T.);
#1148=FACE_BOUND('',#1054,.T.);
#1149=FACE_BOUND('',#1055,.T.);
#1150=FACE_BOUND('',#1056,.T.);
#1151=FACE_BOUND('',#1057,.T.);
#1152=FACE_BOUND('',#1058,.T.);
#1153=FACE_BOUND('',#1059,.T.);
#1154=FACE_BOUND('',#1060,.T.);
#1155=FACE_BOUND('',#1061,.T.);
#1156=FACE_BOUND('',#1062,.T.);
#1157=FACE_BOUND('',#1063,.T.);
#1158=FACE_BOUND('',#1064,.T.);
#1159=FACE_BOUND('',#1065,.T.);
#1160=FACE_BOUND('',#1066,.T.);
#1161=FACE_BOUND('',#1067,.T.);
#1162=FACE_BOUND('',#1068,.T.);
#1163=FACE_BOUND('',#1069,.T.);
#1164=FACE_BOUND('',#1070,.T.);
#1165=FACE_BOUND('',#1071,.T.);
#1166=FACE_BOUND('',#1072,.T.);
#1167=FACE_BOUND('',#1073,.T.);
#1168=FACE_BOUND('',#1074,.T.);
#1169=FACE_BOUND('',#1075,.T.);
#1170=FACE_BOUND('',#1076,.T.);
#1171=FACE_BOUND('',#1077,.T.);
#1172=FACE_BOUND('',#1078,.T.);
#1173=FACE_BOUND('',#1079,.T.);
#1174=FACE_BOUND('',#1080,.T.);
#1175=FACE_BOUND('',#1081,.T.);
#1176=FACE_BOUND('',#1082,.T.);
#1177=FACE_BOUND('',#1083,.T.);
#1178=FACE_BOUND('',#1084,.T.);
#1179=FACE_BOUND('',#1085,.T.);
#1180=FACE_BOUND('',#1086,.T.);
#1181=FACE_BOUND('',#1087,.T.);
#1182=FACE_BOUND('',#1088,.T.);
#1183=FACE_BOUND('',#1089,.T.);
#1184=FACE_BOUND('',#1090,.T.);
#1185=FACE_BOUND('',#1091,.T.);
#1186=FACE_BOUND('',#1092,.T.);
#1187=FACE_BOUND('',#1093,.T.);
#1188=FACE_BOUND('',#1094,.T.);
#1189=FACE_BOUND('',#1095,.T.);
#1190=FACE_BOUND('',#1096,.T.);
#1191=FACE_BOUND('',#1097,.T.);
#1192=FACE_BOUND('',#1098,.T.);
#1193=FACE_BOUND('',#1099,.T.);
#1194=FACE_BOUND('',#1100,.T.);
#1195=FACE_BOUND('',#1101,.T.);
#1196=FACE_BOUND('',#1102,.T.);
#1197=PLANE('',#1345);
#1198=PLANE('',#1350);
#1199=PLANE('',#1351);
#1200=PLANE('',#1353);
#1201=PLANE('',#1361);
#1202=PLANE('',#1363);
#1203=PLANE('',#1365);
#1204=PLANE('',#1367);
#1205=PLANE('',#1369);
#1206=PLANE('',#1371);
#1207=PLANE('',#1373);
#1208=PLANE('',#1375);
#1209=PLANE('',#1377);
#1210=PLANE('',#1379);
#1211=PLANE('',#1381);
#1212=PLANE('',#1383);
#1213=PLANE('',#1385);
#1214=PLANE('',#1387);
#1215=PLANE('',#1389);
#1216=PLANE('',#1390);
#1217=PLANE('',#1391);
#1218=PLANE('',#1392);
#1219=PLANE('',#1393);
#1220=PLANE('',#1394);
#1221=PLANE('',#1395);
#1222=PLANE('',#1396);
#1223=PLANE('',#1397);
#1224=PLANE('',#1398);
#1225=PLANE('',#1399);
#1226=PLANE('',#1400);
#1227=PLANE('',#1404);
#1228=PLANE('',#1405);
#1229=PLANE('',#1406);
#1230=PLANE('',#1407);
#1231=PLANE('',#1408);
#1232=PLANE('',#1409);
#1233=PLANE('',#1411);
#1234=PLANE('',#1413);
#1235=PLANE('',#1415);
#1236=PLANE('',#1419);
#1237=PLANE('',#1424);
#1238=PLANE('',#1425);
#1239=PLANE('',#1426);
#1240=PLANE('',#1427);
#1241=PLANE('',#1432);
#1242=PLANE('',#1436);
#1243=PLANE('',#1439);
#1244=PLANE('',#1441);
#1245=PLANE('',#1442);
#1246=PLANE('',#1443);
#1247=PLANE('',#1444);
#1248=PLANE('',#1445);
#1249=PLANE('',#1446);
#1250=PLANE('',#1447);
#1251=PLANE('',#1448);
#1252=PLANE('',#1456);
#1253=PLANE('',#1465);
#1254=ADVANCED_FACE('',(#1103),#1197,.F.);
#1255=ADVANCED_FACE('',(#1104),#35,.T.);
#1256=ADVANCED_FACE('',(#1105),#1198,.F.);
#1257=ADVANCED_FACE('',(#1106),#1199,.F.);
#1258=ADVANCED_FACE('',(#1107),#1200,.T.);
#1259=ADVANCED_FACE('',(#1108),#13,.F.);
#1260=ADVANCED_FACE('',(#1109),#14,.F.);
#1261=ADVANCED_FACE('',(#1110),#1201,.T.);
#1262=ADVANCED_FACE('',(#1111),#1202,.T.);
#1263=ADVANCED_FACE('',(#1112),#1203,.F.);
#1264=ADVANCED_FACE('',(#1113),#1204,.T.);
#1265=ADVANCED_FACE('',(#1114),#1205,.F.);
#1266=ADVANCED_FACE('',(#1115),#1206,.T.);
#1267=ADVANCED_FACE('',(#1116),#1207,.F.);
#1268=ADVANCED_FACE('',(#1117),#1208,.T.);
#1269=ADVANCED_FACE('',(#1118),#1209,.F.);
#1270=ADVANCED_FACE('',(#1119),#1210,.T.);
#1271=ADVANCED_FACE('',(#1120),#1211,.F.);
#1272=ADVANCED_FACE('',(#1121),#1212,.T.);
#1273=ADVANCED_FACE('',(#1122),#1213,.F.);
#1274=ADVANCED_FACE('',(#1123),#1214,.F.);
#1275=ADVANCED_FACE('',(#1124),#1215,.F.);
#1276=ADVANCED_FACE('',(#1125),#1216,.T.);
#1277=ADVANCED_FACE('',(#1126),#1217,.T.);
#1278=ADVANCED_FACE('',(#1127),#1218,.T.);
#1279=ADVANCED_FACE('',(#1128),#1219,.T.);
#1280=ADVANCED_FACE('',(#1129),#1220,.T.);
#1281=ADVANCED_FACE('',(#1130),#1221,.T.);
#1282=ADVANCED_FACE('',(#1131),#1222,.T.);
#1283=ADVANCED_FACE('',(#1132),#1223,.T.);
#1284=ADVANCED_FACE('',(#1133),#1224,.T.);
#1285=ADVANCED_FACE('',(#1134),#1225,.T.);
#1286=ADVANCED_FACE('',(#1135,#1136,#1137,#1138),#1226,.T.);
#1287=ADVANCED_FACE('',(#1139),#1227,.T.);
#1288=ADVANCED_FACE('',(#1140),#1228,.T.);
#1289=ADVANCED_FACE('',(#1141),#1229,.T.);
#1290=ADVANCED_FACE('',(#1142),#1230,.T.);
#1291=ADVANCED_FACE('',(#1143),#1231,.T.);
#1292=ADVANCED_FACE('',(#1144),#1232,.F.);
#1293=ADVANCED_FACE('',(#1145),#1233,.F.);
#1294=ADVANCED_FACE('',(#1146),#1234,.F.);
#1295=ADVANCED_FACE('',(#1147,#1148,#1149),#1235,.T.);
#1296=ADVANCED_FACE('',(#1150,#1151,#1152,#1153,#1154),#1236,.F.);
#1297=ADVANCED_FACE('',(#1155),#1237,.T.);
#1298=ADVANCED_FACE('',(#1156),#1238,.F.);
#1299=ADVANCED_FACE('',(#1157),#1239,.F.);
#1300=ADVANCED_FACE('',(#1158),#1240,.T.);
#1301=ADVANCED_FACE('',(#1159,#1160),#15,.F.);
#1302=ADVANCED_FACE('',(#1161,#1162),#16,.F.);
#1303=ADVANCED_FACE('',(#1163,#1164),#17,.F.);
#1304=ADVANCED_FACE('',(#1165,#1166),#18,.F.);
#1305=ADVANCED_FACE('',(#1167),#1241,.F.);
#1306=ADVANCED_FACE('',(#1168),#19,.T.);
#1307=ADVANCED_FACE('',(#1169),#1242,.T.);
#1308=ADVANCED_FACE('',(#1170,#1171),#1243,.T.);
#1309=ADVANCED_FACE('',(#1172),#1244,.F.);
#1310=ADVANCED_FACE('',(#1173),#1245,.T.);
#1311=ADVANCED_FACE('',(#1174),#1246,.F.);
#1312=ADVANCED_FACE('',(#1175),#1247,.F.);
#1313=ADVANCED_FACE('',(#1176),#1248,.F.);
#1314=ADVANCED_FACE('',(#1177),#1249,.F.);
#1315=ADVANCED_FACE('',(#1178),#1250,.T.);
#1316=ADVANCED_FACE('',(#1179),#1251,.T.);
#1317=ADVANCED_FACE('',(#1180),#20,.F.);
#1318=ADVANCED_FACE('',(#1181),#21,.F.);
#1319=ADVANCED_FACE('',(#1182),#22,.F.);
#1320=ADVANCED_FACE('',(#1183),#23,.F.);
#1321=ADVANCED_FACE('',(#1184),#24,.F.);
#1322=ADVANCED_FACE('',(#1185),#25,.F.);
#1323=ADVANCED_FACE('',(#1186),#26,.F.);
#1324=ADVANCED_FACE('',(#1187),#1252,.F.);
#1325=ADVANCED_FACE('',(#1188),#27,.F.);
#1326=ADVANCED_FACE('',(#1189),#28,.F.);
#1327=ADVANCED_FACE('',(#1190),#36,.T.);
#1328=ADVANCED_FACE('',(#1191),#29,.F.);
#1329=ADVANCED_FACE('',(#1192,#1193),#30,.F.);
#1330=ADVANCED_FACE('',(#1194),#1253,.T.);
#1331=ADVANCED_FACE('',(#1195,#1196),#12,.F.);
#1332=CLOSED_SHELL('',(#1254,#1255,#1256,#1257,#1258,#1259,#1260,#1261,
#1262,#1263,#1264,#1265,#1266,#1267,#1268,#1269,#1270,#1271,#1272,#1273,
#1274,#1275,#1276,#1277,#1278,#1279,#1280,#1281,#1282,#1283,#1284,#1285,
#1286,#1287,#1288,#1289,#1290,#1291,#1292,#1293,#1294,#1295,#1296,#1297,
#1298,#1299,#1300,#1301,#1302,#1303,#1304,#1305,#1306,#1307,#1308,#1309,
#1310,#1311,#1312,#1313,#1314,#1315,#1316,#1317,#1318,#1319,#1320,#1321,
#1322,#1323,#1324,#1325,#1326,#1327,#1328,#1329,#1330,#1331));
#1333=STYLED_ITEM('',(#1334),#1341);
#1334=PRESENTATION_STYLE_ASSIGNMENT((#1335));
#1335=SURFACE_STYLE_USAGE(.BOTH.,#1336);
#1336=SURFACE_SIDE_STYLE('',(#1337));
#1337=SURFACE_STYLE_FILL_AREA(#1338);
#1338=FILL_AREA_STYLE('',(#1339));
#1339=FILL_AREA_STYLE_COLOUR('',#1340);
#1340=COLOUR_RGB('',0.498039215686275,0.498039215686275,0.498039215686275);
#1341=MANIFOLD_SOLID_BREP('Part 20',#1332);
#1342=SHAPE_DEFINITION_REPRESENTATION(#2240,#1343);
#1343=SHAPE_REPRESENTATION('Part 20',(#1344),#2235);
#1344=AXIS2_PLACEMENT_3D('',#1847,#1467,#1468);
#1345=AXIS2_PLACEMENT_3D('',#1848,#1469,#1470);
#1346=AXIS2_PLACEMENT_3D('',#1862,#1477,#1478);
#1347=AXIS2_PLACEMENT_3D('',#1865,#1480,#1481);
#1348=AXIS2_PLACEMENT_3D('',#1872,#1482,#1483);
#1349=AXIS2_PLACEMENT_3D('',#1879,#1484,#1485);
#1350=AXIS2_PLACEMENT_3D('',#1880,#1486,#1487);
#1351=AXIS2_PLACEMENT_3D('',#1889,#1492,#1493);
#1352=AXIS2_PLACEMENT_3D('',#1890,#1494,#1495);
#1353=AXIS2_PLACEMENT_3D('',#1891,#1496,#1497);
#1354=AXIS2_PLACEMENT_3D('',#1895,#1499,#1500);
#1355=AXIS2_PLACEMENT_3D('',#1900,#1503,#1504);
#1356=AXIS2_PLACEMENT_3D('',#1904,#1506,#1507);
#1357=AXIS2_PLACEMENT_3D('',#1908,#1509,#1510);
#1358=AXIS2_PLACEMENT_3D('',#1909,#1511,#1512);
#1359=AXIS2_PLACEMENT_3D('',#1910,#1513,#1514);
#1360=AXIS2_PLACEMENT_3D('',#1912,#1515,#1516);
#1361=AXIS2_PLACEMENT_3D('',#1915,#1518,#1519);
#1362=AXIS2_PLACEMENT_3D('',#1919,#1521,#1522);
#1363=AXIS2_PLACEMENT_3D('',#1920,#1523,#1524);
#1364=AXIS2_PLACEMENT_3D('',#1924,#1526,#1527);
#1365=AXIS2_PLACEMENT_3D('',#1925,#1528,#1529);
#1366=AXIS2_PLACEMENT_3D('',#1926,#1530,#1531);
#1367=AXIS2_PLACEMENT_3D('',#1930,#1533,#1534);
#1368=AXIS2_PLACEMENT_3D('',#1934,#1536,#1537);
#1369=AXIS2_PLACEMENT_3D('',#1935,#1538,#1539);
#1370=AXIS2_PLACEMENT_3D('',#1936,#1540,#1541);
#1371=AXIS2_PLACEMENT_3D('',#1940,#1543,#1544);
#1372=AXIS2_PLACEMENT_3D('',#1944,#1546,#1547);
#1373=AXIS2_PLACEMENT_3D('',#1945,#1548,#1549);
#1374=AXIS2_PLACEMENT_3D('',#1946,#1550,#1551);
#1375=AXIS2_PLACEMENT_3D('',#1950,#1553,#1554);
#1376=AXIS2_PLACEMENT_3D('',#1954,#1556,#1557);
#1377=AXIS2_PLACEMENT_3D('',#1955,#1558,#1559);
#1378=AXIS2_PLACEMENT_3D('',#1956,#1560,#1561);
#1379=AXIS2_PLACEMENT_3D('',#1960,#1563,#1564);
#1380=AXIS2_PLACEMENT_3D('',#1964,#1566,#1567);
#1381=AXIS2_PLACEMENT_3D('',#1965,#1568,#1569);
#1382=AXIS2_PLACEMENT_3D('',#1966,#1570,#1571);
#1383=AXIS2_PLACEMENT_3D('',#1970,#1573,#1574);
#1384=AXIS2_PLACEMENT_3D('',#1974,#1576,#1577);
#1385=AXIS2_PLACEMENT_3D('',#1975,#1578,#1579);
#1386=AXIS2_PLACEMENT_3D('',#1976,#1580,#1581);
#1387=AXIS2_PLACEMENT_3D('',#1980,#1583,#1584);
#1388=AXIS2_PLACEMENT_3D('',#1981,#1585,#1586);
#1389=AXIS2_PLACEMENT_3D('',#1985,#1588,#1589);
#1390=AXIS2_PLACEMENT_3D('',#1998,#1596,#1597);
#1391=AXIS2_PLACEMENT_3D('',#2001,#1600,#1601);
#1392=AXIS2_PLACEMENT_3D('',#2004,#1604,#1605);
#1393=AXIS2_PLACEMENT_3D('',#2007,#1608,#1609);
#1394=AXIS2_PLACEMENT_3D('',#2010,#1612,#1613);
#1395=AXIS2_PLACEMENT_3D('',#2013,#1616,#1617);
#1396=AXIS2_PLACEMENT_3D('',#2016,#1620,#1621);
#1397=AXIS2_PLACEMENT_3D('',#2019,#1624,#1625);
#1398=AXIS2_PLACEMENT_3D('',#2025,#1629,#1630);
#1399=AXIS2_PLACEMENT_3D('',#2031,#1634,#1635);
#1400=AXIS2_PLACEMENT_3D('',#2038,#1640,#1641);
#1401=AXIS2_PLACEMENT_3D('',#2049,#1644,#1645);
#1402=AXIS2_PLACEMENT_3D('',#2062,#1653,#1654);
#1403=AXIS2_PLACEMENT_3D('',#2064,#1655,#1656);
#1404=AXIS2_PLACEMENT_3D('',#2066,#1657,#1658);
#1405=AXIS2_PLACEMENT_3D('',#2073,#1660,#1661);
#1406=AXIS2_PLACEMENT_3D('',#2082,#1666,#1667);
#1407=AXIS2_PLACEMENT_3D('',#2091,#1672,#1673);
#1408=AXIS2_PLACEMENT_3D('',#2096,#1677,#1678);
#1409=AXIS2_PLACEMENT_3D('',#2099,#1681,#1682);
#1410=AXIS2_PLACEMENT_3D('',#2103,#1685,#1686);
#1411=AXIS2_PLACEMENT_3D('',#2106,#1688,#1689);
#1412=AXIS2_PLACEMENT_3D('',#2111,#1692,#1693);
#1413=AXIS2_PLACEMENT_3D('',#2115,#1696,#1697);
#1414=AXIS2_PLACEMENT_3D('',#2122,#1702,#1703);
#1415=AXIS2_PLACEMENT_3D('',#2123,#1704,#1705);
#1416=AXIS2_PLACEMENT_3D('',#2124,#1706,#1707);
#1417=AXIS2_PLACEMENT_3D('',#2131,#1711,#1712);
#1418=AXIS2_PLACEMENT_3D('',#2133,#1713,#1714);
#1419=AXIS2_PLACEMENT_3D('',#2135,#1715,#1716);
#1420=AXIS2_PLACEMENT_3D('',#2136,#1717,#1718);
#1421=AXIS2_PLACEMENT_3D('',#2138,#1719,#1720);
#1422=AXIS2_PLACEMENT_3D('',#2148,#1725,#1726);
#1423=AXIS2_PLACEMENT_3D('',#2150,#1727,#1728);
#1424=AXIS2_PLACEMENT_3D('',#2152,#1729,#1730);
#1425=AXIS2_PLACEMENT_3D('',#2155,#1733,#1734);
#1426=AXIS2_PLACEMENT_3D('',#2158,#1737,#1738);
#1427=AXIS2_PLACEMENT_3D('',#2160,#1740,#1741);
#1428=AXIS2_PLACEMENT_3D('',#2165,#1745,#1746);
#1429=AXIS2_PLACEMENT_3D('',#2166,#1747,#1748);
#1430=AXIS2_PLACEMENT_3D('',#2167,#1749,#1750);
#1431=AXIS2_PLACEMENT_3D('',#2168,#1751,#1752);
#1432=AXIS2_PLACEMENT_3D('',#2169,#1753,#1754);
#1433=AXIS2_PLACEMENT_3D('',#2170,#1755,#1756);
#1434=AXIS2_PLACEMENT_3D('',#2171,#1757,#1758);
#1435=AXIS2_PLACEMENT_3D('',#2174,#1760,#1761);
#1436=AXIS2_PLACEMENT_3D('',#2175,#1762,#1763);
#1437=AXIS2_PLACEMENT_3D('',#2178,#1765,#1766);
#1438=AXIS2_PLACEMENT_3D('',#2181,#1768,#1769);
#1439=AXIS2_PLACEMENT_3D('',#2182,#1770,#1771);
#1440=AXIS2_PLACEMENT_3D('',#2183,#1772,#1773);
#1441=AXIS2_PLACEMENT_3D('',#2187,#1776,#1777);
#1442=AXIS2_PLACEMENT_3D('',#2188,#1778,#1779);
#1443=AXIS2_PLACEMENT_3D('',#2193,#1784,#1785);
#1444=AXIS2_PLACEMENT_3D('',#2194,#1786,#1787);
#1445=AXIS2_PLACEMENT_3D('',#2195,#1788,#1789);
#1446=AXIS2_PLACEMENT_3D('',#2196,#1790,#1791);
#1447=AXIS2_PLACEMENT_3D('',#2204,#1799,#1800);
#1448=AXIS2_PLACEMENT_3D('',#2206,#1802,#1803);
#1449=AXIS2_PLACEMENT_3D('',#2214,#1811,#1812);
#1450=AXIS2_PLACEMENT_3D('',#2215,#1813,#1814);
#1451=AXIS2_PLACEMENT_3D('',#2216,#1815,#1816);
#1452=AXIS2_PLACEMENT_3D('',#2217,#1817,#1818);
#1453=AXIS2_PLACEMENT_3D('',#2218,#1819,#1820);
#1454=AXIS2_PLACEMENT_3D('',#2219,#1821,#1822);
#1455=AXIS2_PLACEMENT_3D('',#2220,#1823,#1824);
#1456=AXIS2_PLACEMENT_3D('',#2221,#1825,#1826);
#1457=AXIS2_PLACEMENT_3D('',#2222,#1827,#1828);
#1458=AXIS2_PLACEMENT_3D('',#2223,#1829,#1830);
#1459=AXIS2_PLACEMENT_3D('',#2224,#1831,#1832);
#1460=AXIS2_PLACEMENT_3D('',#2225,#1833,#1834);
#1461=AXIS2_PLACEMENT_3D('',#2226,#1835,#1836);
#1462=AXIS2_PLACEMENT_3D('',#2227,#1837,#1838);
#1463=AXIS2_PLACEMENT_3D('',#2228,#1839,#1840);
#1464=AXIS2_PLACEMENT_3D('',#2230,#1841,#1842);
#1465=AXIS2_PLACEMENT_3D('',#2232,#1843,#1844);
#1466=AXIS2_PLACEMENT_3D('',#2233,#1845,#1846);
#1467=DIRECTION('',(0.,0.,1.));
#1468=DIRECTION('',(1.,0.,0.));
#1469=DIRECTION('',(0.,-2.73184799366426E-16,-1.));
#1470=DIRECTION('',(0.,1.,-2.73184799366426E-16));
#1471=DIRECTION('',(1.,0.,0.));
#1472=DIRECTION('',(0.,-1.,2.73184799366426E-16));
#1473=DIRECTION('',(1.,0.,0.));
#1474=DIRECTION('',(0.,-1.,2.73184799366426E-16));
#1475=DIRECTION('',(-1.,0.,0.));
#1476=DIRECTION('',(0.,-1.,2.73184799366426E-16));
#1477=DIRECTION('',(0.,0.,1.));
#1478=DIRECTION('',(1.,0.,0.));
#1479=DIRECTION('',(0.,-1.,2.73184799366426E-16));
#1480=DIRECTION('',(0.,0.,1.));
#1481=DIRECTION('',(1.,0.,0.));
#1482=DIRECTION('',(0.,0.,1.));
#1483=DIRECTION('',(1.,0.,0.));
#1484=DIRECTION('',(0.,2.73184799366426E-16,1.));
#1485=DIRECTION('',(0.,-1.,2.73184799366426E-16));
#1486=DIRECTION('',(-1.,0.,0.));
#1487=DIRECTION('',(0.,0.,1.));
#1488=DIRECTION('',(0.,0.,1.));
#1489=DIRECTION('',(0.,-1.,2.73184799366426E-16));
#1490=DIRECTION('',(0.,-2.73184799366426E-16,-1.));
#1491=DIRECTION('',(0.,-1.,2.73184799366426E-16));
#1492=DIRECTION('',(0.,2.73184799366426E-16,1.));
#1493=DIRECTION('',(0.,-1.,2.73184799366426E-16));
#1494=DIRECTION('',(0.,2.73184799366426E-16,1.));
#1495=DIRECTION('',(0.,-1.,2.73184799366426E-16));
#1496=DIRECTION('',(1.,0.,0.));
#1497=DIRECTION('',(0.,0.,-1.));
#1498=DIRECTION('',(0.,2.73184799366426E-16,1.));
#1499=DIRECTION('',(0.,0.,1.));
#1500=DIRECTION('',(1.,0.,0.));
#1501=DIRECTION('',(0.,2.73184799366426E-16,1.));
#1502=DIRECTION('',(0.,1.,-2.73184799366426E-16));
#1503=DIRECTION('',(0.,2.73184799366426E-16,1.));
#1504=DIRECTION('',(0.,-1.,2.73184799366426E-16));
#1505=DIRECTION('',(0.,2.73184799366426E-16,1.));
#1506=DIRECTION('',(0.,-2.73184799366426E-16,-1.));
#1507=DIRECTION('',(0.,1.,-2.73184799366426E-16));
#1508=DIRECTION('',(0.,2.73184799366426E-16,1.));
#1509=DIRECTION('',(0.,-2.73184799366426E-16,-1.));
#1510=DIRECTION('',(0.,1.,-2.73184799366426E-16));
#1511=DIRECTION('',(0.,2.73184799366426E-16,1.));
#1512=DIRECTION('',(0.,-1.,2.73184799366426E-16));
#1513=DIRECTION('',(0.,2.73184799366426E-16,1.));
#1514=DIRECTION('',(0.,-1.,2.73184799366426E-16));
#1515=DIRECTION('',(0.,0.,1.));
#1516=DIRECTION('',(1.,0.,0.));
#1517=DIRECTION('',(0.,2.73184799366426E-16,1.));
#1518=DIRECTION('',(0.,2.73184799366426E-16,1.));
#1519=DIRECTION('',(0.,-1.,2.73184799366426E-16));
#1520=DIRECTION('',(-1.,0.,0.));
#1521=DIRECTION('',(0.,2.73184799366426E-16,1.));
#1522=DIRECTION('',(0.,-1.,2.73184799366426E-16));
#1523=DIRECTION('',(0.,2.73184799366426E-16,1.));
#1524=DIRECTION('',(0.,-1.,2.73184799366426E-16));
#1525=DIRECTION('',(-1.,0.,0.));
#1526=DIRECTION('',(0.,2.73184799366426E-16,1.));
#1527=DIRECTION('',(0.,-1.,2.73184799366426E-16));
#1528=DIRECTION('',(0.,2.73184799366426E-16,1.));
#1529=DIRECTION('',(0.,-1.,2.73184799366426E-16));
#1530=DIRECTION('',(0.,2.73184799366426E-16,1.));
#1531=DIRECTION('',(0.,-1.,2.73184799366426E-16));
#1532=DIRECTION('',(-1.,0.,0.));
#1533=DIRECTION('',(0.,2.73184799366426E-16,1.));
#1534=DIRECTION('',(0.,-1.,2.73184799366426E-16));
#1535=DIRECTION('',(-1.,0.,0.));
#1536=DIRECTION('',(0.,2.73184799366426E-16,1.));
#1537=DIRECTION('',(0.,-1.,2.73184799366426E-16));
#1538=DIRECTION('',(0.,2.73184799366426E-16,1.));
#1539=DIRECTION('',(0.,-1.,2.73184799366426E-16));
#1540=DIRECTION('',(0.,2.73184799366426E-16,1.));
#1541=DIRECTION('',(0.,-1.,2.73184799366426E-16));
#1542=DIRECTION('',(-1.,0.,0.));
#1543=DIRECTION('',(0.,2.73184799366426E-16,1.));
#1544=DIRECTION('',(0.,-1.,2.73184799366426E-16));
#1545=DIRECTION('',(-1.,0.,0.));
#1546=DIRECTION('',(0.,2.73184799366426E-16,1.));
#1547=DIRECTION('',(0.,-1.,2.73184799366426E-16));
#1548=DIRECTION('',(0.,2.73184799366426E-16,1.));
#1549=DIRECTION('',(0.,-1.,2.73184799366426E-16));
#1550=DIRECTION('',(0.,2.73184799366426E-16,1.));
#1551=DIRECTION('',(0.,-1.,2.73184799366426E-16));
#1552=DIRECTION('',(-1.,0.,0.));
#1553=DIRECTION('',(0.,2.73184799366426E-16,1.));
#1554=DIRECTION('',(0.,-1.,2.73184799366426E-16));
#1555=DIRECTION('',(-1.,0.,0.));
#1556=DIRECTION('',(0.,2.73184799366426E-16,1.));
#1557=DIRECTION('',(0.,-1.,2.73184799366426E-16));
#1558=DIRECTION('',(0.,2.73184799366426E-16,1.));
#1559=DIRECTION('',(0.,-1.,2.73184799366426E-16));
#1560=DIRECTION('',(0.,2.73184799366426E-16,1.));
#1561=DIRECTION('',(0.,-1.,2.73184799366426E-16));
#1562=DIRECTION('',(-1.,0.,0.));
#1563=DIRECTION('',(0.,2.73184799366426E-16,1.));
#1564=DIRECTION('',(0.,-1.,2.73184799366426E-16));
#1565=DIRECTION('',(-1.,0.,0.));
#1566=DIRECTION('',(0.,2.73184799366426E-16,1.));
#1567=DIRECTION('',(0.,-1.,2.73184799366426E-16));
#1568=DIRECTION('',(0.,2.73184799366426E-16,1.));
#1569=DIRECTION('',(0.,-1.,2.73184799366426E-16));
#1570=DIRECTION('',(0.,2.73184799366426E-16,1.));
#1571=DIRECTION('',(0.,-1.,2.73184799366426E-16));
#1572=DIRECTION('',(-1.,0.,0.));
#1573=DIRECTION('',(0.,2.73184799366426E-16,1.));
#1574=DIRECTION('',(0.,-1.,2.73184799366426E-16));
#1575=DIRECTION('',(-1.,0.,0.));
#1576=DIRECTION('',(0.,2.73184799366426E-16,1.));
#1577=DIRECTION('',(0.,-1.,2.73184799366426E-16));
#1578=DIRECTION('',(0.,2.73184799366426E-16,1.));
#1579=DIRECTION('',(0.,-1.,2.73184799366426E-16));
#1580=DIRECTION('',(0.,2.73184799366426E-16,1.));
#1581=DIRECTION('',(0.,-1.,2.73184799366426E-16));
#1582=DIRECTION('',(-1.,0.,0.));
#1583=DIRECTION('',(0.,2.73184799366426E-16,1.));
#1584=DIRECTION('',(0.,-1.,2.73184799366426E-16));
#1585=DIRECTION('',(0.,2.73184799366426E-16,1.));
#1586=DIRECTION('',(0.,-1.,2.73184799366426E-16));
#1587=DIRECTION('',(-1.,0.,0.));
#1588=DIRECTION('',(0.,2.73184799366426E-16,1.));
#1589=DIRECTION('',(0.,-1.,2.73184799366426E-16));
#1590=DIRECTION('',(-1.,0.,0.));
#1591=DIRECTION('',(0.925160626422196,-0.379575836056631,1.03694348617474E-16));
#1592=DIRECTION('',(0.,-1.,2.73184799366426E-16));
#1593=DIRECTION('',(-1.,0.,0.));
#1594=DIRECTION('',(0.,-1.,2.73184799366426E-16));
#1595=DIRECTION('',(-0.925160626422196,-0.379575836056631,1.03694348617474E-16));
#1596=DIRECTION('',(0.,1.,-2.73184799366426E-16));
#1597=DIRECTION('',(-1.,0.,0.));
#1598=DIRECTION('',(0.,-2.73184799366426E-16,-1.));
#1599=DIRECTION('',(0.,-2.73184799366426E-16,-1.));
#1600=DIRECTION('',(0.,1.,-2.73184799366426E-16));
#1601=DIRECTION('',(-1.,0.,0.));
#1602=DIRECTION('',(0.,-2.73184799366426E-16,-1.));
#1603=DIRECTION('',(0.,-2.73184799366426E-16,-1.));
#1604=DIRECTION('',(0.,1.,-2.73184799366426E-16));
#1605=DIRECTION('',(-1.,0.,0.));
#1606=DIRECTION('',(0.,-2.73184799366426E-16,-1.));
#1607=DIRECTION('',(0.,-2.73184799366426E-16,-1.));
#1608=DIRECTION('',(0.,1.,-2.73184799366426E-16));
#1609=DIRECTION('',(-1.,0.,0.));
#1610=DIRECTION('',(0.,-2.73184799366426E-16,-1.));
#1611=DIRECTION('',(0.,-2.73184799366426E-16,-1.));
#1612=DIRECTION('',(0.,1.,-2.73184799366426E-16));
#1613=DIRECTION('',(-1.,0.,0.));
#1614=DIRECTION('',(0.,-2.73184799366426E-16,-1.));
#1615=DIRECTION('',(0.,-2.73184799366426E-16,-1.));
#1616=DIRECTION('',(0.,1.,-2.73184799366426E-16));
#1617=DIRECTION('',(-1.,0.,0.));
#1618=DIRECTION('',(0.,-2.73184799366426E-16,-1.));
#1619=DIRECTION('',(0.,-2.73184799366426E-16,-1.));
#1620=DIRECTION('',(0.,1.,-2.73184799366426E-16));
#1621=DIRECTION('',(-1.,0.,0.));
#1622=DIRECTION('',(0.,-2.73184799366426E-16,-1.));
#1623=DIRECTION('',(0.,-2.73184799366426E-16,-1.));
#1624=DIRECTION('',(-1.,0.,0.));
#1625=DIRECTION('',(0.,0.,1.));
#1626=DIRECTION('',(0.,-1.,2.73184799366426E-16));
#1627=DIRECTION('',(0.,-2.73184799366426E-16,-1.));
#1628=DIRECTION('',(0.,-2.73184799366426E-16,-1.));
#1629=DIRECTION('',(0.,1.,-2.73184799366426E-16));
#1630=DIRECTION('',(-1.,0.,0.));
#1631=DIRECTION('',(-1.,0.,0.));
#1632=DIRECTION('',(0.,-2.73184799366426E-16,-1.));
#1633=DIRECTION('',(0.,-2.73184799366426E-16,-1.));
#1634=DIRECTION('',(0.,2.73184799366426E-16,1.));
#1635=DIRECTION('',(0.,-1.,2.73184799366426E-16));
#1636=DIRECTION('',(0.925160626422196,0.379575836056631,-1.03694348617474E-16));
#1637=DIRECTION('',(-1.,0.,0.));
#1638=DIRECTION('',(0.,1.,-2.73184799366426E-16));
#1639=DIRECTION('',(-0.925160626422196,0.379575836056631,-1.03694348617474E-16));
#1640=DIRECTION('',(0.,1.,-2.73184799366426E-16));
#1641=DIRECTION('',(-1.,0.,0.));
#1642=DIRECTION('',(0.,-2.73184799366426E-16,-1.));
#1643=DIRECTION('',(1.,0.,0.));
#1644=DIRECTION('',(0.,1.,-2.73184799366426E-16));
#1645=DIRECTION('',(0.,2.73184799366426E-16,1.));
#1646=DIRECTION('',(0.,-2.73184799366426E-16,-1.));
#1647=DIRECTION('',(-1.,0.,0.));
#1648=DIRECTION('',(0.,-2.73184799366426E-16,-1.));
#1649=DIRECTION('',(-1.,0.,0.));
#1650=DIRECTION('',(-1.,0.,0.));
#1651=DIRECTION('',(1.,0.,0.));
#1652=DIRECTION('',(0.,-2.73184799366426E-16,-1.));
#1653=DIRECTION('',(0.,1.,-2.73184799366426E-16));
#1654=DIRECTION('',(0.,2.73184799366426E-16,1.));
#1655=DIRECTION('',(0.,1.,-2.73184799366426E-16));
#1656=DIRECTION('',(0.,2.73184799366426E-16,1.));
#1657=DIRECTION('',(-1.,0.,0.));
#1658=DIRECTION('',(0.,0.,1.));
#1659=DIRECTION('',(0.,-1.,2.73184799366426E-16));
#1660=DIRECTION('',(-1.,0.,0.));
#1661=DIRECTION('',(0.,0.,1.));
#1662=DIRECTION('',(0.,-1.,2.73184799366426E-16));
#1663=DIRECTION('',(0.,2.73184799366426E-16,1.));
#1664=DIRECTION('',(0.,-1.,2.73184799366426E-16));
#1665=DIRECTION('',(0.,-2.73184799366426E-16,-1.));
#1666=DIRECTION('',(-1.,0.,0.));
#1667=DIRECTION('',(0.,0.,1.));
#1668=DIRECTION('',(0.,-1.,2.73184799366426E-16));
#1669=DIRECTION('',(0.,2.73184799366426E-16,1.));
#1670=DIRECTION('',(0.,-1.,2.73184799366426E-16));
#1671=DIRECTION('',(0.,-2.73184799366426E-16,-1.));
#1672=DIRECTION('',(0.,-2.73184799366426E-16,-1.));
#1673=DIRECTION('',(0.,1.,-2.73184799366426E-16));
#1674=DIRECTION('',(-1.,0.,0.));
#1675=DIRECTION('',(0.,-1.,2.73184799366426E-16));
#1676=DIRECTION('',(1.,0.,0.));
#1677=DIRECTION('',(-1.,0.,0.));
#1678=DIRECTION('',(0.,0.,1.));
#1679=DIRECTION('',(0.,2.73184799366426E-16,1.));
#1680=DIRECTION('',(0.,-2.73184799366426E-16,-1.));
#1681=DIRECTION('',(0.,-2.73184799366426E-16,-1.));
#1682=DIRECTION('',(0.,1.,-2.73184799366426E-16));
#1683=DIRECTION('',(1.,0.,0.));
#1684=DIRECTION('',(-1.,0.,0.));
#1685=DIRECTION('',(0.,0.,1.));
#1686=DIRECTION('',(1.,0.,0.));
#1687=DIRECTION('',(1.,0.,0.));
#1688=DIRECTION('',(0.,2.73184799366426E-16,1.));
#1689=DIRECTION('',(0.,-1.,2.73184799366426E-16));
#1690=DIRECTION('',(0.,-1.,2.73184799366426E-16));
#1691=DIRECTION('',(-1.,0.,0.));
#1692=DIRECTION('',(0.,0.,1.));
#1693=DIRECTION('',(1.,0.,0.));
#1694=DIRECTION('',(1.,0.,0.));
#1695=DIRECTION('',(-1.,0.,0.));
#1696=DIRECTION('',(0.,-2.73184799366426E-16,-1.));
#1697=DIRECTION('',(0.,1.,-2.73184799366426E-16));
#1698=DIRECTION('',(1.,0.,0.));
#1699=DIRECTION('',(0.,1.,-2.73184799366426E-16));
#1700=DIRECTION('',(1.,0.,0.));
#1701=DIRECTION('',(-1.,0.,0.));
#1702=DIRECTION('',(0.,0.,1.));
#1703=DIRECTION('',(1.,0.,0.));
#1704=DIRECTION('',(0.,1.,-2.73184799366426E-16));
#1705=DIRECTION('',(-1.,0.,0.));
#1706=DIRECTION('',(0.,1.,-2.73184799366426E-16));
#1707=DIRECTION('',(0.,2.73184799366426E-16,1.));
#1708=DIRECTION('',(0.,-2.73184799366426E-16,-1.));
#1709=DIRECTION('',(-1.,0.,0.));
#1710=DIRECTION('',(0.,-2.73184799366426E-16,-1.));
#1711=DIRECTION('',(0.,1.,-2.73184799366426E-16));
#1712=DIRECTION('',(0.,2.73184799366426E-16,1.));
#1713=DIRECTION('',(0.,1.,-2.73184799366426E-16));
#1714=DIRECTION('',(0.,2.73184799366426E-16,1.));
#1715=DIRECTION('',(0.,1.,-2.73184799366426E-16));
#1716=DIRECTION('',(-1.,0.,0.));
#1717=DIRECTION('',(0.,-1.,2.73184799366426E-16));
#1718=DIRECTION('',(0.,-2.73184799366426E-16,-1.));
#1719=DIRECTION('',(0.,1.,-2.73184799366426E-16));
#1720=DIRECTION('',(0.,-2.73184799366426E-16,-1.));
#1721=DIRECTION('',(-1.,0.,0.));
#1722=DIRECTION('',(0.,-2.73184799366426E-16,-1.));
#1723=DIRECTION('',(-1.,0.,0.));
#1724=DIRECTION('',(0.,-2.73184799366426E-16,-1.));
#1725=DIRECTION('',(0.,1.,-2.73184799366426E-16));
#1726=DIRECTION('',(0.,-2.73184799366426E-16,-1.));
#1727=DIRECTION('',(0.,-1.,2.73184799366426E-16));
#1728=DIRECTION('',(0.,-2.73184799366426E-16,-1.));
#1729=DIRECTION('',(0.,2.73184799366426E-16,1.));
#1730=DIRECTION('',(0.,-1.,2.73184799366426E-16));
#1731=DIRECTION('',(0.,-1.,2.73184799366426E-16));
#1732=DIRECTION('',(0.,-1.,2.73184799366426E-16));
#1733=DIRECTION('',(-1.,0.,0.));
#1734=DIRECTION('',(0.,0.,1.));
#1735=DIRECTION('',(0.,-1.,2.73184799366426E-16));
#1736=DIRECTION('',(0.,-2.73184799366426E-16,-1.));
#1737=DIRECTION('',(0.,2.73184799366426E-16,1.));
#1738=DIRECTION('',(0.,-1.,2.73184799366426E-16));
#1739=DIRECTION('',(0.,-1.,2.73184799366426E-16));
#1740=DIRECTION('',(-1.,0.,0.));
#1741=DIRECTION('',(0.,0.,1.));
#1742=DIRECTION('',(0.,-2.73184799366426E-16,-1.));
#1743=DIRECTION('',(0.,-1.,2.73184799366426E-16));
#1744=DIRECTION('',(0.,-1.,2.73184799366426E-16));
#1745=DIRECTION('',(0.,-1.,2.73184799366426E-16));
#1746=DIRECTION('',(0.,-2.73184799366426E-16,-1.));
#1747=DIRECTION('',(0.,-1.,2.73184799366426E-16));
#1748=DIRECTION('',(0.,-2.73184799366426E-16,-1.));
#1749=DIRECTION('',(0.,-1.,2.73184799366426E-16));
#1750=DIRECTION('',(0.,-2.73184799366426E-16,-1.));
#1751=DIRECTION('',(0.,-1.,2.73184799366426E-16));
#1752=DIRECTION('',(0.,-2.73184799366426E-16,-1.));
#1753=DIRECTION('',(0.,1.,-2.73184799366426E-16));
#1754=DIRECTION('',(-1.,0.,0.));
#1755=DIRECTION('',(0.,1.,-2.73184799366426E-16));
#1756=DIRECTION('',(0.,2.73184799366426E-16,1.));
#1757=DIRECTION('',(0.,-1.,2.73184799366426E-16));
#1758=DIRECTION('',(0.,-2.73184799366426E-16,-1.));
#1759=DIRECTION('',(0.,-1.,2.73184799366426E-16));
#1760=DIRECTION('',(0.,1.,-2.73184799366426E-16));
#1761=DIRECTION('',(0.,2.73184799366426E-16,1.));
#1762=DIRECTION('',(0.,-2.73184799366426E-16,-1.));
#1763=DIRECTION('',(0.,1.,-2.73184799366426E-16));
#1764=DIRECTION('',(-1.,-1.22464679914735E-16,0.));
#1765=DIRECTION('',(0.,0.,1.));
#1766=DIRECTION('',(1.,0.,0.));
#1767=DIRECTION('',(1.,0.,0.));
#1768=DIRECTION('',(0.,0.,1.));
#1769=DIRECTION('',(1.,0.,0.));
#1770=DIRECTION('',(0.,1.,-2.73184799366426E-16));
#1771=DIRECTION('',(-1.,0.,0.));
#1772=DIRECTION('',(0.,1.,-2.73184799366426E-16));
#1773=DIRECTION('',(0.,2.73184799366426E-16,1.));
#1774=DIRECTION('',(0.,-2.73184799366426E-16,-1.));
#1775=DIRECTION('',(0.,-2.73184799366426E-16,-1.));
#1776=DIRECTION('',(0.,2.73184799366426E-16,1.));
#1777=DIRECTION('',(0.,-1.,2.73184799366426E-16));
#1778=DIRECTION('',(0.,1.,-2.73184799366426E-16));
#1779=DIRECTION('',(-1.,0.,0.));
#1780=DIRECTION('',(-3.34554890119806E-32,2.73184799366426E-16,-1.));
#1781=DIRECTION('',(-3.34554890119806E-32,2.73184799366426E-16,-1.));
#1782=DIRECTION('',(0.,2.73184799366426E-16,1.));
#1783=DIRECTION('',(-3.34554890119806E-32,2.73184799366426E-16,-1.));
#1784=DIRECTION('',(0.,-1.,2.73184799366426E-16));
#1785=DIRECTION('',(0.,-2.73184799366426E-16,-1.));
#1786=DIRECTION('',(-1.,0.,0.));
#1787=DIRECTION('',(0.,0.,1.));
#1788=DIRECTION('',(0.,-1.,2.73184799366426E-16));
#1789=DIRECTION('',(0.,-2.73184799366426E-16,-1.));
#1790=DIRECTION('',(0.379575836056631,-0.925160626422196,2.52739820110865E-16));
#1791=DIRECTION('',(0.925160626422196,0.379575836056631,0.));
#1792=DIRECTION('',(0.,-2.73184799366426E-16,-1.));
#1793=DIRECTION('',(0.,-2.73184799366426E-16,-1.));
#1794=DIRECTION('',(0.,-2.73184799366426E-16,-1.));
#1795=DIRECTION('',(0.,-2.73184799366426E-16,-1.));
#1796=DIRECTION('',(0.,-2.73184799366426E-16,-1.));
#1797=DIRECTION('',(0.,-2.73184799366426E-16,-1.));
#1798=DIRECTION('',(0.,-2.73184799366426E-16,-1.));
#1799=DIRECTION('',(1.,0.,0.));
#1800=DIRECTION('',(0.,0.,-1.));
#1801=DIRECTION('',(0.,-2.73184799366426E-16,-1.));
#1802=DIRECTION('',(0.379575836056631,0.925160626422196,-2.52739820110865E-16));
#1803=DIRECTION('',(-0.925160626422196,0.379575836056631,0.));
#1804=DIRECTION('',(0.,-2.73184799366426E-16,-1.));
#1805=DIRECTION('',(0.,-2.73184799366426E-16,-1.));
#1806=DIRECTION('',(0.,-2.73184799366426E-16,-1.));
#1807=DIRECTION('',(0.,-2.73184799366426E-16,-1.));
#1808=DIRECTION('',(0.,-2.73184799366426E-16,-1.));
#1809=DIRECTION('',(0.,-2.73184799366426E-16,-1.));
#1810=DIRECTION('',(0.,-2.73184799366426E-16,-1.));
#1811=DIRECTION('',(0.,-2.73184799366426E-16,-1.));
#1812=DIRECTION('',(0.,1.,-2.73184799366426E-16));
#1813=DIRECTION('',(0.,-2.73184799366426E-16,-1.));
#1814=DIRECTION('',(0.,1.,-2.73184799366426E-16));
#1815=DIRECTION('',(0.,-2.73184799366426E-16,-1.));
#1816=DIRECTION('',(0.,1.,-2.73184799366426E-16));
#1817=DIRECTION('',(0.,-2.73184799366426E-16,-1.));
#1818=DIRECTION('',(0.,1.,-2.73184799366426E-16));
#1819=DIRECTION('',(0.,-2.73184799366426E-16,-1.));
#1820=DIRECTION('',(0.,1.,-2.73184799366426E-16));
#1821=DIRECTION('',(0.,-2.73184799366426E-16,-1.));
#1822=DIRECTION('',(0.,1.,-2.73184799366426E-16));
#1823=DIRECTION('',(0.,-2.73184799366426E-16,-1.));
#1824=DIRECTION('',(0.,1.,-2.73184799366426E-16));
#1825=DIRECTION('',(0.,0.,1.));
#1826=DIRECTION('',(1.,0.,0.));
#1827=DIRECTION('',(0.,0.,1.));
#1828=DIRECTION('',(1.,0.,0.));
#1829=DIRECTION('',(0.,0.,1.));
#1830=DIRECTION('',(1.,0.,0.));
#1831=DIRECTION('',(0.,0.,1.));
#1832=DIRECTION('',(1.,0.,0.));
#1833=DIRECTION('',(0.,0.,1.));
#1834=DIRECTION('',(1.,0.,0.));
#1835=DIRECTION('',(0.,0.,1.));
#1836=DIRECTION('',(1.,0.,0.));
#1837=DIRECTION('',(0.,1.,-2.73184799366426E-16));
#1838=DIRECTION('',(0.,2.73184799366426E-16,1.));
#1839=DIRECTION('',(0.,1.,0.));
#1840=DIRECTION('',(0.,0.,1.));
#1841=DIRECTION('',(0.,1.,-2.73184799366426E-16));
#1842=DIRECTION('',(0.,2.73184799366426E-16,1.));
#1843=DIRECTION('',(0.,1.,-2.73184799366426E-16));
#1844=DIRECTION('',(-1.,0.,0.));
#1845=DIRECTION('',(0.,1.,0.));
#1846=DIRECTION('',(0.,0.,1.));
#1847=CARTESIAN_POINT('',(0.,0.,0.));
#1848=CARTESIAN_POINT('',(0.12912660768957,0.0373845856018067,0.100389532744884));
#1849=CARTESIAN_POINT('',(0.12912660768957,0.0373845856018067,0.100389532744884));
#1850=CARTESIAN_POINT('',(0.125882512395238,0.0373845856018067,0.100389532744884));
#1851=CARTESIAN_POINT('',(0.132375299248408,0.0373845856018067,0.100389532744884));
#1852=CARTESIAN_POINT('',(0.125882512395238,0.0373845856018067,0.100389532744884));
#1853=CARTESIAN_POINT('',(0.125882512395238,0.0251925856018066,0.100389532744884));
#1854=CARTESIAN_POINT('',(0.12912660768957,0.0251925856018066,0.100389532744884));
#1855=CARTESIAN_POINT('',(0.151269510388374,0.0251925856018066,0.100389532744884));
#1856=CARTESIAN_POINT('',(0.151269510388374,0.0373845856018067,0.100389532744884));
#1857=CARTESIAN_POINT('',(0.151269510388374,0.0373845856018067,0.100389532744884));
#1858=CARTESIAN_POINT('',(0.147861137986183,0.0373845856018067,0.100389532744884));
#1859=CARTESIAN_POINT('',(0.144452765583992,0.0373845856018067,0.100389532744884));
#1860=CARTESIAN_POINT('',(0.144452765583992,0.0373845856018067,0.100389532744884));
#1861=CARTESIAN_POINT('',(0.144449500634679,0.0371111172678067,0.100389532744884));
#1862=CARTESIAN_POINT('',(0.1384140324162,0.0373845856018067,0.100389532744884));
#1863=CARTESIAN_POINT('',(0.132381402638443,0.0371110548138694,0.100389532744884));
#1864=CARTESIAN_POINT('',(0.132375299248408,0.0373845856018067,0.100389532744884));
#1865=CARTESIAN_POINT('',(0.1384140324162,0.0373845856018067,0.0965996347367764));
#1866=CARTESIAN_POINT('',(0.125882512395238,0.0345167781017661,0.0928097367286683));
#1867=CARTESIAN_POINT('',(0.125882512395238,0.0338047687745193,0.0928097367286683));
#1868=CARTESIAN_POINT('',(0.125882512395238,0.0330933829969414,0.092818833088715));
#1869=CARTESIAN_POINT('',(0.125882512395238,0.0323844432270173,0.0928636118769646));
#1870=CARTESIAN_POINT('',(0.125882512395238,0.0345167781017661,0.0928097367286682));
#1871=CARTESIAN_POINT('',(0.125882512395238,0.0323844432270173,0.0928636118769646));
#1872=CARTESIAN_POINT('',(0.1384140324162,0.0373845856018067,0.0928097367286682));
#1873=CARTESIAN_POINT('',(0.134337459113406,0.0251925856018066,0.0928097367286682));
#1874=CARTESIAN_POINT('',(0.134337459113406,0.0251925856018067,0.0928097367286683));
#1875=CARTESIAN_POINT('',(0.13376982116451,0.0251925856018066,0.0928097367286683));
#1876=CARTESIAN_POINT('',(0.13320232176009,0.0251925856018066,0.0928222076854669));
#1877=CARTESIAN_POINT('',(0.132635143785682,0.0251925856018067,0.0928636118769646));
#1878=CARTESIAN_POINT('',(0.132635143785682,0.0251925856018066,0.0928636118769646));
#1879=CARTESIAN_POINT('',(0.1384140324162,0.0373845856018067,0.0928636118769646));
#1880=CARTESIAN_POINT('',(0.133672937068652,0.0373845856018067,0.0935299694538116));
#1881=CARTESIAN_POINT('',(0.133672937068652,0.0371265167918007,0.0984674729406834));
#1882=CARTESIAN_POINT('',(0.133672937068652,0.0371265167918007,0.0928636118769646));
#1883=CARTESIAN_POINT('',(0.133672937068652,0.0371265167918007,0.0941963270306587));
#1884=CARTESIAN_POINT('',(0.133672937068652,0.0373845856018067,0.0928636118769646));
#1885=CARTESIAN_POINT('',(0.133669427845191,0.0373845856018067,0.0928636118769646));
#1886=CARTESIAN_POINT('',(0.133672937068652,0.0373845856018067,0.0935299694538116));
#1887=CARTESIAN_POINT('',(0.133672937068652,0.0373845856018067,0.0941963270306587));
#1888=CARTESIAN_POINT('',(0.133672937068652,0.0373845856018067,0.0941963270306587));
#1889=CARTESIAN_POINT('',(0.129775426599692,0.0373845856018067,0.0928636118769646));
#1890=CARTESIAN_POINT('',(0.1384140324162,0.0373845856018067,0.0928636118769646));
#1891=CARTESIAN_POINT('',(0.132375299248408,0.0373845856018067,0.100099787116051));
#1892=CARTESIAN_POINT('',(0.132375299248408,0.0373845856018067,0.100099787116051));
#1893=CARTESIAN_POINT('',(0.132375299248408,0.0373845856018067,0.0966806039214134));
#1894=CARTESIAN_POINT('',(0.132375299248408,0.0373845856018067,0.0998100414872169));
#1895=CARTESIAN_POINT('',(0.1384140324162,0.0373845856018067,0.0998100414872169));
#1896=CARTESIAN_POINT('',(0.132378352284106,0.0371109202029706,0.0998100414872169));
#1897=CARTESIAN_POINT('',(0.132375299248408,0.0371107852482842,0.0928584327448845));
#1898=CARTESIAN_POINT('',(0.132375299248408,0.0371107852482842,0.0966806039214134));
#1899=CARTESIAN_POINT('',(0.132375299248408,0.0373845856018067,0.0966806039214134));
#1900=CARTESIAN_POINT('',(0.1384140324162,0.0371107852482842,0.0928584327448845));
#1901=CARTESIAN_POINT('',(0.144452765583992,0.0371107852482842,0.0928584327448845));
#1902=CARTESIAN_POINT('',(0.144452765583992,0.0371107852482842,0.0941963270306587));
#1903=CARTESIAN_POINT('',(0.144452765583992,0.0371107852482842,0.095315046608448));
#1904=CARTESIAN_POINT('',(0.1384140324162,0.0371107852482842,0.0941963270306587));
#1905=CARTESIAN_POINT('',(0.132375299248408,0.0371107852482842,0.0941963270306587));
#1906=CARTESIAN_POINT('',(0.132375299248408,0.0371107852482842,0.0928584327448845));
#1907=CARTESIAN_POINT('',(0.132375299248408,0.0371107852482842,0.095315046608448));
#1908=CARTESIAN_POINT('',(0.1384140324162,0.0371107852482842,0.095315046608448));
#1909=CARTESIAN_POINT('',(0.1384140324162,0.0371107852482842,0.0928584327448845));
#1910=CARTESIAN_POINT('',(0.1384140324162,0.0371107852482842,0.0966806039214134));
#1911=CARTESIAN_POINT('',(0.144452765583992,0.0371107852482842,0.0966806039214134));
#1912=CARTESIAN_POINT('',(0.1384140324162,0.0371107852482842,0.0998100414872169));
#1913=CARTESIAN_POINT('',(0.144449428767347,0.0371110492951694,0.0998100414872169));
#1914=CARTESIAN_POINT('',(0.144452765583992,0.0371107852482842,0.0928584327448845));
#1915=CARTESIAN_POINT('',(0.139447725968217,0.0302471856018066,0.0741059606438813));
#1916=CARTESIAN_POINT('',(0.139447725968217,0.0302471856018066,0.0741059606438813));
#1917=CARTESIAN_POINT('',(0.14728157222271,0.0302471856018066,0.0741059606438813));
#1918=CARTESIAN_POINT('',(0.129501044750214,0.0302471856018066,0.0741059606438813));
#1919=CARTESIAN_POINT('',(0.138391308486462,0.0370189351433509,0.0741059606438813));
#1920=CARTESIAN_POINT('',(0.139447725968217,0.0302471856018066,0.0766205606438813));
#1921=CARTESIAN_POINT('',(0.139447725968217,0.0302471856018066,0.0766205606438813));
#1922=CARTESIAN_POINT('',(0.14728157222271,0.0302471856018066,0.0766205606438813));
#1923=CARTESIAN_POINT('',(0.129501044750214,0.0302471856018066,0.0766205606438813));
#1924=CARTESIAN_POINT('',(0.138391308486462,0.0370189351433509,0.0766205606438813));
#1925=CARTESIAN_POINT('',(0.139447725968217,0.0302471856018066,0.0752712309884071));
#1926=CARTESIAN_POINT('',(0.138391308486462,0.0370189351433509,0.0752712309884071));
#1927=CARTESIAN_POINT('',(0.129501044750214,0.0302471856018066,0.0752712309884071));
#1928=CARTESIAN_POINT('',(0.14728157222271,0.0302471856018066,0.0752712309884071));
#1929=CARTESIAN_POINT('',(0.139447725968217,0.0302471856018066,0.0752712309884071));
#1930=CARTESIAN_POINT('',(0.139447725968217,0.0302471856018066,0.0791351606438813));
#1931=CARTESIAN_POINT('',(0.139447725968217,0.0302471856018066,0.0791351606438813));
#1932=CARTESIAN_POINT('',(0.14728157222271,0.0302471856018066,0.0791351606438813));
#1933=CARTESIAN_POINT('',(0.129501044750214,0.0302471856018066,0.0791351606438813));
#1934=CARTESIAN_POINT('',(0.138391308486462,0.037018935143351,0.0791351606438813));
#1935=CARTESIAN_POINT('',(0.139447725968217,0.0302471856018066,0.0777858309884071));
#1936=CARTESIAN_POINT('',(0.138391308486462,0.0370189351433509,0.0777858309884071));
#1937=CARTESIAN_POINT('',(0.129501044750214,0.0302471856018066,0.0777858309884071));
#1938=CARTESIAN_POINT('',(0.14728157222271,0.0302471856018066,0.0777858309884071));
#1939=CARTESIAN_POINT('',(0.139447725968217,0.0302471856018066,0.0777858309884071));
#1940=CARTESIAN_POINT('',(0.139447725968217,0.0302471856018066,0.0816497606438813));
#1941=CARTESIAN_POINT('',(0.139447725968217,0.0302471856018066,0.0816497606438813));
#1942=CARTESIAN_POINT('',(0.14728157222271,0.0302471856018066,0.0816497606438813));
#1943=CARTESIAN_POINT('',(0.129501044750214,0.0302471856018066,0.0816497606438813));
#1944=CARTESIAN_POINT('',(0.138391308486462,0.037018935143351,0.0816497606438813));
#1945=CARTESIAN_POINT('',(0.139447725968217,0.0302471856018066,0.0803004309884071));
#1946=CARTESIAN_POINT('',(0.138391308486462,0.037018935143351,0.0803004309884071));
#1947=CARTESIAN_POINT('',(0.129501044750214,0.0302471856018066,0.0803004309884071));
#1948=CARTESIAN_POINT('',(0.14728157222271,0.0302471856018066,0.0803004309884071));
#1949=CARTESIAN_POINT('',(0.139447725968217,0.0302471856018066,0.0803004309884071));
#1950=CARTESIAN_POINT('',(0.139447725968217,0.0302471856018066,0.0841643606438813));
#1951=CARTESIAN_POINT('',(0.139447725968217,0.0302471856018066,0.0841643606438813));
#1952=CARTESIAN_POINT('',(0.14728157222271,0.0302471856018066,0.0841643606438813));
#1953=CARTESIAN_POINT('',(0.129501044750214,0.0302471856018066,0.0841643606438813));
#1954=CARTESIAN_POINT('',(0.138391308486462,0.037018935143351,0.0841643606438813));
#1955=CARTESIAN_POINT('',(0.139447725968217,0.0302471856018066,0.0828150309884071));
#1956=CARTESIAN_POINT('',(0.138391308486462,0.037018935143351,0.0828150309884071));
#1957=CARTESIAN_POINT('',(0.129501044750214,0.0302471856018066,0.0828150309884071));
#1958=CARTESIAN_POINT('',(0.14728157222271,0.0302471856018066,0.0828150309884071));
#1959=CARTESIAN_POINT('',(0.139447725968217,0.0302471856018066,0.0828150309884071));
#1960=CARTESIAN_POINT('',(0.139447725968217,0.0302471856018066,0.0866789606438813));
#1961=CARTESIAN_POINT('',(0.139447725968217,0.0302471856018066,0.0866789606438813));
#1962=CARTESIAN_POINT('',(0.14728157222271,0.0302471856018066,0.0866789606438813));
#1963=CARTESIAN_POINT('',(0.129501044750214,0.0302471856018066,0.0866789606438813));
#1964=CARTESIAN_POINT('',(0.138391308486462,0.037018935143351,0.0866789606438813));
#1965=CARTESIAN_POINT('',(0.139447725968217,0.0302471856018066,0.0853296309884071));
#1966=CARTESIAN_POINT('',(0.138391308486462,0.037018935143351,0.0853296309884071));
#1967=CARTESIAN_POINT('',(0.129501044750214,0.0302471856018066,0.0853296309884071));
#1968=CARTESIAN_POINT('',(0.14728157222271,0.0302471856018066,0.0853296309884071));
#1969=CARTESIAN_POINT('',(0.139447725968217,0.0302471856018066,0.0853296309884071));
#1970=CARTESIAN_POINT('',(0.139447725968217,0.0302471856018066,0.0891935606438813));
#1971=CARTESIAN_POINT('',(0.139447725968217,0.0302471856018066,0.0891935606438813));
#1972=CARTESIAN_POINT('',(0.14728157222271,0.0302471856018066,0.0891935606438813));
#1973=CARTESIAN_POINT('',(0.129501044750214,0.0302471856018066,0.0891935606438813));
#1974=CARTESIAN_POINT('',(0.138391308486462,0.037018935143351,0.0891935606438813));
#1975=CARTESIAN_POINT('',(0.139447725968217,0.0302471856018066,0.0878442309884071));
#1976=CARTESIAN_POINT('',(0.138391308486462,0.037018935143351,0.0878442309884071));
#1977=CARTESIAN_POINT('',(0.129501044750214,0.0302471856018066,0.0878442309884071));
#1978=CARTESIAN_POINT('',(0.14728157222271,0.0302471856018066,0.0878442309884071));
#1979=CARTESIAN_POINT('',(0.139447725968217,0.0302471856018066,0.0878442309884071));
#1980=CARTESIAN_POINT('',(0.139447725968217,0.0302471856018066,0.0903588309884071));
#1981=CARTESIAN_POINT('',(0.138391308486462,0.037018935143351,0.0903588309884071));
#1982=CARTESIAN_POINT('',(0.129501044750214,0.0302471856018066,0.0903588309884071));
#1983=CARTESIAN_POINT('',(0.14728157222271,0.0302471856018066,0.0903588309884071));
#1984=CARTESIAN_POINT('',(0.139447725968217,0.0302471856018066,0.0903588309884071));
#1985=CARTESIAN_POINT('',(0.139447725968217,0.0302471856018066,0.0727566309884071));
#1986=CARTESIAN_POINT('',(0.139447725968217,0.0302471856018066,0.0727566309884071));
#1987=CARTESIAN_POINT('',(0.14728157222271,0.0302471856018066,0.0727566309884071));
#1988=CARTESIAN_POINT('',(0.129501044750214,0.0302471856018066,0.0727566309884071));
#1989=CARTESIAN_POINT('',(0.148219123823786,0.0298625259841561,0.0727566309884071));
#1990=CARTESIAN_POINT('',(0.149156675424863,0.0294778663665057,0.0727566309884071));
#1991=CARTESIAN_POINT('',(0.149156675424863,0.0273352259841562,0.0727566309884071));
#1992=CARTESIAN_POINT('',(0.149156675424863,0.0251925856018066,0.0727566309884071));
#1993=CARTESIAN_POINT('',(0.139447725968217,0.0251925856018066,0.0727566309884071));
#1994=CARTESIAN_POINT('',(0.12762594154806,0.0251925856018066,0.0727566309884071));
#1995=CARTESIAN_POINT('',(0.12762594154806,0.0302471856018066,0.0727566309884071));
#1996=CARTESIAN_POINT('',(0.12762594154806,0.0294778663665057,0.0727566309884071));
#1997=CARTESIAN_POINT('',(0.128563493149137,0.0298625259841561,0.0727566309884071));
#1998=CARTESIAN_POINT('',(0.137562158735919,0.0302471856018066,0.0893396128274441));
#1999=CARTESIAN_POINT('',(0.14728157222271,0.0302471856018066,0.0921114309884071));
#2000=CARTESIAN_POINT('',(0.129501044750214,0.0302471856018066,0.0921114309884071));
#2001=CARTESIAN_POINT('',(0.137562158735919,0.0302471856018066,0.0893396128274441));
#2002=CARTESIAN_POINT('',(0.14728157222271,0.0302471856018066,0.0921114309884071));
#2003=CARTESIAN_POINT('',(0.129501044750214,0.0302471856018066,0.0921114309884071));
#2004=CARTESIAN_POINT('',(0.137562158735919,0.0302471856018066,0.0893396128274441));
#2005=CARTESIAN_POINT('',(0.14728157222271,0.0302471856018066,0.0921114309884071));
#2006=CARTESIAN_POINT('',(0.129501044750214,0.0302471856018066,0.0921114309884071));
#2007=CARTESIAN_POINT('',(0.137562158735919,0.0302471856018066,0.0893396128274441));
#2008=CARTESIAN_POINT('',(0.14728157222271,0.0302471856018066,0.0921114309884071));
#2009=CARTESIAN_POINT('',(0.129501044750214,0.0302471856018066,0.0921114309884071));
#2010=CARTESIAN_POINT('',(0.137562158735919,0.0302471856018066,0.0893396128274441));
#2011=CARTESIAN_POINT('',(0.14728157222271,0.0302471856018066,0.0921114309884071));
#2012=CARTESIAN_POINT('',(0.129501044750214,0.0302471856018066,0.0921114309884071));
#2013=CARTESIAN_POINT('',(0.137562158735919,0.0302471856018066,0.0893396128274441));
#2014=CARTESIAN_POINT('',(0.14728157222271,0.0302471856018066,0.0921114309884071));
#2015=CARTESIAN_POINT('',(0.129501044750214,0.0302471856018066,0.0921114309884071));
#2016=CARTESIAN_POINT('',(0.137562158735919,0.0302471856018066,0.0893396128274441));
#2017=CARTESIAN_POINT('',(0.14728157222271,0.0302471856018066,0.0921114309884071));
#2018=CARTESIAN_POINT('',(0.129501044750214,0.0302471856018066,0.0921114309884071));
#2019=CARTESIAN_POINT('',(0.12762594154806,0.0302471856018066,0.0910334958161442));
#2020=CARTESIAN_POINT('',(0.12762594154806,0.0302471856018066,0.0917081606438813));
#2021=CARTESIAN_POINT('',(0.12762594154806,0.0294778663665057,0.0917081606438813));
#2022=CARTESIAN_POINT('',(0.12762594154806,0.0251925856018066,0.0917081606438813));
#2023=CARTESIAN_POINT('',(0.12762594154806,0.0294778663665057,0.0921114309884071));
#2024=CARTESIAN_POINT('',(0.12762594154806,0.0251925856018066,0.0910334958161442));
#2025=CARTESIAN_POINT('',(0.137562158735919,0.0302471856018066,0.0893396128274441));
#2026=CARTESIAN_POINT('',(0.139447725968217,0.0302471856018066,0.0917081606438813));
#2027=CARTESIAN_POINT('',(0.14728157222271,0.0302471856018066,0.0917081606438813));
#2028=CARTESIAN_POINT('',(0.129501044750214,0.0302471856018066,0.0917081606438813));
#2029=CARTESIAN_POINT('',(0.14728157222271,0.0302471856018066,0.0921114309884071));
#2030=CARTESIAN_POINT('',(0.129501044750214,0.0302471856018066,0.0921114309884071));
#2031=CARTESIAN_POINT('',(0.139447725968217,0.0302471856018066,0.0917081606438813));
#2032=CARTESIAN_POINT('',(0.138014629868662,0.0337401479014145,0.0917081606438813));
#2033=CARTESIAN_POINT('',(0.139447725968217,0.0251925856018066,0.0917081606438813));
#2034=CARTESIAN_POINT('',(0.149156675424863,0.0251925856018066,0.0917081606438813));
#2035=CARTESIAN_POINT('',(0.149156675424863,0.0302471856018066,0.0917081606438813));
#2036=CARTESIAN_POINT('',(0.149156675424863,0.0294778663665057,0.0917081606438813));
#2037=CARTESIAN_POINT('',(0.140576409422102,0.0329981865666648,0.0917081606438813));
#2038=CARTESIAN_POINT('',(0.132990797976494,0.0251925856018066,0.08636));
#2039=CARTESIAN_POINT('',(0.14316214621067,0.0251925856018067,0.0928166289655242));
#2040=CARTESIAN_POINT('',(0.142938368895104,0.0251925856018067,0.0928117247110783));
#2041=CARTESIAN_POINT('',(0.142714513813177,0.0251925856018067,0.0928097367286683));
#2042=CARTESIAN_POINT('',(0.142490605718994,0.0251925856018067,0.0928097367286683));
#2043=CARTESIAN_POINT('',(0.14316214621067,0.0251925856018066,0.0928166289655256));
#2044=CARTESIAN_POINT('',(0.142490605718994,0.0251925856018066,0.0928097367286682));
#2045=CARTESIAN_POINT('',(0.14316214621067,0.0251925856018066,0.0935030318796635));
#2046=CARTESIAN_POINT('',(0.14316214621067,0.0251925856018066,0.0928097367286682));
#2047=CARTESIAN_POINT('',(0.147215828299522,0.0251925856018066,0.0928097367286682));
#2048=CARTESIAN_POINT('',(0.151269510388374,0.0251925856018066,0.0928097367286682));
#2049=CARTESIAN_POINT('',(0.151269510388374,0.0251925856018066,0.0965996347367764));
#2050=CARTESIAN_POINT('',(0.151282512395239,0.0251925856018066,0.0928097590317328));
#2051=CARTESIAN_POINT('',(0.151282512395239,0.0251925856018066,0.0961412973332405));
#2052=CARTESIAN_POINT('',(0.151282512395239,0.0251925856018066,0.066797405333519));
#2053=CARTESIAN_POINT('',(0.138582512395238,0.0251925856018066,0.066797405333519));
#2054=CARTESIAN_POINT('',(0.125882512395238,0.0251925856018066,0.066797405333519));
#2055=CARTESIAN_POINT('',(0.125882512395238,0.0251925856018066,0.0961412973332405));
#2056=CARTESIAN_POINT('',(0.125882512395238,0.0251925856018066,0.0928636118769646));
#2057=CARTESIAN_POINT('',(0.129775426599692,0.0251925856018066,0.0928636118769646));
#2058=CARTESIAN_POINT('',(0.128663271665573,0.0251925856018066,0.0928636118769646));
#2059=CARTESIAN_POINT('',(0.129775426599692,0.0251925856018066,0.0928636118769646));
#2060=CARTESIAN_POINT('',(0.132990797976494,0.0251925856018066,0.0928097367286682));
#2061=CARTESIAN_POINT('',(0.149156675424863,0.0251925856018066,0.0921114309884071));
#2062=CARTESIAN_POINT('',(0.144657372746181,0.0251925856018066,0.0701707153034211));
#2063=CARTESIAN_POINT('',(0.144657372746181,0.0251925856018066,0.0716947153034211));
#2064=CARTESIAN_POINT('',(0.132507652044296,0.0251925856018066,0.0701707153034211));
#2065=CARTESIAN_POINT('',(0.132507652044296,0.0251925856018066,0.0716947153034211));
#2066=CARTESIAN_POINT('',(0.14316214621067,0.0373845856018067,0.0935030318796635));
#2067=CARTESIAN_POINT('',(0.14316214621067,0.0254380911667091,0.0928097367286683));
#2068=CARTESIAN_POINT('',(0.14316214621067,0.0253563544151151,0.0928097367286683));
#2069=CARTESIAN_POINT('',(0.14316214621067,0.0252745199114392,0.0928120181625073));
#2070=CARTESIAN_POINT('',(0.14316214621067,0.0251925856018067,0.0928166289655242));
#2071=CARTESIAN_POINT('',(0.14316214621067,0.0254380911667091,0.0928097367286682));
#2072=CARTESIAN_POINT('',(0.14316214621067,0.0373845856018067,0.0928097367286682));
#2073=CARTESIAN_POINT('',(0.146448373794556,0.0373845856018067,0.0947556868195534));
#2074=CARTESIAN_POINT('',(0.146448373794556,0.0373845856018067,0.0941963270306587));
#2075=CARTESIAN_POINT('',(0.146448373794556,0.0373845856018067,0.0941963270306587));
#2076=CARTESIAN_POINT('',(0.146448373794556,0.0371107852482842,0.0941963270306587));
#2077=CARTESIAN_POINT('',(0.146448373794556,0.0371107852482842,0.0947556868195534));
#2078=CARTESIAN_POINT('',(0.146448373794556,0.0371107852482842,0.095315046608448));
#2079=CARTESIAN_POINT('',(0.146448373794556,0.0373845856018067,0.095315046608448));
#2080=CARTESIAN_POINT('',(0.146448373794556,0.0373845856018067,0.095315046608448));
#2081=CARTESIAN_POINT('',(0.146448373794556,0.0373845856018067,0.0947556868195534));
#2082=CARTESIAN_POINT('',(0.146448373794556,0.0373845856018067,0.0982453227043152));
#2083=CARTESIAN_POINT('',(0.146448373794556,0.0373845856018067,0.0966806039214134));
#2084=CARTESIAN_POINT('',(0.146448373794556,0.0373845856018067,0.0966806039214134));
#2085=CARTESIAN_POINT('',(0.146448373794556,0.0371107852482842,0.0966806039214134));
#2086=CARTESIAN_POINT('',(0.146448373794556,0.0371107852482842,0.0982453227043152));
#2087=CARTESIAN_POINT('',(0.146448373794556,0.0371107852482842,0.0998100414872169));
#2088=CARTESIAN_POINT('',(0.146448373794556,0.0373845856018067,0.0998100414872169));
#2089=CARTESIAN_POINT('',(0.146448373794556,0.0373845856018067,0.0998100414872169));
#2090=CARTESIAN_POINT('',(0.146448373794556,0.0373845856018067,0.0982453227043152));
#2091=CARTESIAN_POINT('',(0.145450569689274,0.0373845856018067,0.0998100414872169));
#2092=CARTESIAN_POINT('',(0.145450569689274,0.0371107852482842,0.0998100414872169));
#2093=CARTESIAN_POINT('',(0.144452765583992,0.0373845856018067,0.0998100414872169));
#2094=CARTESIAN_POINT('',(0.144452765583992,0.0373845856018067,0.0998100414872169));
#2095=CARTESIAN_POINT('',(0.145450569689274,0.0373845856018067,0.0998100414872169));
#2096=CARTESIAN_POINT('',(0.144452765583992,0.0373845856018067,0.100099787116051));
#2097=CARTESIAN_POINT('',(0.144452765583992,0.0371107852482842,0.0928584327448845));
#2098=CARTESIAN_POINT('',(0.144452765583992,0.0373845856018067,0.100099787116051));
#2099=CARTESIAN_POINT('',(0.131986445996474,0.0373845856018067,0.0966806039214134));
#2100=CARTESIAN_POINT('',(0.144785366952419,0.0371107852482842,0.0966806039214134));
#2101=CARTESIAN_POINT('',(0.144785366952419,0.0373845856018067,0.0966806039214134));
#2102=CARTESIAN_POINT('',(0.143122360110283,0.0373845856018067,0.0966806039214134));
#2103=CARTESIAN_POINT('',(0.1384140324162,0.0373845856018067,0.0966806039214134));
#2104=CARTESIAN_POINT('',(0.133705704722117,0.0373845856018067,0.0966806039214134));
#2105=CARTESIAN_POINT('',(0.131986445996474,0.0373845856018067,0.0966806039214134));
#2106=CARTESIAN_POINT('',(0.131986445996474,0.0373845856018067,0.095315046608448));
#2107=CARTESIAN_POINT('',(0.132375299248408,0.0373845856018067,0.095315046608448));
#2108=CARTESIAN_POINT('',(0.132375299248408,0.0373845856018067,0.095315046608448));
#2109=CARTESIAN_POINT('',(0.131986445996474,0.0373845856018067,0.095315046608448));
#2110=CARTESIAN_POINT('',(0.133705704722117,0.0373845856018067,0.095315046608448));
#2111=CARTESIAN_POINT('',(0.1384140324162,0.0373845856018067,0.095315046608448));
#2112=CARTESIAN_POINT('',(0.143122360110283,0.0373845856018067,0.095315046608448));
#2113=CARTESIAN_POINT('',(0.144785366952419,0.0373845856018067,0.095315046608448));
#2114=CARTESIAN_POINT('',(0.144785366952419,0.0371107852482842,0.095315046608448));
#2115=CARTESIAN_POINT('',(0.131986445996474,0.0373845856018067,0.0941963270306587));
#2116=CARTESIAN_POINT('',(0.131986445996474,0.0373845856018067,0.0941963270306587));
#2117=CARTESIAN_POINT('',(0.132375299248408,0.0373845856018067,0.0941963270306587));
#2118=CARTESIAN_POINT('',(0.132375299248408,0.0373845856018067,0.0941963270306587));
#2119=CARTESIAN_POINT('',(0.144805260002613,0.0371107852482842,0.0941963270306587));
#2120=CARTESIAN_POINT('',(0.144805260002613,0.0373845856018067,0.0941963270306587));
#2121=CARTESIAN_POINT('',(0.14316214621067,0.0373845856018067,0.0941963270306587));
#2122=CARTESIAN_POINT('',(0.1384140324162,0.0373845856018067,0.0941963270306587));
#2123=CARTESIAN_POINT('',(0.132990797976494,0.0251925856018066,0.08636));
#2124=CARTESIAN_POINT('',(0.151269510388374,0.0251925856018066,0.0965996347367764));
#2125=CARTESIAN_POINT('',(0.151282512395239,0.0251925856018066,0.10038951044182));
#2126=CARTESIAN_POINT('',(0.125882512395238,0.0251925856018066,0.0961412973332405));
#2127=CARTESIAN_POINT('',(0.125882512395238,0.0251925856018066,0.105922594666481));
#2128=CARTESIAN_POINT('',(0.138582512395238,0.0251925856018066,0.105922594666481));
#2129=CARTESIAN_POINT('',(0.151282512395239,0.0251925856018066,0.105922594666481));
#2130=CARTESIAN_POINT('',(0.151282512395239,0.0251925856018066,0.0961412973332405));
#2131=CARTESIAN_POINT('',(0.144657372746181,0.0251925856018066,0.102549284696579));
#2132=CARTESIAN_POINT('',(0.144657372746181,0.0251925856018066,0.104073284696579));
#2133=CARTESIAN_POINT('',(0.132507652044296,0.0251925856018066,0.102549284696579));
#2134=CARTESIAN_POINT('',(0.132507652044296,0.0251925856018066,0.104073284696579));
#2135=CARTESIAN_POINT('',(0.132990797976494,0.0226525856018066,0.08636));
#2136=CARTESIAN_POINT('',(0.132507652044296,0.0226525856018066,0.102549284696579));
#2137=CARTESIAN_POINT('',(0.132507652044296,0.0226525856018066,0.101025284696579));
#2138=CARTESIAN_POINT('',(0.144657372746181,0.0226525856018066,0.102549284696579));
#2139=CARTESIAN_POINT('',(0.144657372746181,0.0226525856018066,0.101025284696579));
#2140=CARTESIAN_POINT('',(0.138582512395238,0.0226525856018066,0.105922594666481));
#2141=CARTESIAN_POINT('',(0.151282512395239,0.0226525856018066,0.105922594666481));
#2142=CARTESIAN_POINT('',(0.125882512395238,0.0226525856018066,0.105922594666481));
#2143=CARTESIAN_POINT('',(0.125882512395238,0.0226525856018066,0.0961412973332405));
#2144=CARTESIAN_POINT('',(0.125882512395238,0.0226525856018066,0.066797405333519));
#2145=CARTESIAN_POINT('',(0.138582512395238,0.0226525856018066,0.066797405333519));
#2146=CARTESIAN_POINT('',(0.151282512395239,0.0226525856018066,0.066797405333519));
#2147=CARTESIAN_POINT('',(0.151282512395239,0.0226525856018066,0.0961412973332405));
#2148=CARTESIAN_POINT('',(0.132507652044296,0.0226525856018066,0.0701707153034211));
#2149=CARTESIAN_POINT('',(0.132507652044296,0.0226525856018066,0.0686467153034211));
#2150=CARTESIAN_POINT('',(0.144657372746181,0.0226525856018066,0.0701707153034211));
#2151=CARTESIAN_POINT('',(0.144657372746181,0.0226525856018066,0.0686467153034211));
#2152=CARTESIAN_POINT('',(0.138582512395238,0.0251925856018066,0.105922594666481));
#2153=CARTESIAN_POINT('',(0.151282512395239,0.0251925856018066,0.105922594666481));
#2154=CARTESIAN_POINT('',(0.125882512395238,0.0251925856018066,0.105922594666481));
#2155=CARTESIAN_POINT('',(0.151282512395239,0.0251925856018066,0.0961412973332405));
#2156=CARTESIAN_POINT('',(0.151282512395239,0.0251925856018066,0.066797405333519));
#2157=CARTESIAN_POINT('',(0.151282512395239,0.0251925856018066,0.0961412973332405));
#2158=CARTESIAN_POINT('',(0.138582512395238,0.0251925856018066,0.066797405333519));
#2159=CARTESIAN_POINT('',(0.125882512395238,0.0251925856018066,0.066797405333519));
#2160=CARTESIAN_POINT('',(0.125882512395238,0.0251925856018066,0.0961412973332405));
#2161=CARTESIAN_POINT('',(0.125882512395238,0.0373845856018067,0.08636));
#2162=CARTESIAN_POINT('',(0.125882512395238,0.0373845856018067,0.0928097367286682));
#2163=CARTESIAN_POINT('',(0.125882512395238,0.0373845856018067,0.0928097367286682));
#2164=CARTESIAN_POINT('',(0.125882512395238,0.0373845856018067,0.0928636118769646));
#2165=CARTESIAN_POINT('',(0.144657372746181,0.0480525856018067,0.102549284696579));
#2166=CARTESIAN_POINT('',(0.132507652044296,0.0480525856018067,0.102549284696579));
#2167=CARTESIAN_POINT('',(0.132507652044296,0.0480525856018066,0.0701707153034211));
#2168=CARTESIAN_POINT('',(0.144657372746181,0.0480525856018066,0.0701707153034211));
#2169=CARTESIAN_POINT('',(0.140468662263608,0.0251925856018066,0.08636));
#2170=CARTESIAN_POINT('',(0.151269510388374,0.0251925856018066,0.0965996347367764));
#2171=CARTESIAN_POINT('',(0.151269510388374,0.0373845856018067,0.0965996347367764));
#2172=CARTESIAN_POINT('',(0.151269510388374,0.0373845856018067,0.0928097367286682));
#2173=CARTESIAN_POINT('',(0.151269510388374,0.0373845856018067,0.0928097367286682));
#2174=CARTESIAN_POINT('',(0.151269510388374,0.0373845856018067,0.0965996347367764));
#2175=CARTESIAN_POINT('',(0.147215828299522,0.0373845856018067,0.0928097367286682));
#2176=CARTESIAN_POINT('',(0.129612236532878,0.0373845856018067,0.0928097367286682));
#2177=CARTESIAN_POINT('',(0.13366591862173,0.0373845856018067,0.0928097367286682));
#2178=CARTESIAN_POINT('',(0.1384140324162,0.0373845856018067,0.0928097367286682));
#2179=CARTESIAN_POINT('',(0.14316214621067,0.0373845856018067,0.0928097367286682));
#2180=CARTESIAN_POINT('',(0.147215828299522,0.0373845856018067,0.0928097367286682));
#2181=CARTESIAN_POINT('',(0.1384140324162,0.0373845856018067,0.0928097367286682));
#2182=CARTESIAN_POINT('',(0.140468662263608,0.0373845856018067,0.08636));
#2183=CARTESIAN_POINT('',(0.151258164699967,0.0373845856018067,0.0966265723109245));
#2184=CARTESIAN_POINT('',(0.151258164699967,0.0373845856018067,0.0990395723109245));
#2185=CARTESIAN_POINT('',(0.14316214621067,0.0373845856018067,0.0935030318796635));
#2186=CARTESIAN_POINT('',(0.143122360110283,0.0373845856018067,0.0959978252649307));
#2187=CARTESIAN_POINT('',(0.129775426599692,0.0373845856018067,0.0928636118769646));
#2188=CARTESIAN_POINT('',(0.140468662263608,0.0373845856018067,0.08636));
#2189=CARTESIAN_POINT('',(0.132375299248408,0.0373845856018067,0.100099787116051));
#2190=CARTESIAN_POINT('',(0.133705704722117,0.0373845856018067,0.0959978252649307));
#2191=CARTESIAN_POINT('',(0.132375299248408,0.0373845856018067,0.0928584327448845));
#2192=CARTESIAN_POINT('',(0.13366591862173,0.0373845856018067,0.0935030318796635));
#2193=CARTESIAN_POINT('',(0.146156951785088,0.0371107852482842,0.0928584327448845));
#2194=CARTESIAN_POINT('',(0.132375299248408,0.0372476854250454,0.0928584327448845));
#2195=CARTESIAN_POINT('',(0.146156951785088,0.0371107852482842,0.0928584327448845));
#2196=CARTESIAN_POINT('',(0.128563493149137,0.0298625259841561,0.0921114309884071));
#2197=CARTESIAN_POINT('',(0.129501044750214,0.0302471856018066,0.0916999509884071));
#2198=CARTESIAN_POINT('',(0.129501044750214,0.0302471856018066,0.0916999509884071));
#2199=CARTESIAN_POINT('',(0.129501044750214,0.0302471856018066,0.0916999509884071));
#2200=CARTESIAN_POINT('',(0.129501044750214,0.0302471856018066,0.0916999509884071));
#2201=CARTESIAN_POINT('',(0.129501044750214,0.0302471856018066,0.0916999509884071));
#2202=CARTESIAN_POINT('',(0.129501044750214,0.0302471856018066,0.0916999509884071));
#2203=CARTESIAN_POINT('',(0.129501044750214,0.0302471856018066,0.0916999509884071));
#2204=CARTESIAN_POINT('',(0.149156675424863,0.0273352259841562,0.0921114309884071));
#2205=CARTESIAN_POINT('',(0.149156675424863,0.0294778663665057,0.0921114309884071));
#2206=CARTESIAN_POINT('',(0.148219123823786,0.0298625259841561,0.0921114309884071));
#2207=CARTESIAN_POINT('',(0.14728157222271,0.0302471856018066,0.0916999509884071));
#2208=CARTESIAN_POINT('',(0.14728157222271,0.0302471856018066,0.0916999509884071));
#2209=CARTESIAN_POINT('',(0.14728157222271,0.0302471856018066,0.0916999509884071));
#2210=CARTESIAN_POINT('',(0.14728157222271,0.0302471856018066,0.0916999509884071));
#2211=CARTESIAN_POINT('',(0.14728157222271,0.0302471856018066,0.0916999509884071));
#2212=CARTESIAN_POINT('',(0.14728157222271,0.0302471856018066,0.0916999509884071));
#2213=CARTESIAN_POINT('',(0.14728157222271,0.0302471856018066,0.0916999509884071));
#2214=CARTESIAN_POINT('',(0.138391308486462,0.037018935143351,0.0916999509884071));
#2215=CARTESIAN_POINT('',(0.138391308486462,0.037018935143351,0.0916999509884071));
#2216=CARTESIAN_POINT('',(0.138391308486462,0.037018935143351,0.0916999509884071));
#2217=CARTESIAN_POINT('',(0.138391308486462,0.037018935143351,0.0916999509884071));
#2218=CARTESIAN_POINT('',(0.138391308486462,0.037018935143351,0.0916999509884071));
#2219=CARTESIAN_POINT('',(0.138391308486462,0.037018935143351,0.0916999509884071));
#2220=CARTESIAN_POINT('',(0.138391308486462,0.037018935143351,0.0916999509884071));
#2221=CARTESIAN_POINT('',(0.131377495143127,0.0373845856018067,0.0998100414872169));
#2222=CARTESIAN_POINT('',(0.1384140324162,0.0373845856018067,0.0998100414872169));
#2223=CARTESIAN_POINT('',(0.1384140324162,0.0373845856018067,0.0984674729406834));
#2224=CARTESIAN_POINT('',(0.1384140324162,0.0373845856018067,0.0984674729406834));
#2225=CARTESIAN_POINT('',(0.1384140324162,0.0373845856018067,0.0965996347367764));
#2226=CARTESIAN_POINT('',(0.1384140324162,0.0373845856018067,0.0984674729406834));
#2227=CARTESIAN_POINT('',(0.151258164699967,0.0322537856018067,0.0966265723109245));
#2228=CARTESIAN_POINT('',(0.151258164699967,0.0366225856018067,0.0966265723109245));
#2229=CARTESIAN_POINT('',(0.151258164699967,0.0366225856018067,0.0982775723109245));
#2230=CARTESIAN_POINT('',(0.151258164699967,0.0322537856018067,0.0966265723109245));
#2231=CARTESIAN_POINT('',(0.151258164699967,0.0322537856018067,0.0982775723109245));
#2232=CARTESIAN_POINT('',(0.151876126408689,0.0322537856018067,0.0966200908191824));
#2233=CARTESIAN_POINT('',(0.151258164699967,0.0366225856018067,0.0966265723109245));
#2234=MECHANICAL_DESIGN_GEOMETRIC_PRESENTATION_REPRESENTATION('',(#1333),
#2235);
#2235=(
GEOMETRIC_REPRESENTATION_CONTEXT(3)
GLOBAL_UNCERTAINTY_ASSIGNED_CONTEXT((#2236))
GLOBAL_UNIT_ASSIGNED_CONTEXT((#2239,#2238,#2237))
REPRESENTATION_CONTEXT('Part 20','TOP_LEVEL_ASSEMBLY_PART')
);
#2236=UNCERTAINTY_MEASURE_WITH_UNIT(LENGTH_MEASURE(2.70184469223222E-5),
#2239,'DISTANCE_ACCURACY_VALUE','Maximum Tolerance applied to model');
#2237=(
NAMED_UNIT(*)
SI_UNIT($,.STERADIAN.)
SOLID_ANGLE_UNIT()
);
#2238=(
NAMED_UNIT(*)
PLANE_ANGLE_UNIT()
SI_UNIT($,.RADIAN.)
);
#2239=(
LENGTH_UNIT()
NAMED_UNIT(*)
SI_UNIT($,.METRE.)
);
#2240=PRODUCT_DEFINITION_SHAPE('','',#2241);
#2241=PRODUCT_DEFINITION('','',#2243,#2242);
#2242=PRODUCT_DEFINITION_CONTEXT('',#2249,'design');
#2243=PRODUCT_DEFINITION_FORMATION_WITH_SPECIFIED_SOURCE('','',#2245,
 .NOT_KNOWN.);
#2244=PRODUCT_RELATED_PRODUCT_CATEGORY('','',(#2245));
#2245=PRODUCT('Part 20','Part 20','Part 20',(#2247));
#2246=PRODUCT_CATEGORY('','');
#2247=PRODUCT_CONTEXT('',#2249,'mechanical');
#2248=APPLICATION_PROTOCOL_DEFINITION('international standard',
'ap242_managed_model_based_3d_engineering',2020,#2249);
#2249=APPLICATION_CONTEXT('managed model based 3d engineering');
ENDSEC;
END-ISO-10303-21;
