ISO-10303-21;
HEADER;
/* Generated by software containing ST-Developer
 * from STEP Tools, Inc. (www.steptools.com) 
 */
/* OPTION: using custom renumber hook */

FILE_DESCRIPTION(
/* description */ ('STEP AP242 Edition 2',
'CAx-IF Rec.Pracs.---Representation and Presentation of Product Manufa
cturing Information (PMI)---4.0---2014-10-13',
'CAx-IF Rec.Pracs.---3D Tessellated Geometry---0.4---2014-09-14','2;1',
'CAx-IF Rec.Pracs.---User Defined Attributes---1.5---2016-08-15'),
/* implementation_level */ '2;1');

FILE_NAME(
/* name */ 'V2 - Part 2',
/* time_stamp */ '2026-05-14T03:05:21Z',
/* author */ (''),
/* organization */ (''),
/* preprocessor_version */ 'ST-DEVELOPER v20',
/* originating_system */ 'ONSHAPE BY PTC INC, 1.214',
/* authorisation */ '  ');

FILE_SCHEMA (('AP242_MANAGED_MODEL_BASED_3D_ENGINEERING_MIM_LF { 1 0 10303 442 3 1 4 }'));
ENDSEC;

DATA;
#10=SHAPE_REPRESENTATION_RELATIONSHIP('','',#557,#11);
#11=ADVANCED_BREP_SHAPE_REPRESENTATION('',(#555),#3826);
#12=(
BOUNDED_SURFACE()
B_SPLINE_SURFACE(1,2,((#2512,#2513,#2514,#2515,#2516,#2517,#2518,#2519,
#2520,#2521,#2522,#2523,#2524,#2525,#2526,#2527,#2528,#2529,#2530,#2531,
#2532,#2533,#2534,#2535,#2536,#2537,#2538,#2539,#2540,#2541,#2542,#2543,
#2544,#2545,#2546,#2547,#2548,#2549,#2550,#2551,#2552,#2553,#2554,#2555,
#2556,#2557,#2558,#2559,#2560,#2561,#2562,#2563,#2564,#2565,#2566,#2567,
#2568,#2569,#2570,#2571,#2572,#2573,#2574,#2575,#2576,#2577,#2578,#2579,
#2580,#2581,#2582,#2583,#2584,#2585,#2586,#2587,#2588,#2589,#2590,#2591,
#2592,#2593,#2594,#2595,#2596,#2597,#2598,#2599,#2600,#2601,#2602,#2603,
#2604,#2605,#2606,#2607,#2608,#2609,#2610,#2611,#2612,#2613,#2614,#2615,
#2616,#2617,#2618,#2619,#2620,#2621,#2622,#2623,#2624,#2625,#2626,#2627,
#2628,#2629,#2630,#2631,#2632,#2633,#2634,#2635,#2636,#2637,#2638,#2639,
#2640,#2641,#2642),(#2643,#2644,#2645,#2646,#2647,#2648,#2649,#2650,#2651,
#2652,#2653,#2654,#2655,#2656,#2657,#2658,#2659,#2660,#2661,#2662,#2663,
#2664,#2665,#2666,#2667,#2668,#2669,#2670,#2671,#2672,#2673,#2674,#2675,
#2676,#2677,#2678,#2679,#2680,#2681,#2682,#2683,#2684,#2685,#2686,#2687,
#2688,#2689,#2690,#2691,#2692,#2693,#2694,#2695,#2696,#2697,#2698,#2699,
#2700,#2701,#2702,#2703,#2704,#2705,#2706,#2707,#2708,#2709,#2710,#2711,
#2712,#2713,#2714,#2715,#2716,#2717,#2718,#2719,#2720,#2721,#2722,#2723,
#2724,#2725,#2726,#2727,#2728,#2729,#2730,#2731,#2732,#2733,#2734,#2735,
#2736,#2737,#2738,#2739,#2740,#2741,#2742,#2743,#2744,#2745,#2746,#2747,
#2748,#2749,#2750,#2751,#2752,#2753,#2754,#2755,#2756,#2757,#2758,#2759,
#2760,#2761,#2762,#2763,#2764,#2765,#2766,#2767,#2768,#2769,#2770,#2771,
#2772,#2773)),.UNSPECIFIED.,.F.,.F.,.F.)
B_SPLINE_SURFACE_WITH_KNOTS((2,2),(3,2,2,2,2,2,2,2,2,2,2,2,2,2,2,2,2,2,
2,2,2,2,2,2,2,2,2,2,2,2,2,2,2,2,2,2,2,2,2,2,2,2,2,2,2,2,2,2,2,2,2,2,2,2,
2,2,2,2,2,2,2,2,2,2,2,3),(0.,0.992473103729558),(0.475214272219893,0.477272727272727,
0.47979797979798,0.482323232323232,0.484848484848485,0.487373737373737,
0.48989898989899,0.492424242424242,0.494949494949495,0.497474747474748,
0.5,0.502525252525253,0.505050505050505,0.507575757575758,0.51010101010101,
0.512626262626263,0.515151515151515,0.517676767676768,0.52020202020202,
0.522727272727273,0.525252525252525,0.527777777777778,0.53030303030303,
0.532828282828283,0.535353535353535,0.537878787878788,0.54040404040404,
0.542929292929293,0.545454545454545,0.547979797979798,0.550505050505051,
0.553030303030303,0.555555555555556,0.558080808080808,0.560606060606061,
0.563131313131313,0.565656565656566,0.568181818181818,0.570707070707071,
0.573232323232323,0.575757575757576,0.578282828282828,0.580808080808081,
0.583333333333333,0.585858585858586,0.588383838383838,0.590909090909091,
0.593434343434343,0.595959595959596,0.598484848484849,0.601010101010101,
0.603535353535354,0.606060606060606,0.608585858585859,0.611111111111111,
0.613636363636364,0.616161616161616,0.618686868686869,0.621212121212121,
0.623737373737374,0.626262626262626,0.628787878787879,0.631313131313131,
0.633838383838384,0.636363636363636,0.636914560183541),
 .PIECEWISE_BEZIER_KNOTS.)
GEOMETRIC_REPRESENTATION_ITEM()
RATIONAL_B_SPLINE_SURFACE(((0.959624983896336,0.890790848925562,1.,0.866025403784439,
1.,0.866025403784439,1.,0.866025403784439,1.,0.866025403784439,1.,0.866025403784439,
1.,0.866025403784439,1.,0.866025403784439,1.,0.866025403784439,1.,0.866025403784439,
1.,0.866025403784439,1.,0.866025403784439,1.,0.866025403784439,1.,0.866025403784439,
1.,0.866025403784439,1.,0.866025403784439,1.,0.866025403784439,1.,0.866025403784439,
1.,0.866025403784439,1.,0.866025403784439,1.,0.866025403784439,1.,0.866025403784439,
1.,0.866025403784439,1.,0.866025403784439,1.,0.866025403784439,1.,0.866025403784439,
1.,0.866025403784439,1.,0.866025403784439,1.,0.866025403784439,1.,0.866025403784439,
1.,0.866025403784439,1.,0.866025403784439,1.,0.866025403784439,1.,0.866025403784439,
1.,0.866025403784439,1.,0.866025403784439,1.,0.866025403784439,1.,0.866025403784439,
1.,0.866025403784439,1.,0.866025403784439,1.,0.866025403784439,1.,0.866025403784439,
1.,0.866025403784439,1.,0.866025403784439,1.,0.866025403784439,1.,0.866025403784439,
1.,0.866025403784439,1.,0.866025403784439,1.,0.866025403784439,1.,0.866025403784439,
1.,0.866025403784439,1.,0.866025403784439,1.,0.866025403784439,1.,0.866025403784439,
1.,0.866025403784439,1.,0.866025403784439,1.,0.866025403784439,1.,0.866025403784439,
1.,0.866025403784439,1.,0.866025403784439,1.,0.866025403784439,1.,0.866025403784439,
1.,0.866025403784439,1.,0.866025403784439,1.,0.97077132065833,0.95429603965023),
(0.959624983896336,0.890790848925562,1.,0.866025403784439,1.,0.866025403784439,
1.,0.866025403784439,1.,0.866025403784439,1.,0.866025403784439,1.,0.866025403784439,
1.,0.866025403784439,1.,0.866025403784439,1.,0.866025403784439,1.,0.866025403784439,
1.,0.866025403784439,1.,0.866025403784439,1.,0.866025403784439,1.,0.866025403784439,
1.,0.866025403784439,1.,0.866025403784439,1.,0.866025403784439,1.,0.866025403784439,
1.,0.866025403784439,1.,0.866025403784439,1.,0.866025403784439,1.,0.866025403784439,
1.,0.866025403784439,1.,0.866025403784439,1.,0.866025403784439,1.,0.866025403784439,
1.,0.866025403784439,1.,0.866025403784439,1.,0.866025403784439,1.,0.866025403784439,
1.,0.866025403784439,1.,0.866025403784439,1.,0.866025403784439,1.,0.866025403784439,
1.,0.866025403784439,1.,0.866025403784439,1.,0.866025403784439,1.,0.866025403784439,
1.,0.866025403784439,1.,0.866025403784439,1.,0.866025403784439,1.,0.866025403784439,
1.,0.866025403784439,1.,0.866025403784439,1.,0.866025403784439,1.,0.866025403784439,
1.,0.866025403784439,1.,0.866025403784439,1.,0.866025403784439,1.,0.866025403784439,
1.,0.866025403784439,1.,0.866025403784439,1.,0.866025403784439,1.,0.866025403784439,
1.,0.866025403784439,1.,0.866025403784439,1.,0.866025403784439,1.,0.866025403784439,
1.,0.866025403784439,1.,0.866025403784439,1.,0.866025403784439,1.,0.866025403784439,
1.,0.866025403784439,1.,0.97077132065833,0.95429603965023)))
REPRESENTATION_ITEM('')
SURFACE()
);
#13=(
BOUNDED_SURFACE()
B_SPLINE_SURFACE(1,2,((#3567,#3568,#3569,#3570,#3571,#3572,#3573,#3574,
#3575,#3576,#3577,#3578,#3579,#3580,#3581,#3582,#3583,#3584,#3585,#3586,
#3587,#3588,#3589,#3590,#3591,#3592,#3593,#3594,#3595,#3596,#3597,#3598,
#3599,#3600,#3601,#3602,#3603,#3604,#3605,#3606,#3607,#3608,#3609,#3610,
#3611,#3612,#3613,#3614,#3615,#3616,#3617,#3618,#3619,#3620,#3621,#3622,
#3623,#3624,#3625,#3626,#3627,#3628,#3629,#3630,#3631,#3632,#3633,#3634,
#3635,#3636,#3637,#3638,#3639,#3640,#3641,#3642,#3643,#3644,#3645,#3646,
#3647,#3648,#3649,#3650,#3651,#3652,#3653,#3654,#3655,#3656,#3657,#3658,
#3659,#3660,#3661,#3662,#3663,#3664,#3665,#3666,#3667,#3668,#3669,#3670,
#3671,#3672,#3673,#3674,#3675,#3676,#3677,#3678,#3679,#3680,#3681,#3682,
#3683,#3684,#3685,#3686,#3687,#3688,#3689,#3690,#3691,#3692,#3693,#3694,
#3695),(#3696,#3697,#3698,#3699,#3700,#3701,#3702,#3703,#3704,#3705,#3706,
#3707,#3708,#3709,#3710,#3711,#3712,#3713,#3714,#3715,#3716,#3717,#3718,
#3719,#3720,#3721,#3722,#3723,#3724,#3725,#3726,#3727,#3728,#3729,#3730,
#3731,#3732,#3733,#3734,#3735,#3736,#3737,#3738,#3739,#3740,#3741,#3742,
#3743,#3744,#3745,#3746,#3747,#3748,#3749,#3750,#3751,#3752,#3753,#3754,
#3755,#3756,#3757,#3758,#3759,#3760,#3761,#3762,#3763,#3764,#3765,#3766,
#3767,#3768,#3769,#3770,#3771,#3772,#3773,#3774,#3775,#3776,#3777,#3778,
#3779,#3780,#3781,#3782,#3783,#3784,#3785,#3786,#3787,#3788,#3789,#3790,
#3791,#3792,#3793,#3794,#3795,#3796,#3797,#3798,#3799,#3800,#3801,#3802,
#3803,#3804,#3805,#3806,#3807,#3808,#3809,#3810,#3811,#3812,#3813,#3814,
#3815,#3816,#3817,#3818,#3819,#3820,#3821,#3822,#3823,#3824)),
 .UNSPECIFIED.,.F.,.F.,.F.)
B_SPLINE_SURFACE_WITH_KNOTS((2,2),(3,2,2,2,2,2,2,2,2,2,2,2,2,2,2,2,2,2,
2,2,2,2,2,2,2,2,2,2,2,2,2,2,2,2,2,2,2,2,2,2,2,2,2,2,2,2,2,2,2,2,2,2,2,2,
2,2,2,2,2,2,2,2,2,2,3),(0.00752689627032274,1.),(0.468458582412321,0.46969696969697,
0.472222222222222,0.474747474747475,0.477272727272727,0.47979797979798,
0.482323232323232,0.484848484848485,0.487373737373737,0.48989898989899,
0.492424242424242,0.494949494949495,0.497474747474748,0.5,0.502525252525253,
0.505050505050505,0.507575757575758,0.51010101010101,0.512626262626263,
0.515151515151515,0.517676767676768,0.52020202020202,0.522727272727273,
0.525252525252525,0.527777777777778,0.53030303030303,0.532828282828283,
0.535353535353535,0.537878787878788,0.54040404040404,0.542929292929293,
0.545454545454545,0.547979797979798,0.550505050505051,0.553030303030303,
0.555555555555556,0.558080808080808,0.560606060606061,0.563131313131313,
0.565656565656566,0.568181818181818,0.570707070707071,0.573232323232323,
0.575757575757576,0.578282828282828,0.580808080808081,0.583333333333333,
0.585858585858586,0.588383838383838,0.590909090909091,0.593434343434343,
0.595959595959596,0.598484848484849,0.601010101010101,0.603535353535354,
0.606060606060606,0.608585858585859,0.611111111111111,0.613636363636364,
0.616161616161616,0.618686868686869,0.621212121212121,0.623737373737374,
0.626262626262626,0.628637800251663),.PIECEWISE_BEZIER_KNOTS.)
GEOMETRIC_REPRESENTATION_ITEM()
RATIONAL_B_SPLINE_SURFACE(((0.933037389069317,0.934298675177973,1.,0.866025403784439,
1.,0.866025403784439,1.,0.866025403784439,1.,0.866025403784439,1.,0.866025403784439,
1.,0.866025403784439,1.,0.866025403784439,1.,0.866025403784439,1.,0.866025403784439,
1.,0.866025403784439,1.,0.866025403784439,1.,0.866025403784439,1.,0.866025403784439,
1.,0.866025403784439,1.,0.866025403784439,1.,0.866025403784439,1.,0.866025403784439,
1.,0.866025403784439,1.,0.866025403784439,1.,0.866025403784439,1.,0.866025403784439,
1.,0.866025403784439,1.,0.866025403784439,1.,0.866025403784439,1.,0.866025403784439,
1.,0.866025403784439,1.,0.866025403784439,1.,0.866025403784439,1.,0.866025403784439,
1.,0.866025403784439,1.,0.866025403784439,1.,0.866025403784439,1.,0.866025403784439,
1.,0.866025403784439,1.,0.866025403784439,1.,0.866025403784439,1.,0.866025403784439,
1.,0.866025403784439,1.,0.866025403784439,1.,0.866025403784439,1.,0.866025403784439,
1.,0.866025403784439,1.,0.866025403784439,1.,0.866025403784439,1.,0.866025403784439,
1.,0.866025403784439,1.,0.866025403784439,1.,0.866025403784439,1.,0.866025403784439,
1.,0.866025403784439,1.,0.866025403784439,1.,0.866025403784439,1.,0.866025403784439,
1.,0.866025403784439,1.,0.866025403784439,1.,0.866025403784439,1.,0.866025403784439,
1.,0.866025403784439,1.,0.866025403784439,1.,0.866025403784439,1.,0.866025403784439,
1.,0.866025403784439,1.,0.873987661455327,0.985021896127389),(0.933037389069317,
0.934298675177973,1.,0.866025403784439,1.,0.866025403784439,1.,0.866025403784439,
1.,0.866025403784439,1.,0.866025403784439,1.,0.866025403784439,1.,0.866025403784439,
1.,0.866025403784439,1.,0.866025403784439,1.,0.866025403784439,1.,0.866025403784439,
1.,0.866025403784439,1.,0.866025403784439,1.,0.866025403784439,1.,0.866025403784439,
1.,0.866025403784439,1.,0.866025403784439,1.,0.866025403784439,1.,0.866025403784439,
1.,0.866025403784439,1.,0.866025403784439,1.,0.866025403784439,1.,0.866025403784439,
1.,0.866025403784439,1.,0.866025403784439,1.,0.866025403784439,1.,0.866025403784439,
1.,0.866025403784439,1.,0.866025403784439,1.,0.866025403784439,1.,0.866025403784439,
1.,0.866025403784439,1.,0.866025403784439,1.,0.866025403784439,1.,0.866025403784439,
1.,0.866025403784439,1.,0.866025403784439,1.,0.866025403784439,1.,0.866025403784439,
1.,0.866025403784439,1.,0.866025403784439,1.,0.866025403784439,1.,0.866025403784439,
1.,0.866025403784439,1.,0.866025403784439,1.,0.866025403784439,1.,0.866025403784439,
1.,0.866025403784439,1.,0.866025403784439,1.,0.866025403784439,1.,0.866025403784439,
1.,0.866025403784439,1.,0.866025403784439,1.,0.866025403784439,1.,0.866025403784439,
1.,0.866025403784439,1.,0.866025403784439,1.,0.866025403784439,1.,0.866025403784439,
1.,0.866025403784439,1.,0.866025403784439,1.,0.866025403784439,1.,0.873987661455327,
0.985021896127389)))
REPRESENTATION_ITEM('')
SURFACE()
);
#14=(
BOUNDED_CURVE()
B_SPLINE_CURVE(2,(#926,#927,#928,#929,#930,#931,#932,#933,#934,#935,#936,
#937,#938,#939,#940,#941,#942,#943,#944,#945,#946,#947,#948,#949,#950,#951,
#952,#953,#954,#955,#956,#957,#958,#959,#960,#961,#962,#963,#964,#965,#966,
#967,#968,#969,#970,#971,#972,#973,#974,#975,#976,#977,#978,#979,#980,#981,
#982,#983,#984,#985,#986,#987,#988,#989,#990,#991,#992,#993,#994,#995,#996,
#997,#998,#999,#1000,#1001,#1002,#1003,#1004,#1005,#1006,#1007,#1008,#1009,
#1010,#1011,#1012,#1013,#1014,#1015,#1016,#1017,#1018,#1019,#1020,#1021,
#1022,#1023,#1024,#1025,#1026,#1027,#1028,#1029,#1030,#1031,#1032,#1033,
#1034,#1035,#1036,#1037,#1038,#1039,#1040,#1041,#1042,#1043,#1044,#1045,
#1046,#1047,#1048,#1049,#1050,#1051,#1052,#1053,#1054,#1055,#1056,#1057,
#1058,#1059,#1060,#1061,#1062,#1063,#1064,#1065,#1066,#1067,#1068,#1069,
#1070,#1071,#1072,#1073,#1074,#1075,#1076,#1077,#1078,#1079,#1080,#1081,
#1082,#1083,#1084,#1085,#1086,#1087,#1088,#1089,#1090,#1091,#1092,#1093,
#1094,#1095,#1096,#1097,#1098,#1099,#1100,#1101,#1102,#1103,#1104,#1105,
#1106,#1107,#1108,#1109,#1110,#1111,#1112,#1113,#1114,#1115,#1116,#1117,
#1118,#1119,#1120,#1121,#1122,#1123,#1124,#1125,#1126,#1127,#1128,#1129,
#1130,#1131,#1132,#1133,#1134,#1135,#1136,#1137,#1138,#1139,#1140,#1141,
#1142,#1143,#1144,#1145,#1146,#1147,#1148,#1149,#1150,#1151,#1152,#1153,
#1154,#1155,#1156,#1157,#1158,#1159,#1160,#1161,#1162,#1163,#1164,#1165,
#1166,#1167,#1168,#1169,#1170,#1171,#1172,#1173,#1174,#1175,#1176,#1177,
#1178,#1179,#1180,#1181,#1182,#1183,#1184,#1185,#1186,#1187,#1188,#1189,
#1190,#1191,#1192,#1193,#1194,#1195,#1196,#1197,#1198,#1199,#1200,#1201,
#1202,#1203,#1204,#1205,#1206,#1207,#1208,#1209,#1210,#1211,#1212,#1213,
#1214,#1215,#1216,#1217,#1218,#1219,#1220,#1221,#1222,#1223,#1224,#1225,
#1226,#1227,#1228,#1229,#1230,#1231,#1232,#1233,#1234,#1235,#1236,#1237,
#1238,#1239,#1240,#1241,#1242,#1243,#1244,#1245,#1246,#1247,#1248,#1249,
#1250,#1251,#1252,#1253,#1254,#1255,#1256,#1257,#1258,#1259,#1260,#1261,
#1262,#1263,#1264,#1265,#1266,#1267,#1268,#1269,#1270,#1271,#1272,#1273,
#1274,#1275,#1276,#1277,#1278,#1279,#1280,#1281,#1282,#1283,#1284,#1285,
#1286,#1287,#1288,#1289,#1290,#1291,#1292,#1293,#1294,#1295,#1296,#1297,
#1298,#1299,#1300,#1301,#1302,#1303,#1304,#1305,#1306,#1307,#1308,#1309,
#1310,#1311,#1312,#1313,#1314,#1315,#1316,#1317,#1318,#1319,#1320,#1321,
#1322,#1323,#1324,#1325,#1326,#1327,#1328,#1329,#1330,#1331,#1332,#1333,
#1334,#1335,#1336,#1337,#1338,#1339,#1340,#1341,#1342,#1343,#1344,#1345,
#1346,#1347,#1348,#1349,#1350,#1351,#1352,#1353,#1354,#1355,#1356,#1357,
#1358,#1359,#1360,#1361,#1362,#1363,#1364,#1365,#1366,#1367,#1368,#1369,
#1370,#1371,#1372,#1373,#1374,#1375,#1376,#1377,#1378,#1379,#1380,#1381,
#1382,#1383,#1384,#1385,#1386,#1387,#1388,#1389,#1390,#1391,#1392,#1393,
#1394,#1395,#1396,#1397,#1398,#1399,#1400,#1401,#1402,#1403,#1404,#1405,
#1406,#1407,#1408,#1409,#1410,#1411,#1412,#1413,#1414,#1415,#1416,#1417,
#1418,#1419,#1420,#1421,#1422,#1423,#1424,#1425,#1426,#1427,#1428,#1429,
#1430,#1431,#1432,#1433,#1434,#1435,#1436,#1437,#1438,#1439,#1440,#1441,
#1442,#1443,#1444,#1445,#1446,#1447,#1448,#1449,#1450,#1451,#1452,#1453,
#1454,#1455,#1456,#1457,#1458,#1459,#1460,#1461,#1462,#1463,#1464,#1465,
#1466,#1467,#1468,#1469,#1470,#1471,#1472,#1473,#1474,#1475,#1476,#1477,
#1478,#1479,#1480,#1481,#1482,#1483,#1484,#1485,#1486,#1487,#1488,#1489,
#1490,#1491,#1492,#1493,#1494,#1495,#1496,#1497,#1498,#1499,#1500,#1501,
#1502,#1503,#1504,#1505,#1506,#1507,#1508,#1509,#1510,#1511,#1512,#1513,
#1514,#1515,#1516,#1517,#1518,#1519,#1520,#1521,#1522,#1523,#1524,#1525,
#1526,#1527,#1528,#1529,#1530,#1531,#1532,#1533,#1534,#1535,#1536,#1537,
#1538,#1539,#1540,#1541,#1542,#1543,#1544,#1545,#1546,#1547,#1548,#1549,
#1550,#1551,#1552,#1553,#1554,#1555,#1556,#1557,#1558,#1559,#1560,#1561,
#1562,#1563,#1564,#1565,#1566,#1567,#1568,#1569,#1570,#1571,#1572,#1573,
#1574,#1575,#1576,#1577,#1578,#1579,#1580,#1581,#1582,#1583,#1584,#1585,
#1586,#1587,#1588,#1589,#1590,#1591,#1592,#1593,#1594,#1595,#1596,#1597,
#1598,#1599,#1600,#1601,#1602,#1603,#1604,#1605,#1606,#1607,#1608,#1609,
#1610,#1611,#1612,#1613,#1614,#1615,#1616,#1617,#1618,#1619,#1620,#1621,
#1622,#1623,#1624,#1625,#1626,#1627,#1628,#1629,#1630,#1631,#1632,#1633,
#1634,#1635,#1636,#1637,#1638,#1639,#1640,#1641,#1642,#1643,#1644,#1645,
#1646,#1647,#1648,#1649,#1650,#1651,#1652,#1653,#1654,#1655,#1656,#1657,
#1658,#1659,#1660,#1661,#1662,#1663,#1664,#1665,#1666,#1667,#1668,#1669,
#1670,#1671,#1672,#1673,#1674,#1675,#1676,#1677,#1678,#1679,#1680,#1681,
#1682,#1683,#1684,#1685,#1686,#1687,#1688,#1689,#1690,#1691,#1692,#1693,
#1694,#1695,#1696,#1697,#1698,#1699,#1700,#1701,#1702,#1703,#1704,#1705,
#1706,#1707,#1708,#1709,#1710,#1711,#1712,#1713,#1714,#1715,#1716,#1717,
#1718),.UNSPECIFIED.,.F.,.F.)
B_SPLINE_CURVE_WITH_KNOTS((3,2,2,2,2,2,2,2,2,2,2,2,2,2,2,2,2,2,2,2,2,2,
2,2,2,2,2,2,2,2,2,2,2,2,2,2,2,2,2,2,2,2,2,2,2,2,2,2,2,2,2,2,2,2,2,2,2,2,
2,2,2,2,2,2,2,2,2,2,2,2,2,2,2,2,2,2,2,2,2,2,2,2,2,2,2,2,2,2,2,2,2,2,2,2,
2,2,2,2,2,2,2,2,2,2,2,2,2,2,2,2,2,2,2,2,2,2,2,2,2,2,2,2,2,2,2,2,2,2,2,2,
2,2,2,2,2,2,2,2,2,2,2,2,2,2,2,2,2,2,2,2,2,2,2,2,2,2,2,2,2,2,2,2,2,2,2,2,
2,2,2,2,2,2,2,2,2,2,2,2,2,2,2,2,2,2,2,2,2,2,2,2,2,2,2,2,2,2,2,2,2,2,2,2,
2,2,2,2,2,2,2,2,2,2,2,2,2,2,2,2,2,2,2,2,2,2,2,2,2,2,2,2,2,2,2,2,2,2,2,2,
2,2,2,2,2,2,2,2,2,2,2,2,2,2,2,2,2,2,2,2,2,2,2,2,2,2,2,2,2,2,2,2,2,2,2,2,
2,2,2,2,2,2,2,2,2,2,2,2,2,2,2,2,2,2,2,2,2,2,2,2,2,2,2,2,2,2,2,2,2,2,2,2,
2,2,2,2,2,2,2,2,2,2,2,2,2,2,2,2,2,2,2,2,2,2,2,2,2,2,2,2,2,2,2,2,2,2,2,2,
2,2,2,2,2,2,2,2,2,2,2,2,2,2,2,2,2,2,2,2,2,2,2,2,2,2,2,2,2,2,2,2,2,2,2,2,
2,2,2,2,2,2,2,2,2,2,2,2,2,2,3),(0.,0.00252525252525253,0.00505050505050505,
0.00757575757575758,0.0101010101010101,0.0126262626262626,0.0151515151515152,
0.0176767676767677,0.0202020202020202,0.0227272727272727,0.0252525252525253,
0.0277777777777778,0.0303030303030303,0.0328282828282828,0.0353535353535354,
0.0378787878787879,0.0404040404040404,0.0429292929292929,0.0454545454545455,
0.047979797979798,0.0505050505050505,0.053030303030303,0.0555555555555556,
0.0580808080808081,0.0606060606060606,0.0631313131313131,0.0656565656565657,
0.0681818181818182,0.0707070707070707,0.0732323232323232,0.0757575757575758,
0.0782828282828283,0.0808080808080808,0.0833333333333333,0.0858585858585859,
0.0883838383838384,0.0909090909090909,0.0934343434343434,0.095959595959596,
0.0984848484848485,0.101010101010101,0.103535353535353,0.106060606060606,
0.108585858585859,0.111111111111111,0.113636363636364,0.116161616161616,
0.118686868686869,0.121212121212121,0.123737373737374,0.126262626262626,
0.128787878787879,0.131313131313131,0.133838383838384,0.136363636363636,
0.138888888888889,0.141414141414141,0.143939393939394,0.146464646464646,
0.148989898989899,0.151515151515151,0.154040404040404,0.156565656565657,
0.159090909090909,0.161616161616161,0.164141414141414,0.166666666666667,
0.169191919191919,0.171717171717171,0.174242424242425,0.176767676767677,
0.17929292929293,0.181818181818182,0.184343434343435,0.186868686868687,
0.18939393939394,0.191919191919192,0.194444444444445,0.196969696969697,
0.19949494949495,0.202020202020202,0.204545454545455,0.207070707070707,
0.20959595959596,0.212121212121212,0.214646464646465,0.217171717171717,
0.21969696969697,0.222222222222222,0.224747474747475,0.227272727272728,
0.22979797979798,0.232323232323232,0.234848484848485,0.237373737373738,
0.23989898989899,0.242424242424243,0.244949494949495,0.247474747474747,
0.25,0.252525252525252,0.255050505050505,0.257575757575758,0.26010101010101,
0.262626262626262,0.265151515151515,0.267676767676767,0.27020202020202,
0.272727272727273,0.275252525252526,0.277777777777778,0.28030303030303,
0.282828282828283,0.285353535353535,0.287878787878788,0.29040404040404,
0.292929292929293,0.295454545454546,0.297979797979798,0.30050505050505,
0.303030303030303,0.305555555555555,0.308080808080808,0.31060606060606,
0.313131313131313,0.315656565656566,0.318181818181818,0.32070707070707,
0.323232323232323,0.325757575757576,0.328282828282829,0.330808080808081,
0.333333333333334,0.335858585858586,0.338383838383839,0.340909090909091,
0.343434343434343,0.345959595959596,0.348484848484849,0.351010101010101,
0.353535353535353,0.356060606060606,0.358585858585858,0.361111111111111,
0.363636363636364,0.366161616161616,0.368686868686869,0.371212121212121,
0.373737373737374,0.376262626262626,0.378787878787879,0.381313131313132,
0.383838383838384,0.386363636363637,0.388888888888889,0.391414141414141,
0.393939393939394,0.396464646464646,0.398989898989899,0.401515151515151,
0.404040404040404,0.406565656565657,0.409090909090909,0.411616161616161,
0.414141414141414,0.416666666666667,0.419191919191919,0.421717171717171,
0.424242424242425,0.426767676767677,0.42929292929293,0.431818181818182,
0.434343434343434,0.436868686868687,0.43939393939394,0.441919191919192,
0.444444444444444,0.446969696969697,0.44949494949495,0.452020202020202,
0.454545454545455,0.457070707070707,0.45959595959596,0.462121212121212,
0.464646464646465,0.467171717171717,0.46969696969697,0.472222222222222,
0.474747474747475,0.477272727272727,0.47979797979798,0.482323232323232,
0.484848484848485,0.487373737373737,0.48989898989899,0.492424242424242,
0.494949494949495,0.497474747474748,0.5,0.502525252525253,0.505050505050505,
0.507575757575758,0.51010101010101,0.512626262626263,0.515151515151515,
0.517676767676768,0.52020202020202,0.522727272727273,0.525252525252525,
0.527777777777778,0.53030303030303,0.532828282828283,0.535353535353535,
0.537878787878788,0.54040404040404,0.542929292929293,0.545454545454545,
0.547979797979798,0.550505050505051,0.553030303030303,0.555555555555556,
0.558080808080808,0.560606060606061,0.563131313131313,0.565656565656566,
0.568181818181818,0.570707070707071,0.573232323232323,0.575757575757576,
0.578282828282828,0.580808080808081,0.583333333333333,0.585858585858586,
0.588383838383838,0.590909090909091,0.593434343434343,0.595959595959596,
0.598484848484849,0.601010101010101,0.603535353535354,0.606060606060606,
0.608585858585859,0.611111111111111,0.613636363636364,0.616161616161616,
0.618686868686869,0.621212121212121,0.623737373737374,0.626262626262626,
0.628787878787879,0.631313131313131,0.633838383838384,0.636363636363636,
0.638888888888889,0.641414141414141,0.643939393939394,0.646464646464647,
0.648989898989899,0.651515151515152,0.654040404040404,0.656565656565657,
0.659090909090909,0.661616161616162,0.664141414141414,0.666666666666667,
0.669191919191919,0.671717171717172,0.674242424242424,0.676767676767677,
0.679292929292929,0.681818181818182,0.684343434343434,0.686868686868687,
0.689393939393939,0.691919191919192,0.694444444444444,0.696969696969697,
0.69949494949495,0.702020202020202,0.704545454545455,0.707070707070707,
0.70959595959596,0.712121212121212,0.714646464646465,0.717171717171717,
0.71969696969697,0.722222222222222,0.724747474747475,0.727272727272727,
0.72979797979798,0.732323232323232,0.734848484848485,0.737373737373737,
0.73989898989899,0.742424242424242,0.744949494949495,0.747474747474748,
0.75,0.752525252525253,0.755050505050505,0.757575757575758,0.76010101010101,
0.762626262626263,0.765151515151515,0.767676767676768,0.77020202020202,
0.772727272727273,0.775252525252525,0.777777777777778,0.78030303030303,
0.782828282828283,0.785353535353535,0.787878787878788,0.79040404040404,
0.792929292929293,0.795454545454545,0.797979797979798,0.800505050505051,
0.803030303030303,0.805555555555556,0.808080808080808,0.810606060606061,
0.813131313131313,0.815656565656566,0.818181818181818,0.820707070707071,
0.823232323232323,0.825757575757576,0.828282828282828,0.830808080808081,
0.833333333333333,0.835858585858586,0.838383838383838,0.840909090909091,
0.843434343434343,0.845959595959596,0.848484848484849,0.851010101010101,
0.853535353535354,0.856060606060606,0.858585858585859,0.861111111111111,
0.863636363636364,0.866161616161616,0.868686868686869,0.871212121212121,
0.873737373737374,0.876262626262626,0.878787878787879,0.881313131313131,
0.883838383838384,0.886363636363636,0.888888888888889,0.891414141414141,
0.893939393939394,0.896464646464647,0.898989898989899,0.901515151515151,
0.904040404040404,0.906565656565657,0.909090909090909,0.911616161616162,
0.914141414141414,0.916666666666667,0.919191919191919,0.921717171717172,
0.924242424242424,0.926767676767677,0.929292929292929,0.931818181818182,
0.934343434343434,0.936868686868687,0.939393939393939,0.941919191919192,
0.944444444444444,0.946969696969697,0.94949494949495,0.952020202020202,
0.954545454545455,0.957070707070707,0.95959595959596,0.962121212121212,
0.964646464646465,0.967171717171717,0.96969696969697,0.972222222222222,
0.974747474747475,0.977272727272727,0.97979797979798,0.982323232323232,
0.984848484848485,0.987373737373737,0.98989898989899,0.992424242424242,
0.994949494949495,0.997474747474748,1.),.PIECEWISE_BEZIER_KNOTS.)
CURVE()
GEOMETRIC_REPRESENTATION_ITEM()
RATIONAL_B_SPLINE_CURVE((1.,0.866025403784439,1.,0.866025403784439,1.,0.866025403784439,
1.,0.866025403784439,1.,0.866025403784439,1.,0.866025403784439,1.,0.866025403784439,
1.,0.866025403784439,1.,0.866025403784439,1.,0.866025403784439,1.,0.866025403784439,
1.,0.866025403784439,1.,0.866025403784439,1.,0.866025403784439,1.,0.866025403784439,
1.,0.866025403784439,1.,0.866025403784439,1.,0.866025403784439,1.,0.866025403784439,
1.,0.866025403784439,1.,0.866025403784439,1.,0.866025403784439,1.,0.866025403784439,
1.,0.866025403784439,1.,0.866025403784439,1.,0.866025403784439,1.,0.866025403784439,
1.,0.866025403784439,1.,0.866025403784439,1.,0.866025403784439,1.,0.866025403784439,
1.,0.866025403784439,1.,0.866025403784439,1.,0.866025403784439,1.,0.866025403784439,
1.,0.866025403784439,1.,0.866025403784439,1.,0.866025403784439,1.,0.866025403784439,
1.,0.866025403784439,1.,0.866025403784439,1.,0.866025403784439,1.,0.866025403784439,
1.,0.866025403784439,1.,0.866025403784439,1.,0.866025403784439,1.,0.866025403784439,
1.,0.866025403784439,1.,0.866025403784439,1.,0.866025403784439,1.,0.866025403784439,
1.,0.866025403784439,1.,0.866025403784439,1.,0.866025403784439,1.,0.866025403784439,
1.,0.866025403784439,1.,0.866025403784439,1.,0.866025403784439,1.,0.866025403784439,
1.,0.866025403784439,1.,0.866025403784439,1.,0.866025403784439,1.,0.866025403784439,
1.,0.866025403784439,1.,0.866025403784439,1.,0.866025403784439,1.,0.866025403784439,
1.,0.866025403784439,1.,0.866025403784439,1.,0.866025403784439,1.,0.866025403784439,
1.,0.866025403784439,1.,0.866025403784439,1.,0.866025403784439,1.,0.866025403784439,
1.,0.866025403784439,1.,0.866025403784439,1.,0.866025403784439,1.,0.866025403784439,
1.,0.866025403784439,1.,0.866025403784439,1.,0.866025403784439,1.,0.866025403784439,
1.,0.866025403784439,1.,0.866025403784439,1.,0.866025403784439,1.,0.866025403784439,
1.,0.866025403784439,1.,0.866025403784439,1.,0.866025403784439,1.,0.866025403784439,
1.,0.866025403784439,1.,0.866025403784439,1.,0.866025403784439,1.,0.866025403784439,
1.,0.866025403784439,1.,0.866025403784439,1.,0.866025403784439,1.,0.866025403784439,
1.,0.866025403784439,1.,0.866025403784439,1.,0.866025403784439,1.,0.866025403784439,
1.,0.866025403784439,1.,0.866025403784439,1.,0.866025403784439,1.,0.866025403784439,
1.,0.866025403784439,1.,0.866025403784439,1.,0.866025403784439,1.,0.866025403784439,
1.,0.866025403784439,1.,0.866025403784439,1.,0.866025403784439,1.,0.866025403784439,
1.,0.866025403784439,1.,0.866025403784439,1.,0.866025403784439,1.,0.866025403784439,
1.,0.866025403784439,1.,0.866025403784439,1.,0.866025403784439,1.,0.866025403784439,
1.,0.866025403784439,1.,0.866025403784439,1.,0.866025403784439,1.,0.866025403784439,
1.,0.866025403784439,1.,0.866025403784439,1.,0.866025403784439,1.,0.866025403784439,
1.,0.866025403784439,1.,0.866025403784439,1.,0.866025403784439,1.,0.866025403784439,
1.,0.866025403784439,1.,0.866025403784439,1.,0.866025403784439,1.,0.866025403784439,
1.,0.866025403784439,1.,0.866025403784439,1.,0.866025403784439,1.,0.866025403784439,
1.,0.866025403784439,1.,0.866025403784439,1.,0.866025403784439,1.,0.866025403784439,
1.,0.866025403784439,1.,0.866025403784439,1.,0.866025403784439,1.,0.866025403784439,
1.,0.866025403784439,1.,0.866025403784439,1.,0.866025403784439,1.,0.866025403784439,
1.,0.866025403784439,1.,0.866025403784439,1.,0.866025403784439,1.,0.866025403784439,
1.,0.866025403784439,1.,0.866025403784439,1.,0.866025403784439,1.,0.866025403784439,
1.,0.866025403784439,1.,0.866025403784439,1.,0.866025403784439,1.,0.866025403784439,
1.,0.866025403784439,1.,0.866025403784439,1.,0.866025403784439,1.,0.866025403784439,
1.,0.866025403784439,1.,0.866025403784439,1.,0.866025403784439,1.,0.866025403784439,
1.,0.866025403784439,1.,0.866025403784439,1.,0.866025403784439,1.,0.866025403784439,
1.,0.866025403784439,1.,0.866025403784439,1.,0.866025403784439,1.,0.866025403784439,
1.,0.866025403784439,1.,0.866025403784439,1.,0.866025403784439,1.,0.866025403784439,
1.,0.866025403784439,1.,0.866025403784439,1.,0.866025403784439,1.,0.866025403784439,
1.,0.866025403784439,1.,0.866025403784439,1.,0.866025403784439,1.,0.866025403784439,
1.,0.866025403784439,1.,0.866025403784439,1.,0.866025403784439,1.,0.866025403784439,
1.,0.866025403784439,1.,0.866025403784439,1.,0.866025403784439,1.,0.866025403784439,
1.,0.866025403784439,1.,0.866025403784439,1.,0.866025403784439,1.,0.866025403784439,
1.,0.866025403784439,1.,0.866025403784439,1.,0.866025403784439,1.,0.866025403784439,
1.,0.866025403784439,1.,0.866025403784439,1.,0.866025403784439,1.,0.866025403784439,
1.,0.866025403784439,1.,0.866025403784439,1.,0.866025403784439,1.,0.866025403784439,
1.,0.866025403784439,1.,0.866025403784439,1.,0.866025403784439,1.,0.866025403784439,
1.,0.866025403784439,1.,0.866025403784439,1.,0.866025403784439,1.,0.866025403784439,
1.,0.866025403784439,1.,0.866025403784439,1.,0.866025403784439,1.,0.866025403784439,
1.,0.866025403784439,1.,0.866025403784439,1.,0.866025403784439,1.,0.866025403784439,
1.,0.866025403784439,1.,0.866025403784439,1.,0.866025403784439,1.,0.866025403784439,
1.,0.866025403784439,1.,0.866025403784439,1.,0.866025403784439,1.,0.866025403784439,
1.,0.866025403784439,1.,0.866025403784439,1.,0.866025403784439,1.,0.866025403784439,
1.,0.866025403784439,1.,0.866025403784439,1.,0.866025403784439,1.,0.866025403784439,
1.,0.866025403784439,1.,0.866025403784439,1.,0.866025403784439,1.,0.866025403784439,
1.,0.866025403784439,1.,0.866025403784439,1.,0.866025403784439,1.,0.866025403784439,
1.,0.866025403784439,1.,0.866025403784439,1.,0.866025403784439,1.,0.866025403784439,
1.,0.866025403784439,1.,0.866025403784439,1.,0.866025403784439,1.,0.866025403784439,
1.,0.866025403784439,1.,0.866025403784439,1.,0.866025403784439,1.,0.866025403784439,
1.,0.866025403784439,1.,0.866025403784439,1.,0.866025403784439,1.,0.866025403784439,
1.,0.866025403784439,1.,0.866025403784439,1.,0.866025403784439,1.,0.866025403784439,
1.,0.866025403784439,1.,0.866025403784439,1.,0.866025403784439,1.,0.866025403784439,
1.,0.866025403784439,1.,0.866025403784439,1.,0.866025403784439,1.,0.866025403784439,
1.,0.866025403784439,1.,0.866025403784439,1.,0.866025403784439,1.,0.866025403784439,
1.,0.866025403784439,1.,0.866025403784439,1.,0.866025403784439,1.,0.866025403784439,
1.,0.866025403784439,1.,0.866025403784439,1.,0.866025403784439,1.,0.866025403784439,
1.,0.866025403784439,1.,0.866025403784439,1.,0.866025403784439,1.,0.866025403784439,
1.,0.866025403784439,1.,0.866025403784439,1.,0.866025403784439,1.,0.866025403784439,
1.,0.866025403784439,1.,0.866025403784439,1.,0.866025403784439,1.,0.866025403784439,
1.,0.866025403784439,1.,0.866025403784439,1.,0.866025403784439,1.,0.866025403784439,
1.,0.866025403784439,1.,0.866025403784439,1.,0.866025403784439,1.,0.866025403784439,
1.,0.866025403784439,1.,0.866025403784439,1.,0.866025403784439,1.,0.866025403784439,
1.,0.866025403784439,1.,0.866025403784439,1.,0.866025403784439,1.,0.866025403784439,
1.,0.866025403784439,1.,0.866025403784439,1.,0.866025403784439,1.,0.866025403784439,
1.,0.866025403784439,1.,0.866025403784439,1.,0.866025403784439,1.,0.866025403784439,
1.,0.866025403784439,1.,0.866025403784439,1.,0.866025403784439,1.,0.866025403784439,
1.,0.866025403784439,1.,0.866025403784439,1.,0.866025403784439,1.,0.866025403784439,
1.,0.866025403784439,1.,0.866025403784439,1.,0.866025403784439,1.,0.866025403784439,
1.,0.866025403784439,1.,0.866025403784439,1.,0.866025403784439,1.,0.866025403784439,
1.,0.866025403784439,1.,0.866025403784439,1.,0.866025403784439,1.,0.866025403784439,
1.,0.866025403784439,1.,0.866025403784439,1.,0.866025403784439,1.,0.866025403784439,
1.,0.866025403784439,1.,0.866025403784439,1.,0.866025403784439,1.,0.866025403784439,
1.,0.866025403784439,1.,0.866025403784439,1.,0.866025403784439,1.,0.866025403784439,
1.,0.866025403784439,1.,0.866025403784439,1.,0.866025403784439,1.,0.866025403784439,
1.,0.866025403784439,1.,0.866025403784439,1.,0.866025403784439,1.,0.866025403784439,
1.,0.866025403784439,1.,0.866025403784439,1.,0.866025403784439,1.,0.866025403784439,
1.,0.866025403784439,1.,0.866025403784439,1.,0.866025403784439,1.,0.866025403784439,
1.,0.866025403784439,1.,0.866025403784439,1.,0.866025403784439,1.,0.866025403784439,
1.,0.866025403784439,1.,0.866025403784439,1.,0.866025403784439,1.,0.866025403784439,
1.,0.866025403784439,1.,0.866025403784439,1.,0.866025403784439,1.,0.866025403784439,
1.,0.866025403784439,1.))
REPRESENTATION_ITEM('')
);
#15=(
BOUNDED_CURVE()
B_SPLINE_CURVE(2,(#1719,#1720,#1721,#1722,#1723,#1724,#1725,#1726,#1727,
#1728,#1729,#1730,#1731,#1732,#1733,#1734,#1735,#1736,#1737,#1738,#1739,
#1740,#1741,#1742,#1743,#1744,#1745,#1746,#1747,#1748,#1749,#1750,#1751,
#1752,#1753,#1754,#1755,#1756,#1757,#1758,#1759,#1760,#1761,#1762,#1763,
#1764,#1765,#1766,#1767,#1768,#1769,#1770,#1771,#1772,#1773,#1774,#1775,
#1776,#1777,#1778,#1779,#1780,#1781,#1782,#1783,#1784,#1785,#1786,#1787,
#1788,#1789,#1790,#1791,#1792,#1793,#1794,#1795,#1796,#1797,#1798,#1799,
#1800,#1801,#1802,#1803,#1804,#1805,#1806,#1807,#1808,#1809,#1810,#1811,
#1812,#1813,#1814,#1815,#1816,#1817,#1818,#1819,#1820,#1821,#1822,#1823,
#1824,#1825,#1826,#1827,#1828,#1829,#1830,#1831,#1832,#1833,#1834,#1835,
#1836,#1837,#1838,#1839,#1840,#1841,#1842,#1843,#1844,#1845,#1846,#1847,
#1848,#1849,#1850,#1851,#1852,#1853,#1854,#1855,#1856,#1857,#1858,#1859,
#1860,#1861,#1862,#1863,#1864,#1865,#1866,#1867,#1868,#1869,#1870,#1871,
#1872,#1873,#1874,#1875,#1876,#1877,#1878,#1879,#1880,#1881,#1882,#1883,
#1884,#1885,#1886,#1887,#1888,#1889,#1890,#1891,#1892,#1893,#1894,#1895,
#1896,#1897,#1898,#1899,#1900,#1901,#1902,#1903,#1904,#1905,#1906,#1907,
#1908,#1909,#1910,#1911,#1912,#1913,#1914,#1915,#1916,#1917,#1918,#1919,
#1920,#1921,#1922,#1923,#1924,#1925,#1926,#1927,#1928,#1929,#1930,#1931,
#1932,#1933,#1934,#1935,#1936,#1937,#1938,#1939,#1940,#1941,#1942,#1943,
#1944,#1945,#1946,#1947,#1948,#1949,#1950,#1951,#1952,#1953,#1954,#1955,
#1956,#1957,#1958,#1959,#1960,#1961,#1962,#1963,#1964,#1965,#1966,#1967,
#1968,#1969,#1970,#1971,#1972,#1973,#1974,#1975,#1976,#1977,#1978,#1979,
#1980,#1981,#1982,#1983,#1984,#1985,#1986,#1987,#1988,#1989,#1990,#1991,
#1992,#1993,#1994,#1995,#1996,#1997,#1998,#1999,#2000,#2001,#2002,#2003,
#2004,#2005,#2006,#2007,#2008,#2009,#2010,#2011,#2012,#2013,#2014,#2015,
#2016,#2017,#2018,#2019,#2020,#2021,#2022,#2023,#2024,#2025,#2026,#2027,
#2028,#2029,#2030,#2031,#2032,#2033,#2034,#2035,#2036,#2037,#2038,#2039,
#2040,#2041,#2042,#2043,#2044,#2045,#2046,#2047,#2048,#2049,#2050,#2051,
#2052,#2053,#2054,#2055,#2056,#2057,#2058,#2059,#2060,#2061,#2062,#2063,
#2064,#2065,#2066,#2067,#2068,#2069,#2070,#2071,#2072,#2073,#2074,#2075,
#2076,#2077,#2078,#2079,#2080,#2081,#2082,#2083,#2084,#2085,#2086,#2087,
#2088,#2089,#2090,#2091,#2092,#2093,#2094,#2095,#2096,#2097,#2098,#2099,
#2100,#2101,#2102,#2103,#2104,#2105,#2106,#2107,#2108,#2109,#2110,#2111,
#2112,#2113,#2114,#2115,#2116,#2117,#2118,#2119,#2120,#2121,#2122,#2123,
#2124,#2125,#2126,#2127,#2128,#2129,#2130,#2131,#2132,#2133,#2134,#2135,
#2136,#2137,#2138,#2139,#2140,#2141,#2142,#2143,#2144,#2145,#2146,#2147,
#2148,#2149,#2150,#2151,#2152,#2153,#2154,#2155,#2156,#2157,#2158,#2159,
#2160,#2161,#2162,#2163,#2164,#2165,#2166,#2167,#2168,#2169,#2170,#2171,
#2172,#2173,#2174,#2175,#2176,#2177,#2178,#2179,#2180,#2181,#2182,#2183,
#2184,#2185,#2186,#2187,#2188,#2189,#2190,#2191,#2192,#2193,#2194,#2195,
#2196,#2197,#2198,#2199,#2200,#2201,#2202,#2203,#2204,#2205,#2206,#2207,
#2208,#2209,#2210,#2211,#2212,#2213,#2214,#2215,#2216,#2217,#2218,#2219,
#2220,#2221,#2222,#2223,#2224,#2225,#2226,#2227,#2228,#2229,#2230,#2231,
#2232,#2233,#2234,#2235,#2236,#2237,#2238,#2239,#2240,#2241,#2242,#2243,
#2244,#2245,#2246,#2247,#2248,#2249,#2250,#2251,#2252,#2253,#2254,#2255,
#2256,#2257,#2258,#2259,#2260,#2261,#2262,#2263,#2264,#2265,#2266,#2267,
#2268,#2269,#2270,#2271,#2272,#2273,#2274,#2275,#2276,#2277,#2278,#2279,
#2280,#2281,#2282,#2283,#2284,#2285,#2286,#2287,#2288,#2289,#2290,#2291,
#2292,#2293,#2294,#2295,#2296,#2297,#2298,#2299,#2300,#2301,#2302,#2303,
#2304,#2305,#2306,#2307,#2308,#2309,#2310,#2311,#2312,#2313,#2314,#2315,
#2316,#2317,#2318,#2319,#2320,#2321,#2322,#2323,#2324,#2325,#2326,#2327,
#2328,#2329,#2330,#2331,#2332,#2333,#2334,#2335,#2336,#2337,#2338,#2339,
#2340,#2341,#2342,#2343,#2344,#2345,#2346,#2347,#2348,#2349,#2350,#2351,
#2352,#2353,#2354,#2355,#2356,#2357,#2358,#2359,#2360,#2361,#2362,#2363,
#2364,#2365,#2366,#2367,#2368,#2369,#2370,#2371,#2372,#2373,#2374,#2375,
#2376,#2377,#2378,#2379,#2380,#2381,#2382,#2383,#2384,#2385,#2386,#2387,
#2388,#2389,#2390,#2391,#2392,#2393,#2394,#2395,#2396,#2397,#2398,#2399,
#2400,#2401,#2402,#2403,#2404,#2405,#2406,#2407,#2408,#2409,#2410,#2411,
#2412,#2413,#2414,#2415,#2416,#2417,#2418,#2419,#2420,#2421,#2422,#2423,
#2424,#2425,#2426,#2427,#2428,#2429,#2430,#2431,#2432,#2433,#2434,#2435,
#2436,#2437,#2438,#2439,#2440,#2441,#2442,#2443,#2444,#2445,#2446,#2447,
#2448,#2449,#2450,#2451,#2452,#2453,#2454,#2455,#2456,#2457,#2458,#2459,
#2460,#2461,#2462,#2463,#2464,#2465,#2466,#2467,#2468,#2469,#2470,#2471,
#2472,#2473,#2474,#2475,#2476,#2477,#2478,#2479,#2480,#2481,#2482,#2483,
#2484,#2485,#2486,#2487,#2488,#2489,#2490,#2491,#2492,#2493,#2494,#2495,
#2496,#2497,#2498,#2499,#2500,#2501,#2502,#2503,#2504,#2505,#2506,#2507,
#2508,#2509,#2510,#2511),.UNSPECIFIED.,.F.,.F.)
B_SPLINE_CURVE_WITH_KNOTS((3,2,2,2,2,2,2,2,2,2,2,2,2,2,2,2,2,2,2,2,2,2,
2,2,2,2,2,2,2,2,2,2,2,2,2,2,2,2,2,2,2,2,2,2,2,2,2,2,2,2,2,2,2,2,2,2,2,2,
2,2,2,2,2,2,2,2,2,2,2,2,2,2,2,2,2,2,2,2,2,2,2,2,2,2,2,2,2,2,2,2,2,2,2,2,
2,2,2,2,2,2,2,2,2,2,2,2,2,2,2,2,2,2,2,2,2,2,2,2,2,2,2,2,2,2,2,2,2,2,2,2,
2,2,2,2,2,2,2,2,2,2,2,2,2,2,2,2,2,2,2,2,2,2,2,2,2,2,2,2,2,2,2,2,2,2,2,2,
2,2,2,2,2,2,2,2,2,2,2,2,2,2,2,2,2,2,2,2,2,2,2,2,2,2,2,2,2,2,2,2,2,2,2,2,
2,2,2,2,2,2,2,2,2,2,2,2,2,2,2,2,2,2,2,2,2,2,2,2,2,2,2,2,2,2,2,2,2,2,2,2,
2,2,2,2,2,2,2,2,2,2,2,2,2,2,2,2,2,2,2,2,2,2,2,2,2,2,2,2,2,2,2,2,2,2,2,2,
2,2,2,2,2,2,2,2,2,2,2,2,2,2,2,2,2,2,2,2,2,2,2,2,2,2,2,2,2,2,2,2,2,2,2,2,
2,2,2,2,2,2,2,2,2,2,2,2,2,2,2,2,2,2,2,2,2,2,2,2,2,2,2,2,2,2,2,2,2,2,2,2,
2,2,2,2,2,2,2,2,2,2,2,2,2,2,2,2,2,2,2,2,2,2,2,2,2,2,2,2,2,2,2,2,2,2,2,2,
2,2,2,2,2,2,2,2,2,2,2,2,2,2,3),(0.,0.00252525252525253,0.00505050505050505,
0.00757575757575758,0.0101010101010101,0.0126262626262626,0.0151515151515152,
0.0176767676767677,0.0202020202020202,0.0227272727272727,0.0252525252525253,
0.0277777777777778,0.0303030303030303,0.0328282828282828,0.0353535353535354,
0.0378787878787879,0.0404040404040404,0.0429292929292929,0.0454545454545455,
0.047979797979798,0.0505050505050505,0.053030303030303,0.0555555555555556,
0.0580808080808081,0.0606060606060606,0.0631313131313131,0.0656565656565657,
0.0681818181818182,0.0707070707070707,0.0732323232323232,0.0757575757575758,
0.0782828282828283,0.0808080808080808,0.0833333333333333,0.0858585858585859,
0.0883838383838384,0.0909090909090909,0.0934343434343434,0.095959595959596,
0.0984848484848485,0.101010101010101,0.103535353535353,0.106060606060606,
0.108585858585859,0.111111111111111,0.113636363636364,0.116161616161616,
0.118686868686869,0.121212121212121,0.123737373737374,0.126262626262626,
0.128787878787879,0.131313131313131,0.133838383838384,0.136363636363636,
0.138888888888889,0.141414141414141,0.143939393939394,0.146464646464646,
0.148989898989899,0.151515151515151,0.154040404040404,0.156565656565657,
0.159090909090909,0.161616161616161,0.164141414141414,0.166666666666667,
0.169191919191919,0.171717171717171,0.174242424242425,0.176767676767677,
0.17929292929293,0.181818181818182,0.184343434343435,0.186868686868687,
0.18939393939394,0.191919191919192,0.194444444444445,0.196969696969697,
0.19949494949495,0.202020202020202,0.204545454545455,0.207070707070707,
0.20959595959596,0.212121212121212,0.214646464646465,0.217171717171717,
0.21969696969697,0.222222222222222,0.224747474747475,0.227272727272728,
0.22979797979798,0.232323232323232,0.234848484848485,0.237373737373738,
0.23989898989899,0.242424242424243,0.244949494949495,0.247474747474747,
0.25,0.252525252525252,0.255050505050505,0.257575757575758,0.26010101010101,
0.262626262626262,0.265151515151515,0.267676767676767,0.27020202020202,
0.272727272727273,0.275252525252526,0.277777777777778,0.28030303030303,
0.282828282828283,0.285353535353535,0.287878787878788,0.29040404040404,
0.292929292929293,0.295454545454546,0.297979797979798,0.30050505050505,
0.303030303030303,0.305555555555555,0.308080808080808,0.31060606060606,
0.313131313131313,0.315656565656566,0.318181818181818,0.32070707070707,
0.323232323232323,0.325757575757576,0.328282828282829,0.330808080808081,
0.333333333333334,0.335858585858586,0.338383838383839,0.340909090909091,
0.343434343434343,0.345959595959596,0.348484848484849,0.351010101010101,
0.353535353535353,0.356060606060606,0.358585858585858,0.361111111111111,
0.363636363636364,0.366161616161616,0.368686868686869,0.371212121212121,
0.373737373737374,0.376262626262626,0.378787878787879,0.381313131313132,
0.383838383838384,0.386363636363637,0.388888888888889,0.391414141414141,
0.393939393939394,0.396464646464646,0.398989898989899,0.401515151515151,
0.404040404040404,0.406565656565657,0.409090909090909,0.411616161616161,
0.414141414141414,0.416666666666667,0.419191919191919,0.421717171717171,
0.424242424242425,0.426767676767677,0.42929292929293,0.431818181818182,
0.434343434343434,0.436868686868687,0.43939393939394,0.441919191919192,
0.444444444444444,0.446969696969697,0.44949494949495,0.452020202020202,
0.454545454545455,0.457070707070707,0.45959595959596,0.462121212121212,
0.464646464646465,0.467171717171717,0.46969696969697,0.472222222222222,
0.474747474747475,0.477272727272727,0.47979797979798,0.482323232323232,
0.484848484848485,0.487373737373737,0.48989898989899,0.492424242424242,
0.494949494949495,0.497474747474748,0.5,0.502525252525253,0.505050505050505,
0.507575757575758,0.51010101010101,0.512626262626263,0.515151515151515,
0.517676767676768,0.52020202020202,0.522727272727273,0.525252525252525,
0.527777777777778,0.53030303030303,0.532828282828283,0.535353535353535,
0.537878787878788,0.54040404040404,0.542929292929293,0.545454545454545,
0.547979797979798,0.550505050505051,0.553030303030303,0.555555555555556,
0.558080808080808,0.560606060606061,0.563131313131313,0.565656565656566,
0.568181818181818,0.570707070707071,0.573232323232323,0.575757575757576,
0.578282828282828,0.580808080808081,0.583333333333333,0.585858585858586,
0.588383838383838,0.590909090909091,0.593434343434343,0.595959595959596,
0.598484848484849,0.601010101010101,0.603535353535354,0.606060606060606,
0.608585858585859,0.611111111111111,0.613636363636364,0.616161616161616,
0.618686868686869,0.621212121212121,0.623737373737374,0.626262626262626,
0.628787878787879,0.631313131313131,0.633838383838384,0.636363636363636,
0.638888888888889,0.641414141414141,0.643939393939394,0.646464646464647,
0.648989898989899,0.651515151515152,0.654040404040404,0.656565656565657,
0.659090909090909,0.661616161616162,0.664141414141414,0.666666666666667,
0.669191919191919,0.671717171717172,0.674242424242424,0.676767676767677,
0.679292929292929,0.681818181818182,0.684343434343434,0.686868686868687,
0.689393939393939,0.691919191919192,0.694444444444444,0.696969696969697,
0.69949494949495,0.702020202020202,0.704545454545455,0.707070707070707,
0.70959595959596,0.712121212121212,0.714646464646465,0.717171717171717,
0.71969696969697,0.722222222222222,0.724747474747475,0.727272727272727,
0.72979797979798,0.732323232323232,0.734848484848485,0.737373737373737,
0.73989898989899,0.742424242424242,0.744949494949495,0.747474747474748,
0.75,0.752525252525253,0.755050505050505,0.757575757575758,0.76010101010101,
0.762626262626263,0.765151515151515,0.767676767676768,0.77020202020202,
0.772727272727273,0.775252525252525,0.777777777777778,0.78030303030303,
0.782828282828283,0.785353535353535,0.787878787878788,0.79040404040404,
0.792929292929293,0.795454545454545,0.797979797979798,0.800505050505051,
0.803030303030303,0.805555555555556,0.808080808080808,0.810606060606061,
0.813131313131313,0.815656565656566,0.818181818181818,0.820707070707071,
0.823232323232323,0.825757575757576,0.828282828282828,0.830808080808081,
0.833333333333333,0.835858585858586,0.838383838383838,0.840909090909091,
0.843434343434343,0.845959595959596,0.848484848484849,0.851010101010101,
0.853535353535354,0.856060606060606,0.858585858585859,0.861111111111111,
0.863636363636364,0.866161616161616,0.868686868686869,0.871212121212121,
0.873737373737374,0.876262626262626,0.878787878787879,0.881313131313131,
0.883838383838384,0.886363636363636,0.888888888888889,0.891414141414141,
0.893939393939394,0.896464646464647,0.898989898989899,0.901515151515151,
0.904040404040404,0.906565656565657,0.909090909090909,0.911616161616162,
0.914141414141414,0.916666666666667,0.919191919191919,0.921717171717172,
0.924242424242424,0.926767676767677,0.929292929292929,0.931818181818182,
0.934343434343434,0.936868686868687,0.939393939393939,0.941919191919192,
0.944444444444444,0.946969696969697,0.94949494949495,0.952020202020202,
0.954545454545455,0.957070707070707,0.95959595959596,0.962121212121212,
0.964646464646465,0.967171717171717,0.96969696969697,0.972222222222222,
0.974747474747475,0.977272727272727,0.97979797979798,0.982323232323232,
0.984848484848485,0.987373737373737,0.98989898989899,0.992424242424242,
0.994949494949495,0.997474747474748,1.),.PIECEWISE_BEZIER_KNOTS.)
CURVE()
GEOMETRIC_REPRESENTATION_ITEM()
RATIONAL_B_SPLINE_CURVE((1.,0.866025403784439,1.,0.866025403784439,1.,0.866025403784439,
1.,0.866025403784439,1.,0.866025403784439,1.,0.866025403784439,1.,0.866025403784439,
1.,0.866025403784439,1.,0.866025403784439,1.,0.866025403784439,1.,0.866025403784439,
1.,0.866025403784439,1.,0.866025403784439,1.,0.866025403784439,1.,0.866025403784439,
1.,0.866025403784439,1.,0.866025403784439,1.,0.866025403784439,1.,0.866025403784439,
1.,0.866025403784439,1.,0.866025403784439,1.,0.866025403784439,1.,0.866025403784439,
1.,0.866025403784439,1.,0.866025403784439,1.,0.866025403784439,1.,0.866025403784439,
1.,0.866025403784439,1.,0.866025403784439,1.,0.866025403784439,1.,0.866025403784439,
1.,0.866025403784439,1.,0.866025403784439,1.,0.866025403784439,1.,0.866025403784439,
1.,0.866025403784439,1.,0.866025403784439,1.,0.866025403784439,1.,0.866025403784439,
1.,0.866025403784439,1.,0.866025403784439,1.,0.866025403784439,1.,0.866025403784439,
1.,0.866025403784439,1.,0.866025403784439,1.,0.866025403784439,1.,0.866025403784439,
1.,0.866025403784439,1.,0.866025403784439,1.,0.866025403784439,1.,0.866025403784439,
1.,0.866025403784439,1.,0.866025403784439,1.,0.866025403784439,1.,0.866025403784439,
1.,0.866025403784439,1.,0.866025403784439,1.,0.866025403784439,1.,0.866025403784439,
1.,0.866025403784439,1.,0.866025403784439,1.,0.866025403784439,1.,0.866025403784439,
1.,0.866025403784439,1.,0.866025403784439,1.,0.866025403784439,1.,0.866025403784439,
1.,0.866025403784439,1.,0.866025403784439,1.,0.866025403784439,1.,0.866025403784439,
1.,0.866025403784439,1.,0.866025403784439,1.,0.866025403784439,1.,0.866025403784439,
1.,0.866025403784439,1.,0.866025403784439,1.,0.866025403784439,1.,0.866025403784439,
1.,0.866025403784439,1.,0.866025403784439,1.,0.866025403784439,1.,0.866025403784439,
1.,0.866025403784439,1.,0.866025403784439,1.,0.866025403784439,1.,0.866025403784439,
1.,0.866025403784439,1.,0.866025403784439,1.,0.866025403784439,1.,0.866025403784439,
1.,0.866025403784439,1.,0.866025403784439,1.,0.866025403784439,1.,0.866025403784439,
1.,0.866025403784439,1.,0.866025403784439,1.,0.866025403784439,1.,0.866025403784439,
1.,0.866025403784439,1.,0.866025403784439,1.,0.866025403784439,1.,0.866025403784439,
1.,0.866025403784439,1.,0.866025403784439,1.,0.866025403784439,1.,0.866025403784439,
1.,0.866025403784439,1.,0.866025403784439,1.,0.866025403784439,1.,0.866025403784439,
1.,0.866025403784439,1.,0.866025403784439,1.,0.866025403784439,1.,0.866025403784439,
1.,0.866025403784439,1.,0.866025403784439,1.,0.866025403784439,1.,0.866025403784439,
1.,0.866025403784439,1.,0.866025403784439,1.,0.866025403784439,1.,0.866025403784439,
1.,0.866025403784439,1.,0.866025403784439,1.,0.866025403784439,1.,0.866025403784439,
1.,0.866025403784439,1.,0.866025403784439,1.,0.866025403784439,1.,0.866025403784439,
1.,0.866025403784439,1.,0.866025403784439,1.,0.866025403784439,1.,0.866025403784439,
1.,0.866025403784439,1.,0.866025403784439,1.,0.866025403784439,1.,0.866025403784439,
1.,0.866025403784439,1.,0.866025403784439,1.,0.866025403784439,1.,0.866025403784439,
1.,0.866025403784439,1.,0.866025403784439,1.,0.866025403784439,1.,0.866025403784439,
1.,0.866025403784439,1.,0.866025403784439,1.,0.866025403784439,1.,0.866025403784439,
1.,0.866025403784439,1.,0.866025403784439,1.,0.866025403784439,1.,0.866025403784439,
1.,0.866025403784439,1.,0.866025403784439,1.,0.866025403784439,1.,0.866025403784439,
1.,0.866025403784439,1.,0.866025403784439,1.,0.866025403784439,1.,0.866025403784439,
1.,0.866025403784439,1.,0.866025403784439,1.,0.866025403784439,1.,0.866025403784439,
1.,0.866025403784439,1.,0.866025403784439,1.,0.866025403784439,1.,0.866025403784439,
1.,0.866025403784439,1.,0.866025403784439,1.,0.866025403784439,1.,0.866025403784439,
1.,0.866025403784439,1.,0.866025403784439,1.,0.866025403784439,1.,0.866025403784439,
1.,0.866025403784439,1.,0.866025403784439,1.,0.866025403784439,1.,0.866025403784439,
1.,0.866025403784439,1.,0.866025403784439,1.,0.866025403784439,1.,0.866025403784439,
1.,0.866025403784439,1.,0.866025403784439,1.,0.866025403784439,1.,0.866025403784439,
1.,0.866025403784439,1.,0.866025403784439,1.,0.866025403784439,1.,0.866025403784439,
1.,0.866025403784439,1.,0.866025403784439,1.,0.866025403784439,1.,0.866025403784439,
1.,0.866025403784439,1.,0.866025403784439,1.,0.866025403784439,1.,0.866025403784439,
1.,0.866025403784439,1.,0.866025403784439,1.,0.866025403784439,1.,0.866025403784439,
1.,0.866025403784439,1.,0.866025403784439,1.,0.866025403784439,1.,0.866025403784439,
1.,0.866025403784439,1.,0.866025403784439,1.,0.866025403784439,1.,0.866025403784439,
1.,0.866025403784439,1.,0.866025403784439,1.,0.866025403784439,1.,0.866025403784439,
1.,0.866025403784439,1.,0.866025403784439,1.,0.866025403784439,1.,0.866025403784439,
1.,0.866025403784439,1.,0.866025403784439,1.,0.866025403784439,1.,0.866025403784439,
1.,0.866025403784439,1.,0.866025403784439,1.,0.866025403784439,1.,0.866025403784439,
1.,0.866025403784439,1.,0.866025403784439,1.,0.866025403784439,1.,0.866025403784439,
1.,0.866025403784439,1.,0.866025403784439,1.,0.866025403784439,1.,0.866025403784439,
1.,0.866025403784439,1.,0.866025403784439,1.,0.866025403784439,1.,0.866025403784439,
1.,0.866025403784439,1.,0.866025403784439,1.,0.866025403784439,1.,0.866025403784439,
1.,0.866025403784439,1.,0.866025403784439,1.,0.866025403784439,1.,0.866025403784439,
1.,0.866025403784439,1.,0.866025403784439,1.,0.866025403784439,1.,0.866025403784439,
1.,0.866025403784439,1.,0.866025403784439,1.,0.866025403784439,1.,0.866025403784439,
1.,0.866025403784439,1.,0.866025403784439,1.,0.866025403784439,1.,0.866025403784439,
1.,0.866025403784439,1.,0.866025403784439,1.,0.866025403784439,1.,0.866025403784439,
1.,0.866025403784439,1.,0.866025403784439,1.,0.866025403784439,1.,0.866025403784439,
1.,0.866025403784439,1.,0.866025403784439,1.,0.866025403784439,1.,0.866025403784439,
1.,0.866025403784439,1.,0.866025403784439,1.,0.866025403784439,1.,0.866025403784439,
1.,0.866025403784439,1.,0.866025403784439,1.,0.866025403784439,1.,0.866025403784439,
1.,0.866025403784439,1.,0.866025403784439,1.,0.866025403784439,1.,0.866025403784439,
1.,0.866025403784439,1.,0.866025403784439,1.,0.866025403784439,1.,0.866025403784439,
1.,0.866025403784439,1.,0.866025403784439,1.,0.866025403784439,1.,0.866025403784439,
1.,0.866025403784439,1.,0.866025403784439,1.,0.866025403784439,1.,0.866025403784439,
1.,0.866025403784439,1.,0.866025403784439,1.,0.866025403784439,1.,0.866025403784439,
1.,0.866025403784439,1.,0.866025403784439,1.,0.866025403784439,1.,0.866025403784439,
1.,0.866025403784439,1.,0.866025403784439,1.,0.866025403784439,1.,0.866025403784439,
1.,0.866025403784439,1.,0.866025403784439,1.,0.866025403784439,1.,0.866025403784439,
1.,0.866025403784439,1.,0.866025403784439,1.,0.866025403784439,1.,0.866025403784439,
1.,0.866025403784439,1.,0.866025403784439,1.,0.866025403784439,1.,0.866025403784439,
1.,0.866025403784439,1.,0.866025403784439,1.,0.866025403784439,1.,0.866025403784439,
1.,0.866025403784439,1.,0.866025403784439,1.,0.866025403784439,1.,0.866025403784439,
1.,0.866025403784439,1.,0.866025403784439,1.,0.866025403784439,1.,0.866025403784439,
1.,0.866025403784439,1.,0.866025403784439,1.,0.866025403784439,1.,0.866025403784439,
1.,0.866025403784439,1.,0.866025403784439,1.,0.866025403784439,1.,0.866025403784439,
1.,0.866025403784439,1.,0.866025403784439,1.,0.866025403784439,1.,0.866025403784439,
1.,0.866025403784439,1.,0.866025403784439,1.,0.866025403784439,1.,0.866025403784439,
1.,0.866025403784439,1.,0.866025403784439,1.,0.866025403784439,1.,0.866025403784439,
1.,0.866025403784439,1.,0.866025403784439,1.,0.866025403784439,1.,0.866025403784439,
1.,0.866025403784439,1.,0.866025403784439,1.,0.866025403784439,1.,0.866025403784439,
1.,0.866025403784439,1.,0.866025403784439,1.,0.866025403784439,1.,0.866025403784439,
1.,0.866025403784439,1.,0.866025403784439,1.,0.866025403784439,1.,0.866025403784439,
1.,0.866025403784439,1.,0.866025403784439,1.,0.866025403784439,1.,0.866025403784439,
1.,0.866025403784439,1.,0.866025403784439,1.,0.866025403784439,1.,0.866025403784439,
1.,0.866025403784439,1.,0.866025403784439,1.,0.866025403784439,1.,0.866025403784439,
1.,0.866025403784439,1.,0.866025403784439,1.,0.866025403784439,1.,0.866025403784439,
1.,0.866025403784439,1.,0.866025403784439,1.,0.866025403784439,1.,0.866025403784439,
1.,0.866025403784439,1.,0.866025403784439,1.,0.866025403784439,1.,0.866025403784439,
1.,0.866025403784439,1.))
REPRESENTATION_ITEM('')
);
#16=(
BOUNDED_CURVE()
B_SPLINE_CURVE(2,(#2774,#2775,#2776,#2777,#2778,#2779,#2780,#2781,#2782,
#2783,#2784,#2785,#2786,#2787,#2788,#2789,#2790,#2791,#2792,#2793,#2794,
#2795,#2796,#2797,#2798,#2799,#2800,#2801,#2802,#2803,#2804,#2805,#2806,
#2807,#2808,#2809,#2810,#2811,#2812,#2813,#2814,#2815,#2816,#2817,#2818,
#2819,#2820,#2821,#2822,#2823,#2824,#2825,#2826,#2827,#2828,#2829,#2830,
#2831,#2832,#2833,#2834,#2835,#2836,#2837,#2838,#2839,#2840,#2841,#2842,
#2843,#2844,#2845,#2846,#2847,#2848,#2849,#2850,#2851,#2852,#2853,#2854,
#2855,#2856,#2857,#2858,#2859,#2860,#2861,#2862,#2863,#2864,#2865,#2866,
#2867,#2868,#2869,#2870,#2871,#2872,#2873,#2874,#2875,#2876,#2877,#2878,
#2879,#2880,#2881,#2882,#2883,#2884,#2885,#2886,#2887,#2888,#2889,#2890,
#2891,#2892,#2893,#2894,#2895,#2896,#2897,#2898,#2899,#2900,#2901,#2902,
#2903,#2904,#2905,#2906,#2907,#2908,#2909,#2910,#2911,#2912,#2913,#2914,
#2915,#2916,#2917,#2918,#2919,#2920,#2921,#2922,#2923,#2924,#2925,#2926,
#2927,#2928,#2929,#2930,#2931,#2932,#2933,#2934,#2935,#2936,#2937,#2938,
#2939,#2940,#2941,#2942,#2943,#2944,#2945,#2946,#2947,#2948,#2949,#2950,
#2951,#2952,#2953,#2954,#2955,#2956,#2957,#2958,#2959,#2960,#2961,#2962,
#2963,#2964,#2965,#2966,#2967,#2968,#2969,#2970,#2971,#2972,#2973,#2974,
#2975,#2976,#2977,#2978,#2979,#2980,#2981,#2982,#2983,#2984,#2985,#2986,
#2987,#2988,#2989,#2990,#2991,#2992,#2993,#2994,#2995,#2996,#2997,#2998,
#2999,#3000,#3001,#3002,#3003,#3004,#3005,#3006,#3007,#3008,#3009,#3010,
#3011,#3012,#3013,#3014,#3015,#3016,#3017,#3018,#3019,#3020,#3021,#3022,
#3023,#3024,#3025,#3026,#3027,#3028,#3029,#3030,#3031,#3032,#3033,#3034,
#3035,#3036,#3037,#3038,#3039,#3040,#3041,#3042,#3043,#3044,#3045,#3046,
#3047,#3048,#3049,#3050,#3051,#3052,#3053,#3054,#3055,#3056,#3057,#3058,
#3059,#3060,#3061,#3062,#3063,#3064,#3065,#3066,#3067,#3068,#3069,#3070,
#3071,#3072,#3073,#3074,#3075,#3076,#3077,#3078,#3079,#3080,#3081,#3082,
#3083,#3084,#3085,#3086,#3087,#3088,#3089,#3090,#3091,#3092,#3093,#3094,
#3095,#3096,#3097,#3098,#3099,#3100,#3101,#3102,#3103,#3104,#3105,#3106,
#3107,#3108,#3109,#3110,#3111,#3112,#3113,#3114,#3115,#3116,#3117,#3118,
#3119,#3120,#3121,#3122,#3123,#3124,#3125,#3126,#3127,#3128,#3129,#3130,
#3131,#3132,#3133,#3134,#3135,#3136,#3137,#3138,#3139,#3140,#3141,#3142,
#3143,#3144,#3145,#3146,#3147,#3148,#3149,#3150,#3151,#3152,#3153,#3154,
#3155,#3156,#3157,#3158,#3159,#3160,#3161,#3162,#3163,#3164,#3165,#3166,
#3167,#3168,#3169,#3170,#3171,#3172,#3173,#3174,#3175,#3176,#3177,#3178,
#3179,#3180,#3181,#3182,#3183,#3184,#3185,#3186,#3187,#3188,#3189,#3190,
#3191,#3192,#3193,#3194,#3195,#3196,#3197,#3198,#3199,#3200,#3201,#3202,
#3203,#3204,#3205,#3206,#3207,#3208,#3209,#3210,#3211,#3212,#3213,#3214,
#3215,#3216,#3217,#3218,#3219,#3220,#3221,#3222,#3223,#3224,#3225,#3226,
#3227,#3228,#3229,#3230,#3231,#3232,#3233,#3234,#3235,#3236,#3237,#3238,
#3239,#3240,#3241,#3242,#3243,#3244,#3245,#3246,#3247,#3248,#3249,#3250,
#3251,#3252,#3253,#3254,#3255,#3256,#3257,#3258,#3259,#3260,#3261,#3262,
#3263,#3264,#3265,#3266,#3267,#3268,#3269,#3270,#3271,#3272,#3273,#3274,
#3275,#3276,#3277,#3278,#3279,#3280,#3281,#3282,#3283,#3284,#3285,#3286,
#3287,#3288,#3289,#3290,#3291,#3292,#3293,#3294,#3295,#3296,#3297,#3298,
#3299,#3300,#3301,#3302,#3303,#3304,#3305,#3306,#3307,#3308,#3309,#3310,
#3311,#3312,#3313,#3314,#3315,#3316,#3317,#3318,#3319,#3320,#3321,#3322,
#3323,#3324,#3325,#3326,#3327,#3328,#3329,#3330,#3331,#3332,#3333,#3334,
#3335,#3336,#3337,#3338,#3339,#3340,#3341,#3342,#3343,#3344,#3345,#3346,
#3347,#3348,#3349,#3350,#3351,#3352,#3353,#3354,#3355,#3356,#3357,#3358,
#3359,#3360,#3361,#3362,#3363,#3364,#3365,#3366,#3367,#3368,#3369,#3370,
#3371,#3372,#3373,#3374,#3375,#3376,#3377,#3378,#3379,#3380,#3381,#3382,
#3383,#3384,#3385,#3386,#3387,#3388,#3389,#3390,#3391,#3392,#3393,#3394,
#3395,#3396,#3397,#3398,#3399,#3400,#3401,#3402,#3403,#3404,#3405,#3406,
#3407,#3408,#3409,#3410,#3411,#3412,#3413,#3414,#3415,#3416,#3417,#3418,
#3419,#3420,#3421,#3422,#3423,#3424,#3425,#3426,#3427,#3428,#3429,#3430,
#3431,#3432,#3433,#3434,#3435,#3436,#3437,#3438,#3439,#3440,#3441,#3442,
#3443,#3444,#3445,#3446,#3447,#3448,#3449,#3450,#3451,#3452,#3453,#3454,
#3455,#3456,#3457,#3458,#3459,#3460,#3461,#3462,#3463,#3464,#3465,#3466,
#3467,#3468,#3469,#3470,#3471,#3472,#3473,#3474,#3475,#3476,#3477,#3478,
#3479,#3480,#3481,#3482,#3483,#3484,#3485,#3486,#3487,#3488,#3489,#3490,
#3491,#3492,#3493,#3494,#3495,#3496,#3497,#3498,#3499,#3500,#3501,#3502,
#3503,#3504,#3505,#3506,#3507,#3508,#3509,#3510,#3511,#3512,#3513,#3514,
#3515,#3516,#3517,#3518,#3519,#3520,#3521,#3522,#3523,#3524,#3525,#3526,
#3527,#3528,#3529,#3530,#3531,#3532,#3533,#3534,#3535,#3536,#3537,#3538,
#3539,#3540,#3541,#3542,#3543,#3544,#3545,#3546,#3547,#3548,#3549,#3550,
#3551,#3552,#3553,#3554,#3555,#3556,#3557,#3558,#3559,#3560,#3561,#3562,
#3563,#3564,#3565,#3566),.UNSPECIFIED.,.F.,.F.)
B_SPLINE_CURVE_WITH_KNOTS((3,2,2,2,2,2,2,2,2,2,2,2,2,2,2,2,2,2,2,2,2,2,
2,2,2,2,2,2,2,2,2,2,2,2,2,2,2,2,2,2,2,2,2,2,2,2,2,2,2,2,2,2,2,2,2,2,2,2,
2,2,2,2,2,2,2,2,2,2,2,2,2,2,2,2,2,2,2,2,2,2,2,2,2,2,2,2,2,2,2,2,2,2,2,2,
2,2,2,2,2,2,2,2,2,2,2,2,2,2,2,2,2,2,2,2,2,2,2,2,2,2,2,2,2,2,2,2,2,2,2,2,
2,2,2,2,2,2,2,2,2,2,2,2,2,2,2,2,2,2,2,2,2,2,2,2,2,2,2,2,2,2,2,2,2,2,2,2,
2,2,2,2,2,2,2,2,2,2,2,2,2,2,2,2,2,2,2,2,2,2,2,2,2,2,2,2,2,2,2,2,2,2,2,2,
2,2,2,2,2,2,2,2,2,2,2,2,2,2,2,2,2,2,2,2,2,2,2,2,2,2,2,2,2,2,2,2,2,2,2,2,
2,2,2,2,2,2,2,2,2,2,2,2,2,2,2,2,2,2,2,2,2,2,2,2,2,2,2,2,2,2,2,2,2,2,2,2,
2,2,2,2,2,2,2,2,2,2,2,2,2,2,2,2,2,2,2,2,2,2,2,2,2,2,2,2,2,2,2,2,2,2,2,2,
2,2,2,2,2,2,2,2,2,2,2,2,2,2,2,2,2,2,2,2,2,2,2,2,2,2,2,2,2,2,2,2,2,2,2,2,
2,2,2,2,2,2,2,2,2,2,2,2,2,2,2,2,2,2,2,2,2,2,2,2,2,2,2,2,2,2,2,2,2,2,2,2,
2,2,2,2,2,2,2,2,2,2,2,2,2,2,3),(0.,0.00252525252525253,0.00505050505050505,
0.00757575757575758,0.0101010101010101,0.0126262626262626,0.0151515151515152,
0.0176767676767677,0.0202020202020202,0.0227272727272727,0.0252525252525253,
0.0277777777777778,0.0303030303030303,0.0328282828282828,0.0353535353535354,
0.0378787878787879,0.0404040404040404,0.0429292929292929,0.0454545454545455,
0.047979797979798,0.0505050505050505,0.053030303030303,0.0555555555555556,
0.0580808080808081,0.0606060606060606,0.0631313131313131,0.0656565656565657,
0.0681818181818182,0.0707070707070707,0.0732323232323232,0.0757575757575758,
0.0782828282828283,0.0808080808080808,0.0833333333333333,0.0858585858585859,
0.0883838383838384,0.0909090909090909,0.0934343434343434,0.095959595959596,
0.0984848484848485,0.101010101010101,0.103535353535353,0.106060606060606,
0.108585858585859,0.111111111111111,0.113636363636364,0.116161616161616,
0.118686868686869,0.121212121212121,0.123737373737374,0.126262626262626,
0.128787878787879,0.131313131313131,0.133838383838384,0.136363636363636,
0.138888888888889,0.141414141414141,0.143939393939394,0.146464646464646,
0.148989898989899,0.151515151515151,0.154040404040404,0.156565656565657,
0.159090909090909,0.161616161616161,0.164141414141414,0.166666666666667,
0.169191919191919,0.171717171717171,0.174242424242425,0.176767676767677,
0.17929292929293,0.181818181818182,0.184343434343435,0.186868686868687,
0.18939393939394,0.191919191919192,0.194444444444445,0.196969696969697,
0.19949494949495,0.202020202020202,0.204545454545455,0.207070707070707,
0.20959595959596,0.212121212121212,0.214646464646465,0.217171717171717,
0.21969696969697,0.222222222222222,0.224747474747475,0.227272727272728,
0.22979797979798,0.232323232323232,0.234848484848485,0.237373737373738,
0.23989898989899,0.242424242424243,0.244949494949495,0.247474747474747,
0.25,0.252525252525252,0.255050505050505,0.257575757575758,0.26010101010101,
0.262626262626262,0.265151515151515,0.267676767676767,0.27020202020202,
0.272727272727273,0.275252525252526,0.277777777777778,0.28030303030303,
0.282828282828283,0.285353535353535,0.287878787878788,0.29040404040404,
0.292929292929293,0.295454545454546,0.297979797979798,0.30050505050505,
0.303030303030303,0.305555555555555,0.308080808080808,0.31060606060606,
0.313131313131313,0.315656565656566,0.318181818181818,0.32070707070707,
0.323232323232323,0.325757575757576,0.328282828282829,0.330808080808081,
0.333333333333334,0.335858585858586,0.338383838383839,0.340909090909091,
0.343434343434343,0.345959595959596,0.348484848484849,0.351010101010101,
0.353535353535353,0.356060606060606,0.358585858585858,0.361111111111111,
0.363636363636364,0.366161616161616,0.368686868686869,0.371212121212121,
0.373737373737374,0.376262626262626,0.378787878787879,0.381313131313132,
0.383838383838384,0.386363636363637,0.388888888888889,0.391414141414141,
0.393939393939394,0.396464646464646,0.398989898989899,0.401515151515151,
0.404040404040404,0.406565656565657,0.409090909090909,0.411616161616161,
0.414141414141414,0.416666666666667,0.419191919191919,0.421717171717171,
0.424242424242425,0.426767676767677,0.42929292929293,0.431818181818182,
0.434343434343434,0.436868686868687,0.43939393939394,0.441919191919192,
0.444444444444444,0.446969696969697,0.44949494949495,0.452020202020202,
0.454545454545455,0.457070707070707,0.45959595959596,0.462121212121212,
0.464646464646465,0.467171717171717,0.46969696969697,0.472222222222222,
0.474747474747475,0.477272727272727,0.47979797979798,0.482323232323232,
0.484848484848485,0.487373737373737,0.48989898989899,0.492424242424242,
0.494949494949495,0.497474747474748,0.5,0.502525252525253,0.505050505050505,
0.507575757575758,0.51010101010101,0.512626262626263,0.515151515151515,
0.517676767676768,0.52020202020202,0.522727272727273,0.525252525252525,
0.527777777777778,0.53030303030303,0.532828282828283,0.535353535353535,
0.537878787878788,0.54040404040404,0.542929292929293,0.545454545454545,
0.547979797979798,0.550505050505051,0.553030303030303,0.555555555555556,
0.558080808080808,0.560606060606061,0.563131313131313,0.565656565656566,
0.568181818181818,0.570707070707071,0.573232323232323,0.575757575757576,
0.578282828282828,0.580808080808081,0.583333333333333,0.585858585858586,
0.588383838383838,0.590909090909091,0.593434343434343,0.595959595959596,
0.598484848484849,0.601010101010101,0.603535353535354,0.606060606060606,
0.608585858585859,0.611111111111111,0.613636363636364,0.616161616161616,
0.618686868686869,0.621212121212121,0.623737373737374,0.626262626262626,
0.628787878787879,0.631313131313131,0.633838383838384,0.636363636363636,
0.638888888888889,0.641414141414141,0.643939393939394,0.646464646464647,
0.648989898989899,0.651515151515152,0.654040404040404,0.656565656565657,
0.659090909090909,0.661616161616162,0.664141414141414,0.666666666666667,
0.669191919191919,0.671717171717172,0.674242424242424,0.676767676767677,
0.679292929292929,0.681818181818182,0.684343434343434,0.686868686868687,
0.689393939393939,0.691919191919192,0.694444444444444,0.696969696969697,
0.69949494949495,0.702020202020202,0.704545454545455,0.707070707070707,
0.70959595959596,0.712121212121212,0.714646464646465,0.717171717171717,
0.71969696969697,0.722222222222222,0.724747474747475,0.727272727272727,
0.72979797979798,0.732323232323232,0.734848484848485,0.737373737373737,
0.73989898989899,0.742424242424242,0.744949494949495,0.747474747474748,
0.75,0.752525252525253,0.755050505050505,0.757575757575758,0.76010101010101,
0.762626262626263,0.765151515151515,0.767676767676768,0.77020202020202,
0.772727272727273,0.775252525252525,0.777777777777778,0.78030303030303,
0.782828282828283,0.785353535353535,0.787878787878788,0.79040404040404,
0.792929292929293,0.795454545454545,0.797979797979798,0.800505050505051,
0.803030303030303,0.805555555555556,0.808080808080808,0.810606060606061,
0.813131313131313,0.815656565656566,0.818181818181818,0.820707070707071,
0.823232323232323,0.825757575757576,0.828282828282828,0.830808080808081,
0.833333333333333,0.835858585858586,0.838383838383838,0.840909090909091,
0.843434343434343,0.845959595959596,0.848484848484849,0.851010101010101,
0.853535353535354,0.856060606060606,0.858585858585859,0.861111111111111,
0.863636363636364,0.866161616161616,0.868686868686869,0.871212121212121,
0.873737373737374,0.876262626262626,0.878787878787879,0.881313131313131,
0.883838383838384,0.886363636363636,0.888888888888889,0.891414141414141,
0.893939393939394,0.896464646464647,0.898989898989899,0.901515151515151,
0.904040404040404,0.906565656565657,0.909090909090909,0.911616161616162,
0.914141414141414,0.916666666666667,0.919191919191919,0.921717171717172,
0.924242424242424,0.926767676767677,0.929292929292929,0.931818181818182,
0.934343434343434,0.936868686868687,0.939393939393939,0.941919191919192,
0.944444444444444,0.946969696969697,0.94949494949495,0.952020202020202,
0.954545454545455,0.957070707070707,0.95959595959596,0.962121212121212,
0.964646464646465,0.967171717171717,0.96969696969697,0.972222222222222,
0.974747474747475,0.977272727272727,0.97979797979798,0.982323232323232,
0.984848484848485,0.987373737373737,0.98989898989899,0.992424242424242,
0.994949494949495,0.997474747474748,1.),.UNSPECIFIED.)
CURVE()
GEOMETRIC_REPRESENTATION_ITEM()
RATIONAL_B_SPLINE_CURVE((1.,0.866025403784439,1.,0.866025403784439,1.,0.866025403784439,
1.,0.866025403784439,1.,0.866025403784439,1.,0.866025403784439,1.,0.866025403784439,
1.,0.866025403784439,1.,0.866025403784439,1.,0.866025403784439,1.,0.866025403784439,
1.,0.866025403784439,1.,0.866025403784439,1.,0.866025403784439,1.,0.866025403784439,
1.,0.866025403784439,1.,0.866025403784439,1.,0.866025403784439,1.,0.866025403784439,
1.,0.866025403784439,1.,0.866025403784439,1.,0.866025403784439,1.,0.866025403784439,
1.,0.866025403784439,1.,0.866025403784439,1.,0.866025403784439,1.,0.866025403784439,
1.,0.866025403784439,1.,0.866025403784439,1.,0.866025403784439,1.,0.866025403784439,
1.,0.866025403784439,1.,0.866025403784439,1.,0.866025403784439,1.,0.866025403784439,
1.,0.866025403784439,1.,0.866025403784439,1.,0.866025403784439,1.,0.866025403784439,
1.,0.866025403784439,1.,0.866025403784439,1.,0.866025403784439,1.,0.866025403784439,
1.,0.866025403784439,1.,0.866025403784439,1.,0.866025403784439,1.,0.866025403784439,
1.,0.866025403784439,1.,0.866025403784439,1.,0.866025403784439,1.,0.866025403784439,
1.,0.866025403784439,1.,0.866025403784439,1.,0.866025403784439,1.,0.866025403784439,
1.,0.866025403784439,1.,0.866025403784439,1.,0.866025403784439,1.,0.866025403784439,
1.,0.866025403784439,1.,0.866025403784439,1.,0.866025403784439,1.,0.866025403784439,
1.,0.866025403784439,1.,0.866025403784439,1.,0.866025403784439,1.,0.866025403784439,
1.,0.866025403784439,1.,0.866025403784439,1.,0.866025403784439,1.,0.866025403784439,
1.,0.866025403784439,1.,0.866025403784439,1.,0.866025403784439,1.,0.866025403784439,
1.,0.866025403784439,1.,0.866025403784439,1.,0.866025403784439,1.,0.866025403784439,
1.,0.866025403784439,1.,0.866025403784439,1.,0.866025403784439,1.,0.866025403784439,
1.,0.866025403784439,1.,0.866025403784439,1.,0.866025403784439,1.,0.866025403784439,
1.,0.866025403784439,1.,0.866025403784439,1.,0.866025403784439,1.,0.866025403784439,
1.,0.866025403784439,1.,0.866025403784439,1.,0.866025403784439,1.,0.866025403784439,
1.,0.866025403784439,1.,0.866025403784439,1.,0.866025403784439,1.,0.866025403784439,
1.,0.866025403784439,1.,0.866025403784439,1.,0.866025403784439,1.,0.866025403784439,
1.,0.866025403784439,1.,0.866025403784439,1.,0.866025403784439,1.,0.866025403784439,
1.,0.866025403784439,1.,0.866025403784439,1.,0.866025403784439,1.,0.866025403784439,
1.,0.866025403784439,1.,0.866025403784439,1.,0.866025403784439,1.,0.866025403784439,
1.,0.866025403784439,1.,0.866025403784439,1.,0.866025403784439,1.,0.866025403784439,
1.,0.866025403784439,1.,0.866025403784439,1.,0.866025403784439,1.,0.866025403784439,
1.,0.866025403784439,1.,0.866025403784439,1.,0.866025403784439,1.,0.866025403784439,
1.,0.866025403784439,1.,0.866025403784439,1.,0.866025403784439,1.,0.866025403784439,
1.,0.866025403784439,1.,0.866025403784439,1.,0.866025403784439,1.,0.866025403784439,
1.,0.866025403784439,1.,0.866025403784439,1.,0.866025403784439,1.,0.866025403784439,
1.,0.866025403784439,1.,0.866025403784439,1.,0.866025403784439,1.,0.866025403784439,
1.,0.866025403784439,1.,0.866025403784439,1.,0.866025403784439,1.,0.866025403784439,
1.,0.866025403784439,1.,0.866025403784439,1.,0.866025403784439,1.,0.866025403784439,
1.,0.866025403784439,1.,0.866025403784439,1.,0.866025403784439,1.,0.866025403784439,
1.,0.866025403784439,1.,0.866025403784439,1.,0.866025403784439,1.,0.866025403784439,
1.,0.866025403784439,1.,0.866025403784439,1.,0.866025403784439,1.,0.866025403784439,
1.,0.866025403784439,1.,0.866025403784439,1.,0.866025403784439,1.,0.866025403784439,
1.,0.866025403784439,1.,0.866025403784439,1.,0.866025403784439,1.,0.866025403784439,
1.,0.866025403784439,1.,0.866025403784439,1.,0.866025403784439,1.,0.866025403784439,
1.,0.866025403784439,1.,0.866025403784439,1.,0.866025403784439,1.,0.866025403784439,
1.,0.866025403784439,1.,0.866025403784439,1.,0.866025403784439,1.,0.866025403784439,
1.,0.866025403784439,1.,0.866025403784439,1.,0.866025403784439,1.,0.866025403784439,
1.,0.866025403784439,1.,0.866025403784439,1.,0.866025403784439,1.,0.866025403784439,
1.,0.866025403784439,1.,0.866025403784439,1.,0.866025403784439,1.,0.866025403784439,
1.,0.866025403784439,1.,0.866025403784439,1.,0.866025403784439,1.,0.866025403784439,
1.,0.866025403784439,1.,0.866025403784439,1.,0.866025403784439,1.,0.866025403784439,
1.,0.866025403784439,1.,0.866025403784439,1.,0.866025403784439,1.,0.866025403784439,
1.,0.866025403784439,1.,0.866025403784439,1.,0.866025403784439,1.,0.866025403784439,
1.,0.866025403784439,1.,0.866025403784439,1.,0.866025403784439,1.,0.866025403784439,
1.,0.866025403784439,1.,0.866025403784439,1.,0.866025403784439,1.,0.866025403784439,
1.,0.866025403784439,1.,0.866025403784439,1.,0.866025403784439,1.,0.866025403784439,
1.,0.866025403784439,1.,0.866025403784439,1.,0.866025403784439,1.,0.866025403784439,
1.,0.866025403784439,1.,0.866025403784439,1.,0.866025403784439,1.,0.866025403784439,
1.,0.866025403784439,1.,0.866025403784439,1.,0.866025403784439,1.,0.866025403784439,
1.,0.866025403784439,1.,0.866025403784439,1.,0.866025403784439,1.,0.866025403784439,
1.,0.866025403784439,1.,0.866025403784439,1.,0.866025403784439,1.,0.866025403784439,
1.,0.866025403784439,1.,0.866025403784439,1.,0.866025403784439,1.,0.866025403784439,
1.,0.866025403784439,1.,0.866025403784439,1.,0.866025403784439,1.,0.866025403784439,
1.,0.866025403784439,1.,0.866025403784439,1.,0.866025403784439,1.,0.866025403784439,
1.,0.866025403784439,1.,0.866025403784439,1.,0.866025403784439,1.,0.866025403784439,
1.,0.866025403784439,1.,0.866025403784439,1.,0.866025403784439,1.,0.866025403784439,
1.,0.866025403784439,1.,0.866025403784439,1.,0.866025403784439,1.,0.866025403784439,
1.,0.866025403784439,1.,0.866025403784439,1.,0.866025403784439,1.,0.866025403784439,
1.,0.866025403784439,1.,0.866025403784439,1.,0.866025403784439,1.,0.866025403784439,
1.,0.866025403784439,1.,0.866025403784439,1.,0.866025403784439,1.,0.866025403784439,
1.,0.866025403784439,1.,0.866025403784439,1.,0.866025403784439,1.,0.866025403784439,
1.,0.866025403784439,1.,0.866025403784439,1.,0.866025403784439,1.,0.866025403784439,
1.,0.866025403784439,1.,0.866025403784439,1.,0.866025403784439,1.,0.866025403784439,
1.,0.866025403784439,1.,0.866025403784439,1.,0.866025403784439,1.,0.866025403784439,
1.,0.866025403784439,1.,0.866025403784439,1.,0.866025403784439,1.,0.866025403784439,
1.,0.866025403784439,1.,0.866025403784439,1.,0.866025403784439,1.,0.866025403784439,
1.,0.866025403784439,1.,0.866025403784439,1.,0.866025403784439,1.,0.866025403784439,
1.,0.866025403784439,1.,0.866025403784439,1.,0.866025403784439,1.,0.866025403784439,
1.,0.866025403784439,1.,0.866025403784439,1.,0.866025403784439,1.,0.866025403784439,
1.,0.866025403784439,1.,0.866025403784439,1.,0.866025403784439,1.,0.866025403784439,
1.,0.866025403784439,1.,0.866025403784439,1.,0.866025403784439,1.,0.866025403784439,
1.,0.866025403784439,1.,0.866025403784439,1.,0.866025403784439,1.,0.866025403784439,
1.,0.866025403784439,1.,0.866025403784439,1.,0.866025403784439,1.,0.866025403784439,
1.,0.866025403784439,1.,0.866025403784439,1.,0.866025403784439,1.,0.866025403784439,
1.,0.866025403784439,1.,0.866025403784439,1.,0.866025403784439,1.,0.866025403784439,
1.,0.866025403784439,1.,0.866025403784439,1.,0.866025403784439,1.,0.866025403784439,
1.,0.866025403784439,1.,0.866025403784439,1.,0.866025403784439,1.,0.866025403784439,
1.,0.866025403784439,1.,0.866025403784439,1.,0.866025403784439,1.,0.866025403784439,
1.,0.866025403784439,1.,0.866025403784439,1.,0.866025403784439,1.,0.866025403784439,
1.,0.866025403784439,1.,0.866025403784439,1.,0.866025403784439,1.,0.866025403784439,
1.,0.866025403784439,1.,0.866025403784439,1.,0.866025403784439,1.,0.866025403784439,
1.,0.866025403784439,1.,0.866025403784439,1.,0.866025403784439,1.,0.866025403784439,
1.,0.866025403784439,1.,0.866025403784439,1.,0.866025403784439,1.,0.866025403784439,
1.,0.866025403784439,1.,0.866025403784439,1.,0.866025403784439,1.,0.866025403784439,
1.,0.866025403784439,1.,0.866025403784439,1.,0.866025403784439,1.,0.866025403784439,
1.,0.866025403784439,1.,0.866025403784439,1.,0.866025403784439,1.,0.866025403784439,
1.,0.866025403784439,1.,0.866025403784439,1.,0.866025403784439,1.,0.866025403784439,
1.,0.866025403784439,1.,0.866025403784439,1.,0.866025403784439,1.,0.866025403784439,
1.,0.866025403784439,1.,0.866025403784439,1.,0.866025403784439,1.,0.866025403784439,
1.,0.866025403784439,1.))
REPRESENTATION_ITEM('')
);
#17=CONICAL_SURFACE('',#599,0.002286,0.785398163397443);
#18=CONICAL_SURFACE('',#600,0.002286,0.785398163397443);
#19=CONICAL_SURFACE('',#601,0.001778,0.785398163397445);
#20=CONICAL_SURFACE('',#602,0.001778,0.785398163397445);
#21=CYLINDRICAL_SURFACE('',#583,0.001778);
#22=CYLINDRICAL_SURFACE('',#587,0.001778);
#23=CYLINDRICAL_SURFACE('',#591,0.001778);
#24=CYLINDRICAL_SURFACE('',#595,0.001778);
#25=CYLINDRICAL_SURFACE('',#603,0.00508);
#26=CIRCLE('',#560,0.00508);
#27=CIRCLE('',#562,0.00508);
#28=CIRCLE('',#564,0.002286);
#29=CIRCLE('',#565,0.002286);
#30=CIRCLE('',#566,0.002286);
#31=CIRCLE('',#567,0.002286);
#32=CIRCLE('',#584,0.001778);
#33=CIRCLE('',#585,0.001778);
#34=CIRCLE('',#588,0.001778);
#35=CIRCLE('',#589,0.001778);
#36=CIRCLE('',#592,0.001778);
#37=CIRCLE('',#593,0.001778);
#38=CIRCLE('',#596,0.001778);
#39=CIRCLE('',#597,0.001778);
#40=B_SPLINE_CURVE_WITH_KNOTS('',3,(#778,#779,#780,#781,#782,#783,#784,
#785,#786),.UNSPECIFIED.,.F.,.F.,(4,1,1,1,1,1,4),(1.4304896245382E-17,0.00276347646746285,
0.0055269529349257,0.00829042940238854,0.0110539058698514,0.0165808588047771,
0.0221078117397027),.UNSPECIFIED.);
#41=B_SPLINE_CURVE_WITH_KNOTS('',3,(#791,#792,#793,#794,#795,#796,#797,
#798,#799,#800),.UNSPECIFIED.,.F.,.F.,(4,1,1,1,1,1,1,4),(3.31418454737865E-17,
0.00224392994191894,0.00448785988383785,0.00673178982575676,0.00897571976767567,
0.0134635796515135,0.0157075095934324,0.0179514395353513),.UNSPECIFIED.);
#42=B_SPLINE_CURVE_WITH_KNOTS('',3,(#837,#838,#839,#840,#841,#842,#843,
#844,#845),.UNSPECIFIED.,.F.,.F.,(4,1,1,1,1,1,4),(4.22076438404016E-17,
0.00276347646746282,0.00552695293492559,0.00829042940238837,0.0110539058698511,
0.0165808588047767,0.0221078117397022),.UNSPECIFIED.);
#43=B_SPLINE_CURVE_WITH_KNOTS('',3,(#847,#848,#849,#850,#851,#852,#853,
#854,#855,#856),.UNSPECIFIED.,.F.,.F.,(4,1,1,1,1,1,1,4),(1.47196168001604E-17,
0.00224392994191891,0.00448785988383781,0.00673178982575671,0.00897571976767561,
0.0134635796515134,0.0157075095934323,0.0179514395353512),.UNSPECIFIED.);
#44=ORIENTED_EDGE('',*,*,#182,.T.);
#45=ORIENTED_EDGE('',*,*,#183,.T.);
#46=ORIENTED_EDGE('',*,*,#184,.F.);
#47=ORIENTED_EDGE('',*,*,#185,.F.);
#48=ORIENTED_EDGE('',*,*,#186,.F.);
#49=ORIENTED_EDGE('',*,*,#187,.F.);
#50=ORIENTED_EDGE('',*,*,#188,.F.);
#51=ORIENTED_EDGE('',*,*,#189,.T.);
#52=ORIENTED_EDGE('',*,*,#190,.T.);
#53=ORIENTED_EDGE('',*,*,#191,.F.);
#54=ORIENTED_EDGE('',*,*,#192,.F.);
#55=ORIENTED_EDGE('',*,*,#193,.F.);
#56=ORIENTED_EDGE('',*,*,#194,.T.);
#57=ORIENTED_EDGE('',*,*,#195,.T.);
#58=ORIENTED_EDGE('',*,*,#196,.T.);
#59=ORIENTED_EDGE('',*,*,#197,.T.);
#60=ORIENTED_EDGE('',*,*,#198,.F.);
#61=ORIENTED_EDGE('',*,*,#199,.T.);
#62=ORIENTED_EDGE('',*,*,#200,.F.);
#63=ORIENTED_EDGE('',*,*,#201,.F.);
#64=ORIENTED_EDGE('',*,*,#202,.F.);
#65=ORIENTED_EDGE('',*,*,#203,.F.);
#66=ORIENTED_EDGE('',*,*,#204,.F.);
#67=ORIENTED_EDGE('',*,*,#205,.F.);
#68=ORIENTED_EDGE('',*,*,#206,.T.);
#69=ORIENTED_EDGE('',*,*,#207,.T.);
#70=ORIENTED_EDGE('',*,*,#208,.T.);
#71=ORIENTED_EDGE('',*,*,#209,.F.);
#72=ORIENTED_EDGE('',*,*,#210,.F.);
#73=ORIENTED_EDGE('',*,*,#211,.T.);
#74=ORIENTED_EDGE('',*,*,#212,.T.);
#75=ORIENTED_EDGE('',*,*,#213,.T.);
#76=ORIENTED_EDGE('',*,*,#214,.T.);
#77=ORIENTED_EDGE('',*,*,#215,.T.);
#78=ORIENTED_EDGE('',*,*,#216,.F.);
#79=ORIENTED_EDGE('',*,*,#217,.F.);
#80=ORIENTED_EDGE('',*,*,#218,.T.);
#81=ORIENTED_EDGE('',*,*,#219,.T.);
#82=ORIENTED_EDGE('',*,*,#220,.T.);
#83=ORIENTED_EDGE('',*,*,#221,.T.);
#84=ORIENTED_EDGE('',*,*,#222,.T.);
#85=ORIENTED_EDGE('',*,*,#223,.T.);
#86=ORIENTED_EDGE('',*,*,#216,.T.);
#87=ORIENTED_EDGE('',*,*,#224,.F.);
#88=ORIENTED_EDGE('',*,*,#183,.F.);
#89=ORIENTED_EDGE('',*,*,#225,.T.);
#90=ORIENTED_EDGE('',*,*,#201,.T.);
#91=ORIENTED_EDGE('',*,*,#225,.F.);
#92=ORIENTED_EDGE('',*,*,#182,.F.);
#93=ORIENTED_EDGE('',*,*,#226,.T.);
#94=ORIENTED_EDGE('',*,*,#215,.F.);
#95=ORIENTED_EDGE('',*,*,#227,.F.);
#96=ORIENTED_EDGE('',*,*,#184,.T.);
#97=ORIENTED_EDGE('',*,*,#224,.T.);
#98=ORIENTED_EDGE('',*,*,#214,.F.);
#99=ORIENTED_EDGE('',*,*,#228,.F.);
#100=ORIENTED_EDGE('',*,*,#185,.T.);
#101=ORIENTED_EDGE('',*,*,#227,.T.);
#102=ORIENTED_EDGE('',*,*,#213,.F.);
#103=ORIENTED_EDGE('',*,*,#229,.F.);
#104=ORIENTED_EDGE('',*,*,#186,.T.);
#105=ORIENTED_EDGE('',*,*,#228,.T.);
#106=ORIENTED_EDGE('',*,*,#212,.F.);
#107=ORIENTED_EDGE('',*,*,#230,.F.);
#108=ORIENTED_EDGE('',*,*,#187,.T.);
#109=ORIENTED_EDGE('',*,*,#229,.T.);
#110=ORIENTED_EDGE('',*,*,#211,.F.);
#111=ORIENTED_EDGE('',*,*,#231,.F.);
#112=ORIENTED_EDGE('',*,*,#188,.T.);
#113=ORIENTED_EDGE('',*,*,#230,.T.);
#114=ORIENTED_EDGE('',*,*,#210,.T.);
#115=ORIENTED_EDGE('',*,*,#232,.F.);
#116=ORIENTED_EDGE('',*,*,#189,.F.);
#117=ORIENTED_EDGE('',*,*,#231,.T.);
#118=ORIENTED_EDGE('',*,*,#209,.T.);
#119=ORIENTED_EDGE('',*,*,#233,.F.);
#120=ORIENTED_EDGE('',*,*,#190,.F.);
#121=ORIENTED_EDGE('',*,*,#232,.T.);
#122=ORIENTED_EDGE('',*,*,#208,.F.);
#123=ORIENTED_EDGE('',*,*,#234,.F.);
#124=ORIENTED_EDGE('',*,*,#191,.T.);
#125=ORIENTED_EDGE('',*,*,#233,.T.);
#126=ORIENTED_EDGE('',*,*,#207,.F.);
#127=ORIENTED_EDGE('',*,*,#235,.F.);
#128=ORIENTED_EDGE('',*,*,#192,.T.);
#129=ORIENTED_EDGE('',*,*,#234,.T.);
#130=ORIENTED_EDGE('',*,*,#206,.F.);
#131=ORIENTED_EDGE('',*,*,#236,.F.);
#132=ORIENTED_EDGE('',*,*,#193,.T.);
#133=ORIENTED_EDGE('',*,*,#235,.T.);
#134=ORIENTED_EDGE('',*,*,#205,.T.);
#135=ORIENTED_EDGE('',*,*,#237,.F.);
#136=ORIENTED_EDGE('',*,*,#194,.F.);
#137=ORIENTED_EDGE('',*,*,#236,.T.);
#138=ORIENTED_EDGE('',*,*,#204,.T.);
#139=ORIENTED_EDGE('',*,*,#238,.F.);
#140=ORIENTED_EDGE('',*,*,#195,.F.);
#141=ORIENTED_EDGE('',*,*,#237,.T.);
#142=ORIENTED_EDGE('',*,*,#203,.T.);
#143=ORIENTED_EDGE('',*,*,#239,.F.);
#144=ORIENTED_EDGE('',*,*,#196,.F.);
#145=ORIENTED_EDGE('',*,*,#238,.T.);
#146=ORIENTED_EDGE('',*,*,#202,.T.);
#147=ORIENTED_EDGE('',*,*,#226,.F.);
#148=ORIENTED_EDGE('',*,*,#197,.F.);
#149=ORIENTED_EDGE('',*,*,#239,.T.);
#150=ORIENTED_EDGE('',*,*,#240,.T.);
#151=ORIENTED_EDGE('',*,*,#241,.F.);
#152=ORIENTED_EDGE('',*,*,#241,.T.);
#153=ORIENTED_EDGE('',*,*,#242,.T.);
#154=ORIENTED_EDGE('',*,*,#243,.T.);
#155=ORIENTED_EDGE('',*,*,#243,.F.);
#156=ORIENTED_EDGE('',*,*,#244,.T.);
#157=ORIENTED_EDGE('',*,*,#245,.T.);
#158=ORIENTED_EDGE('',*,*,#245,.F.);
#159=ORIENTED_EDGE('',*,*,#246,.T.);
#160=ORIENTED_EDGE('',*,*,#247,.F.);
#161=ORIENTED_EDGE('',*,*,#247,.T.);
#162=ORIENTED_EDGE('',*,*,#244,.F.);
#163=ORIENTED_EDGE('',*,*,#220,.F.);
#164=ORIENTED_EDGE('',*,*,#242,.F.);
#165=ORIENTED_EDGE('',*,*,#221,.F.);
#166=ORIENTED_EDGE('',*,*,#222,.F.);
#167=ORIENTED_EDGE('',*,*,#246,.F.);
#168=ORIENTED_EDGE('',*,*,#223,.F.);
#169=ORIENTED_EDGE('',*,*,#240,.F.);
#170=ORIENTED_EDGE('',*,*,#248,.T.);
#171=ORIENTED_EDGE('',*,*,#217,.T.);
#172=ORIENTED_EDGE('',*,*,#249,.T.);
#173=ORIENTED_EDGE('',*,*,#199,.F.);
#174=ORIENTED_EDGE('',*,*,#198,.T.);
#175=ORIENTED_EDGE('',*,*,#250,.T.);
#176=ORIENTED_EDGE('',*,*,#218,.F.);
#177=ORIENTED_EDGE('',*,*,#248,.F.);
#178=ORIENTED_EDGE('',*,*,#200,.T.);
#179=ORIENTED_EDGE('',*,*,#249,.F.);
#180=ORIENTED_EDGE('',*,*,#219,.F.);
#181=ORIENTED_EDGE('',*,*,#250,.F.);
#182=EDGE_CURVE('',#251,#252,#301,.T.);
#183=EDGE_CURVE('',#252,#253,#302,.T.);
#184=EDGE_CURVE('',#254,#253,#303,.T.);
#185=EDGE_CURVE('',#255,#254,#304,.T.);
#186=EDGE_CURVE('',#256,#255,#305,.T.);
#187=EDGE_CURVE('',#257,#256,#306,.T.);
#188=EDGE_CURVE('',#258,#257,#307,.T.);
#189=EDGE_CURVE('',#258,#259,#308,.T.);
#190=EDGE_CURVE('',#259,#260,#309,.T.);
#191=EDGE_CURVE('',#261,#260,#310,.T.);
#192=EDGE_CURVE('',#262,#261,#311,.T.);
#193=EDGE_CURVE('',#263,#262,#312,.T.);
#194=EDGE_CURVE('',#263,#264,#313,.T.);
#195=EDGE_CURVE('',#264,#265,#314,.T.);
#196=EDGE_CURVE('',#265,#266,#315,.T.);
#197=EDGE_CURVE('',#266,#251,#316,.T.);
#198=EDGE_CURVE('',#267,#268,#40,.T.);
#199=EDGE_CURVE('',#267,#269,#26,.F.);
#200=EDGE_CURVE('',#268,#269,#41,.T.);
#201=EDGE_CURVE('',#270,#271,#317,.T.);
#202=EDGE_CURVE('',#272,#270,#318,.T.);
#203=EDGE_CURVE('',#273,#272,#319,.T.);
#204=EDGE_CURVE('',#274,#273,#320,.T.);
#205=EDGE_CURVE('',#275,#274,#321,.T.);
#206=EDGE_CURVE('',#275,#276,#322,.T.);
#207=EDGE_CURVE('',#276,#277,#323,.T.);
#208=EDGE_CURVE('',#277,#278,#324,.T.);
#209=EDGE_CURVE('',#279,#278,#325,.T.);
#210=EDGE_CURVE('',#280,#279,#326,.T.);
#211=EDGE_CURVE('',#280,#281,#327,.T.);
#212=EDGE_CURVE('',#281,#282,#328,.T.);
#213=EDGE_CURVE('',#282,#283,#329,.T.);
#214=EDGE_CURVE('',#283,#284,#330,.T.);
#215=EDGE_CURVE('',#284,#285,#331,.T.);
#216=EDGE_CURVE('',#271,#285,#332,.T.);
#217=EDGE_CURVE('',#286,#287,#27,.F.);
#218=EDGE_CURVE('',#286,#288,#42,.T.);
#219=EDGE_CURVE('',#288,#287,#43,.T.);
#220=EDGE_CURVE('',#289,#289,#28,.T.);
#221=EDGE_CURVE('',#290,#290,#29,.T.);
#222=EDGE_CURVE('',#291,#291,#30,.T.);
#223=EDGE_CURVE('',#292,#292,#31,.T.);
#224=EDGE_CURVE('',#253,#285,#333,.T.);
#225=EDGE_CURVE('',#252,#271,#334,.T.);
#226=EDGE_CURVE('',#251,#270,#335,.T.);
#227=EDGE_CURVE('',#254,#284,#336,.T.);
#228=EDGE_CURVE('',#255,#283,#337,.T.);
#229=EDGE_CURVE('',#256,#282,#338,.T.);
#230=EDGE_CURVE('',#257,#281,#339,.T.);
#231=EDGE_CURVE('',#258,#280,#340,.T.);
#232=EDGE_CURVE('',#259,#279,#341,.T.);
#233=EDGE_CURVE('',#260,#278,#342,.T.);
#234=EDGE_CURVE('',#261,#277,#343,.T.);
#235=EDGE_CURVE('',#262,#276,#344,.T.);
#236=EDGE_CURVE('',#263,#275,#345,.T.);
#237=EDGE_CURVE('',#264,#274,#346,.T.);
#238=EDGE_CURVE('',#265,#273,#347,.T.);
#239=EDGE_CURVE('',#266,#272,#348,.T.);
#240=EDGE_CURVE('',#293,#293,#32,.F.);
#241=EDGE_CURVE('',#294,#294,#33,.T.);
#242=EDGE_CURVE('',#295,#295,#34,.F.);
#243=EDGE_CURVE('',#296,#296,#35,.T.);
#244=EDGE_CURVE('',#297,#297,#36,.F.);
#245=EDGE_CURVE('',#298,#298,#37,.T.);
#246=EDGE_CURVE('',#299,#299,#38,.F.);
#247=EDGE_CURVE('',#300,#300,#39,.T.);
#248=EDGE_CURVE('',#267,#286,#14,.T.);
#249=EDGE_CURVE('',#287,#269,#15,.F.);
#250=EDGE_CURVE('',#268,#288,#16,.T.);
#251=VERTEX_POINT('',#747);
#252=VERTEX_POINT('',#748);
#253=VERTEX_POINT('',#750);
#254=VERTEX_POINT('',#752);
#255=VERTEX_POINT('',#754);
#256=VERTEX_POINT('',#756);
#257=VERTEX_POINT('',#758);
#258=VERTEX_POINT('',#760);
#259=VERTEX_POINT('',#762);
#260=VERTEX_POINT('',#764);
#261=VERTEX_POINT('',#766);
#262=VERTEX_POINT('',#768);
#263=VERTEX_POINT('',#770);
#264=VERTEX_POINT('',#772);
#265=VERTEX_POINT('',#774);
#266=VERTEX_POINT('',#776);
#267=VERTEX_POINT('',#787);
#268=VERTEX_POINT('',#788);
#269=VERTEX_POINT('',#790);
#270=VERTEX_POINT('',#803);
#271=VERTEX_POINT('',#804);
#272=VERTEX_POINT('',#806);
#273=VERTEX_POINT('',#808);
#274=VERTEX_POINT('',#810);
#275=VERTEX_POINT('',#812);
#276=VERTEX_POINT('',#814);
#277=VERTEX_POINT('',#816);
#278=VERTEX_POINT('',#818);
#279=VERTEX_POINT('',#820);
#280=VERTEX_POINT('',#822);
#281=VERTEX_POINT('',#824);
#282=VERTEX_POINT('',#826);
#283=VERTEX_POINT('',#828);
#284=VERTEX_POINT('',#830);
#285=VERTEX_POINT('',#832);
#286=VERTEX_POINT('',#835);
#287=VERTEX_POINT('',#836);
#288=VERTEX_POINT('',#846);
#289=VERTEX_POINT('',#859);
#290=VERTEX_POINT('',#861);
#291=VERTEX_POINT('',#863);
#292=VERTEX_POINT('',#865);
#293=VERTEX_POINT('',#899);
#294=VERTEX_POINT('',#901);
#295=VERTEX_POINT('',#905);
#296=VERTEX_POINT('',#907);
#297=VERTEX_POINT('',#911);
#298=VERTEX_POINT('',#913);
#299=VERTEX_POINT('',#917);
#300=VERTEX_POINT('',#919);
#301=LINE('',#746,#349);
#302=LINE('',#749,#350);
#303=LINE('',#751,#351);
#304=LINE('',#753,#352);
#305=LINE('',#755,#353);
#306=LINE('',#757,#354);
#307=LINE('',#759,#355);
#308=LINE('',#761,#356);
#309=LINE('',#763,#357);
#310=LINE('',#765,#358);
#311=LINE('',#767,#359);
#312=LINE('',#769,#360);
#313=LINE('',#771,#361);
#314=LINE('',#773,#362);
#315=LINE('',#775,#363);
#316=LINE('',#777,#364);
#317=LINE('',#802,#365);
#318=LINE('',#805,#366);
#319=LINE('',#807,#367);
#320=LINE('',#809,#368);
#321=LINE('',#811,#369);
#322=LINE('',#813,#370);
#323=LINE('',#815,#371);
#324=LINE('',#817,#372);
#325=LINE('',#819,#373);
#326=LINE('',#821,#374);
#327=LINE('',#823,#375);
#328=LINE('',#825,#376);
#329=LINE('',#827,#377);
#330=LINE('',#829,#378);
#331=LINE('',#831,#379);
#332=LINE('',#833,#380);
#333=LINE('',#866,#381);
#334=LINE('',#867,#382);
#335=LINE('',#869,#383);
#336=LINE('',#871,#384);
#337=LINE('',#873,#385);
#338=LINE('',#875,#386);
#339=LINE('',#877,#387);
#340=LINE('',#879,#388);
#341=LINE('',#881,#389);
#342=LINE('',#883,#390);
#343=LINE('',#885,#391);
#344=LINE('',#887,#392);
#345=LINE('',#889,#393);
#346=LINE('',#891,#394);
#347=LINE('',#893,#395);
#348=LINE('',#895,#396);
#349=VECTOR('',#608,1.);
#350=VECTOR('',#609,1.);
#351=VECTOR('',#610,1.);
#352=VECTOR('',#611,1.);
#353=VECTOR('',#612,1.);
#354=VECTOR('',#613,1.);
#355=VECTOR('',#614,1.);
#356=VECTOR('',#615,1.);
#357=VECTOR('',#616,1.);
#358=VECTOR('',#617,1.);
#359=VECTOR('',#618,1.);
#360=VECTOR('',#619,1.);
#361=VECTOR('',#620,1.);
#362=VECTOR('',#621,1.);
#363=VECTOR('',#622,1.);
#364=VECTOR('',#623,1.);
#365=VECTOR('',#628,1.);
#366=VECTOR('',#629,1.);
#367=VECTOR('',#630,1.);
#368=VECTOR('',#631,1.);
#369=VECTOR('',#632,1.);
#370=VECTOR('',#633,1.);
#371=VECTOR('',#634,1.);
#372=VECTOR('',#635,1.);
#373=VECTOR('',#636,1.);
#374=VECTOR('',#637,1.);
#375=VECTOR('',#638,1.);
#376=VECTOR('',#639,1.);
#377=VECTOR('',#640,1.);
#378=VECTOR('',#641,1.);
#379=VECTOR('',#642,1.);
#380=VECTOR('',#643,1.);
#381=VECTOR('',#656,1.);
#382=VECTOR('',#657,1.);
#383=VECTOR('',#660,1.);
#384=VECTOR('',#663,1.);
#385=VECTOR('',#666,1.);
#386=VECTOR('',#669,1.);
#387=VECTOR('',#672,1.);
#388=VECTOR('',#675,1.);
#389=VECTOR('',#678,1.);
#390=VECTOR('',#681,1.);
#391=VECTOR('',#684,1.);
#392=VECTOR('',#687,1.);
#393=VECTOR('',#690,1.);
#394=VECTOR('',#693,1.);
#395=VECTOR('',#696,1.);
#396=VECTOR('',#699,1.);
#397=EDGE_LOOP('',(#44,#45,#46,#47,#48,#49,#50,#51,#52,#53,#54,#55,#56,
#57,#58,#59));
#398=EDGE_LOOP('',(#60,#61,#62));
#399=EDGE_LOOP('',(#63,#64,#65,#66,#67,#68,#69,#70,#71,#72,#73,#74,#75,
#76,#77,#78));
#400=EDGE_LOOP('',(#79,#80,#81));
#401=EDGE_LOOP('',(#82));
#402=EDGE_LOOP('',(#83));
#403=EDGE_LOOP('',(#84));
#404=EDGE_LOOP('',(#85));
#405=EDGE_LOOP('',(#86,#87,#88,#89));
#406=EDGE_LOOP('',(#90,#91,#92,#93));
#407=EDGE_LOOP('',(#94,#95,#96,#97));
#408=EDGE_LOOP('',(#98,#99,#100,#101));
#409=EDGE_LOOP('',(#102,#103,#104,#105));
#410=EDGE_LOOP('',(#106,#107,#108,#109));
#411=EDGE_LOOP('',(#110,#111,#112,#113));
#412=EDGE_LOOP('',(#114,#115,#116,#117));
#413=EDGE_LOOP('',(#118,#119,#120,#121));
#414=EDGE_LOOP('',(#122,#123,#124,#125));
#415=EDGE_LOOP('',(#126,#127,#128,#129));
#416=EDGE_LOOP('',(#130,#131,#132,#133));
#417=EDGE_LOOP('',(#134,#135,#136,#137));
#418=EDGE_LOOP('',(#138,#139,#140,#141));
#419=EDGE_LOOP('',(#142,#143,#144,#145));
#420=EDGE_LOOP('',(#146,#147,#148,#149));
#421=EDGE_LOOP('',(#150));
#422=EDGE_LOOP('',(#151));
#423=EDGE_LOOP('',(#152));
#424=EDGE_LOOP('',(#153));
#425=EDGE_LOOP('',(#154));
#426=EDGE_LOOP('',(#155));
#427=EDGE_LOOP('',(#156));
#428=EDGE_LOOP('',(#157));
#429=EDGE_LOOP('',(#158));
#430=EDGE_LOOP('',(#159));
#431=EDGE_LOOP('',(#160));
#432=EDGE_LOOP('',(#161));
#433=EDGE_LOOP('',(#162));
#434=EDGE_LOOP('',(#163));
#435=EDGE_LOOP('',(#164));
#436=EDGE_LOOP('',(#165));
#437=EDGE_LOOP('',(#166));
#438=EDGE_LOOP('',(#167));
#439=EDGE_LOOP('',(#168));
#440=EDGE_LOOP('',(#169));
#441=EDGE_LOOP('',(#170,#171,#172,#173));
#442=EDGE_LOOP('',(#174,#175,#176,#177));
#443=EDGE_LOOP('',(#178,#179,#180,#181));
#444=FACE_BOUND('',#397,.T.);
#445=FACE_BOUND('',#398,.T.);
#446=FACE_BOUND('',#399,.T.);
#447=FACE_BOUND('',#400,.T.);
#448=FACE_BOUND('',#401,.T.);
#449=FACE_BOUND('',#402,.T.);
#450=FACE_BOUND('',#403,.T.);
#451=FACE_BOUND('',#404,.T.);
#452=FACE_BOUND('',#405,.T.);
#453=FACE_BOUND('',#406,.T.);
#454=FACE_BOUND('',#407,.T.);
#455=FACE_BOUND('',#408,.T.);
#456=FACE_BOUND('',#409,.T.);
#457=FACE_BOUND('',#410,.T.);
#458=FACE_BOUND('',#411,.T.);
#459=FACE_BOUND('',#412,.T.);
#460=FACE_BOUND('',#413,.T.);
#461=FACE_BOUND('',#414,.T.);
#462=FACE_BOUND('',#415,.T.);
#463=FACE_BOUND('',#416,.T.);
#464=FACE_BOUND('',#417,.T.);
#465=FACE_BOUND('',#418,.T.);
#466=FACE_BOUND('',#419,.T.);
#467=FACE_BOUND('',#420,.T.);
#468=FACE_BOUND('',#421,.T.);
#469=FACE_BOUND('',#422,.T.);
#470=FACE_BOUND('',#423,.T.);
#471=FACE_BOUND('',#424,.T.);
#472=FACE_BOUND('',#425,.T.);
#473=FACE_BOUND('',#426,.T.);
#474=FACE_BOUND('',#427,.T.);
#475=FACE_BOUND('',#428,.T.);
#476=FACE_BOUND('',#429,.T.);
#477=FACE_BOUND('',#430,.T.);
#478=FACE_BOUND('',#431,.T.);
#479=FACE_BOUND('',#432,.T.);
#480=FACE_BOUND('',#433,.T.);
#481=FACE_BOUND('',#434,.T.);
#482=FACE_BOUND('',#435,.T.);
#483=FACE_BOUND('',#436,.T.);
#484=FACE_BOUND('',#437,.T.);
#485=FACE_BOUND('',#438,.T.);
#486=FACE_BOUND('',#439,.T.);
#487=FACE_BOUND('',#440,.T.);
#488=FACE_BOUND('',#441,.T.);
#489=FACE_BOUND('',#442,.T.);
#490=FACE_BOUND('',#443,.T.);
#491=PLANE('',#559);
#492=PLANE('',#561);
#493=PLANE('',#563);
#494=PLANE('',#568);
#495=PLANE('',#569);
#496=PLANE('',#570);
#497=PLANE('',#571);
#498=PLANE('',#572);
#499=PLANE('',#573);
#500=PLANE('',#574);
#501=PLANE('',#575);
#502=PLANE('',#576);
#503=PLANE('',#577);
#504=PLANE('',#578);
#505=PLANE('',#579);
#506=PLANE('',#580);
#507=PLANE('',#581);
#508=PLANE('',#582);
#509=PLANE('',#586);
#510=PLANE('',#590);
#511=PLANE('',#594);
#512=PLANE('',#598);
#513=ADVANCED_FACE('',(#444,#445),#491,.T.);
#514=ADVANCED_FACE('',(#446,#447),#492,.F.);
#515=ADVANCED_FACE('',(#448,#449,#450,#451,#452),#493,.F.);
#516=ADVANCED_FACE('',(#453),#494,.F.);
#517=ADVANCED_FACE('',(#454),#495,.T.);
#518=ADVANCED_FACE('',(#455),#496,.T.);
#519=ADVANCED_FACE('',(#456),#497,.T.);
#520=ADVANCED_FACE('',(#457),#498,.T.);
#521=ADVANCED_FACE('',(#458),#499,.T.);
#522=ADVANCED_FACE('',(#459),#500,.F.);
#523=ADVANCED_FACE('',(#460),#501,.F.);
#524=ADVANCED_FACE('',(#461),#502,.T.);
#525=ADVANCED_FACE('',(#462),#503,.T.);
#526=ADVANCED_FACE('',(#463),#504,.T.);
#527=ADVANCED_FACE('',(#464),#505,.F.);
#528=ADVANCED_FACE('',(#465),#506,.F.);
#529=ADVANCED_FACE('',(#466),#507,.F.);
#530=ADVANCED_FACE('',(#467),#508,.F.);
#531=ADVANCED_FACE('',(#468,#469),#21,.F.);
#532=ADVANCED_FACE('',(#470),#509,.T.);
#533=ADVANCED_FACE('',(#471,#472),#22,.F.);
#534=ADVANCED_FACE('',(#473),#510,.T.);
#535=ADVANCED_FACE('',(#474,#475),#23,.F.);
#536=ADVANCED_FACE('',(#476),#511,.T.);
#537=ADVANCED_FACE('',(#477,#478),#24,.F.);
#538=ADVANCED_FACE('',(#479),#512,.T.);
#539=ADVANCED_FACE('',(#480,#481),#17,.F.);
#540=ADVANCED_FACE('',(#482,#483),#18,.F.);
#541=ADVANCED_FACE('',(#484,#485),#19,.F.);
#542=ADVANCED_FACE('',(#486,#487),#20,.F.);
#543=ADVANCED_FACE('',(#488),#25,.F.);
#544=ADVANCED_FACE('',(#489),#12,.F.);
#545=ADVANCED_FACE('',(#490),#13,.F.);
#546=CLOSED_SHELL('',(#513,#514,#515,#516,#517,#518,#519,#520,#521,#522,
#523,#524,#525,#526,#527,#528,#529,#530,#531,#532,#533,#534,#535,#536,#537,
#538,#539,#540,#541,#542,#543,#544,#545));
#547=STYLED_ITEM('',(#548),#555);
#548=PRESENTATION_STYLE_ASSIGNMENT((#549));
#549=SURFACE_STYLE_USAGE(.BOTH.,#550);
#550=SURFACE_SIDE_STYLE('',(#551));
#551=SURFACE_STYLE_FILL_AREA(#552);
#552=FILL_AREA_STYLE('',(#553));
#553=FILL_AREA_STYLE_COLOUR('',#554);
#554=COLOUR_RGB('',0.231372549019608,0.380392156862745,0.705882352941177);
#555=MANIFOLD_SOLID_BREP('Part 2',#546);
#556=SHAPE_DEFINITION_REPRESENTATION(#3831,#557);
#557=SHAPE_REPRESENTATION('Part 2',(#558),#3826);
#558=AXIS2_PLACEMENT_3D('',#744,#604,#605);
#559=AXIS2_PLACEMENT_3D('',#745,#606,#607);
#560=AXIS2_PLACEMENT_3D('',#789,#624,#625);
#561=AXIS2_PLACEMENT_3D('',#801,#626,#627);
#562=AXIS2_PLACEMENT_3D('',#834,#644,#645);
#563=AXIS2_PLACEMENT_3D('',#857,#646,#647);
#564=AXIS2_PLACEMENT_3D('',#858,#648,#649);
#565=AXIS2_PLACEMENT_3D('',#860,#650,#651);
#566=AXIS2_PLACEMENT_3D('',#862,#652,#653);
#567=AXIS2_PLACEMENT_3D('',#864,#654,#655);
#568=AXIS2_PLACEMENT_3D('',#868,#658,#659);
#569=AXIS2_PLACEMENT_3D('',#870,#661,#662);
#570=AXIS2_PLACEMENT_3D('',#872,#664,#665);
#571=AXIS2_PLACEMENT_3D('',#874,#667,#668);
#572=AXIS2_PLACEMENT_3D('',#876,#670,#671);
#573=AXIS2_PLACEMENT_3D('',#878,#673,#674);
#574=AXIS2_PLACEMENT_3D('',#880,#676,#677);
#575=AXIS2_PLACEMENT_3D('',#882,#679,#680);
#576=AXIS2_PLACEMENT_3D('',#884,#682,#683);
#577=AXIS2_PLACEMENT_3D('',#886,#685,#686);
#578=AXIS2_PLACEMENT_3D('',#888,#688,#689);
#579=AXIS2_PLACEMENT_3D('',#890,#691,#692);
#580=AXIS2_PLACEMENT_3D('',#892,#694,#695);
#581=AXIS2_PLACEMENT_3D('',#894,#697,#698);
#582=AXIS2_PLACEMENT_3D('',#896,#700,#701);
#583=AXIS2_PLACEMENT_3D('',#897,#702,#703);
#584=AXIS2_PLACEMENT_3D('',#898,#704,#705);
#585=AXIS2_PLACEMENT_3D('',#900,#706,#707);
#586=AXIS2_PLACEMENT_3D('',#902,#708,#709);
#587=AXIS2_PLACEMENT_3D('',#903,#710,#711);
#588=AXIS2_PLACEMENT_3D('',#904,#712,#713);
#589=AXIS2_PLACEMENT_3D('',#906,#714,#715);
#590=AXIS2_PLACEMENT_3D('',#908,#716,#717);
#591=AXIS2_PLACEMENT_3D('',#909,#718,#719);
#592=AXIS2_PLACEMENT_3D('',#910,#720,#721);
#593=AXIS2_PLACEMENT_3D('',#912,#722,#723);
#594=AXIS2_PLACEMENT_3D('',#914,#724,#725);
#595=AXIS2_PLACEMENT_3D('',#915,#726,#727);
#596=AXIS2_PLACEMENT_3D('',#916,#728,#729);
#597=AXIS2_PLACEMENT_3D('',#918,#730,#731);
#598=AXIS2_PLACEMENT_3D('',#920,#732,#733);
#599=AXIS2_PLACEMENT_3D('',#921,#734,#735);
#600=AXIS2_PLACEMENT_3D('',#922,#736,#737);
#601=AXIS2_PLACEMENT_3D('',#923,#738,#739);
#602=AXIS2_PLACEMENT_3D('',#924,#740,#741);
#603=AXIS2_PLACEMENT_3D('',#925,#742,#743);
#604=DIRECTION('',(0.,0.,1.));
#605=DIRECTION('',(1.,0.,0.));
#606=DIRECTION('',(0.,0.,1.));
#607=DIRECTION('',(1.,0.,0.));
#608=DIRECTION('',(0.,-1.,0.));
#609=DIRECTION('',(1.,0.,0.));
#610=DIRECTION('',(0.,-1.,0.));
#611=DIRECTION('',(-1.,0.,0.));
#612=DIRECTION('',(0.,-1.,0.));
#613=DIRECTION('',(1.,0.,0.));
#614=DIRECTION('',(0.,-1.,0.));
#615=DIRECTION('',(-1.,0.,0.));
#616=DIRECTION('',(0.,1.,0.));
#617=DIRECTION('',(1.,0.,0.));
#618=DIRECTION('',(0.,1.,0.));
#619=DIRECTION('',(1.,0.,0.));
#620=DIRECTION('',(0.,-1.,0.));
#621=DIRECTION('',(-1.,0.,0.));
#622=DIRECTION('',(0.,-1.,0.));
#623=DIRECTION('',(1.,0.,0.));
#624=DIRECTION('',(0.,0.,1.));
#625=DIRECTION('',(1.,0.,0.));
#626=DIRECTION('',(0.,0.,1.));
#627=DIRECTION('',(1.,0.,0.));
#628=DIRECTION('',(0.,-1.,0.));
#629=DIRECTION('',(1.,0.,0.));
#630=DIRECTION('',(0.,-1.,0.));
#631=DIRECTION('',(-1.,0.,0.));
#632=DIRECTION('',(0.,-1.,0.));
#633=DIRECTION('',(1.,0.,0.));
#634=DIRECTION('',(0.,1.,0.));
#635=DIRECTION('',(1.,0.,0.));
#636=DIRECTION('',(0.,1.,0.));
#637=DIRECTION('',(-1.,0.,0.));
#638=DIRECTION('',(0.,-1.,0.));
#639=DIRECTION('',(1.,0.,0.));
#640=DIRECTION('',(0.,-1.,0.));
#641=DIRECTION('',(-1.,0.,0.));
#642=DIRECTION('',(0.,-1.,0.));
#643=DIRECTION('',(1.,0.,0.));
#644=DIRECTION('',(0.,0.,1.));
#645=DIRECTION('',(1.,0.,0.));
#646=DIRECTION('',(0.,1.,0.));
#647=DIRECTION('',(0.,0.,1.));
#648=DIRECTION('',(0.,1.,0.));
#649=DIRECTION('',(0.,0.,1.));
#650=DIRECTION('',(0.,1.,0.));
#651=DIRECTION('',(0.,0.,1.));
#652=DIRECTION('',(0.,1.,0.));
#653=DIRECTION('',(0.,0.,1.));
#654=DIRECTION('',(0.,1.,0.));
#655=DIRECTION('',(0.,0.,1.));
#656=DIRECTION('',(0.,0.,-1.));
#657=DIRECTION('',(0.,0.,-1.));
#658=DIRECTION('',(1.,0.,0.));
#659=DIRECTION('',(0.,0.,-1.));
#660=DIRECTION('',(0.,0.,-1.));
#661=DIRECTION('',(1.,0.,0.));
#662=DIRECTION('',(0.,0.,-1.));
#663=DIRECTION('',(0.,0.,-1.));
#664=DIRECTION('',(0.,-1.,0.));
#665=DIRECTION('',(0.,0.,-1.));
#666=DIRECTION('',(0.,0.,-1.));
#667=DIRECTION('',(1.,0.,0.));
#668=DIRECTION('',(0.,0.,-1.));
#669=DIRECTION('',(0.,0.,-1.));
#670=DIRECTION('',(0.,1.,0.));
#671=DIRECTION('',(0.,0.,1.));
#672=DIRECTION('',(0.,0.,-1.));
#673=DIRECTION('',(1.,0.,0.));
#674=DIRECTION('',(0.,0.,-1.));
#675=DIRECTION('',(0.,0.,-1.));
#676=DIRECTION('',(0.,-1.,0.));
#677=DIRECTION('',(0.,0.,-1.));
#678=DIRECTION('',(0.,0.,-1.));
#679=DIRECTION('',(-1.,0.,0.));
#680=DIRECTION('',(0.,0.,1.));
#681=DIRECTION('',(0.,0.,-1.));
#682=DIRECTION('',(0.,1.,0.));
#683=DIRECTION('',(0.,0.,1.));
#684=DIRECTION('',(0.,0.,-1.));
#685=DIRECTION('',(-1.,0.,0.));
#686=DIRECTION('',(0.,0.,1.));
#687=DIRECTION('',(0.,0.,-1.));
#688=DIRECTION('',(0.,1.,0.));
#689=DIRECTION('',(0.,0.,1.));
#690=DIRECTION('',(0.,0.,-1.));
#691=DIRECTION('',(1.,0.,0.));
#692=DIRECTION('',(0.,0.,-1.));
#693=DIRECTION('',(0.,0.,-1.));
#694=DIRECTION('',(0.,-1.,0.));
#695=DIRECTION('',(0.,0.,-1.));
#696=DIRECTION('',(0.,0.,-1.));
#697=DIRECTION('',(1.,0.,0.));
#698=DIRECTION('',(0.,0.,-1.));
#699=DIRECTION('',(0.,0.,-1.));
#700=DIRECTION('',(0.,1.,0.));
#701=DIRECTION('',(0.,0.,1.));
#702=DIRECTION('',(0.,-1.,0.));
#703=DIRECTION('',(0.,0.,-1.));
#704=DIRECTION('',(0.,1.,0.));
#705=DIRECTION('',(0.,0.,1.));
#706=DIRECTION('',(0.,-1.,0.));
#707=DIRECTION('',(0.,0.,-1.));
#708=DIRECTION('',(0.,-1.,0.));
#709=DIRECTION('',(1.,0.,0.));
#710=DIRECTION('',(0.,-1.,0.));
#711=DIRECTION('',(0.,0.,-1.));
#712=DIRECTION('',(0.,1.,0.));
#713=DIRECTION('',(0.,0.,1.));
#714=DIRECTION('',(0.,1.,0.));
#715=DIRECTION('',(0.,0.,-1.));
#716=DIRECTION('',(0.,-1.,0.));
#717=DIRECTION('',(1.,0.,0.));
#718=DIRECTION('',(0.,-1.,0.));
#719=DIRECTION('',(0.,0.,-1.));
#720=DIRECTION('',(0.,1.,0.));
#721=DIRECTION('',(0.,0.,1.));
#722=DIRECTION('',(0.,1.,0.));
#723=DIRECTION('',(0.,0.,-1.));
#724=DIRECTION('',(0.,-1.,0.));
#725=DIRECTION('',(1.,0.,0.));
#726=DIRECTION('',(0.,-1.,0.));
#727=DIRECTION('',(0.,0.,-1.));
#728=DIRECTION('',(0.,1.,0.));
#729=DIRECTION('',(0.,0.,1.));
#730=DIRECTION('',(0.,-1.,0.));
#731=DIRECTION('',(0.,0.,-1.));
#732=DIRECTION('',(0.,-1.,0.));
#733=DIRECTION('',(1.,0.,0.));
#734=DIRECTION('',(0.,-1.,0.));
#735=DIRECTION('',(0.,0.,-1.));
#736=DIRECTION('',(0.,-1.,0.));
#737=DIRECTION('',(0.,0.,-1.));
#738=DIRECTION('',(0.,-1.,0.));
#739=DIRECTION('',(0.,0.,-1.));
#740=DIRECTION('',(0.,-1.,0.));
#741=DIRECTION('',(0.,0.,-1.));
#742=DIRECTION('',(0.,0.,-1.));
#743=DIRECTION('',(-1.,0.,0.));
#744=CARTESIAN_POINT('',(0.,0.,0.));
#745=CARTESIAN_POINT('',(0.0219312578046811,0.0288190180435777,0.09906));
#746=CARTESIAN_POINT('',(0.000114393900730647,0.0189776178449392,0.09906));
#747=CARTESIAN_POINT('',(0.000114393900730647,0.0252890475094319,0.09906));
#748=CARTESIAN_POINT('',(0.000114393900730647,0.0126661881804466,0.09906));
#749=CARTESIAN_POINT('',(0.0110228258527059,0.0126661881804466,0.09906));
#750=CARTESIAN_POINT('',(0.0437481217086315,0.0126661881804466,0.09906));
#751=CARTESIAN_POINT('',(0.0437481217086315,0.0189776178449392,0.09906));
#752=CARTESIAN_POINT('',(0.0437481217086315,0.0252890475094319,0.09906));
#753=CARTESIAN_POINT('',(0.0460365456601721,0.0252890475094319,0.09906));
#754=CARTESIAN_POINT('',(0.0483249696117127,0.0252890475094319,0.09906));
#755=CARTESIAN_POINT('',(0.0483249696117127,0.0267325611785054,0.09906));
#756=CARTESIAN_POINT('',(0.0483249696117127,0.028176074847579,0.09906));
#757=CARTESIAN_POINT('',(0.0460365456601721,0.028176074847579,0.09906));
#758=CARTESIAN_POINT('',(0.0437481217086315,0.028176074847579,0.09906));
#759=CARTESIAN_POINT('',(0.0437481217086315,0.0360073586925864,0.09906));
#760=CARTESIAN_POINT('',(0.0437481217086315,0.0438386425375938,0.09906));
#761=CARTESIAN_POINT('',(0.0335118591392529,0.0438386425375938,0.09906));
#762=CARTESIAN_POINT('',(0.0232755965698743,0.0438386425375938,0.09906));
#763=CARTESIAN_POINT('',(0.0232755965698743,0.0456840228289366,0.09906));
#764=CARTESIAN_POINT('',(0.0232755965698743,0.0475294031202793,0.09906));
#765=CARTESIAN_POINT('',(0.0219312578046811,0.0475294031202793,0.09906));
#766=CARTESIAN_POINT('',(0.0205869190394879,0.0475294031202793,0.09906));
#767=CARTESIAN_POINT('',(0.0205869190394879,0.0456840228289366,0.09906));
#768=CARTESIAN_POINT('',(0.0205869190394879,0.0438386425375938,0.09906));
#769=CARTESIAN_POINT('',(0.0103506564701092,0.0438386425375938,0.09906));
#770=CARTESIAN_POINT('',(0.000114393900730647,0.0438386425375938,0.09906));
#771=CARTESIAN_POINT('',(0.000114393900730647,0.0360073586925864,0.09906));
#772=CARTESIAN_POINT('',(0.000114393900730647,0.028176074847579,0.09906));
#773=CARTESIAN_POINT('',(-0.00217403005080996,0.028176074847579,0.09906));
#774=CARTESIAN_POINT('',(-0.00446245400235057,0.028176074847579,0.09906));
#775=CARTESIAN_POINT('',(-0.00446245400235057,0.0267325611785054,0.09906));
#776=CARTESIAN_POINT('',(-0.00446245400235057,0.0252890475094319,0.09906));
#777=CARTESIAN_POINT('',(-0.00217403005080996,0.0252890475094319,0.09906));
#778=CARTESIAN_POINT('',(0.0269822755699045,0.0228037767783019,0.09906));
#779=CARTESIAN_POINT('',(0.0269651453557995,0.0237369489769727,0.09906));
#780=CARTESIAN_POINT('',(0.0264392856326969,0.0255678022036537,0.09906));
#781=CARTESIAN_POINT('',(0.0243633984872137,0.0275448453295853,0.09906));
#782=CARTESIAN_POINT('',(0.0216472661301722,0.0283785437982955,0.09906));
#783=CARTESIAN_POINT('',(0.0179074537112358,0.0277935224716097,0.09906));
#784=CARTESIAN_POINT('',(0.0143774154009987,0.024214299459169,0.09906));
#785=CARTESIAN_POINT('',(0.0144135185809342,0.0202673394817427,0.09906));
#786=CARTESIAN_POINT('',(0.0150688393362883,0.0185251692674646,0.09906));
#787=CARTESIAN_POINT('',(0.0269822755699045,0.022803776778302,0.09906));
#788=CARTESIAN_POINT('',(0.0150688393362882,0.0185251692674647,0.09906));
#789=CARTESIAN_POINT('',(0.021971,0.021971,0.09906));
#790=CARTESIAN_POINT('',(0.0270168738595855,0.0225588409590623,0.09906));
#791=CARTESIAN_POINT('',(0.0150688393362883,0.0185251692674647,0.09906));
#792=CARTESIAN_POINT('',(0.0154910387271521,0.0178947395720955,0.09906));
#793=CARTESIAN_POINT('',(0.0165075473615326,0.016784193801412,0.09906));
#794=CARTESIAN_POINT('',(0.0184662961800851,0.0156070593562791,0.09906));
#795=CARTESIAN_POINT('',(0.0206957927853167,0.0151093150134576,0.0990599999999999));
#796=CARTESIAN_POINT('',(0.0237238873115631,0.0154911942438477,0.0990600000000002));
#797=CARTESIAN_POINT('',(0.0263254197615335,0.0173791131814423,0.09906));
#798=CARTESIAN_POINT('',(0.0273280046428338,0.020301705652906,0.0990599999999999));
#799=CARTESIAN_POINT('',(0.0272374868016607,0.0218276343003323,0.09906));
#800=CARTESIAN_POINT('',(0.0270168738595855,0.0225588409590623,0.09906));
#801=CARTESIAN_POINT('',(0.0219312578046811,0.0288190180435777,0.07366));
#802=CARTESIAN_POINT('',(0.000114393900730647,0.0189776178449392,0.07366));
#803=CARTESIAN_POINT('',(0.000114393900730647,0.0252890475094319,0.07366));
#804=CARTESIAN_POINT('',(0.000114393900730647,0.0126661881804466,0.07366));
#805=CARTESIAN_POINT('',(-0.00217403005080996,0.0252890475094319,0.07366));
#806=CARTESIAN_POINT('',(-0.00446245400235057,0.0252890475094319,0.07366));
#807=CARTESIAN_POINT('',(-0.00446245400235057,0.0267325611785054,0.07366));
#808=CARTESIAN_POINT('',(-0.00446245400235057,0.028176074847579,0.07366));
#809=CARTESIAN_POINT('',(-0.00217403005080996,0.028176074847579,0.07366));
#810=CARTESIAN_POINT('',(0.000114393900730647,0.028176074847579,0.07366));
#811=CARTESIAN_POINT('',(0.000114393900730647,0.0360073586925864,0.07366));
#812=CARTESIAN_POINT('',(0.000114393900730647,0.0438386425375938,0.07366));
#813=CARTESIAN_POINT('',(0.0103506564701092,0.0438386425375938,0.07366));
#814=CARTESIAN_POINT('',(0.0205869190394879,0.0438386425375938,0.07366));
#815=CARTESIAN_POINT('',(0.0205869190394879,0.0456840228289366,0.07366));
#816=CARTESIAN_POINT('',(0.0205869190394879,0.0475294031202793,0.07366));
#817=CARTESIAN_POINT('',(0.0219312578046811,0.0475294031202793,0.07366));
#818=CARTESIAN_POINT('',(0.0232755965698743,0.0475294031202793,0.07366));
#819=CARTESIAN_POINT('',(0.0232755965698743,0.0456840228289366,0.07366));
#820=CARTESIAN_POINT('',(0.0232755965698743,0.0438386425375938,0.07366));
#821=CARTESIAN_POINT('',(0.0335118591392529,0.0438386425375938,0.07366));
#822=CARTESIAN_POINT('',(0.0437481217086315,0.0438386425375938,0.07366));
#823=CARTESIAN_POINT('',(0.0437481217086315,0.0360073586925864,0.07366));
#824=CARTESIAN_POINT('',(0.0437481217086315,0.028176074847579,0.07366));
#825=CARTESIAN_POINT('',(0.0460365456601721,0.028176074847579,0.07366));
#826=CARTESIAN_POINT('',(0.0483249696117127,0.028176074847579,0.07366));
#827=CARTESIAN_POINT('',(0.0483249696117127,0.0267325611785054,0.07366));
#828=CARTESIAN_POINT('',(0.0483249696117127,0.0252890475094319,0.07366));
#829=CARTESIAN_POINT('',(0.0460365456601721,0.0252890475094319,0.07366));
#830=CARTESIAN_POINT('',(0.0437481217086315,0.0252890475094319,0.07366));
#831=CARTESIAN_POINT('',(0.0437481217086315,0.0189776178449392,0.07366));
#832=CARTESIAN_POINT('',(0.0437481217086315,0.0126661881804466,0.07366));
#833=CARTESIAN_POINT('',(0.0110228258527059,0.0126661881804466,0.07366));
#834=CARTESIAN_POINT('',(0.021971,0.021971,0.07366));
#835=CARTESIAN_POINT('',(0.0269822755699044,0.0228037767783021,0.07366));
#836=CARTESIAN_POINT('',(0.0270168738595856,0.0225588409590618,0.07366));
#837=CARTESIAN_POINT('',(0.0269822755699044,0.0228037767783021,0.07366));
#838=CARTESIAN_POINT('',(0.0269651453557995,0.0237369489769727,0.07366));
#839=CARTESIAN_POINT('',(0.0264392856326966,0.0255678022036541,0.07366));
#840=CARTESIAN_POINT('',(0.024363398487214,0.0275448453295851,0.07366));
#841=CARTESIAN_POINT('',(0.0216472661301721,0.0283785437982956,0.07366));
#842=CARTESIAN_POINT('',(0.0179074537112363,0.0277935224716098,0.07366));
#843=CARTESIAN_POINT('',(0.0143774154009989,0.0242142994591693,0.0736599999999999));
#844=CARTESIAN_POINT('',(0.0144135185809342,0.0202673394817432,0.07366));
#845=CARTESIAN_POINT('',(0.0150688393362881,0.0185251692674653,0.07366));
#846=CARTESIAN_POINT('',(0.015068839336288,0.0185251692674651,0.07366));
#847=CARTESIAN_POINT('',(0.015068839336288,0.0185251692674652,0.07366));
#848=CARTESIAN_POINT('',(0.0154910387271518,0.017894739572096,0.07366));
#849=CARTESIAN_POINT('',(0.0165075473615322,0.016784193801412,0.0736600000000001));
#850=CARTESIAN_POINT('',(0.0184662961800848,0.0156070593562793,0.07366));
#851=CARTESIAN_POINT('',(0.0206957927853158,0.0151093150134576,0.07366));
#852=CARTESIAN_POINT('',(0.0237238873115629,0.0154911942438476,0.0736600000000001));
#853=CARTESIAN_POINT('',(0.026325419761533,0.0173791131814417,0.07366));
#854=CARTESIAN_POINT('',(0.0273280046428337,0.0203017056529056,0.0736600000000001));
#855=CARTESIAN_POINT('',(0.0272374868016608,0.0218276343003317,0.07366));
#856=CARTESIAN_POINT('',(0.0270168738595857,0.0225588409590618,0.07366));
#857=CARTESIAN_POINT('',(0.0110228258527059,0.0126661881804466,0.09906));
#858=CARTESIAN_POINT('',(0.0381811596598709,0.0126661881804466,0.0784703940153122));
#859=CARTESIAN_POINT('',(0.0381811596598709,0.0126661881804466,0.0807563940153122));
#860=CARTESIAN_POINT('',(0.0381811596598709,0.0126661881804466,0.0939495638012886));
#861=CARTESIAN_POINT('',(0.0381811596598709,0.0126661881804466,0.0962355638012886));
#862=CARTESIAN_POINT('',(0.00568135594949126,0.0126661881804466,0.0784703940153122));
#863=CARTESIAN_POINT('',(0.00568135594949126,0.0126661881804466,0.0807563940153122));
#864=CARTESIAN_POINT('',(0.00568135594949126,0.0126661881804466,0.0939495638012886));
#865=CARTESIAN_POINT('',(0.00568135594949126,0.0126661881804466,0.0962355638012886));
#866=CARTESIAN_POINT('',(0.0437481217086315,0.0126661881804466,0.09906));
#867=CARTESIAN_POINT('',(0.000114393900730647,0.0126661881804466,0.09906));
#868=CARTESIAN_POINT('',(0.000114393900730647,0.0189776178449392,0.09906));
#869=CARTESIAN_POINT('',(0.000114393900730647,0.0252890475094319,0.09906));
#870=CARTESIAN_POINT('',(0.0437481217086315,0.0189776178449392,0.09906));
#871=CARTESIAN_POINT('',(0.0437481217086315,0.0252890475094319,0.09906));
#872=CARTESIAN_POINT('',(0.0460365456601721,0.0252890475094319,0.09906));
#873=CARTESIAN_POINT('',(0.0483249696117127,0.0252890475094319,0.09906));
#874=CARTESIAN_POINT('',(0.0483249696117127,0.0267325611785054,0.09906));
#875=CARTESIAN_POINT('',(0.0483249696117127,0.028176074847579,0.09906));
#876=CARTESIAN_POINT('',(0.0460365456601721,0.028176074847579,0.09906));
#877=CARTESIAN_POINT('',(0.0437481217086315,0.028176074847579,0.09906));
#878=CARTESIAN_POINT('',(0.0437481217086315,0.0360073586925864,0.09906));
#879=CARTESIAN_POINT('',(0.0437481217086315,0.0438386425375938,0.09906));
#880=CARTESIAN_POINT('',(0.0335118591392529,0.0438386425375938,0.09906));
#881=CARTESIAN_POINT('',(0.0232755965698743,0.0438386425375938,0.09906));
#882=CARTESIAN_POINT('',(0.0232755965698743,0.0456840228289366,0.09906));
#883=CARTESIAN_POINT('',(0.0232755965698743,0.0475294031202793,0.09906));
#884=CARTESIAN_POINT('',(0.0219312578046811,0.0475294031202793,0.09906));
#885=CARTESIAN_POINT('',(0.0205869190394879,0.0475294031202793,0.09906));
#886=CARTESIAN_POINT('',(0.0205869190394879,0.0456840228289366,0.09906));
#887=CARTESIAN_POINT('',(0.0205869190394879,0.0438386425375938,0.09906));
#888=CARTESIAN_POINT('',(0.0103506564701092,0.0438386425375938,0.09906));
#889=CARTESIAN_POINT('',(0.000114393900730647,0.0438386425375938,0.09906));
#890=CARTESIAN_POINT('',(0.000114393900730647,0.0360073586925864,0.09906));
#891=CARTESIAN_POINT('',(0.000114393900730647,0.028176074847579,0.09906));
#892=CARTESIAN_POINT('',(-0.00217403005080996,0.028176074847579,0.09906));
#893=CARTESIAN_POINT('',(-0.00446245400235057,0.028176074847579,0.09906));
#894=CARTESIAN_POINT('',(-0.00446245400235057,0.0267325611785054,0.09906));
#895=CARTESIAN_POINT('',(-0.00446245400235057,0.0252890475094319,0.09906));
#896=CARTESIAN_POINT('',(-0.00217403005080996,0.0252890475094319,0.09906));
#897=CARTESIAN_POINT('',(0.00568135594949126,0.0185081881804466,0.0939495638012886));
#898=CARTESIAN_POINT('',(0.00568135594949126,0.0131741881804466,0.0939495638012886));
#899=CARTESIAN_POINT('',(0.00568135594949126,0.0131741881804466,0.0957275638012886));
#900=CARTESIAN_POINT('',(0.00568135594949126,0.0185081881804466,0.0939495638012886));
#901=CARTESIAN_POINT('',(0.00568135594949126,0.0185081881804466,0.0921715638012886));
#902=CARTESIAN_POINT('',(0.0219312578046811,0.0185081881804466,0.08636));
#903=CARTESIAN_POINT('',(0.0381811596598709,0.0185081881804466,0.0939495638012886));
#904=CARTESIAN_POINT('',(0.0381811596598709,0.0131741881804466,0.0939495638012886));
#905=CARTESIAN_POINT('',(0.0381811596598709,0.0131741881804466,0.0957275638012886));
#906=CARTESIAN_POINT('',(0.0381811596598709,0.0185081881804466,0.0939495638012886));
#907=CARTESIAN_POINT('',(0.0381811596598709,0.0185081881804466,0.0921715638012886));
#908=CARTESIAN_POINT('',(0.0219312578046811,0.0185081881804466,0.08636));
#909=CARTESIAN_POINT('',(0.0381811596598709,0.0185081881804466,0.0784703940153122));
#910=CARTESIAN_POINT('',(0.0381811596598709,0.0131741881804466,0.0784703940153122));
#911=CARTESIAN_POINT('',(0.0381811596598709,0.0131741881804466,0.0802483940153122));
#912=CARTESIAN_POINT('',(0.0381811596598709,0.0185081881804466,0.0784703940153122));
#913=CARTESIAN_POINT('',(0.0381811596598709,0.0185081881804466,0.0766923940153122));
#914=CARTESIAN_POINT('',(0.0219312578046811,0.0185081881804466,0.08636));
#915=CARTESIAN_POINT('',(0.00568135594949126,0.0185081881804466,0.0784703940153122));
#916=CARTESIAN_POINT('',(0.00568135594949126,0.0131741881804466,0.0784703940153122));
#917=CARTESIAN_POINT('',(0.00568135594949126,0.0131741881804466,0.0802483940153122));
#918=CARTESIAN_POINT('',(0.00568135594949126,0.0185081881804466,0.0784703940153122));
#919=CARTESIAN_POINT('',(0.00568135594949126,0.0185081881804466,0.0766923940153122));
#920=CARTESIAN_POINT('',(0.0219312578046811,0.0185081881804466,0.08636));
#921=CARTESIAN_POINT('',(0.0381811596598709,0.0126661881804466,0.0784703940153122));
#922=CARTESIAN_POINT('',(0.0381811596598709,0.0126661881804466,0.0939495638012886));
#923=CARTESIAN_POINT('',(0.00568135594949126,0.0131741881804466,0.0784703940153122));
#924=CARTESIAN_POINT('',(0.00568135594949126,0.0131741881804466,0.0939495638012886));
#925=CARTESIAN_POINT('',(0.021971,0.021971,0.0254));
#926=CARTESIAN_POINT('',(0.027051,0.0219709993561753,0.180277035944705));
#927=CARTESIAN_POINT('',(0.0270509996282876,0.0190380599886921,0.180065369278039));
#928=CARTESIAN_POINT('',(0.0245109994424315,0.0175715906268628,0.179853702611372));
#929=CARTESIAN_POINT('',(0.0219709992565753,0.0161051212650334,0.179642035944705));
#930=CARTESIAN_POINT('',(0.0194309994424315,0.0175715912706874,0.179430369278038));
#931=CARTESIAN_POINT('',(0.0168909996282877,0.0190380612763414,0.179218702611372));
#932=CARTESIAN_POINT('',(0.016891,0.0219710006438246,0.179007035944705));
#933=CARTESIAN_POINT('',(0.0168910003717124,0.0249039400113079,0.178795369278039));
#934=CARTESIAN_POINT('',(0.0194310005575685,0.0263704093731373,0.178583702611372));
#935=CARTESIAN_POINT('',(0.0219710007434247,0.0278368787349665,0.178372035944705));
#936=CARTESIAN_POINT('',(0.0245110005575685,0.0263704087293126,0.178160369278038));
#937=CARTESIAN_POINT('',(0.0270510003717123,0.0249039387236586,0.177948702611372));
#938=CARTESIAN_POINT('',(0.027051,0.0219709993561753,0.177737035944705));
#939=CARTESIAN_POINT('',(0.0270509996282876,0.0190380599886921,0.177525369278039));
#940=CARTESIAN_POINT('',(0.0245109994424315,0.0175715906268628,0.177313702611372));
#941=CARTESIAN_POINT('',(0.0219709992565753,0.0161051212650334,0.177102035944705));
#942=CARTESIAN_POINT('',(0.0194309994424315,0.0175715912706874,0.176890369278039));
#943=CARTESIAN_POINT('',(0.0168909996282877,0.0190380612763414,0.176678702611372));
#944=CARTESIAN_POINT('',(0.016891,0.0219710006438246,0.176467035944706));
#945=CARTESIAN_POINT('',(0.0168910003717124,0.0249039400113079,0.176255369278039));
#946=CARTESIAN_POINT('',(0.0194310005575685,0.0263704093731373,0.176043702611372));
#947=CARTESIAN_POINT('',(0.0219710007434247,0.0278368787349665,0.175832035944705));
#948=CARTESIAN_POINT('',(0.0245110005575685,0.0263704087293126,0.175620369278038));
#949=CARTESIAN_POINT('',(0.0270510003717123,0.0249039387236586,0.175408702611372));
#950=CARTESIAN_POINT('',(0.027051,0.0219709993561753,0.175197035944705));
#951=CARTESIAN_POINT('',(0.0270509996282876,0.0190380599886921,0.174985369278039));
#952=CARTESIAN_POINT('',(0.0245109994424315,0.0175715906268628,0.174773702611372));
#953=CARTESIAN_POINT('',(0.0219709992565753,0.0161051212650334,0.174562035944705));
#954=CARTESIAN_POINT('',(0.0194309994424315,0.0175715912706874,0.174350369278038));
#955=CARTESIAN_POINT('',(0.0168909996282877,0.0190380612763414,0.174138702611372));
#956=CARTESIAN_POINT('',(0.016891,0.0219710006438246,0.173927035944705));
#957=CARTESIAN_POINT('',(0.0168910003717124,0.0249039400113079,0.173715369278039));
#958=CARTESIAN_POINT('',(0.0194310005575685,0.0263704093731373,0.173503702611372));
#959=CARTESIAN_POINT('',(0.0219710007434247,0.0278368787349665,0.173292035944705));
#960=CARTESIAN_POINT('',(0.0245110005575685,0.0263704087293126,0.173080369278038));
#961=CARTESIAN_POINT('',(0.0270510003717123,0.0249039387236586,0.172868702611372));
#962=CARTESIAN_POINT('',(0.027051,0.0219709993561753,0.172657035944705));
#963=CARTESIAN_POINT('',(0.0270509996282876,0.0190380599886921,0.172445369278039));
#964=CARTESIAN_POINT('',(0.0245109994424315,0.0175715906268628,0.172233702611372));
#965=CARTESIAN_POINT('',(0.0219709992565753,0.0161051212650334,0.172022035944705));
#966=CARTESIAN_POINT('',(0.0194309994424315,0.0175715912706874,0.171810369278038));
#967=CARTESIAN_POINT('',(0.0168909996282877,0.0190380612763414,0.171598702611372));
#968=CARTESIAN_POINT('',(0.016891,0.0219710006438246,0.171387035944706));
#969=CARTESIAN_POINT('',(0.0168910003717124,0.0249039400113079,0.171175369278039));
#970=CARTESIAN_POINT('',(0.0194310005575685,0.0263704093731373,0.170963702611372));
#971=CARTESIAN_POINT('',(0.0219710007434247,0.0278368787349665,0.170752035944705));
#972=CARTESIAN_POINT('',(0.0245110005575685,0.0263704087293126,0.170540369278039));
#973=CARTESIAN_POINT('',(0.0270510003717123,0.0249039387236586,0.170328702611372));
#974=CARTESIAN_POINT('',(0.027051,0.0219709993561753,0.170117035944705));
#975=CARTESIAN_POINT('',(0.0270509996282876,0.0190380599886921,0.169905369278039));
#976=CARTESIAN_POINT('',(0.0245109994424315,0.0175715906268628,0.169693702611372));
#977=CARTESIAN_POINT('',(0.0219709992565753,0.0161051212650334,0.169482035944705));
#978=CARTESIAN_POINT('',(0.0194309994424315,0.0175715912706874,0.169270369278038));
#979=CARTESIAN_POINT('',(0.0168909996282877,0.0190380612763414,0.169058702611372));
#980=CARTESIAN_POINT('',(0.016891,0.0219710006438246,0.168847035944705));
#981=CARTESIAN_POINT('',(0.0168910003717124,0.0249039400113079,0.168635369278038));
#982=CARTESIAN_POINT('',(0.0194310005575685,0.0263704093731373,0.168423702611372));
#983=CARTESIAN_POINT('',(0.0219710007434247,0.0278368787349665,0.168212035944705));
#984=CARTESIAN_POINT('',(0.0245110005575685,0.0263704087293126,0.168000369278038));
#985=CARTESIAN_POINT('',(0.0270510003717123,0.0249039387236586,0.167788702611372));
#986=CARTESIAN_POINT('',(0.027051,0.0219709993561753,0.167577035944705));
#987=CARTESIAN_POINT('',(0.0270509996282876,0.0190380599886921,0.167365369278038));
#988=CARTESIAN_POINT('',(0.0245109994424315,0.0175715906268628,0.167153702611372));
#989=CARTESIAN_POINT('',(0.0219709992565753,0.0161051212650334,0.166942035944705));
#990=CARTESIAN_POINT('',(0.0194309994424315,0.0175715912706874,0.166730369278038));
#991=CARTESIAN_POINT('',(0.0168909996282877,0.0190380612763414,0.166518702611372));
#992=CARTESIAN_POINT('',(0.016891,0.0219710006438246,0.166307035944706));
#993=CARTESIAN_POINT('',(0.0168910003717124,0.0249039400113079,0.166095369278039));
#994=CARTESIAN_POINT('',(0.0194310005575685,0.0263704093731373,0.165883702611372));
#995=CARTESIAN_POINT('',(0.0219710007434247,0.0278368787349665,0.165672035944705));
#996=CARTESIAN_POINT('',(0.0245110005575685,0.0263704087293126,0.165460369278039));
#997=CARTESIAN_POINT('',(0.0270510003717123,0.0249039387236586,0.165248702611372));
#998=CARTESIAN_POINT('',(0.027051,0.0219709993561753,0.165037035944705));
#999=CARTESIAN_POINT('',(0.0270509996282876,0.0190380599886921,0.164825369278039));
#1000=CARTESIAN_POINT('',(0.0245109994424315,0.0175715906268628,0.164613702611372));
#1001=CARTESIAN_POINT('',(0.0219709992565753,0.0161051212650334,0.164402035944705));
#1002=CARTESIAN_POINT('',(0.0194309994424315,0.0175715912706874,0.164190369278038));
#1003=CARTESIAN_POINT('',(0.0168909996282877,0.0190380612763414,0.163978702611372));
#1004=CARTESIAN_POINT('',(0.016891,0.0219710006438246,0.163767035944705));
#1005=CARTESIAN_POINT('',(0.0168910003717124,0.0249039400113079,0.163555369278039));
#1006=CARTESIAN_POINT('',(0.0194310005575685,0.0263704093731373,0.163343702611372));
#1007=CARTESIAN_POINT('',(0.0219710007434247,0.0278368787349665,0.163132035944705));
#1008=CARTESIAN_POINT('',(0.0245110005575685,0.0263704087293126,0.162920369278038));
#1009=CARTESIAN_POINT('',(0.0270510003717123,0.0249039387236586,0.162708702611372));
#1010=CARTESIAN_POINT('',(0.027051,0.0219709993561753,0.162497035944705));
#1011=CARTESIAN_POINT('',(0.0270509996282876,0.0190380599886921,0.162285369278038));
#1012=CARTESIAN_POINT('',(0.0245109994424315,0.0175715906268628,0.162073702611372));
#1013=CARTESIAN_POINT('',(0.0219709992565753,0.0161051212650334,0.161862035944705));
#1014=CARTESIAN_POINT('',(0.0194309994424315,0.0175715912706874,0.161650369278038));
#1015=CARTESIAN_POINT('',(0.0168909996282877,0.0190380612763414,0.161438702611372));
#1016=CARTESIAN_POINT('',(0.016891,0.0219710006438246,0.161227035944705));
#1017=CARTESIAN_POINT('',(0.0168910003717124,0.0249039400113079,0.161015369278039));
#1018=CARTESIAN_POINT('',(0.0194310005575685,0.0263704093731373,0.160803702611372));
#1019=CARTESIAN_POINT('',(0.0219710007434247,0.0278368787349665,0.160592035944705));
#1020=CARTESIAN_POINT('',(0.0245110005575685,0.0263704087293126,0.160380369278039));
#1021=CARTESIAN_POINT('',(0.0270510003717123,0.0249039387236586,0.160168702611372));
#1022=CARTESIAN_POINT('',(0.027051,0.0219709993561753,0.159957035944705));
#1023=CARTESIAN_POINT('',(0.0270509996282876,0.0190380599886921,0.159745369278039));
#1024=CARTESIAN_POINT('',(0.0245109994424315,0.0175715906268628,0.159533702611372));
#1025=CARTESIAN_POINT('',(0.0219709992565753,0.0161051212650334,0.159322035944705));
#1026=CARTESIAN_POINT('',(0.0194309994424315,0.0175715912706874,0.159110369278038));
#1027=CARTESIAN_POINT('',(0.0168909996282877,0.0190380612763414,0.158898702611372));
#1028=CARTESIAN_POINT('',(0.016891,0.0219710006438246,0.158687035944705));
#1029=CARTESIAN_POINT('',(0.0168910003717124,0.0249039400113079,0.158475369278039));
#1030=CARTESIAN_POINT('',(0.0194310005575685,0.0263704093731373,0.158263702611372));
#1031=CARTESIAN_POINT('',(0.0219710007434247,0.0278368787349665,0.158052035944705));
#1032=CARTESIAN_POINT('',(0.0245110005575685,0.0263704087293126,0.157840369278038));
#1033=CARTESIAN_POINT('',(0.0270510003717123,0.0249039387236586,0.157628702611372));
#1034=CARTESIAN_POINT('',(0.027051,0.0219709993561753,0.157417035944705));
#1035=CARTESIAN_POINT('',(0.0270509996282876,0.0190380599886921,0.157205369278039));
#1036=CARTESIAN_POINT('',(0.0245109994424315,0.0175715906268628,0.156993702611372));
#1037=CARTESIAN_POINT('',(0.0219709992565753,0.0161051212650334,0.156782035944705));
#1038=CARTESIAN_POINT('',(0.0194309994424315,0.0175715912706874,0.156570369278038));
#1039=CARTESIAN_POINT('',(0.0168909996282877,0.0190380612763414,0.156358702611372));
#1040=CARTESIAN_POINT('',(0.016891,0.0219710006438246,0.156147035944705));
#1041=CARTESIAN_POINT('',(0.0168910003717124,0.0249039400113079,0.155935369278039));
#1042=CARTESIAN_POINT('',(0.0194310005575685,0.0263704093731373,0.155723702611372));
#1043=CARTESIAN_POINT('',(0.0219710007434247,0.0278368787349665,0.155512035944705));
#1044=CARTESIAN_POINT('',(0.0245110005575685,0.0263704087293126,0.155300369278039));
#1045=CARTESIAN_POINT('',(0.0270510003717123,0.0249039387236586,0.155088702611372));
#1046=CARTESIAN_POINT('',(0.027051,0.0219709993561753,0.154877035944705));
#1047=CARTESIAN_POINT('',(0.0270509996282876,0.0190380599886921,0.154665369278038));
#1048=CARTESIAN_POINT('',(0.0245109994424315,0.0175715906268628,0.154453702611372));
#1049=CARTESIAN_POINT('',(0.0219709992565753,0.0161051212650334,0.154242035944705));
#1050=CARTESIAN_POINT('',(0.0194309994424315,0.0175715912706874,0.154030369278038));
#1051=CARTESIAN_POINT('',(0.0168909996282877,0.0190380612763414,0.153818702611372));
#1052=CARTESIAN_POINT('',(0.016891,0.0219710006438246,0.153607035944705));
#1053=CARTESIAN_POINT('',(0.0168910003717124,0.0249039400113079,0.153395369278038));
#1054=CARTESIAN_POINT('',(0.0194310005575685,0.0263704093731373,0.153183702611372));
#1055=CARTESIAN_POINT('',(0.0219710007434247,0.0278368787349665,0.152972035944705));
#1056=CARTESIAN_POINT('',(0.0245110005575685,0.0263704087293126,0.152760369278038));
#1057=CARTESIAN_POINT('',(0.0270510003717123,0.0249039387236586,0.152548702611372));
#1058=CARTESIAN_POINT('',(0.027051,0.0219709993561753,0.152337035944705));
#1059=CARTESIAN_POINT('',(0.0270509996282876,0.0190380599886921,0.152125369278039));
#1060=CARTESIAN_POINT('',(0.0245109994424315,0.0175715906268628,0.151913702611372));
#1061=CARTESIAN_POINT('',(0.0219709992565753,0.0161051212650334,0.151702035944705));
#1062=CARTESIAN_POINT('',(0.0194309994424315,0.0175715912706874,0.151490369278038));
#1063=CARTESIAN_POINT('',(0.0168909996282877,0.0190380612763414,0.151278702611372));
#1064=CARTESIAN_POINT('',(0.016891,0.0219710006438246,0.151067035944705));
#1065=CARTESIAN_POINT('',(0.0168910003717124,0.0249039400113079,0.150855369278039));
#1066=CARTESIAN_POINT('',(0.0194310005575685,0.0263704093731373,0.150643702611372));
#1067=CARTESIAN_POINT('',(0.0219710007434247,0.0278368787349665,0.150432035944705));
#1068=CARTESIAN_POINT('',(0.0245110005575685,0.0263704087293126,0.150220369278039));
#1069=CARTESIAN_POINT('',(0.0270510003717123,0.0249039387236586,0.150008702611372));
#1070=CARTESIAN_POINT('',(0.027051,0.0219709993561753,0.149797035944705));
#1071=CARTESIAN_POINT('',(0.0270509996282876,0.0190380599886921,0.149585369278039));
#1072=CARTESIAN_POINT('',(0.0245109994424315,0.0175715906268628,0.149373702611372));
#1073=CARTESIAN_POINT('',(0.0219709992565753,0.0161051212650334,0.149162035944705));
#1074=CARTESIAN_POINT('',(0.0194309994424315,0.0175715912706874,0.148950369278039));
#1075=CARTESIAN_POINT('',(0.0168909996282877,0.0190380612763414,0.148738702611372));
#1076=CARTESIAN_POINT('',(0.016891,0.0219710006438246,0.148527035944705));
#1077=CARTESIAN_POINT('',(0.0168910003717124,0.0249039400113079,0.148315369278039));
#1078=CARTESIAN_POINT('',(0.0194310005575685,0.0263704093731373,0.148103702611372));
#1079=CARTESIAN_POINT('',(0.0219710007434247,0.0278368787349665,0.147892035944705));
#1080=CARTESIAN_POINT('',(0.0245110005575685,0.0263704087293126,0.147680369278039));
#1081=CARTESIAN_POINT('',(0.0270510003717123,0.0249039387236586,0.147468702611372));
#1082=CARTESIAN_POINT('',(0.027051,0.0219709993561753,0.147257035944705));
#1083=CARTESIAN_POINT('',(0.0270509996282876,0.0190380599886921,0.147045369278038));
#1084=CARTESIAN_POINT('',(0.0245109994424315,0.0175715906268628,0.146833702611372));
#1085=CARTESIAN_POINT('',(0.0219709992565753,0.0161051212650334,0.146622035944705));
#1086=CARTESIAN_POINT('',(0.0194309994424315,0.0175715912706874,0.146410369278039));
#1087=CARTESIAN_POINT('',(0.0168909996282877,0.0190380612763414,0.146198702611372));
#1088=CARTESIAN_POINT('',(0.016891,0.0219710006438246,0.145987035944705));
#1089=CARTESIAN_POINT('',(0.0168910003717124,0.0249039400113079,0.145775369278038));
#1090=CARTESIAN_POINT('',(0.0194310005575685,0.0263704093731373,0.145563702611372));
#1091=CARTESIAN_POINT('',(0.0219710007434247,0.0278368787349665,0.145352035944705));
#1092=CARTESIAN_POINT('',(0.0245110005575685,0.0263704087293126,0.145140369278039));
#1093=CARTESIAN_POINT('',(0.0270510003717123,0.0249039387236586,0.144928702611372));
#1094=CARTESIAN_POINT('',(0.027051,0.0219709993561753,0.144717035944705));
#1095=CARTESIAN_POINT('',(0.0270509996282876,0.0190380599886921,0.144505369278039));
#1096=CARTESIAN_POINT('',(0.0245109994424315,0.0175715906268628,0.144293702611372));
#1097=CARTESIAN_POINT('',(0.0219709992565753,0.0161051212650334,0.144082035944705));
#1098=CARTESIAN_POINT('',(0.0194309994424315,0.0175715912706874,0.143870369278039));
#1099=CARTESIAN_POINT('',(0.0168909996282877,0.0190380612763414,0.143658702611372));
#1100=CARTESIAN_POINT('',(0.016891,0.0219710006438246,0.143447035944705));
#1101=CARTESIAN_POINT('',(0.0168910003717124,0.0249039400113079,0.143235369278039));
#1102=CARTESIAN_POINT('',(0.0194310005575685,0.0263704093731373,0.143023702611372));
#1103=CARTESIAN_POINT('',(0.0219710007434247,0.0278368787349665,0.142812035944705));
#1104=CARTESIAN_POINT('',(0.0245110005575685,0.0263704087293126,0.142600369278039));
#1105=CARTESIAN_POINT('',(0.0270510003717123,0.0249039387236586,0.142388702611372));
#1106=CARTESIAN_POINT('',(0.027051,0.0219709993561753,0.142177035944705));
#1107=CARTESIAN_POINT('',(0.0270509996282876,0.0190380599886921,0.141965369278039));
#1108=CARTESIAN_POINT('',(0.0245109994424315,0.0175715906268628,0.141753702611372));
#1109=CARTESIAN_POINT('',(0.0219709992565753,0.0161051212650334,0.141542035944705));
#1110=CARTESIAN_POINT('',(0.0194309994424315,0.0175715912706874,0.141330369278039));
#1111=CARTESIAN_POINT('',(0.0168909996282877,0.0190380612763414,0.141118702611372));
#1112=CARTESIAN_POINT('',(0.016891,0.0219710006438246,0.140907035944705));
#1113=CARTESIAN_POINT('',(0.0168910003717124,0.0249039400113079,0.140695369278038));
#1114=CARTESIAN_POINT('',(0.0194310005575685,0.0263704093731373,0.140483702611372));
#1115=CARTESIAN_POINT('',(0.0219710007434247,0.0278368787349665,0.140272035944705));
#1116=CARTESIAN_POINT('',(0.0245110005575685,0.0263704087293126,0.140060369278039));
#1117=CARTESIAN_POINT('',(0.0270510003717123,0.0249039387236586,0.139848702611372));
#1118=CARTESIAN_POINT('',(0.027051,0.0219709993561753,0.139637035944705));
#1119=CARTESIAN_POINT('',(0.0270509996282876,0.0190380599886921,0.139425369278039));
#1120=CARTESIAN_POINT('',(0.0245109994424315,0.0175715906268628,0.139213702611372));
#1121=CARTESIAN_POINT('',(0.0219709992565753,0.0161051212650334,0.139002035944705));
#1122=CARTESIAN_POINT('',(0.0194309994424315,0.0175715912706874,0.138790369278039));
#1123=CARTESIAN_POINT('',(0.0168909996282877,0.0190380612763414,0.138578702611372));
#1124=CARTESIAN_POINT('',(0.016891,0.0219710006438246,0.138367035944705));
#1125=CARTESIAN_POINT('',(0.0168910003717124,0.0249039400113079,0.138155369278039));
#1126=CARTESIAN_POINT('',(0.0194310005575685,0.0263704093731373,0.137943702611372));
#1127=CARTESIAN_POINT('',(0.0219710007434247,0.0278368787349665,0.137732035944705));
#1128=CARTESIAN_POINT('',(0.0245110005575685,0.0263704087293126,0.137520369278039));
#1129=CARTESIAN_POINT('',(0.0270510003717123,0.0249039387236586,0.137308702611372));
#1130=CARTESIAN_POINT('',(0.027051,0.0219709993561753,0.137097035944705));
#1131=CARTESIAN_POINT('',(0.0270509996282876,0.0190380599886921,0.136885369278039));
#1132=CARTESIAN_POINT('',(0.0245109994424315,0.0175715906268628,0.136673702611372));
#1133=CARTESIAN_POINT('',(0.0219709992565753,0.0161051212650334,0.136462035944705));
#1134=CARTESIAN_POINT('',(0.0194309994424315,0.0175715912706874,0.136250369278039));
#1135=CARTESIAN_POINT('',(0.0168909996282877,0.0190380612763414,0.136038702611372));
#1136=CARTESIAN_POINT('',(0.016891,0.0219710006438246,0.135827035944705));
#1137=CARTESIAN_POINT('',(0.0168910003717124,0.0249039400113079,0.135615369278039));
#1138=CARTESIAN_POINT('',(0.0194310005575685,0.0263704093731373,0.135403702611372));
#1139=CARTESIAN_POINT('',(0.0219710007434247,0.0278368787349665,0.135192035944705));
#1140=CARTESIAN_POINT('',(0.0245110005575685,0.0263704087293126,0.134980369278039));
#1141=CARTESIAN_POINT('',(0.0270510003717123,0.0249039387236586,0.134768702611372));
#1142=CARTESIAN_POINT('',(0.027051,0.0219709993561753,0.134557035944705));
#1143=CARTESIAN_POINT('',(0.0270509996282876,0.0190380599886921,0.134345369278039));
#1144=CARTESIAN_POINT('',(0.0245109994424315,0.0175715906268628,0.134133702611372));
#1145=CARTESIAN_POINT('',(0.0219709992565753,0.0161051212650334,0.133922035944705));
#1146=CARTESIAN_POINT('',(0.0194309994424315,0.0175715912706874,0.133710369278039));
#1147=CARTESIAN_POINT('',(0.0168909996282877,0.0190380612763414,0.133498702611372));
#1148=CARTESIAN_POINT('',(0.016891,0.0219710006438246,0.133287035944705));
#1149=CARTESIAN_POINT('',(0.0168910003717124,0.0249039400113079,0.133075369278038));
#1150=CARTESIAN_POINT('',(0.0194310005575685,0.0263704093731373,0.132863702611372));
#1151=CARTESIAN_POINT('',(0.0219710007434247,0.0278368787349665,0.132652035944705));
#1152=CARTESIAN_POINT('',(0.0245110005575685,0.0263704087293126,0.132440369278039));
#1153=CARTESIAN_POINT('',(0.0270510003717123,0.0249039387236586,0.132228702611372));
#1154=CARTESIAN_POINT('',(0.027051,0.0219709993561753,0.132017035944705));
#1155=CARTESIAN_POINT('',(0.0270509996282876,0.0190380599886921,0.131805369278039));
#1156=CARTESIAN_POINT('',(0.0245109994424315,0.0175715906268628,0.131593702611372));
#1157=CARTESIAN_POINT('',(0.0219709992565753,0.0161051212650334,0.131382035944705));
#1158=CARTESIAN_POINT('',(0.0194309994424315,0.0175715912706874,0.131170369278039));
#1159=CARTESIAN_POINT('',(0.0168909996282877,0.0190380612763414,0.130958702611372));
#1160=CARTESIAN_POINT('',(0.016891,0.0219710006438246,0.130747035944705));
#1161=CARTESIAN_POINT('',(0.0168910003717124,0.0249039400113079,0.130535369278039));
#1162=CARTESIAN_POINT('',(0.0194310005575685,0.0263704093731373,0.130323702611372));
#1163=CARTESIAN_POINT('',(0.0219710007434247,0.0278368787349665,0.130112035944705));
#1164=CARTESIAN_POINT('',(0.0245110005575685,0.0263704087293126,0.129900369278039));
#1165=CARTESIAN_POINT('',(0.0270510003717123,0.0249039387236586,0.129688702611372));
#1166=CARTESIAN_POINT('',(0.027051,0.0219709993561753,0.129477035944705));
#1167=CARTESIAN_POINT('',(0.0270509996282876,0.0190380599886921,0.129265369278039));
#1168=CARTESIAN_POINT('',(0.0245109994424315,0.0175715906268628,0.129053702611372));
#1169=CARTESIAN_POINT('',(0.0219709992565753,0.0161051212650334,0.128842035944705));
#1170=CARTESIAN_POINT('',(0.0194309994424315,0.0175715912706874,0.128630369278039));
#1171=CARTESIAN_POINT('',(0.0168909996282877,0.0190380612763414,0.128418702611372));
#1172=CARTESIAN_POINT('',(0.016891,0.0219710006438246,0.128207035944705));
#1173=CARTESIAN_POINT('',(0.0168910003717124,0.0249039400113079,0.127995369278039));
#1174=CARTESIAN_POINT('',(0.0194310005575685,0.0263704093731373,0.127783702611372));
#1175=CARTESIAN_POINT('',(0.0219710007434247,0.0278368787349665,0.127572035944705));
#1176=CARTESIAN_POINT('',(0.0245110005575685,0.0263704087293126,0.127360369278039));
#1177=CARTESIAN_POINT('',(0.0270510003717123,0.0249039387236586,0.127148702611372));
#1178=CARTESIAN_POINT('',(0.027051,0.0219709993561753,0.126937035944705));
#1179=CARTESIAN_POINT('',(0.0270509996282876,0.0190380599886921,0.126725369278038));
#1180=CARTESIAN_POINT('',(0.0245109994424315,0.0175715906268628,0.126513702611372));
#1181=CARTESIAN_POINT('',(0.0219709992565753,0.0161051212650334,0.126302035944705));
#1182=CARTESIAN_POINT('',(0.0194309994424315,0.0175715912706874,0.126090369278039));
#1183=CARTESIAN_POINT('',(0.0168909996282877,0.0190380612763414,0.125878702611372));
#1184=CARTESIAN_POINT('',(0.016891,0.0219710006438246,0.125667035944705));
#1185=CARTESIAN_POINT('',(0.0168910003717124,0.0249039400113079,0.125455369278039));
#1186=CARTESIAN_POINT('',(0.0194310005575685,0.0263704093731373,0.125243702611372));
#1187=CARTESIAN_POINT('',(0.0219710007434247,0.0278368787349665,0.125032035944705));
#1188=CARTESIAN_POINT('',(0.0245110005575685,0.0263704087293126,0.124820369278039));
#1189=CARTESIAN_POINT('',(0.0270510003717123,0.0249039387236586,0.124608702611372));
#1190=CARTESIAN_POINT('',(0.027051,0.0219709993561753,0.124397035944705));
#1191=CARTESIAN_POINT('',(0.0270509996282876,0.0190380599886921,0.124185369278039));
#1192=CARTESIAN_POINT('',(0.0245109994424315,0.0175715906268628,0.123973702611372));
#1193=CARTESIAN_POINT('',(0.0219709992565753,0.0161051212650334,0.123762035944705));
#1194=CARTESIAN_POINT('',(0.0194309994424315,0.0175715912706874,0.123550369278039));
#1195=CARTESIAN_POINT('',(0.0168909996282877,0.0190380612763414,0.123338702611372));
#1196=CARTESIAN_POINT('',(0.016891,0.0219710006438246,0.123127035944705));
#1197=CARTESIAN_POINT('',(0.0168910003717124,0.0249039400113079,0.122915369278039));
#1198=CARTESIAN_POINT('',(0.0194310005575685,0.0263704093731373,0.122703702611372));
#1199=CARTESIAN_POINT('',(0.0219710007434247,0.0278368787349665,0.122492035944705));
#1200=CARTESIAN_POINT('',(0.0245110005575685,0.0263704087293126,0.122280369278039));
#1201=CARTESIAN_POINT('',(0.0270510003717123,0.0249039387236586,0.122068702611372));
#1202=CARTESIAN_POINT('',(0.027051,0.0219709993561753,0.121857035944705));
#1203=CARTESIAN_POINT('',(0.0270509996282876,0.0190380599886921,0.121645369278038));
#1204=CARTESIAN_POINT('',(0.0245109994424315,0.0175715906268628,0.121433702611372));
#1205=CARTESIAN_POINT('',(0.0219709992565753,0.0161051212650334,0.121222035944705));
#1206=CARTESIAN_POINT('',(0.0194309994424315,0.0175715912706874,0.121010369278039));
#1207=CARTESIAN_POINT('',(0.0168909996282877,0.0190380612763414,0.120798702611372));
#1208=CARTESIAN_POINT('',(0.016891,0.0219710006438246,0.120587035944705));
#1209=CARTESIAN_POINT('',(0.0168910003717124,0.0249039400113079,0.120375369278038));
#1210=CARTESIAN_POINT('',(0.0194310005575685,0.0263704093731373,0.120163702611372));
#1211=CARTESIAN_POINT('',(0.0219710007434247,0.0278368787349665,0.119952035944705));
#1212=CARTESIAN_POINT('',(0.0245110005575685,0.0263704087293126,0.119740369278039));
#1213=CARTESIAN_POINT('',(0.0270510003717123,0.0249039387236586,0.119528702611372));
#1214=CARTESIAN_POINT('',(0.027051,0.0219709993561753,0.119317035944705));
#1215=CARTESIAN_POINT('',(0.0270509996282876,0.0190380599886921,0.119105369278038));
#1216=CARTESIAN_POINT('',(0.0245109994424315,0.0175715906268628,0.118893702611372));
#1217=CARTESIAN_POINT('',(0.0219709992565753,0.0161051212650334,0.118682035944705));
#1218=CARTESIAN_POINT('',(0.0194309994424315,0.0175715912706874,0.118470369278039));
#1219=CARTESIAN_POINT('',(0.0168909996282877,0.0190380612763414,0.118258702611372));
#1220=CARTESIAN_POINT('',(0.016891,0.0219710006438246,0.118047035944705));
#1221=CARTESIAN_POINT('',(0.0168910003717124,0.0249039400113079,0.117835369278039));
#1222=CARTESIAN_POINT('',(0.0194310005575685,0.0263704093731373,0.117623702611372));
#1223=CARTESIAN_POINT('',(0.0219710007434247,0.0278368787349665,0.117412035944705));
#1224=CARTESIAN_POINT('',(0.0245110005575685,0.0263704087293126,0.117200369278039));
#1225=CARTESIAN_POINT('',(0.0270510003717123,0.0249039387236586,0.116988702611372));
#1226=CARTESIAN_POINT('',(0.027051,0.0219709993561753,0.116777035944705));
#1227=CARTESIAN_POINT('',(0.0270509996282876,0.0190380599886921,0.116565369278039));
#1228=CARTESIAN_POINT('',(0.0245109994424315,0.0175715906268628,0.116353702611372));
#1229=CARTESIAN_POINT('',(0.0219709992565753,0.0161051212650334,0.116142035944705));
#1230=CARTESIAN_POINT('',(0.0194309994424315,0.0175715912706874,0.115930369278039));
#1231=CARTESIAN_POINT('',(0.0168909996282877,0.0190380612763414,0.115718702611372));
#1232=CARTESIAN_POINT('',(0.016891,0.0219710006438246,0.115507035944705));
#1233=CARTESIAN_POINT('',(0.0168910003717124,0.0249039400113079,0.115295369278039));
#1234=CARTESIAN_POINT('',(0.0194310005575685,0.0263704093731373,0.115083702611372));
#1235=CARTESIAN_POINT('',(0.0219710007434247,0.0278368787349665,0.114872035944705));
#1236=CARTESIAN_POINT('',(0.0245110005575685,0.0263704087293126,0.114660369278039));
#1237=CARTESIAN_POINT('',(0.0270510003717123,0.0249039387236586,0.114448702611372));
#1238=CARTESIAN_POINT('',(0.027051,0.0219709993561753,0.114237035944705));
#1239=CARTESIAN_POINT('',(0.0270509996282876,0.0190380599886921,0.114025369278039));
#1240=CARTESIAN_POINT('',(0.0245109994424315,0.0175715906268628,0.113813702611372));
#1241=CARTESIAN_POINT('',(0.0219709992565753,0.0161051212650334,0.113602035944705));
#1242=CARTESIAN_POINT('',(0.0194309994424315,0.0175715912706874,0.113390369278039));
#1243=CARTESIAN_POINT('',(0.0168909996282877,0.0190380612763414,0.113178702611372));
#1244=CARTESIAN_POINT('',(0.016891,0.0219710006438246,0.112967035944705));
#1245=CARTESIAN_POINT('',(0.0168910003717124,0.0249039400113079,0.112755369278039));
#1246=CARTESIAN_POINT('',(0.0194310005575685,0.0263704093731373,0.112543702611372));
#1247=CARTESIAN_POINT('',(0.0219710007434247,0.0278368787349665,0.112332035944705));
#1248=CARTESIAN_POINT('',(0.0245110005575685,0.0263704087293126,0.112120369278039));
#1249=CARTESIAN_POINT('',(0.0270510003717123,0.0249039387236586,0.111908702611372));
#1250=CARTESIAN_POINT('',(0.027051,0.0219709993561753,0.111697035944705));
#1251=CARTESIAN_POINT('',(0.0270509996282876,0.0190380599886921,0.111485369278039));
#1252=CARTESIAN_POINT('',(0.0245109994424315,0.0175715906268628,0.111273702611372));
#1253=CARTESIAN_POINT('',(0.0219709992565753,0.0161051212650334,0.111062035944705));
#1254=CARTESIAN_POINT('',(0.0194309994424315,0.0175715912706874,0.110850369278039));
#1255=CARTESIAN_POINT('',(0.0168909996282877,0.0190380612763414,0.110638702611372));
#1256=CARTESIAN_POINT('',(0.016891,0.0219710006438246,0.110427035944705));
#1257=CARTESIAN_POINT('',(0.0168910003717124,0.0249039400113079,0.110215369278039));
#1258=CARTESIAN_POINT('',(0.0194310005575685,0.0263704093731373,0.110003702611372));
#1259=CARTESIAN_POINT('',(0.0219710007434247,0.0278368787349665,0.109792035944705));
#1260=CARTESIAN_POINT('',(0.0245110005575685,0.0263704087293126,0.109580369278039));
#1261=CARTESIAN_POINT('',(0.0270510003717123,0.0249039387236586,0.109368702611372));
#1262=CARTESIAN_POINT('',(0.027051,0.0219709993561753,0.109157035944705));
#1263=CARTESIAN_POINT('',(0.0270509996282876,0.0190380599886921,0.108945369278039));
#1264=CARTESIAN_POINT('',(0.0245109994424315,0.0175715906268628,0.108733702611372));
#1265=CARTESIAN_POINT('',(0.0219709992565753,0.0161051212650334,0.108522035944705));
#1266=CARTESIAN_POINT('',(0.0194309994424315,0.0175715912706874,0.108310369278039));
#1267=CARTESIAN_POINT('',(0.0168909996282877,0.0190380612763414,0.108098702611372));
#1268=CARTESIAN_POINT('',(0.016891,0.0219710006438246,0.107887035944705));
#1269=CARTESIAN_POINT('',(0.0168910003717124,0.0249039400113079,0.107675369278039));
#1270=CARTESIAN_POINT('',(0.0194310005575685,0.0263704093731373,0.107463702611372));
#1271=CARTESIAN_POINT('',(0.0219710007434247,0.0278368787349665,0.107252035944705));
#1272=CARTESIAN_POINT('',(0.0245110005575685,0.0263704087293126,0.107040369278039));
#1273=CARTESIAN_POINT('',(0.0270510003717123,0.0249039387236586,0.106828702611372));
#1274=CARTESIAN_POINT('',(0.027051,0.0219709993561753,0.106617035944705));
#1275=CARTESIAN_POINT('',(0.0270509996282876,0.0190380599886921,0.106405369278039));
#1276=CARTESIAN_POINT('',(0.0245109994424315,0.0175715906268628,0.106193702611372));
#1277=CARTESIAN_POINT('',(0.0219709992565753,0.0161051212650334,0.105982035944705));
#1278=CARTESIAN_POINT('',(0.0194309994424315,0.0175715912706874,0.105770369278039));
#1279=CARTESIAN_POINT('',(0.0168909996282877,0.0190380612763414,0.105558702611372));
#1280=CARTESIAN_POINT('',(0.016891,0.0219710006438246,0.105347035944705));
#1281=CARTESIAN_POINT('',(0.0168910003717124,0.0249039400113079,0.105135369278039));
#1282=CARTESIAN_POINT('',(0.0194310005575685,0.0263704093731373,0.104923702611372));
#1283=CARTESIAN_POINT('',(0.0219710007434247,0.0278368787349665,0.104712035944705));
#1284=CARTESIAN_POINT('',(0.0245110005575685,0.0263704087293126,0.104500369278039));
#1285=CARTESIAN_POINT('',(0.0270510003717123,0.0249039387236586,0.104288702611372));
#1286=CARTESIAN_POINT('',(0.027051,0.0219709993561753,0.104077035944705));
#1287=CARTESIAN_POINT('',(0.0270509996282876,0.0190380599886921,0.103865369278039));
#1288=CARTESIAN_POINT('',(0.0245109994424315,0.0175715906268628,0.103653702611372));
#1289=CARTESIAN_POINT('',(0.0219709992565753,0.0161051212650334,0.103442035944705));
#1290=CARTESIAN_POINT('',(0.0194309994424315,0.0175715912706874,0.103230369278039));
#1291=CARTESIAN_POINT('',(0.0168909996282877,0.0190380612763414,0.103018702611372));
#1292=CARTESIAN_POINT('',(0.016891,0.0219710006438246,0.102807035944705));
#1293=CARTESIAN_POINT('',(0.0168910003717124,0.0249039400113079,0.102595369278039));
#1294=CARTESIAN_POINT('',(0.0194310005575685,0.0263704093731373,0.102383702611372));
#1295=CARTESIAN_POINT('',(0.0219710007434247,0.0278368787349665,0.102172035944705));
#1296=CARTESIAN_POINT('',(0.0245110005575685,0.0263704087293126,0.101960369278039));
#1297=CARTESIAN_POINT('',(0.0270510003717123,0.0249039387236586,0.101748702611372));
#1298=CARTESIAN_POINT('',(0.027051,0.0219709993561753,0.101537035944705));
#1299=CARTESIAN_POINT('',(0.0270509996282876,0.0190380599886921,0.101325369278039));
#1300=CARTESIAN_POINT('',(0.0245109994424315,0.0175715906268628,0.101113702611372));
#1301=CARTESIAN_POINT('',(0.0219709992565753,0.0161051212650334,0.100902035944705));
#1302=CARTESIAN_POINT('',(0.0194309994424315,0.0175715912706874,0.100690369278039));
#1303=CARTESIAN_POINT('',(0.0168909996282877,0.0190380612763414,0.100478702611372));
#1304=CARTESIAN_POINT('',(0.016891,0.0219710006438246,0.100267035944705));
#1305=CARTESIAN_POINT('',(0.0168910003717124,0.0249039400113079,0.100055369278039));
#1306=CARTESIAN_POINT('',(0.0194310005575685,0.0263704093731373,0.099843702611372));
#1307=CARTESIAN_POINT('',(0.0219710007434247,0.0278368787349665,0.0996320359447053));
#1308=CARTESIAN_POINT('',(0.0245110005575685,0.0263704087293126,0.0994203692780386));
#1309=CARTESIAN_POINT('',(0.0270510003717123,0.0249039387236586,0.0992087026113719));
#1310=CARTESIAN_POINT('',(0.027051,0.0219709993561753,0.0989970359447053));
#1311=CARTESIAN_POINT('',(0.0270509996282876,0.0190380599886921,0.0987853692780386));
#1312=CARTESIAN_POINT('',(0.0245109994424315,0.0175715906268628,0.098573702611372));
#1313=CARTESIAN_POINT('',(0.0219709992565753,0.0161051212650334,0.0983620359447053));
#1314=CARTESIAN_POINT('',(0.0194309994424315,0.0175715912706874,0.0981503692780386));
#1315=CARTESIAN_POINT('',(0.0168909996282877,0.0190380612763414,0.097938702611372));
#1316=CARTESIAN_POINT('',(0.016891,0.0219710006438246,0.0977270359447053));
#1317=CARTESIAN_POINT('',(0.0168910003717124,0.0249039400113079,0.0975153692780387));
#1318=CARTESIAN_POINT('',(0.0194310005575685,0.0263704093731373,0.097303702611372));
#1319=CARTESIAN_POINT('',(0.0219710007434247,0.0278368787349665,0.0970920359447053));
#1320=CARTESIAN_POINT('',(0.0245110005575685,0.0263704087293126,0.0968803692780386));
#1321=CARTESIAN_POINT('',(0.0270510003717123,0.0249039387236586,0.0966687026113719));
#1322=CARTESIAN_POINT('',(0.027051,0.0219709993561753,0.0964570359447053));
#1323=CARTESIAN_POINT('',(0.0270509996282876,0.0190380599886921,0.0962453692780386));
#1324=CARTESIAN_POINT('',(0.0245109994424315,0.0175715906268628,0.096033702611372));
#1325=CARTESIAN_POINT('',(0.0219709992565753,0.0161051212650334,0.0958220359447053));
#1326=CARTESIAN_POINT('',(0.0194309994424315,0.0175715912706874,0.0956103692780386));
#1327=CARTESIAN_POINT('',(0.0168909996282877,0.0190380612763414,0.0953987026113719));
#1328=CARTESIAN_POINT('',(0.016891,0.0219710006438246,0.0951870359447053));
#1329=CARTESIAN_POINT('',(0.0168910003717124,0.0249039400113079,0.0949753692780386));
#1330=CARTESIAN_POINT('',(0.0194310005575685,0.0263704093731373,0.094763702611372));
#1331=CARTESIAN_POINT('',(0.0219710007434247,0.0278368787349665,0.0945520359447053));
#1332=CARTESIAN_POINT('',(0.0245110005575685,0.0263704087293126,0.0943403692780386));
#1333=CARTESIAN_POINT('',(0.0270510003717123,0.0249039387236586,0.0941287026113719));
#1334=CARTESIAN_POINT('',(0.027051,0.0219709993561753,0.0939170359447053));
#1335=CARTESIAN_POINT('',(0.0270509996282876,0.0190380599886921,0.0937053692780385));
#1336=CARTESIAN_POINT('',(0.0245109994424315,0.0175715906268628,0.093493702611372));
#1337=CARTESIAN_POINT('',(0.0219709992565753,0.0161051212650334,0.0932820359447052));
#1338=CARTESIAN_POINT('',(0.0194309994424315,0.0175715912706874,0.0930703692780386));
#1339=CARTESIAN_POINT('',(0.0168909996282877,0.0190380612763414,0.0928587026113719));
#1340=CARTESIAN_POINT('',(0.016891,0.0219710006438246,0.0926470359447053));
#1341=CARTESIAN_POINT('',(0.0168910003717124,0.0249039400113079,0.0924353692780386));
#1342=CARTESIAN_POINT('',(0.0194310005575685,0.0263704093731373,0.092223702611372));
#1343=CARTESIAN_POINT('',(0.0219710007434247,0.0278368787349665,0.0920120359447053));
#1344=CARTESIAN_POINT('',(0.0245110005575685,0.0263704087293126,0.0918003692780386));
#1345=CARTESIAN_POINT('',(0.0270510003717123,0.0249039387236586,0.091588702611372));
#1346=CARTESIAN_POINT('',(0.027051,0.0219709993561753,0.0913770359447053));
#1347=CARTESIAN_POINT('',(0.0270509996282876,0.0190380599886921,0.0911653692780386));
#1348=CARTESIAN_POINT('',(0.0245109994424315,0.0175715906268628,0.090953702611372));
#1349=CARTESIAN_POINT('',(0.0219709992565753,0.0161051212650334,0.0907420359447053));
#1350=CARTESIAN_POINT('',(0.0194309994424315,0.0175715912706874,0.0905303692780386));
#1351=CARTESIAN_POINT('',(0.0168909996282877,0.0190380612763414,0.0903187026113719));
#1352=CARTESIAN_POINT('',(0.016891,0.0219710006438246,0.0901070359447053));
#1353=CARTESIAN_POINT('',(0.0168910003717124,0.0249039400113079,0.0898953692780386));
#1354=CARTESIAN_POINT('',(0.0194310005575685,0.0263704093731373,0.089683702611372));
#1355=CARTESIAN_POINT('',(0.0219710007434247,0.0278368787349665,0.0894720359447052));
#1356=CARTESIAN_POINT('',(0.0245110005575685,0.0263704087293126,0.0892603692780386));
#1357=CARTESIAN_POINT('',(0.0270510003717123,0.0249039387236586,0.0890487026113719));
#1358=CARTESIAN_POINT('',(0.027051,0.0219709993561753,0.0888370359447053));
#1359=CARTESIAN_POINT('',(0.0270509996282876,0.0190380599886921,0.0886253692780386));
#1360=CARTESIAN_POINT('',(0.0245109994424315,0.0175715906268628,0.088413702611372));
#1361=CARTESIAN_POINT('',(0.0219709992565753,0.0161051212650334,0.0882020359447053));
#1362=CARTESIAN_POINT('',(0.0194309994424315,0.0175715912706874,0.0879903692780386));
#1363=CARTESIAN_POINT('',(0.0168909996282877,0.0190380612763414,0.087778702611372));
#1364=CARTESIAN_POINT('',(0.016891,0.0219710006438246,0.0875670359447053));
#1365=CARTESIAN_POINT('',(0.0168910003717124,0.0249039400113079,0.0873553692780387));
#1366=CARTESIAN_POINT('',(0.0194310005575685,0.0263704093731373,0.087143702611372));
#1367=CARTESIAN_POINT('',(0.0219710007434247,0.0278368787349665,0.0869320359447052));
#1368=CARTESIAN_POINT('',(0.0245110005575685,0.0263704087293126,0.0867203692780386));
#1369=CARTESIAN_POINT('',(0.0270510003717123,0.0249039387236586,0.0865087026113719));
#1370=CARTESIAN_POINT('',(0.027051,0.0219709993561753,0.0862970359447053));
#1371=CARTESIAN_POINT('',(0.0270509996282876,0.0190380599886921,0.0860853692780386));
#1372=CARTESIAN_POINT('',(0.0245109994424315,0.0175715906268628,0.085873702611372));
#1373=CARTESIAN_POINT('',(0.0219709992565753,0.0161051212650334,0.0856620359447053));
#1374=CARTESIAN_POINT('',(0.0194309994424315,0.0175715912706874,0.0854503692780386));
#1375=CARTESIAN_POINT('',(0.0168909996282877,0.0190380612763414,0.0852387026113719));
#1376=CARTESIAN_POINT('',(0.016891,0.0219710006438246,0.0850270359447053));
#1377=CARTESIAN_POINT('',(0.0168910003717124,0.0249039400113079,0.0848153692780386));
#1378=CARTESIAN_POINT('',(0.0194310005575685,0.0263704093731373,0.084603702611372));
#1379=CARTESIAN_POINT('',(0.0219710007434247,0.0278368787349665,0.0843920359447053));
#1380=CARTESIAN_POINT('',(0.0245110005575685,0.0263704087293126,0.0841803692780386));
#1381=CARTESIAN_POINT('',(0.0270510003717123,0.0249039387236586,0.083968702611372));
#1382=CARTESIAN_POINT('',(0.027051,0.0219709993561753,0.0837570359447053));
#1383=CARTESIAN_POINT('',(0.0270509996282876,0.0190380599886921,0.0835453692780385));
#1384=CARTESIAN_POINT('',(0.0245109994424315,0.0175715906268628,0.083333702611372));
#1385=CARTESIAN_POINT('',(0.0219709992565753,0.0161051212650334,0.0831220359447052));
#1386=CARTESIAN_POINT('',(0.0194309994424315,0.0175715912706874,0.0829103692780386));
#1387=CARTESIAN_POINT('',(0.0168909996282877,0.0190380612763414,0.0826987026113719));
#1388=CARTESIAN_POINT('',(0.016891,0.0219710006438246,0.0824870359447053));
#1389=CARTESIAN_POINT('',(0.0168910003717124,0.0249039400113079,0.0822753692780386));
#1390=CARTESIAN_POINT('',(0.0194310005575685,0.0263704093731373,0.082063702611372));
#1391=CARTESIAN_POINT('',(0.0219710007434247,0.0278368787349665,0.0818520359447053));
#1392=CARTESIAN_POINT('',(0.0245110005575685,0.0263704087293126,0.0816403692780386));
#1393=CARTESIAN_POINT('',(0.0270510003717123,0.0249039387236586,0.081428702611372));
#1394=CARTESIAN_POINT('',(0.027051,0.0219709993561753,0.0812170359447053));
#1395=CARTESIAN_POINT('',(0.0270509996282876,0.0190380599886921,0.0810053692780387));
#1396=CARTESIAN_POINT('',(0.0245109994424315,0.0175715906268628,0.080793702611372));
#1397=CARTESIAN_POINT('',(0.0219709992565753,0.0161051212650334,0.0805820359447052));
#1398=CARTESIAN_POINT('',(0.0194309994424315,0.0175715912706874,0.0803703692780386));
#1399=CARTESIAN_POINT('',(0.0168909996282877,0.0190380612763414,0.080158702611372));
#1400=CARTESIAN_POINT('',(0.016891,0.0219710006438246,0.0799470359447053));
#1401=CARTESIAN_POINT('',(0.0168910003717124,0.0249039400113079,0.0797353692780386));
#1402=CARTESIAN_POINT('',(0.0194310005575685,0.0263704093731373,0.079523702611372));
#1403=CARTESIAN_POINT('',(0.0219710007434247,0.0278368787349665,0.0793120359447052));
#1404=CARTESIAN_POINT('',(0.0245110005575685,0.0263704087293126,0.0791003692780386));
#1405=CARTESIAN_POINT('',(0.0270510003717123,0.0249039387236586,0.0788887026113719));
#1406=CARTESIAN_POINT('',(0.027051,0.0219709993561753,0.0786770359447053));
#1407=CARTESIAN_POINT('',(0.0270509996282876,0.0190380599886921,0.0784653692780386));
#1408=CARTESIAN_POINT('',(0.0245109994424315,0.0175715906268628,0.078253702611372));
#1409=CARTESIAN_POINT('',(0.0219709992565753,0.0161051212650334,0.0780420359447053));
#1410=CARTESIAN_POINT('',(0.0194309994424315,0.0175715912706874,0.0778303692780386));
#1411=CARTESIAN_POINT('',(0.0168909996282877,0.0190380612763414,0.077618702611372));
#1412=CARTESIAN_POINT('',(0.016891,0.0219710006438246,0.0774070359447053));
#1413=CARTESIAN_POINT('',(0.0168910003717124,0.0249039400113079,0.0771953692780385));
#1414=CARTESIAN_POINT('',(0.0194310005575685,0.0263704093731373,0.076983702611372));
#1415=CARTESIAN_POINT('',(0.0219710007434247,0.0278368787349665,0.0767720359447052));
#1416=CARTESIAN_POINT('',(0.0245110005575685,0.0263704087293126,0.0765603692780386));
#1417=CARTESIAN_POINT('',(0.0270510003717123,0.0249039387236586,0.0763487026113719));
#1418=CARTESIAN_POINT('',(0.027051,0.0219709993561753,0.0761370359447053));
#1419=CARTESIAN_POINT('',(0.0270509996282876,0.0190380599886921,0.0759253692780386));
#1420=CARTESIAN_POINT('',(0.0245109994424315,0.0175715906268628,0.075713702611372));
#1421=CARTESIAN_POINT('',(0.0219709992565753,0.0161051212650334,0.0755020359447053));
#1422=CARTESIAN_POINT('',(0.0194309994424315,0.0175715912706874,0.0752903692780386));
#1423=CARTESIAN_POINT('',(0.0168909996282877,0.0190380612763414,0.075078702611372));
#1424=CARTESIAN_POINT('',(0.016891,0.0219710006438246,0.0748670359447053));
#1425=CARTESIAN_POINT('',(0.0168910003717124,0.0249039400113079,0.0746553692780386));
#1426=CARTESIAN_POINT('',(0.0194310005575685,0.0263704093731373,0.074443702611372));
#1427=CARTESIAN_POINT('',(0.0219710007434247,0.0278368787349665,0.0742320359447053));
#1428=CARTESIAN_POINT('',(0.0245110005575685,0.0263704087293126,0.0740203692780386));
#1429=CARTESIAN_POINT('',(0.0270510003717123,0.0249039387236586,0.073808702611372));
#1430=CARTESIAN_POINT('',(0.027051,0.0219709993561753,0.0735970359447053));
#1431=CARTESIAN_POINT('',(0.0270509996282876,0.0190380599886921,0.0733853692780387));
#1432=CARTESIAN_POINT('',(0.0245109994424315,0.0175715906268628,0.073173702611372));
#1433=CARTESIAN_POINT('',(0.0219709992565753,0.0161051212650334,0.0729620359447052));
#1434=CARTESIAN_POINT('',(0.0194309994424315,0.0175715912706874,0.0727503692780386));
#1435=CARTESIAN_POINT('',(0.0168909996282877,0.0190380612763414,0.0725387026113719));
#1436=CARTESIAN_POINT('',(0.016891,0.0219710006438246,0.0723270359447053));
#1437=CARTESIAN_POINT('',(0.0168910003717124,0.0249039400113079,0.0721153692780386));
#1438=CARTESIAN_POINT('',(0.0194310005575685,0.0263704093731373,0.071903702611372));
#1439=CARTESIAN_POINT('',(0.0219710007434247,0.0278368787349665,0.0716920359447053));
#1440=CARTESIAN_POINT('',(0.0245110005575685,0.0263704087293126,0.0714803692780386));
#1441=CARTESIAN_POINT('',(0.0270510003717123,0.0249039387236586,0.071268702611372));
#1442=CARTESIAN_POINT('',(0.027051,0.0219709993561753,0.0710570359447053));
#1443=CARTESIAN_POINT('',(0.0270509996282876,0.0190380599886921,0.0708453692780386));
#1444=CARTESIAN_POINT('',(0.0245109994424315,0.0175715906268628,0.0706337026113719));
#1445=CARTESIAN_POINT('',(0.0219709992565753,0.0161051212650334,0.0704220359447053));
#1446=CARTESIAN_POINT('',(0.0194309994424315,0.0175715912706874,0.0702103692780386));
#1447=CARTESIAN_POINT('',(0.0168909996282877,0.0190380612763414,0.0699987026113719));
#1448=CARTESIAN_POINT('',(0.016891,0.0219710006438246,0.0697870359447053));
#1449=CARTESIAN_POINT('',(0.0168910003717124,0.0249039400113079,0.0695753692780386));
#1450=CARTESIAN_POINT('',(0.0194310005575685,0.0263704093731373,0.069363702611372));
#1451=CARTESIAN_POINT('',(0.0219710007434247,0.0278368787349665,0.0691520359447052));
#1452=CARTESIAN_POINT('',(0.0245110005575685,0.0263704087293126,0.0689403692780386));
#1453=CARTESIAN_POINT('',(0.0270510003717123,0.0249039387236586,0.0687287026113719));
#1454=CARTESIAN_POINT('',(0.027051,0.0219709993561753,0.0685170359447053));
#1455=CARTESIAN_POINT('',(0.0270509996282876,0.0190380599886921,0.0683053692780386));
#1456=CARTESIAN_POINT('',(0.0245109994424315,0.0175715906268628,0.068093702611372));
#1457=CARTESIAN_POINT('',(0.0219709992565753,0.0161051212650334,0.0678820359447053));
#1458=CARTESIAN_POINT('',(0.0194309994424315,0.0175715912706874,0.0676703692780386));
#1459=CARTESIAN_POINT('',(0.0168909996282877,0.0190380612763414,0.067458702611372));
#1460=CARTESIAN_POINT('',(0.016891,0.0219710006438246,0.0672470359447053));
#1461=CARTESIAN_POINT('',(0.0168910003717124,0.0249039400113079,0.0670353692780387));
#1462=CARTESIAN_POINT('',(0.0194310005575685,0.0263704093731373,0.066823702611372));
#1463=CARTESIAN_POINT('',(0.0219710007434247,0.0278368787349665,0.0666120359447052));
#1464=CARTESIAN_POINT('',(0.0245110005575685,0.0263704087293126,0.0664003692780386));
#1465=CARTESIAN_POINT('',(0.0270510003717123,0.0249039387236586,0.0661887026113719));
#1466=CARTESIAN_POINT('',(0.027051,0.0219709993561753,0.0659770359447053));
#1467=CARTESIAN_POINT('',(0.0270509996282876,0.0190380599886921,0.0657653692780386));
#1468=CARTESIAN_POINT('',(0.0245109994424315,0.0175715906268628,0.0655537026113719));
#1469=CARTESIAN_POINT('',(0.0219709992565753,0.0161051212650334,0.0653420359447053));
#1470=CARTESIAN_POINT('',(0.0194309994424315,0.0175715912706874,0.0651303692780386));
#1471=CARTESIAN_POINT('',(0.0168909996282877,0.0190380612763414,0.0649187026113719));
#1472=CARTESIAN_POINT('',(0.016891,0.0219710006438246,0.0647070359447053));
#1473=CARTESIAN_POINT('',(0.0168910003717124,0.0249039400113079,0.0644953692780386));
#1474=CARTESIAN_POINT('',(0.0194310005575685,0.0263704093731373,0.064283702611372));
#1475=CARTESIAN_POINT('',(0.0219710007434247,0.0278368787349665,0.0640720359447053));
#1476=CARTESIAN_POINT('',(0.0245110005575685,0.0263704087293126,0.0638603692780386));
#1477=CARTESIAN_POINT('',(0.0270510003717123,0.0249039387236586,0.063648702611372));
#1478=CARTESIAN_POINT('',(0.027051,0.0219709993561753,0.0634370359447053));
#1479=CARTESIAN_POINT('',(0.0270509996282876,0.0190380599886921,0.0632253692780386));
#1480=CARTESIAN_POINT('',(0.0245109994424315,0.0175715906268628,0.0630137026113719));
#1481=CARTESIAN_POINT('',(0.0219709992565753,0.0161051212650334,0.0628020359447052));
#1482=CARTESIAN_POINT('',(0.0194309994424315,0.0175715912706874,0.0625903692780386));
#1483=CARTESIAN_POINT('',(0.0168909996282877,0.0190380612763414,0.0623787026113719));
#1484=CARTESIAN_POINT('',(0.016891,0.0219710006438246,0.0621670359447053));
#1485=CARTESIAN_POINT('',(0.0168910003717124,0.0249039400113079,0.0619553692780386));
#1486=CARTESIAN_POINT('',(0.0194310005575685,0.0263704093731373,0.061743702611372));
#1487=CARTESIAN_POINT('',(0.0219710007434247,0.0278368787349665,0.0615320359447053));
#1488=CARTESIAN_POINT('',(0.0245110005575685,0.0263704087293126,0.0613203692780386));
#1489=CARTESIAN_POINT('',(0.0270510003717123,0.0249039387236586,0.061108702611372));
#1490=CARTESIAN_POINT('',(0.027051,0.0219709993561753,0.0608970359447053));
#1491=CARTESIAN_POINT('',(0.0270509996282876,0.0190380599886921,0.0606853692780386));
#1492=CARTESIAN_POINT('',(0.0245109994424315,0.0175715906268628,0.0604737026113719));
#1493=CARTESIAN_POINT('',(0.0219709992565753,0.0161051212650334,0.0602620359447053));
#1494=CARTESIAN_POINT('',(0.0194309994424315,0.0175715912706874,0.0600503692780386));
#1495=CARTESIAN_POINT('',(0.0168909996282877,0.0190380612763414,0.0598387026113719));
#1496=CARTESIAN_POINT('',(0.016891,0.0219710006438246,0.0596270359447053));
#1497=CARTESIAN_POINT('',(0.0168910003717124,0.0249039400113079,0.0594153692780386));
#1498=CARTESIAN_POINT('',(0.0194310005575685,0.0263704093731373,0.059203702611372));
#1499=CARTESIAN_POINT('',(0.0219710007434247,0.0278368787349665,0.0589920359447052));
#1500=CARTESIAN_POINT('',(0.0245110005575685,0.0263704087293126,0.0587803692780386));
#1501=CARTESIAN_POINT('',(0.0270510003717123,0.0249039387236586,0.0585687026113719));
#1502=CARTESIAN_POINT('',(0.027051,0.0219709993561753,0.0583570359447053));
#1503=CARTESIAN_POINT('',(0.0270509996282876,0.0190380599886921,0.0581453692780386));
#1504=CARTESIAN_POINT('',(0.0245109994424315,0.0175715906268628,0.0579337026113719));
#1505=CARTESIAN_POINT('',(0.0219709992565753,0.0161051212650334,0.0577220359447053));
#1506=CARTESIAN_POINT('',(0.0194309994424315,0.0175715912706874,0.0575103692780386));
#1507=CARTESIAN_POINT('',(0.0168909996282877,0.0190380612763414,0.057298702611372));
#1508=CARTESIAN_POINT('',(0.016891,0.0219710006438246,0.0570870359447053));
#1509=CARTESIAN_POINT('',(0.0168910003717124,0.0249039400113079,0.0568753692780387));
#1510=CARTESIAN_POINT('',(0.0194310005575685,0.0263704093731373,0.056663702611372));
#1511=CARTESIAN_POINT('',(0.0219710007434247,0.0278368787349665,0.0564520359447052));
#1512=CARTESIAN_POINT('',(0.0245110005575685,0.0263704087293126,0.0562403692780386));
#1513=CARTESIAN_POINT('',(0.0270510003717123,0.0249039387236586,0.0560287026113719));
#1514=CARTESIAN_POINT('',(0.027051,0.0219709993561753,0.0558170359447053));
#1515=CARTESIAN_POINT('',(0.0270509996282876,0.0190380599886921,0.0556053692780386));
#1516=CARTESIAN_POINT('',(0.0245109994424315,0.0175715906268628,0.0553937026113719));
#1517=CARTESIAN_POINT('',(0.0219709992565753,0.0161051212650334,0.0551820359447053));
#1518=CARTESIAN_POINT('',(0.0194309994424315,0.0175715912706874,0.0549703692780386));
#1519=CARTESIAN_POINT('',(0.0168909996282877,0.0190380612763414,0.0547587026113719));
#1520=CARTESIAN_POINT('',(0.016891,0.0219710006438246,0.0545470359447053));
#1521=CARTESIAN_POINT('',(0.0168910003717124,0.0249039400113079,0.0543353692780386));
#1522=CARTESIAN_POINT('',(0.0194310005575685,0.0263704093731373,0.054123702611372));
#1523=CARTESIAN_POINT('',(0.0219710007434247,0.0278368787349665,0.0539120359447053));
#1524=CARTESIAN_POINT('',(0.0245110005575685,0.0263704087293126,0.0537003692780386));
#1525=CARTESIAN_POINT('',(0.0270510003717123,0.0249039387236586,0.053488702611372));
#1526=CARTESIAN_POINT('',(0.027051,0.0219709993561753,0.0532770359447053));
#1527=CARTESIAN_POINT('',(0.0270509996282876,0.0190380599886921,0.0530653692780387));
#1528=CARTESIAN_POINT('',(0.0245109994424315,0.0175715906268628,0.052853702611372));
#1529=CARTESIAN_POINT('',(0.0219709992565753,0.0161051212650334,0.0526420359447052));
#1530=CARTESIAN_POINT('',(0.0194309994424315,0.0175715912706874,0.0524303692780386));
#1531=CARTESIAN_POINT('',(0.0168909996282877,0.0190380612763414,0.0522187026113719));
#1532=CARTESIAN_POINT('',(0.016891,0.0219710006438246,0.0520070359447053));
#1533=CARTESIAN_POINT('',(0.0168910003717124,0.0249039400113079,0.0517953692780386));
#1534=CARTESIAN_POINT('',(0.0194310005575685,0.0263704093731373,0.0515837026113719));
#1535=CARTESIAN_POINT('',(0.0219710007434247,0.0278368787349665,0.0513720359447053));
#1536=CARTESIAN_POINT('',(0.0245110005575685,0.0263704087293126,0.0511603692780386));
#1537=CARTESIAN_POINT('',(0.0270510003717123,0.0249039387236586,0.0509487026113719));
#1538=CARTESIAN_POINT('',(0.027051,0.0219709993561753,0.0507370359447053));
#1539=CARTESIAN_POINT('',(0.0270509996282876,0.0190380599886921,0.0505253692780386));
#1540=CARTESIAN_POINT('',(0.0245109994424315,0.0175715906268628,0.0503137026113719));
#1541=CARTESIAN_POINT('',(0.0219709992565753,0.0161051212650334,0.0501020359447053));
#1542=CARTESIAN_POINT('',(0.0194309994424315,0.0175715912706874,0.0498903692780386));
#1543=CARTESIAN_POINT('',(0.0168909996282877,0.0190380612763414,0.0496787026113719));
#1544=CARTESIAN_POINT('',(0.016891,0.0219710006438246,0.0494670359447053));
#1545=CARTESIAN_POINT('',(0.0168910003717124,0.0249039400113079,0.0492553692780386));
#1546=CARTESIAN_POINT('',(0.0194310005575685,0.0263704093731373,0.049043702611372));
#1547=CARTESIAN_POINT('',(0.0219710007434247,0.0278368787349665,0.0488320359447053));
#1548=CARTESIAN_POINT('',(0.0245110005575685,0.0263704087293126,0.0486203692780386));
#1549=CARTESIAN_POINT('',(0.0270510003717123,0.0249039387236586,0.0484087026113719));
#1550=CARTESIAN_POINT('',(0.027051,0.0219709993561753,0.0481970359447053));
#1551=CARTESIAN_POINT('',(0.0270509996282876,0.0190380599886921,0.0479853692780386));
#1552=CARTESIAN_POINT('',(0.0245109994424315,0.0175715906268628,0.047773702611372));
#1553=CARTESIAN_POINT('',(0.0219709992565753,0.0161051212650334,0.0475620359447053));
#1554=CARTESIAN_POINT('',(0.0194309994424315,0.0175715912706874,0.0473503692780386));
#1555=CARTESIAN_POINT('',(0.0168909996282877,0.0190380612763414,0.0471387026113719));
#1556=CARTESIAN_POINT('',(0.016891,0.0219710006438246,0.0469270359447053));
#1557=CARTESIAN_POINT('',(0.0168910003717124,0.0249039400113079,0.0467153692780386));
#1558=CARTESIAN_POINT('',(0.0194310005575685,0.0263704093731373,0.0465037026113719));
#1559=CARTESIAN_POINT('',(0.0219710007434247,0.0278368787349665,0.0462920359447053));
#1560=CARTESIAN_POINT('',(0.0245110005575685,0.0263704087293126,0.0460803692780386));
#1561=CARTESIAN_POINT('',(0.0270510003717123,0.0249039387236586,0.045868702611372));
#1562=CARTESIAN_POINT('',(0.027051,0.0219709993561753,0.0456570359447053));
#1563=CARTESIAN_POINT('',(0.0270509996282876,0.0190380599886921,0.0454453692780386));
#1564=CARTESIAN_POINT('',(0.0245109994424315,0.0175715906268628,0.0452337026113719));
#1565=CARTESIAN_POINT('',(0.0219709992565753,0.0161051212650334,0.0450220359447053));
#1566=CARTESIAN_POINT('',(0.0194309994424315,0.0175715912706874,0.0448103692780386));
#1567=CARTESIAN_POINT('',(0.0168909996282877,0.0190380612763414,0.044598702611372));
#1568=CARTESIAN_POINT('',(0.016891,0.0219710006438246,0.0443870359447053));
#1569=CARTESIAN_POINT('',(0.0168910003717124,0.0249039400113079,0.0441753692780386));
#1570=CARTESIAN_POINT('',(0.0194310005575685,0.0263704093731373,0.043963702611372));
#1571=CARTESIAN_POINT('',(0.0219710007434247,0.0278368787349665,0.0437520359447052));
#1572=CARTESIAN_POINT('',(0.0245110005575685,0.0263704087293126,0.0435403692780386));
#1573=CARTESIAN_POINT('',(0.0270510003717123,0.0249039387236586,0.0433287026113719));
#1574=CARTESIAN_POINT('',(0.027051,0.0219709993561753,0.0431170359447053));
#1575=CARTESIAN_POINT('',(0.0270509996282876,0.0190380599886921,0.0429053692780386));
#1576=CARTESIAN_POINT('',(0.0245109994424315,0.0175715906268628,0.042693702611372));
#1577=CARTESIAN_POINT('',(0.0219709992565753,0.0161051212650334,0.0424820359447053));
#1578=CARTESIAN_POINT('',(0.0194309994424315,0.0175715912706874,0.0422703692780386));
#1579=CARTESIAN_POINT('',(0.0168909996282877,0.0190380612763414,0.042058702611372));
#1580=CARTESIAN_POINT('',(0.016891,0.0219710006438246,0.0418470359447053));
#1581=CARTESIAN_POINT('',(0.0168910003717124,0.0249039400113079,0.0416353692780386));
#1582=CARTESIAN_POINT('',(0.0194310005575685,0.0263704093731373,0.041423702611372));
#1583=CARTESIAN_POINT('',(0.0219710007434247,0.0278368787349665,0.0412120359447053));
#1584=CARTESIAN_POINT('',(0.0245110005575685,0.0263704087293126,0.0410003692780386));
#1585=CARTESIAN_POINT('',(0.0270510003717123,0.0249039387236586,0.0407887026113719));
#1586=CARTESIAN_POINT('',(0.027051,0.0219709993561753,0.0405770359447053));
#1587=CARTESIAN_POINT('',(0.0270509996282876,0.0190380599886921,0.0403653692780386));
#1588=CARTESIAN_POINT('',(0.0245109994424315,0.0175715906268628,0.040153702611372));
#1589=CARTESIAN_POINT('',(0.0219709992565753,0.0161051212650334,0.0399420359447053));
#1590=CARTESIAN_POINT('',(0.0194309994424315,0.0175715912706874,0.0397303692780386));
#1591=CARTESIAN_POINT('',(0.0168909996282877,0.0190380612763414,0.0395187026113719));
#1592=CARTESIAN_POINT('',(0.016891,0.0219710006438246,0.0393070359447053));
#1593=CARTESIAN_POINT('',(0.0168910003717124,0.0249039400113079,0.0390953692780386));
#1594=CARTESIAN_POINT('',(0.0194310005575685,0.0263704093731373,0.038883702611372));
#1595=CARTESIAN_POINT('',(0.0219710007434247,0.0278368787349665,0.0386720359447052));
#1596=CARTESIAN_POINT('',(0.0245110005575685,0.0263704087293126,0.0384603692780386));
#1597=CARTESIAN_POINT('',(0.0270510003717123,0.0249039387236586,0.0382487026113719));
#1598=CARTESIAN_POINT('',(0.027051,0.0219709993561753,0.0380370359447053));
#1599=CARTESIAN_POINT('',(0.0270509996282876,0.0190380599886921,0.0378253692780386));
#1600=CARTESIAN_POINT('',(0.0245109994424315,0.0175715906268628,0.037613702611372));
#1601=CARTESIAN_POINT('',(0.0219709992565753,0.0161051212650334,0.0374020359447053));
#1602=CARTESIAN_POINT('',(0.0194309994424315,0.0175715912706874,0.0371903692780386));
#1603=CARTESIAN_POINT('',(0.0168909996282877,0.0190380612763414,0.036978702611372));
#1604=CARTESIAN_POINT('',(0.016891,0.0219710006438246,0.0367670359447053));
#1605=CARTESIAN_POINT('',(0.0168910003717124,0.0249039400113079,0.0365553692780386));
#1606=CARTESIAN_POINT('',(0.0194310005575685,0.0263704093731373,0.036343702611372));
#1607=CARTESIAN_POINT('',(0.0219710007434247,0.0278368787349665,0.0361320359447053));
#1608=CARTESIAN_POINT('',(0.0245110005575685,0.0263704087293126,0.0359203692780386));
#1609=CARTESIAN_POINT('',(0.0270510003717123,0.0249039387236586,0.0357087026113719));
#1610=CARTESIAN_POINT('',(0.027051,0.0219709993561753,0.0354970359447053));
#1611=CARTESIAN_POINT('',(0.0270509996282876,0.0190380599886921,0.0352853692780386));
#1612=CARTESIAN_POINT('',(0.0245109994424315,0.0175715906268628,0.035073702611372));
#1613=CARTESIAN_POINT('',(0.0219709992565753,0.0161051212650334,0.0348620359447053));
#1614=CARTESIAN_POINT('',(0.0194309994424315,0.0175715912706874,0.0346503692780386));
#1615=CARTESIAN_POINT('',(0.0168909996282877,0.0190380612763414,0.0344387026113719));
#1616=CARTESIAN_POINT('',(0.016891,0.0219710006438246,0.0342270359447053));
#1617=CARTESIAN_POINT('',(0.0168910003717124,0.0249039400113079,0.0340153692780386));
#1618=CARTESIAN_POINT('',(0.0194310005575685,0.0263704093731373,0.033803702611372));
#1619=CARTESIAN_POINT('',(0.0219710007434247,0.0278368787349665,0.0335920359447053));
#1620=CARTESIAN_POINT('',(0.0245110005575685,0.0263704087293126,0.0333803692780386));
#1621=CARTESIAN_POINT('',(0.0270510003717123,0.0249039387236586,0.0331687026113719));
#1622=CARTESIAN_POINT('',(0.027051,0.0219709993561753,0.0329570359447053));
#1623=CARTESIAN_POINT('',(0.0270509996282876,0.0190380599886921,0.0327453692780386));
#1624=CARTESIAN_POINT('',(0.0245109994424315,0.0175715906268628,0.032533702611372));
#1625=CARTESIAN_POINT('',(0.0219709992565753,0.0161051212650334,0.0323220359447053));
#1626=CARTESIAN_POINT('',(0.0194309994424315,0.0175715912706874,0.0321103692780386));
#1627=CARTESIAN_POINT('',(0.0168909996282877,0.0190380612763414,0.031898702611372));
#1628=CARTESIAN_POINT('',(0.016891,0.0219710006438246,0.0316870359447053));
#1629=CARTESIAN_POINT('',(0.0168910003717124,0.0249039400113079,0.0314753692780386));
#1630=CARTESIAN_POINT('',(0.0194310005575685,0.0263704093731373,0.031263702611372));
#1631=CARTESIAN_POINT('',(0.0219710007434247,0.0278368787349665,0.0310520359447053));
#1632=CARTESIAN_POINT('',(0.0245110005575685,0.0263704087293126,0.0308403692780386));
#1633=CARTESIAN_POINT('',(0.0270510003717123,0.0249039387236586,0.0306287026113719));
#1634=CARTESIAN_POINT('',(0.027051,0.0219709993561753,0.0304170359447053));
#1635=CARTESIAN_POINT('',(0.0270509996282876,0.0190380599886921,0.0302053692780386));
#1636=CARTESIAN_POINT('',(0.0245109994424315,0.0175715906268628,0.029993702611372));
#1637=CARTESIAN_POINT('',(0.0219709992565753,0.0161051212650334,0.0297820359447053));
#1638=CARTESIAN_POINT('',(0.0194309994424315,0.0175715912706874,0.0295703692780386));
#1639=CARTESIAN_POINT('',(0.0168909996282877,0.0190380612763414,0.0293587026113719));
#1640=CARTESIAN_POINT('',(0.016891,0.0219710006438246,0.0291470359447052));
#1641=CARTESIAN_POINT('',(0.0168910003717124,0.0249039400113079,0.0289353692780386));
#1642=CARTESIAN_POINT('',(0.0194310005575685,0.0263704093731373,0.0287237026113719));
#1643=CARTESIAN_POINT('',(0.0219710007434247,0.0278368787349665,0.0285120359447052));
#1644=CARTESIAN_POINT('',(0.0245110005575685,0.0263704087293126,0.0283003692780386));
#1645=CARTESIAN_POINT('',(0.0270510003717123,0.0249039387236586,0.0280887026113719));
#1646=CARTESIAN_POINT('',(0.027051,0.0219709993561753,0.0278770359447053));
#1647=CARTESIAN_POINT('',(0.0270509996282876,0.0190380599886921,0.0276653692780386));
#1648=CARTESIAN_POINT('',(0.0245109994424315,0.0175715906268628,0.0274537026113719));
#1649=CARTESIAN_POINT('',(0.0219709992565753,0.0161051212650334,0.0272420359447053));
#1650=CARTESIAN_POINT('',(0.0194309994424315,0.0175715912706874,0.0270303692780386));
#1651=CARTESIAN_POINT('',(0.0168909996282877,0.0190380612763414,0.026818702611372));
#1652=CARTESIAN_POINT('',(0.016891,0.0219710006438246,0.0266070359447053));
#1653=CARTESIAN_POINT('',(0.0168910003717124,0.0249039400113079,0.0263953692780386));
#1654=CARTESIAN_POINT('',(0.0194310005575685,0.0263704093731373,0.0261837026113719));
#1655=CARTESIAN_POINT('',(0.0219710007434247,0.0278368787349665,0.0259720359447053));
#1656=CARTESIAN_POINT('',(0.0245110005575685,0.0263704087293126,0.0257603692780386));
#1657=CARTESIAN_POINT('',(0.0270510003717123,0.0249039387236586,0.0255487026113719));
#1658=CARTESIAN_POINT('',(0.027051,0.0219709993561753,0.0253370359447052));
#1659=CARTESIAN_POINT('',(0.0270509996282876,0.0190380599886921,0.0251253692780386));
#1660=CARTESIAN_POINT('',(0.0245109994424315,0.0175715906268628,0.0249137026113719));
#1661=CARTESIAN_POINT('',(0.0219709992565753,0.0161051212650334,0.0247020359447053));
#1662=CARTESIAN_POINT('',(0.0194309994424315,0.0175715912706874,0.0244903692780386));
#1663=CARTESIAN_POINT('',(0.0168909996282877,0.0190380612763414,0.0242787026113719));
#1664=CARTESIAN_POINT('',(0.016891,0.0219710006438246,0.0240670359447052));
#1665=CARTESIAN_POINT('',(0.0168910003717124,0.0249039400113079,0.0238553692780386));
#1666=CARTESIAN_POINT('',(0.0194310005575685,0.0263704093731373,0.0236437026113719));
#1667=CARTESIAN_POINT('',(0.0219710007434247,0.0278368787349665,0.0234320359447052));
#1668=CARTESIAN_POINT('',(0.0245110005575685,0.0263704087293126,0.0232203692780386));
#1669=CARTESIAN_POINT('',(0.0270510003717123,0.0249039387236586,0.0230087026113719));
#1670=CARTESIAN_POINT('',(0.027051,0.0219709993561753,0.0227970359447053));
#1671=CARTESIAN_POINT('',(0.0270509996282876,0.0190380599886921,0.0225853692780386));
#1672=CARTESIAN_POINT('',(0.0245109994424315,0.0175715906268628,0.0223737026113719));
#1673=CARTESIAN_POINT('',(0.0219709992565753,0.0161051212650334,0.0221620359447053));
#1674=CARTESIAN_POINT('',(0.0194309994424315,0.0175715912706874,0.0219503692780386));
#1675=CARTESIAN_POINT('',(0.0168909996282877,0.0190380612763414,0.021738702611372));
#1676=CARTESIAN_POINT('',(0.016891,0.0219710006438246,0.0215270359447053));
#1677=CARTESIAN_POINT('',(0.0168910003717124,0.0249039400113079,0.0213153692780386));
#1678=CARTESIAN_POINT('',(0.0194310005575685,0.0263704093731373,0.021103702611372));
#1679=CARTESIAN_POINT('',(0.0219710007434247,0.0278368787349665,0.0208920359447053));
#1680=CARTESIAN_POINT('',(0.0245110005575685,0.0263704087293126,0.0206803692780386));
#1681=CARTESIAN_POINT('',(0.0270510003717123,0.0249039387236586,0.0204687026113719));
#1682=CARTESIAN_POINT('',(0.027051,0.0219709993561753,0.0202570359447053));
#1683=CARTESIAN_POINT('',(0.0270509996282876,0.0190380599886921,0.0200453692780386));
#1684=CARTESIAN_POINT('',(0.0245109994424315,0.0175715906268628,0.019833702611372));
#1685=CARTESIAN_POINT('',(0.0219709992565753,0.0161051212650334,0.0196220359447053));
#1686=CARTESIAN_POINT('',(0.0194309994424315,0.0175715912706874,0.0194103692780386));
#1687=CARTESIAN_POINT('',(0.0168909996282877,0.0190380612763414,0.0191987026113719));
#1688=CARTESIAN_POINT('',(0.016891,0.0219710006438246,0.0189870359447053));
#1689=CARTESIAN_POINT('',(0.0168910003717124,0.0249039400113079,0.0187753692780386));
#1690=CARTESIAN_POINT('',(0.0194310005575685,0.0263704093731373,0.018563702611372));
#1691=CARTESIAN_POINT('',(0.0219710007434247,0.0278368787349665,0.0183520359447053));
#1692=CARTESIAN_POINT('',(0.0245110005575685,0.0263704087293126,0.0181403692780386));
#1693=CARTESIAN_POINT('',(0.0270510003717123,0.0249039387236586,0.0179287026113719));
#1694=CARTESIAN_POINT('',(0.027051,0.0219709993561753,0.0177170359447053));
#1695=CARTESIAN_POINT('',(0.0270509996282876,0.0190380599886921,0.0175053692780386));
#1696=CARTESIAN_POINT('',(0.0245109994424315,0.0175715906268628,0.017293702611372));
#1697=CARTESIAN_POINT('',(0.0219709992565753,0.0161051212650334,0.0170820359447053));
#1698=CARTESIAN_POINT('',(0.0194309994424315,0.0175715912706874,0.0168703692780386));
#1699=CARTESIAN_POINT('',(0.0168909996282877,0.0190380612763414,0.016658702611372));
#1700=CARTESIAN_POINT('',(0.016891,0.0219710006438246,0.0164470359447053));
#1701=CARTESIAN_POINT('',(0.0168910003717124,0.0249039400113079,0.0162353692780386));
#1702=CARTESIAN_POINT('',(0.0194310005575685,0.0263704093731373,0.016023702611372));
#1703=CARTESIAN_POINT('',(0.0219710007434247,0.0278368787349665,0.0158120359447052));
#1704=CARTESIAN_POINT('',(0.0245110005575685,0.0263704087293126,0.0156003692780386));
#1705=CARTESIAN_POINT('',(0.0270510003717123,0.0249039387236586,0.0153887026113719));
#1706=CARTESIAN_POINT('',(0.027051,0.0219709993561753,0.0151770359447052));
#1707=CARTESIAN_POINT('',(0.0270509996282876,0.0190380599886921,0.0149653692780386));
#1708=CARTESIAN_POINT('',(0.0245109994424315,0.0175715906268628,0.0147537026113719));
#1709=CARTESIAN_POINT('',(0.0219709992565753,0.0161051212650334,0.0145420359447053));
#1710=CARTESIAN_POINT('',(0.0194309994424315,0.0175715912706874,0.0143303692780386));
#1711=CARTESIAN_POINT('',(0.0168909996282877,0.0190380612763414,0.0141187026113719));
#1712=CARTESIAN_POINT('',(0.016891,0.0219710006438246,0.0139070359447053));
#1713=CARTESIAN_POINT('',(0.0168910003717124,0.0249039400113079,0.0136953692780386));
#1714=CARTESIAN_POINT('',(0.0194310005575685,0.0263704093731373,0.0134837026113719));
#1715=CARTESIAN_POINT('',(0.0219710007434247,0.0278368787349665,0.0132720359447053));
#1716=CARTESIAN_POINT('',(0.0245110005575685,0.0263704087293126,0.0130603692780386));
#1717=CARTESIAN_POINT('',(0.0270510003717123,0.0249039387236586,0.0128487026113719));
#1718=CARTESIAN_POINT('',(0.027051,0.0219709993561753,0.0126370359447053));
#1719=CARTESIAN_POINT('',(0.027051,0.0219709993561753,0.177756154261232));
#1720=CARTESIAN_POINT('',(0.0270509996282876,0.0190380599886921,0.177544487594566));
#1721=CARTESIAN_POINT('',(0.0245109994424315,0.0175715906268628,0.177332820927899));
#1722=CARTESIAN_POINT('',(0.0219709992565753,0.0161051212650334,0.177121154261232));
#1723=CARTESIAN_POINT('',(0.0194309994424315,0.0175715912706874,0.176909487594565));
#1724=CARTESIAN_POINT('',(0.0168909996282877,0.0190380612763413,0.176697820927899));
#1725=CARTESIAN_POINT('',(0.016891,0.0219710006438246,0.176486154261232));
#1726=CARTESIAN_POINT('',(0.0168910003717124,0.0249039400113079,0.176274487594565));
#1727=CARTESIAN_POINT('',(0.0194310005575685,0.0263704093731373,0.176062820927899));
#1728=CARTESIAN_POINT('',(0.0219710007434247,0.0278368787349665,0.175851154261232));
#1729=CARTESIAN_POINT('',(0.0245110005575685,0.0263704087293126,0.175639487594565));
#1730=CARTESIAN_POINT('',(0.0270510003717123,0.0249039387236586,0.175427820927899));
#1731=CARTESIAN_POINT('',(0.027051,0.0219709993561753,0.175216154261232));
#1732=CARTESIAN_POINT('',(0.0270509996282876,0.0190380599886921,0.175004487594566));
#1733=CARTESIAN_POINT('',(0.0245109994424315,0.0175715906268628,0.174792820927899));
#1734=CARTESIAN_POINT('',(0.0219709992565753,0.0161051212650334,0.174581154261232));
#1735=CARTESIAN_POINT('',(0.0194309994424315,0.0175715912706874,0.174369487594565));
#1736=CARTESIAN_POINT('',(0.0168909996282877,0.0190380612763413,0.174157820927899));
#1737=CARTESIAN_POINT('',(0.016891,0.0219710006438246,0.173946154261232));
#1738=CARTESIAN_POINT('',(0.0168910003717124,0.0249039400113079,0.173734487594565));
#1739=CARTESIAN_POINT('',(0.0194310005575685,0.0263704093731373,0.173522820927899));
#1740=CARTESIAN_POINT('',(0.0219710007434247,0.0278368787349665,0.173311154261232));
#1741=CARTESIAN_POINT('',(0.0245110005575685,0.0263704087293126,0.173099487594566));
#1742=CARTESIAN_POINT('',(0.0270510003717123,0.0249039387236586,0.172887820927899));
#1743=CARTESIAN_POINT('',(0.027051,0.0219709993561753,0.172676154261232));
#1744=CARTESIAN_POINT('',(0.0270509996282876,0.0190380599886921,0.172464487594566));
#1745=CARTESIAN_POINT('',(0.0245109994424315,0.0175715906268628,0.172252820927899));
#1746=CARTESIAN_POINT('',(0.0219709992565753,0.0161051212650334,0.172041154261232));
#1747=CARTESIAN_POINT('',(0.0194309994424315,0.0175715912706874,0.171829487594565));
#1748=CARTESIAN_POINT('',(0.0168909996282877,0.0190380612763413,0.171617820927899));
#1749=CARTESIAN_POINT('',(0.016891,0.0219710006438246,0.171406154261232));
#1750=CARTESIAN_POINT('',(0.0168910003717124,0.0249039400113079,0.171194487594566));
#1751=CARTESIAN_POINT('',(0.0194310005575685,0.0263704093731373,0.170982820927899));
#1752=CARTESIAN_POINT('',(0.0219710007434247,0.0278368787349665,0.170771154261232));
#1753=CARTESIAN_POINT('',(0.0245110005575685,0.0263704087293126,0.170559487594565));
#1754=CARTESIAN_POINT('',(0.0270510003717123,0.0249039387236586,0.170347820927899));
#1755=CARTESIAN_POINT('',(0.027051,0.0219709993561753,0.170136154261232));
#1756=CARTESIAN_POINT('',(0.0270509996282876,0.0190380599886921,0.169924487594565));
#1757=CARTESIAN_POINT('',(0.0245109994424315,0.0175715906268628,0.169712820927899));
#1758=CARTESIAN_POINT('',(0.0219709992565753,0.0161051212650334,0.169501154261232));
#1759=CARTESIAN_POINT('',(0.0194309994424315,0.0175715912706874,0.169289487594565));
#1760=CARTESIAN_POINT('',(0.0168909996282877,0.0190380612763413,0.169077820927899));
#1761=CARTESIAN_POINT('',(0.016891,0.0219710006438246,0.168866154261232));
#1762=CARTESIAN_POINT('',(0.0168910003717124,0.0249039400113079,0.168654487594565));
#1763=CARTESIAN_POINT('',(0.0194310005575685,0.0263704093731373,0.168442820927899));
#1764=CARTESIAN_POINT('',(0.0219710007434247,0.0278368787349665,0.168231154261232));
#1765=CARTESIAN_POINT('',(0.0245110005575685,0.0263704087293126,0.168019487594566));
#1766=CARTESIAN_POINT('',(0.0270510003717123,0.0249039387236586,0.167807820927899));
#1767=CARTESIAN_POINT('',(0.027051,0.0219709993561753,0.167596154261233));
#1768=CARTESIAN_POINT('',(0.0270509996282876,0.0190380599886921,0.167384487594566));
#1769=CARTESIAN_POINT('',(0.0245109994424315,0.0175715906268628,0.167172820927899));
#1770=CARTESIAN_POINT('',(0.0219709992565753,0.0161051212650334,0.166961154261232));
#1771=CARTESIAN_POINT('',(0.0194309994424315,0.0175715912706874,0.166749487594565));
#1772=CARTESIAN_POINT('',(0.0168909996282877,0.0190380612763413,0.166537820927899));
#1773=CARTESIAN_POINT('',(0.016891,0.0219710006438246,0.166326154261232));
#1774=CARTESIAN_POINT('',(0.0168910003717124,0.0249039400113079,0.166114487594566));
#1775=CARTESIAN_POINT('',(0.0194310005575685,0.0263704093731373,0.165902820927899));
#1776=CARTESIAN_POINT('',(0.0219710007434247,0.0278368787349665,0.165691154261232));
#1777=CARTESIAN_POINT('',(0.0245110005575685,0.0263704087293126,0.165479487594565));
#1778=CARTESIAN_POINT('',(0.0270510003717123,0.0249039387236586,0.165267820927899));
#1779=CARTESIAN_POINT('',(0.027051,0.0219709993561753,0.165056154261232));
#1780=CARTESIAN_POINT('',(0.0270509996282876,0.0190380599886921,0.164844487594565));
#1781=CARTESIAN_POINT('',(0.0245109994424315,0.0175715906268628,0.164632820927899));
#1782=CARTESIAN_POINT('',(0.0219709992565753,0.0161051212650334,0.164421154261232));
#1783=CARTESIAN_POINT('',(0.0194309994424315,0.0175715912706874,0.164209487594565));
#1784=CARTESIAN_POINT('',(0.0168909996282877,0.0190380612763413,0.163997820927899));
#1785=CARTESIAN_POINT('',(0.016891,0.0219710006438246,0.163786154261232));
#1786=CARTESIAN_POINT('',(0.0168910003717124,0.0249039400113079,0.163574487594565));
#1787=CARTESIAN_POINT('',(0.0194310005575685,0.0263704093731373,0.163362820927899));
#1788=CARTESIAN_POINT('',(0.0219710007434247,0.0278368787349665,0.163151154261232));
#1789=CARTESIAN_POINT('',(0.0245110005575685,0.0263704087293126,0.162939487594566));
#1790=CARTESIAN_POINT('',(0.0270510003717123,0.0249039387236586,0.162727820927899));
#1791=CARTESIAN_POINT('',(0.027051,0.0219709993561753,0.162516154261233));
#1792=CARTESIAN_POINT('',(0.0270509996282876,0.0190380599886921,0.162304487594565));
#1793=CARTESIAN_POINT('',(0.0245109994424315,0.0175715906268628,0.162092820927899));
#1794=CARTESIAN_POINT('',(0.0219709992565753,0.0161051212650334,0.161881154261232));
#1795=CARTESIAN_POINT('',(0.0194309994424315,0.0175715912706874,0.161669487594565));
#1796=CARTESIAN_POINT('',(0.0168909996282877,0.0190380612763413,0.161457820927899));
#1797=CARTESIAN_POINT('',(0.016891,0.0219710006438246,0.161246154261232));
#1798=CARTESIAN_POINT('',(0.0168910003717124,0.0249039400113079,0.161034487594566));
#1799=CARTESIAN_POINT('',(0.0194310005575685,0.0263704093731373,0.160822820927899));
#1800=CARTESIAN_POINT('',(0.0219710007434247,0.0278368787349665,0.160611154261232));
#1801=CARTESIAN_POINT('',(0.0245110005575685,0.0263704087293126,0.160399487594565));
#1802=CARTESIAN_POINT('',(0.0270510003717123,0.0249039387236586,0.160187820927899));
#1803=CARTESIAN_POINT('',(0.027051,0.0219709993561753,0.159976154261232));
#1804=CARTESIAN_POINT('',(0.0270509996282876,0.0190380599886921,0.159764487594566));
#1805=CARTESIAN_POINT('',(0.0245109994424315,0.0175715906268628,0.159552820927899));
#1806=CARTESIAN_POINT('',(0.0219709992565753,0.0161051212650334,0.159341154261232));
#1807=CARTESIAN_POINT('',(0.0194309994424315,0.0175715912706874,0.159129487594565));
#1808=CARTESIAN_POINT('',(0.0168909996282877,0.0190380612763413,0.158917820927899));
#1809=CARTESIAN_POINT('',(0.016891,0.0219710006438246,0.158706154261232));
#1810=CARTESIAN_POINT('',(0.0168910003717124,0.0249039400113079,0.158494487594566));
#1811=CARTESIAN_POINT('',(0.0194310005575685,0.0263704093731373,0.158282820927899));
#1812=CARTESIAN_POINT('',(0.0219710007434247,0.0278368787349665,0.158071154261232));
#1813=CARTESIAN_POINT('',(0.0245110005575685,0.0263704087293126,0.157859487594566));
#1814=CARTESIAN_POINT('',(0.0270510003717123,0.0249039387236586,0.157647820927899));
#1815=CARTESIAN_POINT('',(0.027051,0.0219709993561753,0.157436154261233));
#1816=CARTESIAN_POINT('',(0.0270509996282876,0.0190380599886921,0.157224487594565));
#1817=CARTESIAN_POINT('',(0.0245109994424315,0.0175715906268628,0.157012820927899));
#1818=CARTESIAN_POINT('',(0.0219709992565753,0.0161051212650334,0.156801154261232));
#1819=CARTESIAN_POINT('',(0.0194309994424315,0.0175715912706874,0.156589487594566));
#1820=CARTESIAN_POINT('',(0.0168909996282877,0.0190380612763413,0.156377820927899));
#1821=CARTESIAN_POINT('',(0.016891,0.0219710006438246,0.156166154261232));
#1822=CARTESIAN_POINT('',(0.0168910003717124,0.0249039400113079,0.155954487594566));
#1823=CARTESIAN_POINT('',(0.0194310005575685,0.0263704093731373,0.155742820927899));
#1824=CARTESIAN_POINT('',(0.0219710007434247,0.0278368787349665,0.155531154261232));
#1825=CARTESIAN_POINT('',(0.0245110005575685,0.0263704087293126,0.155319487594565));
#1826=CARTESIAN_POINT('',(0.0270510003717123,0.0249039387236586,0.155107820927899));
#1827=CARTESIAN_POINT('',(0.027051,0.0219709993561753,0.154896154261232));
#1828=CARTESIAN_POINT('',(0.0270509996282876,0.0190380599886921,0.154684487594565));
#1829=CARTESIAN_POINT('',(0.0245109994424315,0.0175715906268628,0.154472820927899));
#1830=CARTESIAN_POINT('',(0.0219709992565753,0.0161051212650334,0.154261154261232));
#1831=CARTESIAN_POINT('',(0.0194309994424315,0.0175715912706874,0.154049487594565));
#1832=CARTESIAN_POINT('',(0.0168909996282877,0.0190380612763413,0.153837820927899));
#1833=CARTESIAN_POINT('',(0.016891,0.0219710006438246,0.153626154261232));
#1834=CARTESIAN_POINT('',(0.0168910003717124,0.0249039400113079,0.153414487594566));
#1835=CARTESIAN_POINT('',(0.0194310005575685,0.0263704093731373,0.153202820927899));
#1836=CARTESIAN_POINT('',(0.0219710007434247,0.0278368787349665,0.152991154261232));
#1837=CARTESIAN_POINT('',(0.0245110005575685,0.0263704087293126,0.152779487594565));
#1838=CARTESIAN_POINT('',(0.0270510003717123,0.0249039387236586,0.152567820927899));
#1839=CARTESIAN_POINT('',(0.027051,0.0219709993561753,0.152356154261233));
#1840=CARTESIAN_POINT('',(0.0270509996282876,0.0190380599886921,0.152144487594566));
#1841=CARTESIAN_POINT('',(0.0245109994424315,0.0175715906268628,0.151932820927899));
#1842=CARTESIAN_POINT('',(0.0219709992565753,0.0161051212650334,0.151721154261232));
#1843=CARTESIAN_POINT('',(0.0194309994424315,0.0175715912706874,0.151509487594566));
#1844=CARTESIAN_POINT('',(0.0168909996282877,0.0190380612763413,0.151297820927899));
#1845=CARTESIAN_POINT('',(0.016891,0.0219710006438246,0.151086154261232));
#1846=CARTESIAN_POINT('',(0.0168910003717124,0.0249039400113079,0.150874487594566));
#1847=CARTESIAN_POINT('',(0.0194310005575685,0.0263704093731373,0.150662820927899));
#1848=CARTESIAN_POINT('',(0.0219710007434247,0.0278368787349665,0.150451154261232));
#1849=CARTESIAN_POINT('',(0.0245110005575685,0.0263704087293126,0.150239487594565));
#1850=CARTESIAN_POINT('',(0.0270510003717123,0.0249039387236586,0.150027820927899));
#1851=CARTESIAN_POINT('',(0.027051,0.0219709993561753,0.149816154261232));
#1852=CARTESIAN_POINT('',(0.0270509996282876,0.0190380599886921,0.149604487594565));
#1853=CARTESIAN_POINT('',(0.0245109994424315,0.0175715906268628,0.149392820927899));
#1854=CARTESIAN_POINT('',(0.0219709992565753,0.0161051212650334,0.149181154261232));
#1855=CARTESIAN_POINT('',(0.0194309994424315,0.0175715912706874,0.148969487594566));
#1856=CARTESIAN_POINT('',(0.0168909996282877,0.0190380612763413,0.148757820927899));
#1857=CARTESIAN_POINT('',(0.016891,0.0219710006438246,0.148546154261232));
#1858=CARTESIAN_POINT('',(0.0168910003717124,0.0249039400113079,0.148334487594565));
#1859=CARTESIAN_POINT('',(0.0194310005575685,0.0263704093731373,0.148122820927899));
#1860=CARTESIAN_POINT('',(0.0219710007434247,0.0278368787349665,0.147911154261232));
#1861=CARTESIAN_POINT('',(0.0245110005575685,0.0263704087293126,0.147699487594566));
#1862=CARTESIAN_POINT('',(0.0270510003717123,0.0249039387236586,0.147487820927899));
#1863=CARTESIAN_POINT('',(0.027051,0.0219709993561753,0.147276154261232));
#1864=CARTESIAN_POINT('',(0.0270509996282876,0.0190380599886921,0.147064487594565));
#1865=CARTESIAN_POINT('',(0.0245109994424315,0.0175715906268628,0.146852820927899));
#1866=CARTESIAN_POINT('',(0.0219709992565753,0.0161051212650334,0.146641154261232));
#1867=CARTESIAN_POINT('',(0.0194309994424315,0.0175715912706874,0.146429487594566));
#1868=CARTESIAN_POINT('',(0.0168909996282877,0.0190380612763413,0.146217820927899));
#1869=CARTESIAN_POINT('',(0.016891,0.0219710006438246,0.146006154261232));
#1870=CARTESIAN_POINT('',(0.0168910003717124,0.0249039400113079,0.145794487594566));
#1871=CARTESIAN_POINT('',(0.0194310005575685,0.0263704093731373,0.145582820927899));
#1872=CARTESIAN_POINT('',(0.0219710007434247,0.0278368787349665,0.145371154261232));
#1873=CARTESIAN_POINT('',(0.0245110005575685,0.0263704087293126,0.145159487594566));
#1874=CARTESIAN_POINT('',(0.0270510003717123,0.0249039387236586,0.144947820927899));
#1875=CARTESIAN_POINT('',(0.027051,0.0219709993561753,0.144736154261232));
#1876=CARTESIAN_POINT('',(0.0270509996282876,0.0190380599886921,0.144524487594566));
#1877=CARTESIAN_POINT('',(0.0245109994424315,0.0175715906268628,0.144312820927899));
#1878=CARTESIAN_POINT('',(0.0219709992565753,0.0161051212650334,0.144101154261232));
#1879=CARTESIAN_POINT('',(0.0194309994424315,0.0175715912706874,0.143889487594566));
#1880=CARTESIAN_POINT('',(0.0168909996282877,0.0190380612763413,0.143677820927899));
#1881=CARTESIAN_POINT('',(0.016891,0.0219710006438246,0.143466154261232));
#1882=CARTESIAN_POINT('',(0.0168910003717124,0.0249039400113079,0.143254487594565));
#1883=CARTESIAN_POINT('',(0.0194310005575685,0.0263704093731373,0.143042820927899));
#1884=CARTESIAN_POINT('',(0.0219710007434247,0.0278368787349665,0.142831154261232));
#1885=CARTESIAN_POINT('',(0.0245110005575685,0.0263704087293126,0.142619487594566));
#1886=CARTESIAN_POINT('',(0.0270510003717123,0.0249039387236586,0.142407820927899));
#1887=CARTESIAN_POINT('',(0.027051,0.0219709993561753,0.142196154261232));
#1888=CARTESIAN_POINT('',(0.0270509996282876,0.0190380599886921,0.141984487594565));
#1889=CARTESIAN_POINT('',(0.0245109994424315,0.0175715906268628,0.141772820927899));
#1890=CARTESIAN_POINT('',(0.0219709992565753,0.0161051212650334,0.141561154261232));
#1891=CARTESIAN_POINT('',(0.0194309994424315,0.0175715912706874,0.141349487594566));
#1892=CARTESIAN_POINT('',(0.0168909996282877,0.0190380612763413,0.141137820927899));
#1893=CARTESIAN_POINT('',(0.016891,0.0219710006438246,0.140926154261232));
#1894=CARTESIAN_POINT('',(0.0168910003717124,0.0249039400113079,0.140714487594565));
#1895=CARTESIAN_POINT('',(0.0194310005575685,0.0263704093731373,0.140502820927899));
#1896=CARTESIAN_POINT('',(0.0219710007434247,0.0278368787349665,0.140291154261232));
#1897=CARTESIAN_POINT('',(0.0245110005575685,0.0263704087293126,0.140079487594566));
#1898=CARTESIAN_POINT('',(0.0270510003717123,0.0249039387236586,0.139867820927899));
#1899=CARTESIAN_POINT('',(0.027051,0.0219709993561753,0.139656154261232));
#1900=CARTESIAN_POINT('',(0.0270509996282876,0.0190380599886921,0.139444487594566));
#1901=CARTESIAN_POINT('',(0.0245109994424315,0.0175715906268628,0.139232820927899));
#1902=CARTESIAN_POINT('',(0.0219709992565753,0.0161051212650334,0.139021154261232));
#1903=CARTESIAN_POINT('',(0.0194309994424315,0.0175715912706874,0.138809487594566));
#1904=CARTESIAN_POINT('',(0.0168909996282877,0.0190380612763413,0.138597820927899));
#1905=CARTESIAN_POINT('',(0.016891,0.0219710006438246,0.138386154261232));
#1906=CARTESIAN_POINT('',(0.0168910003717124,0.0249039400113079,0.138174487594566));
#1907=CARTESIAN_POINT('',(0.0194310005575685,0.0263704093731373,0.137962820927899));
#1908=CARTESIAN_POINT('',(0.0219710007434247,0.0278368787349665,0.137751154261232));
#1909=CARTESIAN_POINT('',(0.0245110005575685,0.0263704087293126,0.137539487594566));
#1910=CARTESIAN_POINT('',(0.0270510003717123,0.0249039387236586,0.137327820927899));
#1911=CARTESIAN_POINT('',(0.027051,0.0219709993561753,0.137116154261232));
#1912=CARTESIAN_POINT('',(0.0270509996282876,0.0190380599886921,0.136904487594566));
#1913=CARTESIAN_POINT('',(0.0245109994424315,0.0175715906268628,0.136692820927899));
#1914=CARTESIAN_POINT('',(0.0219709992565753,0.0161051212650334,0.136481154261232));
#1915=CARTESIAN_POINT('',(0.0194309994424315,0.0175715912706874,0.136269487594566));
#1916=CARTESIAN_POINT('',(0.0168909996282877,0.0190380612763413,0.136057820927899));
#1917=CARTESIAN_POINT('',(0.016891,0.0219710006438246,0.135846154261232));
#1918=CARTESIAN_POINT('',(0.0168910003717124,0.0249039400113079,0.135634487594565));
#1919=CARTESIAN_POINT('',(0.0194310005575685,0.0263704093731373,0.135422820927899));
#1920=CARTESIAN_POINT('',(0.0219710007434247,0.0278368787349665,0.135211154261232));
#1921=CARTESIAN_POINT('',(0.0245110005575685,0.0263704087293126,0.134999487594566));
#1922=CARTESIAN_POINT('',(0.0270510003717123,0.0249039387236586,0.134787820927899));
#1923=CARTESIAN_POINT('',(0.027051,0.0219709993561753,0.134576154261232));
#1924=CARTESIAN_POINT('',(0.0270509996282876,0.0190380599886921,0.134364487594566));
#1925=CARTESIAN_POINT('',(0.0245109994424315,0.0175715906268628,0.134152820927899));
#1926=CARTESIAN_POINT('',(0.0219709992565753,0.0161051212650334,0.133941154261232));
#1927=CARTESIAN_POINT('',(0.0194309994424315,0.0175715912706874,0.133729487594566));
#1928=CARTESIAN_POINT('',(0.0168909996282877,0.0190380612763413,0.133517820927899));
#1929=CARTESIAN_POINT('',(0.016891,0.0219710006438246,0.133306154261232));
#1930=CARTESIAN_POINT('',(0.0168910003717124,0.0249039400113079,0.133094487594566));
#1931=CARTESIAN_POINT('',(0.0194310005575685,0.0263704093731373,0.132882820927899));
#1932=CARTESIAN_POINT('',(0.0219710007434247,0.0278368787349665,0.132671154261232));
#1933=CARTESIAN_POINT('',(0.0245110005575685,0.0263704087293126,0.132459487594566));
#1934=CARTESIAN_POINT('',(0.0270510003717123,0.0249039387236586,0.132247820927899));
#1935=CARTESIAN_POINT('',(0.027051,0.0219709993561753,0.132036154261232));
#1936=CARTESIAN_POINT('',(0.0270509996282876,0.0190380599886921,0.131824487594566));
#1937=CARTESIAN_POINT('',(0.0245109994424315,0.0175715906268628,0.131612820927899));
#1938=CARTESIAN_POINT('',(0.0219709992565753,0.0161051212650334,0.131401154261232));
#1939=CARTESIAN_POINT('',(0.0194309994424315,0.0175715912706874,0.131189487594566));
#1940=CARTESIAN_POINT('',(0.0168909996282877,0.0190380612763413,0.130977820927899));
#1941=CARTESIAN_POINT('',(0.016891,0.0219710006438246,0.130766154261232));
#1942=CARTESIAN_POINT('',(0.0168910003717124,0.0249039400113079,0.130554487594566));
#1943=CARTESIAN_POINT('',(0.0194310005575685,0.0263704093731373,0.130342820927899));
#1944=CARTESIAN_POINT('',(0.0219710007434247,0.0278368787349665,0.130131154261232));
#1945=CARTESIAN_POINT('',(0.0245110005575685,0.0263704087293126,0.129919487594566));
#1946=CARTESIAN_POINT('',(0.0270510003717123,0.0249039387236586,0.129707820927899));
#1947=CARTESIAN_POINT('',(0.027051,0.0219709993561753,0.129496154261232));
#1948=CARTESIAN_POINT('',(0.0270509996282876,0.0190380599886921,0.129284487594566));
#1949=CARTESIAN_POINT('',(0.0245109994424315,0.0175715906268628,0.129072820927899));
#1950=CARTESIAN_POINT('',(0.0219709992565753,0.0161051212650334,0.128861154261232));
#1951=CARTESIAN_POINT('',(0.0194309994424315,0.0175715912706874,0.128649487594566));
#1952=CARTESIAN_POINT('',(0.0168909996282877,0.0190380612763413,0.128437820927899));
#1953=CARTESIAN_POINT('',(0.016891,0.0219710006438246,0.128226154261232));
#1954=CARTESIAN_POINT('',(0.0168910003717124,0.0249039400113079,0.128014487594565));
#1955=CARTESIAN_POINT('',(0.0194310005575685,0.0263704093731373,0.127802820927899));
#1956=CARTESIAN_POINT('',(0.0219710007434247,0.0278368787349665,0.127591154261232));
#1957=CARTESIAN_POINT('',(0.0245110005575685,0.0263704087293126,0.127379487594566));
#1958=CARTESIAN_POINT('',(0.0270510003717123,0.0249039387236586,0.127167820927899));
#1959=CARTESIAN_POINT('',(0.027051,0.0219709993561753,0.126956154261232));
#1960=CARTESIAN_POINT('',(0.0270509996282876,0.0190380599886921,0.126744487594565));
#1961=CARTESIAN_POINT('',(0.0245109994424315,0.0175715906268628,0.126532820927899));
#1962=CARTESIAN_POINT('',(0.0219709992565753,0.0161051212650334,0.126321154261232));
#1963=CARTESIAN_POINT('',(0.0194309994424315,0.0175715912706874,0.126109487594566));
#1964=CARTESIAN_POINT('',(0.0168909996282877,0.0190380612763413,0.125897820927899));
#1965=CARTESIAN_POINT('',(0.016891,0.0219710006438246,0.125686154261232));
#1966=CARTESIAN_POINT('',(0.0168910003717124,0.0249039400113079,0.125474487594566));
#1967=CARTESIAN_POINT('',(0.0194310005575685,0.0263704093731373,0.125262820927899));
#1968=CARTESIAN_POINT('',(0.0219710007434247,0.0278368787349665,0.125051154261232));
#1969=CARTESIAN_POINT('',(0.0245110005575685,0.0263704087293126,0.124839487594566));
#1970=CARTESIAN_POINT('',(0.0270510003717123,0.0249039387236586,0.124627820927899));
#1971=CARTESIAN_POINT('',(0.027051,0.0219709993561753,0.124416154261232));
#1972=CARTESIAN_POINT('',(0.0270509996282876,0.0190380599886921,0.124204487594566));
#1973=CARTESIAN_POINT('',(0.0245109994424315,0.0175715906268628,0.123992820927899));
#1974=CARTESIAN_POINT('',(0.0219709992565753,0.0161051212650334,0.123781154261232));
#1975=CARTESIAN_POINT('',(0.0194309994424315,0.0175715912706874,0.123569487594566));
#1976=CARTESIAN_POINT('',(0.0168909996282877,0.0190380612763413,0.123357820927899));
#1977=CARTESIAN_POINT('',(0.016891,0.0219710006438246,0.123146154261232));
#1978=CARTESIAN_POINT('',(0.0168910003717124,0.0249039400113079,0.122934487594565));
#1979=CARTESIAN_POINT('',(0.0194310005575685,0.0263704093731373,0.122722820927899));
#1980=CARTESIAN_POINT('',(0.0219710007434247,0.0278368787349665,0.122511154261232));
#1981=CARTESIAN_POINT('',(0.0245110005575685,0.0263704087293126,0.122299487594566));
#1982=CARTESIAN_POINT('',(0.0270510003717123,0.0249039387236586,0.122087820927899));
#1983=CARTESIAN_POINT('',(0.027051,0.0219709993561753,0.121876154261232));
#1984=CARTESIAN_POINT('',(0.0270509996282876,0.0190380599886921,0.121664487594565));
#1985=CARTESIAN_POINT('',(0.0245109994424315,0.0175715906268628,0.121452820927899));
#1986=CARTESIAN_POINT('',(0.0219709992565753,0.0161051212650334,0.121241154261232));
#1987=CARTESIAN_POINT('',(0.0194309994424315,0.0175715912706874,0.121029487594566));
#1988=CARTESIAN_POINT('',(0.0168909996282877,0.0190380612763413,0.120817820927899));
#1989=CARTESIAN_POINT('',(0.016891,0.0219710006438246,0.120606154261232));
#1990=CARTESIAN_POINT('',(0.0168910003717124,0.0249039400113079,0.120394487594565));
#1991=CARTESIAN_POINT('',(0.0194310005575685,0.0263704093731373,0.120182820927899));
#1992=CARTESIAN_POINT('',(0.0219710007434247,0.0278368787349665,0.119971154261232));
#1993=CARTESIAN_POINT('',(0.0245110005575685,0.0263704087293126,0.119759487594566));
#1994=CARTESIAN_POINT('',(0.0270510003717123,0.0249039387236586,0.119547820927899));
#1995=CARTESIAN_POINT('',(0.027051,0.0219709993561753,0.119336154261232));
#1996=CARTESIAN_POINT('',(0.0270509996282876,0.0190380599886921,0.119124487594566));
#1997=CARTESIAN_POINT('',(0.0245109994424315,0.0175715906268628,0.118912820927899));
#1998=CARTESIAN_POINT('',(0.0219709992565753,0.0161051212650334,0.118701154261232));
#1999=CARTESIAN_POINT('',(0.0194309994424315,0.0175715912706874,0.118489487594566));
#2000=CARTESIAN_POINT('',(0.0168909996282877,0.0190380612763413,0.118277820927899));
#2001=CARTESIAN_POINT('',(0.016891,0.0219710006438246,0.118066154261232));
#2002=CARTESIAN_POINT('',(0.0168910003717124,0.0249039400113079,0.117854487594566));
#2003=CARTESIAN_POINT('',(0.0194310005575685,0.0263704093731373,0.117642820927899));
#2004=CARTESIAN_POINT('',(0.0219710007434247,0.0278368787349665,0.117431154261232));
#2005=CARTESIAN_POINT('',(0.0245110005575685,0.0263704087293126,0.117219487594566));
#2006=CARTESIAN_POINT('',(0.0270510003717123,0.0249039387236586,0.117007820927899));
#2007=CARTESIAN_POINT('',(0.027051,0.0219709993561753,0.116796154261232));
#2008=CARTESIAN_POINT('',(0.0270509996282876,0.0190380599886921,0.116584487594565));
#2009=CARTESIAN_POINT('',(0.0245109994424315,0.0175715906268628,0.116372820927899));
#2010=CARTESIAN_POINT('',(0.0219709992565753,0.0161051212650334,0.116161154261232));
#2011=CARTESIAN_POINT('',(0.0194309994424315,0.0175715912706874,0.115949487594566));
#2012=CARTESIAN_POINT('',(0.0168909996282877,0.0190380612763413,0.115737820927899));
#2013=CARTESIAN_POINT('',(0.016891,0.0219710006438246,0.115526154261232));
#2014=CARTESIAN_POINT('',(0.0168910003717124,0.0249039400113079,0.115314487594566));
#2015=CARTESIAN_POINT('',(0.0194310005575685,0.0263704093731373,0.115102820927899));
#2016=CARTESIAN_POINT('',(0.0219710007434247,0.0278368787349665,0.114891154261232));
#2017=CARTESIAN_POINT('',(0.0245110005575685,0.0263704087293126,0.114679487594566));
#2018=CARTESIAN_POINT('',(0.0270510003717123,0.0249039387236586,0.114467820927899));
#2019=CARTESIAN_POINT('',(0.027051,0.0219709993561753,0.114256154261232));
#2020=CARTESIAN_POINT('',(0.0270509996282876,0.0190380599886921,0.114044487594566));
#2021=CARTESIAN_POINT('',(0.0245109994424315,0.0175715906268628,0.113832820927899));
#2022=CARTESIAN_POINT('',(0.0219709992565753,0.0161051212650334,0.113621154261232));
#2023=CARTESIAN_POINT('',(0.0194309994424315,0.0175715912706874,0.113409487594566));
#2024=CARTESIAN_POINT('',(0.0168909996282877,0.0190380612763413,0.113197820927899));
#2025=CARTESIAN_POINT('',(0.016891,0.0219710006438246,0.112986154261232));
#2026=CARTESIAN_POINT('',(0.0168910003717124,0.0249039400113079,0.112774487594566));
#2027=CARTESIAN_POINT('',(0.0194310005575685,0.0263704093731373,0.112562820927899));
#2028=CARTESIAN_POINT('',(0.0219710007434247,0.0278368787349665,0.112351154261232));
#2029=CARTESIAN_POINT('',(0.0245110005575685,0.0263704087293126,0.112139487594566));
#2030=CARTESIAN_POINT('',(0.0270510003717123,0.0249039387236586,0.111927820927899));
#2031=CARTESIAN_POINT('',(0.027051,0.0219709993561753,0.111716154261232));
#2032=CARTESIAN_POINT('',(0.0270509996282876,0.0190380599886921,0.111504487594566));
#2033=CARTESIAN_POINT('',(0.0245109994424315,0.0175715906268628,0.111292820927899));
#2034=CARTESIAN_POINT('',(0.0219709992565753,0.0161051212650334,0.111081154261232));
#2035=CARTESIAN_POINT('',(0.0194309994424315,0.0175715912706874,0.110869487594566));
#2036=CARTESIAN_POINT('',(0.0168909996282877,0.0190380612763413,0.110657820927899));
#2037=CARTESIAN_POINT('',(0.016891,0.0219710006438246,0.110446154261232));
#2038=CARTESIAN_POINT('',(0.0168910003717124,0.0249039400113079,0.110234487594566));
#2039=CARTESIAN_POINT('',(0.0194310005575685,0.0263704093731373,0.110022820927899));
#2040=CARTESIAN_POINT('',(0.0219710007434247,0.0278368787349665,0.109811154261232));
#2041=CARTESIAN_POINT('',(0.0245110005575685,0.0263704087293126,0.109599487594566));
#2042=CARTESIAN_POINT('',(0.0270510003717123,0.0249039387236586,0.109387820927899));
#2043=CARTESIAN_POINT('',(0.027051,0.0219709993561753,0.109176154261232));
#2044=CARTESIAN_POINT('',(0.0270509996282876,0.0190380599886921,0.108964487594566));
#2045=CARTESIAN_POINT('',(0.0245109994424315,0.0175715906268628,0.108752820927899));
#2046=CARTESIAN_POINT('',(0.0219709992565753,0.0161051212650334,0.108541154261232));
#2047=CARTESIAN_POINT('',(0.0194309994424315,0.0175715912706874,0.108329487594566));
#2048=CARTESIAN_POINT('',(0.0168909996282877,0.0190380612763413,0.108117820927899));
#2049=CARTESIAN_POINT('',(0.016891,0.0219710006438246,0.107906154261232));
#2050=CARTESIAN_POINT('',(0.0168910003717124,0.0249039400113079,0.107694487594566));
#2051=CARTESIAN_POINT('',(0.0194310005575685,0.0263704093731373,0.107482820927899));
#2052=CARTESIAN_POINT('',(0.0219710007434247,0.0278368787349665,0.107271154261232));
#2053=CARTESIAN_POINT('',(0.0245110005575685,0.0263704087293126,0.107059487594566));
#2054=CARTESIAN_POINT('',(0.0270510003717123,0.0249039387236586,0.106847820927899));
#2055=CARTESIAN_POINT('',(0.027051,0.0219709993561753,0.106636154261232));
#2056=CARTESIAN_POINT('',(0.0270509996282876,0.0190380599886921,0.106424487594565));
#2057=CARTESIAN_POINT('',(0.0245109994424315,0.0175715906268628,0.106212820927899));
#2058=CARTESIAN_POINT('',(0.0219709992565753,0.0161051212650334,0.106001154261232));
#2059=CARTESIAN_POINT('',(0.0194309994424315,0.0175715912706874,0.105789487594566));
#2060=CARTESIAN_POINT('',(0.0168909996282877,0.0190380612763413,0.105577820927899));
#2061=CARTESIAN_POINT('',(0.016891,0.0219710006438246,0.105366154261232));
#2062=CARTESIAN_POINT('',(0.0168910003717124,0.0249039400113079,0.105154487594566));
#2063=CARTESIAN_POINT('',(0.0194310005575685,0.0263704093731373,0.104942820927899));
#2064=CARTESIAN_POINT('',(0.0219710007434247,0.0278368787349665,0.104731154261232));
#2065=CARTESIAN_POINT('',(0.0245110005575685,0.0263704087293126,0.104519487594566));
#2066=CARTESIAN_POINT('',(0.0270510003717123,0.0249039387236586,0.104307820927899));
#2067=CARTESIAN_POINT('',(0.027051,0.0219709993561753,0.104096154261232));
#2068=CARTESIAN_POINT('',(0.0270509996282876,0.0190380599886921,0.103884487594566));
#2069=CARTESIAN_POINT('',(0.0245109994424315,0.0175715906268628,0.103672820927899));
#2070=CARTESIAN_POINT('',(0.0219709992565753,0.0161051212650334,0.103461154261232));
#2071=CARTESIAN_POINT('',(0.0194309994424315,0.0175715912706874,0.103249487594566));
#2072=CARTESIAN_POINT('',(0.0168909996282877,0.0190380612763413,0.103037820927899));
#2073=CARTESIAN_POINT('',(0.016891,0.0219710006438246,0.102826154261232));
#2074=CARTESIAN_POINT('',(0.0168910003717124,0.0249039400113079,0.102614487594566));
#2075=CARTESIAN_POINT('',(0.0194310005575685,0.0263704093731373,0.102402820927899));
#2076=CARTESIAN_POINT('',(0.0219710007434247,0.0278368787349665,0.102191154261232));
#2077=CARTESIAN_POINT('',(0.0245110005575685,0.0263704087293126,0.101979487594566));
#2078=CARTESIAN_POINT('',(0.0270510003717123,0.0249039387236586,0.101767820927899));
#2079=CARTESIAN_POINT('',(0.027051,0.0219709993561753,0.101556154261232));
#2080=CARTESIAN_POINT('',(0.0270509996282876,0.0190380599886921,0.101344487594566));
#2081=CARTESIAN_POINT('',(0.0245109994424315,0.0175715906268628,0.101132820927899));
#2082=CARTESIAN_POINT('',(0.0219709992565753,0.0161051212650334,0.100921154261232));
#2083=CARTESIAN_POINT('',(0.0194309994424315,0.0175715912706874,0.100709487594566));
#2084=CARTESIAN_POINT('',(0.0168909996282877,0.0190380612763413,0.100497820927899));
#2085=CARTESIAN_POINT('',(0.016891,0.0219710006438246,0.100286154261232));
#2086=CARTESIAN_POINT('',(0.0168910003717124,0.0249039400113079,0.100074487594565));
#2087=CARTESIAN_POINT('',(0.0194310005575685,0.0263704093731373,0.0998628209278989));
#2088=CARTESIAN_POINT('',(0.0219710007434247,0.0278368787349665,0.0996511542612322));
#2089=CARTESIAN_POINT('',(0.0245110005575685,0.0263704087293126,0.0994394875945656));
#2090=CARTESIAN_POINT('',(0.0270510003717123,0.0249039387236586,0.0992278209278988));
#2091=CARTESIAN_POINT('',(0.027051,0.0219709993561753,0.0990161542612322));
#2092=CARTESIAN_POINT('',(0.0270509996282876,0.0190380599886921,0.0988044875945655));
#2093=CARTESIAN_POINT('',(0.0245109994424315,0.0175715906268628,0.0985928209278989));
#2094=CARTESIAN_POINT('',(0.0219709992565753,0.0161051212650334,0.0983811542612322));
#2095=CARTESIAN_POINT('',(0.0194309994424315,0.0175715912706874,0.0981694875945656));
#2096=CARTESIAN_POINT('',(0.0168909996282877,0.0190380612763413,0.0979578209278989));
#2097=CARTESIAN_POINT('',(0.016891,0.0219710006438246,0.0977461542612322));
#2098=CARTESIAN_POINT('',(0.0168910003717124,0.0249039400113079,0.0975344875945656));
#2099=CARTESIAN_POINT('',(0.0194310005575685,0.0263704093731373,0.0973228209278989));
#2100=CARTESIAN_POINT('',(0.0219710007434247,0.0278368787349665,0.0971111542612323));
#2101=CARTESIAN_POINT('',(0.0245110005575685,0.0263704087293126,0.0968994875945656));
#2102=CARTESIAN_POINT('',(0.0270510003717123,0.0249039387236586,0.0966878209278989));
#2103=CARTESIAN_POINT('',(0.027051,0.0219709993561753,0.0964761542612322));
#2104=CARTESIAN_POINT('',(0.0270509996282876,0.0190380599886921,0.0962644875945655));
#2105=CARTESIAN_POINT('',(0.0245109994424315,0.0175715906268628,0.0960528209278989));
#2106=CARTESIAN_POINT('',(0.0219709992565753,0.0161051212650334,0.0958411542612322));
#2107=CARTESIAN_POINT('',(0.0194309994424315,0.0175715912706874,0.0956294875945656));
#2108=CARTESIAN_POINT('',(0.0168909996282877,0.0190380612763413,0.0954178209278989));
#2109=CARTESIAN_POINT('',(0.016891,0.0219710006438246,0.0952061542612322));
#2110=CARTESIAN_POINT('',(0.0168910003717124,0.0249039400113079,0.0949944875945655));
#2111=CARTESIAN_POINT('',(0.0194310005575685,0.0263704093731373,0.0947828209278989));
#2112=CARTESIAN_POINT('',(0.0219710007434247,0.0278368787349665,0.0945711542612322));
#2113=CARTESIAN_POINT('',(0.0245110005575685,0.0263704087293126,0.0943594875945656));
#2114=CARTESIAN_POINT('',(0.0270510003717123,0.0249039387236586,0.0941478209278989));
#2115=CARTESIAN_POINT('',(0.027051,0.0219709993561753,0.0939361542612322));
#2116=CARTESIAN_POINT('',(0.0270509996282876,0.0190380599886921,0.0937244875945656));
#2117=CARTESIAN_POINT('',(0.0245109994424315,0.0175715906268628,0.0935128209278989));
#2118=CARTESIAN_POINT('',(0.0219709992565753,0.0161051212650334,0.0933011542612321));
#2119=CARTESIAN_POINT('',(0.0194309994424315,0.0175715912706874,0.0930894875945655));
#2120=CARTESIAN_POINT('',(0.0168909996282877,0.0190380612763413,0.0928778209278988));
#2121=CARTESIAN_POINT('',(0.016891,0.0219710006438246,0.0926661542612322));
#2122=CARTESIAN_POINT('',(0.0168910003717124,0.0249039400113079,0.0924544875945655));
#2123=CARTESIAN_POINT('',(0.0194310005575685,0.0263704093731373,0.0922428209278989));
#2124=CARTESIAN_POINT('',(0.0219710007434247,0.0278368787349665,0.0920311542612322));
#2125=CARTESIAN_POINT('',(0.0245110005575685,0.0263704087293126,0.0918194875945656));
#2126=CARTESIAN_POINT('',(0.0270510003717123,0.0249039387236586,0.0916078209278989));
#2127=CARTESIAN_POINT('',(0.027051,0.0219709993561753,0.0913961542612322));
#2128=CARTESIAN_POINT('',(0.0270509996282876,0.0190380599886921,0.0911844875945656));
#2129=CARTESIAN_POINT('',(0.0245109994424315,0.0175715906268628,0.0909728209278989));
#2130=CARTESIAN_POINT('',(0.0219709992565753,0.0161051212650334,0.0907611542612322));
#2131=CARTESIAN_POINT('',(0.0194309994424315,0.0175715912706874,0.0905494875945655));
#2132=CARTESIAN_POINT('',(0.0168909996282877,0.0190380612763413,0.0903378209278989));
#2133=CARTESIAN_POINT('',(0.016891,0.0219710006438246,0.0901261542612322));
#2134=CARTESIAN_POINT('',(0.0168910003717124,0.0249039400113079,0.0899144875945656));
#2135=CARTESIAN_POINT('',(0.0194310005575685,0.0263704093731373,0.0897028209278989));
#2136=CARTESIAN_POINT('',(0.0219710007434247,0.0278368787349665,0.0894911542612322));
#2137=CARTESIAN_POINT('',(0.0245110005575685,0.0263704087293126,0.0892794875945656));
#2138=CARTESIAN_POINT('',(0.0270510003717123,0.0249039387236586,0.0890678209278988));
#2139=CARTESIAN_POINT('',(0.027051,0.0219709993561753,0.0888561542612322));
#2140=CARTESIAN_POINT('',(0.0270509996282876,0.0190380599886921,0.0886444875945655));
#2141=CARTESIAN_POINT('',(0.0245109994424315,0.0175715906268628,0.0884328209278989));
#2142=CARTESIAN_POINT('',(0.0219709992565753,0.0161051212650334,0.0882211542612322));
#2143=CARTESIAN_POINT('',(0.0194309994424315,0.0175715912706874,0.0880094875945656));
#2144=CARTESIAN_POINT('',(0.0168909996282877,0.0190380612763413,0.0877978209278989));
#2145=CARTESIAN_POINT('',(0.016891,0.0219710006438246,0.0875861542612322));
#2146=CARTESIAN_POINT('',(0.0168910003717124,0.0249039400113079,0.0873744875945656));
#2147=CARTESIAN_POINT('',(0.0194310005575685,0.0263704093731373,0.0871628209278989));
#2148=CARTESIAN_POINT('',(0.0219710007434247,0.0278368787349665,0.0869511542612323));
#2149=CARTESIAN_POINT('',(0.0245110005575685,0.0263704087293126,0.0867394875945656));
#2150=CARTESIAN_POINT('',(0.0270510003717123,0.0249039387236586,0.0865278209278988));
#2151=CARTESIAN_POINT('',(0.027051,0.0219709993561753,0.0863161542612322));
#2152=CARTESIAN_POINT('',(0.0270509996282876,0.0190380599886921,0.0861044875945655));
#2153=CARTESIAN_POINT('',(0.0245109994424315,0.0175715906268628,0.0858928209278989));
#2154=CARTESIAN_POINT('',(0.0219709992565753,0.0161051212650334,0.0856811542612322));
#2155=CARTESIAN_POINT('',(0.0194309994424315,0.0175715912706874,0.0854694875945656));
#2156=CARTESIAN_POINT('',(0.0168909996282877,0.0190380612763413,0.0852578209278989));
#2157=CARTESIAN_POINT('',(0.016891,0.0219710006438246,0.0850461542612322));
#2158=CARTESIAN_POINT('',(0.0168910003717124,0.0249039400113079,0.0848344875945655));
#2159=CARTESIAN_POINT('',(0.0194310005575685,0.0263704093731373,0.0846228209278989));
#2160=CARTESIAN_POINT('',(0.0219710007434247,0.0278368787349665,0.0844111542612322));
#2161=CARTESIAN_POINT('',(0.0245110005575685,0.0263704087293126,0.0841994875945656));
#2162=CARTESIAN_POINT('',(0.0270510003717123,0.0249039387236586,0.0839878209278989));
#2163=CARTESIAN_POINT('',(0.027051,0.0219709993561753,0.0837761542612322));
#2164=CARTESIAN_POINT('',(0.0270509996282876,0.0190380599886921,0.0835644875945656));
#2165=CARTESIAN_POINT('',(0.0245109994424315,0.0175715906268628,0.0833528209278989));
#2166=CARTESIAN_POINT('',(0.0219709992565753,0.0161051212650334,0.0831411542612322));
#2167=CARTESIAN_POINT('',(0.0194309994424315,0.0175715912706874,0.0829294875945656));
#2168=CARTESIAN_POINT('',(0.0168909996282877,0.0190380612763413,0.0827178209278988));
#2169=CARTESIAN_POINT('',(0.016891,0.0219710006438246,0.0825061542612322));
#2170=CARTESIAN_POINT('',(0.0168910003717124,0.0249039400113079,0.0822944875945655));
#2171=CARTESIAN_POINT('',(0.0194310005575685,0.0263704093731373,0.0820828209278989));
#2172=CARTESIAN_POINT('',(0.0219710007434247,0.0278368787349665,0.0818711542612322));
#2173=CARTESIAN_POINT('',(0.0245110005575685,0.0263704087293126,0.0816594875945656));
#2174=CARTESIAN_POINT('',(0.0270510003717123,0.0249039387236586,0.0814478209278989));
#2175=CARTESIAN_POINT('',(0.027051,0.0219709993561753,0.0812361542612322));
#2176=CARTESIAN_POINT('',(0.0270509996282876,0.0190380599886921,0.0810244875945656));
#2177=CARTESIAN_POINT('',(0.0245109994424315,0.0175715906268628,0.0808128209278989));
#2178=CARTESIAN_POINT('',(0.0219709992565753,0.0161051212650334,0.0806011542612322));
#2179=CARTESIAN_POINT('',(0.0194309994424315,0.0175715912706874,0.0803894875945656));
#2180=CARTESIAN_POINT('',(0.0168909996282877,0.0190380612763413,0.0801778209278989));
#2181=CARTESIAN_POINT('',(0.016891,0.0219710006438246,0.0799661542612322));
#2182=CARTESIAN_POINT('',(0.0168910003717124,0.0249039400113079,0.0797544875945655));
#2183=CARTESIAN_POINT('',(0.0194310005575685,0.0263704093731373,0.0795428209278989));
#2184=CARTESIAN_POINT('',(0.0219710007434247,0.0278368787349665,0.0793311542612322));
#2185=CARTESIAN_POINT('',(0.0245110005575685,0.0263704087293126,0.0791194875945656));
#2186=CARTESIAN_POINT('',(0.0270510003717123,0.0249039387236586,0.0789078209278988));
#2187=CARTESIAN_POINT('',(0.027051,0.0219709993561753,0.0786961542612322));
#2188=CARTESIAN_POINT('',(0.0270509996282876,0.0190380599886921,0.0784844875945655));
#2189=CARTESIAN_POINT('',(0.0245109994424315,0.0175715906268628,0.0782728209278989));
#2190=CARTESIAN_POINT('',(0.0219709992565753,0.0161051212650334,0.0780611542612322));
#2191=CARTESIAN_POINT('',(0.0194309994424315,0.0175715912706874,0.0778494875945656));
#2192=CARTESIAN_POINT('',(0.0168909996282877,0.0190380612763413,0.0776378209278989));
#2193=CARTESIAN_POINT('',(0.016891,0.0219710006438246,0.0774261542612322));
#2194=CARTESIAN_POINT('',(0.0168910003717124,0.0249039400113079,0.0772144875945656));
#2195=CARTESIAN_POINT('',(0.0194310005575685,0.0263704093731373,0.0770028209278989));
#2196=CARTESIAN_POINT('',(0.0219710007434247,0.0278368787349665,0.0767911542612323));
#2197=CARTESIAN_POINT('',(0.0245110005575685,0.0263704087293126,0.0765794875945656));
#2198=CARTESIAN_POINT('',(0.0270510003717123,0.0249039387236586,0.0763678209278989));
#2199=CARTESIAN_POINT('',(0.027051,0.0219709993561753,0.0761561542612322));
#2200=CARTESIAN_POINT('',(0.0270509996282876,0.0190380599886921,0.0759444875945655));
#2201=CARTESIAN_POINT('',(0.0245109994424315,0.0175715906268628,0.0757328209278989));
#2202=CARTESIAN_POINT('',(0.0219709992565753,0.0161051212650334,0.0755211542612322));
#2203=CARTESIAN_POINT('',(0.0194309994424315,0.0175715912706874,0.0753094875945656));
#2204=CARTESIAN_POINT('',(0.0168909996282877,0.0190380612763413,0.0750978209278989));
#2205=CARTESIAN_POINT('',(0.016891,0.0219710006438246,0.0748861542612322));
#2206=CARTESIAN_POINT('',(0.0168910003717124,0.0249039400113079,0.0746744875945655));
#2207=CARTESIAN_POINT('',(0.0194310005575685,0.0263704093731373,0.0744628209278989));
#2208=CARTESIAN_POINT('',(0.0219710007434247,0.0278368787349665,0.0742511542612322));
#2209=CARTESIAN_POINT('',(0.0245110005575685,0.0263704087293126,0.0740394875945656));
#2210=CARTESIAN_POINT('',(0.0270510003717123,0.0249039387236586,0.0738278209278989));
#2211=CARTESIAN_POINT('',(0.027051,0.0219709993561753,0.0736161542612322));
#2212=CARTESIAN_POINT('',(0.0270509996282876,0.0190380599886921,0.0734044875945656));
#2213=CARTESIAN_POINT('',(0.0245109994424315,0.0175715906268628,0.0731928209278989));
#2214=CARTESIAN_POINT('',(0.0219709992565753,0.0161051212650334,0.0729811542612323));
#2215=CARTESIAN_POINT('',(0.0194309994424315,0.0175715912706874,0.0727694875945656));
#2216=CARTESIAN_POINT('',(0.0168909996282877,0.0190380612763413,0.0725578209278988));
#2217=CARTESIAN_POINT('',(0.016891,0.0219710006438246,0.0723461542612322));
#2218=CARTESIAN_POINT('',(0.0168910003717124,0.0249039400113079,0.0721344875945655));
#2219=CARTESIAN_POINT('',(0.0194310005575685,0.0263704093731373,0.0719228209278989));
#2220=CARTESIAN_POINT('',(0.0219710007434247,0.0278368787349665,0.0717111542612322));
#2221=CARTESIAN_POINT('',(0.0245110005575685,0.0263704087293126,0.0714994875945656));
#2222=CARTESIAN_POINT('',(0.0270510003717123,0.0249039387236586,0.0712878209278989));
#2223=CARTESIAN_POINT('',(0.027051,0.0219709993561753,0.0710761542612322));
#2224=CARTESIAN_POINT('',(0.0270509996282876,0.0190380599886921,0.0708644875945656));
#2225=CARTESIAN_POINT('',(0.0245109994424315,0.0175715906268628,0.0706528209278989));
#2226=CARTESIAN_POINT('',(0.0219709992565753,0.0161051212650334,0.0704411542612322));
#2227=CARTESIAN_POINT('',(0.0194309994424315,0.0175715912706874,0.0702294875945656));
#2228=CARTESIAN_POINT('',(0.0168909996282877,0.0190380612763413,0.0700178209278989));
#2229=CARTESIAN_POINT('',(0.016891,0.0219710006438246,0.0698061542612322));
#2230=CARTESIAN_POINT('',(0.0168910003717124,0.0249039400113079,0.0695944875945655));
#2231=CARTESIAN_POINT('',(0.0194310005575685,0.0263704093731373,0.0693828209278989));
#2232=CARTESIAN_POINT('',(0.0219710007434247,0.0278368787349665,0.0691711542612322));
#2233=CARTESIAN_POINT('',(0.0245110005575685,0.0263704087293126,0.0689594875945656));
#2234=CARTESIAN_POINT('',(0.0270510003717123,0.0249039387236586,0.0687478209278988));
#2235=CARTESIAN_POINT('',(0.027051,0.0219709993561753,0.0685361542612322));
#2236=CARTESIAN_POINT('',(0.0270509996282876,0.0190380599886921,0.0683244875945655));
#2237=CARTESIAN_POINT('',(0.0245109994424315,0.0175715906268628,0.0681128209278989));
#2238=CARTESIAN_POINT('',(0.0219709992565753,0.0161051212650334,0.0679011542612322));
#2239=CARTESIAN_POINT('',(0.0194309994424315,0.0175715912706874,0.0676894875945656));
#2240=CARTESIAN_POINT('',(0.0168909996282877,0.0190380612763413,0.0674778209278989));
#2241=CARTESIAN_POINT('',(0.016891,0.0219710006438246,0.0672661542612322));
#2242=CARTESIAN_POINT('',(0.0168910003717124,0.0249039400113079,0.0670544875945656));
#2243=CARTESIAN_POINT('',(0.0194310005575685,0.0263704093731373,0.0668428209278989));
#2244=CARTESIAN_POINT('',(0.0219710007434247,0.0278368787349665,0.0666311542612323));
#2245=CARTESIAN_POINT('',(0.0245110005575685,0.0263704087293126,0.0664194875945656));
#2246=CARTESIAN_POINT('',(0.0270510003717123,0.0249039387236586,0.0662078209278989));
#2247=CARTESIAN_POINT('',(0.027051,0.0219709993561753,0.0659961542612322));
#2248=CARTESIAN_POINT('',(0.0270509996282876,0.0190380599886921,0.0657844875945655));
#2249=CARTESIAN_POINT('',(0.0245109994424315,0.0175715906268628,0.0655728209278989));
#2250=CARTESIAN_POINT('',(0.0219709992565753,0.0161051212650334,0.0653611542612322));
#2251=CARTESIAN_POINT('',(0.0194309994424315,0.0175715912706874,0.0651494875945656));
#2252=CARTESIAN_POINT('',(0.0168909996282877,0.0190380612763413,0.0649378209278989));
#2253=CARTESIAN_POINT('',(0.016891,0.0219710006438246,0.0647261542612322));
#2254=CARTESIAN_POINT('',(0.0168910003717124,0.0249039400113079,0.0645144875945655));
#2255=CARTESIAN_POINT('',(0.0194310005575685,0.0263704093731373,0.0643028209278989));
#2256=CARTESIAN_POINT('',(0.0219710007434247,0.0278368787349665,0.0640911542612322));
#2257=CARTESIAN_POINT('',(0.0245110005575685,0.0263704087293126,0.0638794875945656));
#2258=CARTESIAN_POINT('',(0.0270510003717123,0.0249039387236586,0.0636678209278989));
#2259=CARTESIAN_POINT('',(0.027051,0.0219709993561753,0.0634561542612322));
#2260=CARTESIAN_POINT('',(0.0270509996282876,0.0190380599886921,0.0632444875945656));
#2261=CARTESIAN_POINT('',(0.0245109994424315,0.0175715906268628,0.0630328209278989));
#2262=CARTESIAN_POINT('',(0.0219709992565753,0.0161051212650334,0.0628211542612323));
#2263=CARTESIAN_POINT('',(0.0194309994424315,0.0175715912706874,0.0626094875945656));
#2264=CARTESIAN_POINT('',(0.0168909996282877,0.0190380612763413,0.0623978209278988));
#2265=CARTESIAN_POINT('',(0.016891,0.0219710006438246,0.0621861542612322));
#2266=CARTESIAN_POINT('',(0.0168910003717124,0.0249039400113079,0.0619744875945655));
#2267=CARTESIAN_POINT('',(0.0194310005575685,0.0263704093731373,0.0617628209278989));
#2268=CARTESIAN_POINT('',(0.0219710007434247,0.0278368787349665,0.0615511542612322));
#2269=CARTESIAN_POINT('',(0.0245110005575685,0.0263704087293126,0.0613394875945656));
#2270=CARTESIAN_POINT('',(0.0270510003717123,0.0249039387236586,0.0611278209278989));
#2271=CARTESIAN_POINT('',(0.027051,0.0219709993561753,0.0609161542612322));
#2272=CARTESIAN_POINT('',(0.0270509996282876,0.0190380599886921,0.0607044875945656));
#2273=CARTESIAN_POINT('',(0.0245109994424315,0.0175715906268628,0.0604928209278989));
#2274=CARTESIAN_POINT('',(0.0219709992565753,0.0161051212650334,0.0602811542612322));
#2275=CARTESIAN_POINT('',(0.0194309994424315,0.0175715912706874,0.0600694875945656));
#2276=CARTESIAN_POINT('',(0.0168909996282877,0.0190380612763413,0.0598578209278989));
#2277=CARTESIAN_POINT('',(0.016891,0.0219710006438246,0.0596461542612322));
#2278=CARTESIAN_POINT('',(0.0168910003717124,0.0249039400113079,0.0594344875945656));
#2279=CARTESIAN_POINT('',(0.0194310005575685,0.0263704093731373,0.0592228209278989));
#2280=CARTESIAN_POINT('',(0.0219710007434247,0.0278368787349665,0.0590111542612322));
#2281=CARTESIAN_POINT('',(0.0245110005575685,0.0263704087293126,0.0587994875945656));
#2282=CARTESIAN_POINT('',(0.0270510003717123,0.0249039387236586,0.0585878209278988));
#2283=CARTESIAN_POINT('',(0.027051,0.0219709993561753,0.0583761542612322));
#2284=CARTESIAN_POINT('',(0.0270509996282876,0.0190380599886921,0.0581644875945655));
#2285=CARTESIAN_POINT('',(0.0245109994424315,0.0175715906268628,0.0579528209278989));
#2286=CARTESIAN_POINT('',(0.0219709992565753,0.0161051212650334,0.0577411542612322));
#2287=CARTESIAN_POINT('',(0.0194309994424315,0.0175715912706874,0.0575294875945656));
#2288=CARTESIAN_POINT('',(0.0168909996282877,0.0190380612763413,0.0573178209278989));
#2289=CARTESIAN_POINT('',(0.016891,0.0219710006438246,0.0571061542612322));
#2290=CARTESIAN_POINT('',(0.0168910003717124,0.0249039400113079,0.0568944875945656));
#2291=CARTESIAN_POINT('',(0.0194310005575685,0.0263704093731373,0.0566828209278989));
#2292=CARTESIAN_POINT('',(0.0219710007434247,0.0278368787349665,0.0564711542612323));
#2293=CARTESIAN_POINT('',(0.0245110005575685,0.0263704087293126,0.0562594875945656));
#2294=CARTESIAN_POINT('',(0.0270510003717123,0.0249039387236586,0.0560478209278989));
#2295=CARTESIAN_POINT('',(0.027051,0.0219709993561753,0.0558361542612322));
#2296=CARTESIAN_POINT('',(0.0270509996282876,0.0190380599886921,0.0556244875945656));
#2297=CARTESIAN_POINT('',(0.0245109994424315,0.0175715906268628,0.0554128209278989));
#2298=CARTESIAN_POINT('',(0.0219709992565753,0.0161051212650334,0.0552011542612322));
#2299=CARTESIAN_POINT('',(0.0194309994424315,0.0175715912706874,0.0549894875945656));
#2300=CARTESIAN_POINT('',(0.0168909996282877,0.0190380612763413,0.0547778209278989));
#2301=CARTESIAN_POINT('',(0.016891,0.0219710006438246,0.0545661542612322));
#2302=CARTESIAN_POINT('',(0.0168910003717124,0.0249039400113079,0.0543544875945655));
#2303=CARTESIAN_POINT('',(0.0194310005575685,0.0263704093731373,0.0541428209278989));
#2304=CARTESIAN_POINT('',(0.0219710007434247,0.0278368787349665,0.0539311542612322));
#2305=CARTESIAN_POINT('',(0.0245110005575685,0.0263704087293126,0.0537194875945656));
#2306=CARTESIAN_POINT('',(0.0270510003717123,0.0249039387236586,0.0535078209278989));
#2307=CARTESIAN_POINT('',(0.027051,0.0219709993561753,0.0532961542612322));
#2308=CARTESIAN_POINT('',(0.0270509996282876,0.0190380599886921,0.0530844875945656));
#2309=CARTESIAN_POINT('',(0.0245109994424315,0.0175715906268628,0.0528728209278989));
#2310=CARTESIAN_POINT('',(0.0219709992565753,0.0161051212650334,0.0526611542612322));
#2311=CARTESIAN_POINT('',(0.0194309994424315,0.0175715912706874,0.0524494875945656));
#2312=CARTESIAN_POINT('',(0.0168909996282877,0.0190380612763413,0.0522378209278988));
#2313=CARTESIAN_POINT('',(0.016891,0.0219710006438246,0.0520261542612322));
#2314=CARTESIAN_POINT('',(0.0168910003717124,0.0249039400113079,0.0518144875945656));
#2315=CARTESIAN_POINT('',(0.0194310005575685,0.0263704093731373,0.0516028209278989));
#2316=CARTESIAN_POINT('',(0.0219710007434247,0.0278368787349665,0.0513911542612322));
#2317=CARTESIAN_POINT('',(0.0245110005575685,0.0263704087293126,0.0511794875945656));
#2318=CARTESIAN_POINT('',(0.0270510003717123,0.0249039387236586,0.0509678209278989));
#2319=CARTESIAN_POINT('',(0.027051,0.0219709993561753,0.0507561542612322));
#2320=CARTESIAN_POINT('',(0.0270509996282876,0.0190380599886921,0.0505444875945656));
#2321=CARTESIAN_POINT('',(0.0245109994424315,0.0175715906268628,0.0503328209278989));
#2322=CARTESIAN_POINT('',(0.0219709992565753,0.0161051212650334,0.0501211542612322));
#2323=CARTESIAN_POINT('',(0.0194309994424315,0.0175715912706874,0.0499094875945656));
#2324=CARTESIAN_POINT('',(0.0168909996282877,0.0190380612763413,0.0496978209278989));
#2325=CARTESIAN_POINT('',(0.016891,0.0219710006438246,0.0494861542612322));
#2326=CARTESIAN_POINT('',(0.0168910003717124,0.0249039400113079,0.0492744875945655));
#2327=CARTESIAN_POINT('',(0.0194310005575685,0.0263704093731373,0.0490628209278989));
#2328=CARTESIAN_POINT('',(0.0219710007434247,0.0278368787349665,0.0488511542612322));
#2329=CARTESIAN_POINT('',(0.0245110005575685,0.0263704087293126,0.0486394875945655));
#2330=CARTESIAN_POINT('',(0.0270510003717123,0.0249039387236586,0.0484278209278988));
#2331=CARTESIAN_POINT('',(0.027051,0.0219709993561753,0.0482161542612322));
#2332=CARTESIAN_POINT('',(0.0270509996282876,0.0190380599886921,0.0480044875945655));
#2333=CARTESIAN_POINT('',(0.0245109994424315,0.0175715906268628,0.0477928209278989));
#2334=CARTESIAN_POINT('',(0.0219709992565753,0.0161051212650334,0.0475811542612322));
#2335=CARTESIAN_POINT('',(0.0194309994424315,0.0175715912706874,0.0473694875945656));
#2336=CARTESIAN_POINT('',(0.0168909996282877,0.0190380612763413,0.0471578209278989));
#2337=CARTESIAN_POINT('',(0.016891,0.0219710006438246,0.0469461542612322));
#2338=CARTESIAN_POINT('',(0.0168910003717124,0.0249039400113079,0.0467344875945656));
#2339=CARTESIAN_POINT('',(0.0194310005575685,0.0263704093731373,0.0465228209278989));
#2340=CARTESIAN_POINT('',(0.0219710007434247,0.0278368787349665,0.0463111542612322));
#2341=CARTESIAN_POINT('',(0.0245110005575685,0.0263704087293126,0.0460994875945656));
#2342=CARTESIAN_POINT('',(0.0270510003717123,0.0249039387236586,0.0458878209278989));
#2343=CARTESIAN_POINT('',(0.027051,0.0219709993561753,0.0456761542612322));
#2344=CARTESIAN_POINT('',(0.0270509996282876,0.0190380599886921,0.0454644875945656));
#2345=CARTESIAN_POINT('',(0.0245109994424315,0.0175715906268628,0.0452528209278989));
#2346=CARTESIAN_POINT('',(0.0219709992565753,0.0161051212650334,0.0450411542612322));
#2347=CARTESIAN_POINT('',(0.0194309994424315,0.0175715912706874,0.0448294875945656));
#2348=CARTESIAN_POINT('',(0.0168909996282877,0.0190380612763413,0.0446178209278989));
#2349=CARTESIAN_POINT('',(0.016891,0.0219710006438246,0.0444061542612322));
#2350=CARTESIAN_POINT('',(0.0168910003717124,0.0249039400113079,0.0441944875945655));
#2351=CARTESIAN_POINT('',(0.0194310005575685,0.0263704093731373,0.0439828209278989));
#2352=CARTESIAN_POINT('',(0.0219710007434247,0.0278368787349665,0.0437711542612322));
#2353=CARTESIAN_POINT('',(0.0245110005575685,0.0263704087293126,0.0435594875945656));
#2354=CARTESIAN_POINT('',(0.0270510003717123,0.0249039387236586,0.0433478209278989));
#2355=CARTESIAN_POINT('',(0.027051,0.0219709993561753,0.0431361542612322));
#2356=CARTESIAN_POINT('',(0.0270509996282876,0.0190380599886921,0.0429244875945655));
#2357=CARTESIAN_POINT('',(0.0245109994424315,0.0175715906268628,0.0427128209278989));
#2358=CARTESIAN_POINT('',(0.0219709992565753,0.0161051212650334,0.0425011542612322));
#2359=CARTESIAN_POINT('',(0.0194309994424315,0.0175715912706874,0.0422894875945656));
#2360=CARTESIAN_POINT('',(0.0168909996282877,0.0190380612763413,0.0420778209278989));
#2361=CARTESIAN_POINT('',(0.016891,0.0219710006438246,0.0418661542612322));
#2362=CARTESIAN_POINT('',(0.0168910003717124,0.0249039400113079,0.0416544875945655));
#2363=CARTESIAN_POINT('',(0.0194310005575685,0.0263704093731373,0.0414428209278989));
#2364=CARTESIAN_POINT('',(0.0219710007434247,0.0278368787349665,0.0412311542612322));
#2365=CARTESIAN_POINT('',(0.0245110005575685,0.0263704087293126,0.0410194875945655));
#2366=CARTESIAN_POINT('',(0.0270510003717123,0.0249039387236586,0.0408078209278989));
#2367=CARTESIAN_POINT('',(0.027051,0.0219709993561753,0.0405961542612322));
#2368=CARTESIAN_POINT('',(0.0270509996282876,0.0190380599886921,0.0403844875945656));
#2369=CARTESIAN_POINT('',(0.0245109994424315,0.0175715906268628,0.0401728209278989));
#2370=CARTESIAN_POINT('',(0.0219709992565753,0.0161051212650334,0.0399611542612322));
#2371=CARTESIAN_POINT('',(0.0194309994424315,0.0175715912706874,0.0397494875945655));
#2372=CARTESIAN_POINT('',(0.0168909996282877,0.0190380612763413,0.0395378209278989));
#2373=CARTESIAN_POINT('',(0.016891,0.0219710006438246,0.0393261542612322));
#2374=CARTESIAN_POINT('',(0.0168910003717124,0.0249039400113079,0.0391144875945655));
#2375=CARTESIAN_POINT('',(0.0194310005575685,0.0263704093731373,0.0389028209278989));
#2376=CARTESIAN_POINT('',(0.0219710007434247,0.0278368787349665,0.0386911542612322));
#2377=CARTESIAN_POINT('',(0.0245110005575685,0.0263704087293126,0.0384794875945655));
#2378=CARTESIAN_POINT('',(0.0270510003717123,0.0249039387236586,0.0382678209278988));
#2379=CARTESIAN_POINT('',(0.027051,0.0219709993561753,0.0380561542612322));
#2380=CARTESIAN_POINT('',(0.0270509996282876,0.0190380599886921,0.0378444875945655));
#2381=CARTESIAN_POINT('',(0.0245109994424315,0.0175715906268628,0.0376328209278989));
#2382=CARTESIAN_POINT('',(0.0219709992565753,0.0161051212650334,0.0374211542612322));
#2383=CARTESIAN_POINT('',(0.0194309994424315,0.0175715912706874,0.0372094875945655));
#2384=CARTESIAN_POINT('',(0.0168909996282877,0.0190380612763413,0.0369978209278989));
#2385=CARTESIAN_POINT('',(0.016891,0.0219710006438246,0.0367861542612322));
#2386=CARTESIAN_POINT('',(0.0168910003717124,0.0249039400113079,0.0365744875945656));
#2387=CARTESIAN_POINT('',(0.0194310005575685,0.0263704093731373,0.0363628209278989));
#2388=CARTESIAN_POINT('',(0.0219710007434247,0.0278368787349665,0.0361511542612322));
#2389=CARTESIAN_POINT('',(0.0245110005575685,0.0263704087293126,0.0359394875945655));
#2390=CARTESIAN_POINT('',(0.0270510003717123,0.0249039387236586,0.0357278209278989));
#2391=CARTESIAN_POINT('',(0.027051,0.0219709993561753,0.0355161542612322));
#2392=CARTESIAN_POINT('',(0.0270509996282876,0.0190380599886921,0.0353044875945656));
#2393=CARTESIAN_POINT('',(0.0245109994424315,0.0175715906268628,0.0350928209278989));
#2394=CARTESIAN_POINT('',(0.0219709992565753,0.0161051212650334,0.0348811542612322));
#2395=CARTESIAN_POINT('',(0.0194309994424315,0.0175715912706874,0.0346694875945655));
#2396=CARTESIAN_POINT('',(0.0168909996282877,0.0190380612763413,0.0344578209278989));
#2397=CARTESIAN_POINT('',(0.016891,0.0219710006438246,0.0342461542612322));
#2398=CARTESIAN_POINT('',(0.0168910003717124,0.0249039400113079,0.0340344875945655));
#2399=CARTESIAN_POINT('',(0.0194310005575685,0.0263704093731373,0.0338228209278989));
#2400=CARTESIAN_POINT('',(0.0219710007434247,0.0278368787349665,0.0336111542612322));
#2401=CARTESIAN_POINT('',(0.0245110005575685,0.0263704087293126,0.0333994875945655));
#2402=CARTESIAN_POINT('',(0.0270510003717123,0.0249039387236586,0.0331878209278988));
#2403=CARTESIAN_POINT('',(0.027051,0.0219709993561753,0.0329761542612322));
#2404=CARTESIAN_POINT('',(0.0270509996282876,0.0190380599886921,0.0327644875945655));
#2405=CARTESIAN_POINT('',(0.0245109994424315,0.0175715906268628,0.0325528209278989));
#2406=CARTESIAN_POINT('',(0.0219709992565753,0.0161051212650334,0.0323411542612322));
#2407=CARTESIAN_POINT('',(0.0194309994424315,0.0175715912706874,0.0321294875945655));
#2408=CARTESIAN_POINT('',(0.0168909996282877,0.0190380612763413,0.0319178209278989));
#2409=CARTESIAN_POINT('',(0.016891,0.0219710006438246,0.0317061542612322));
#2410=CARTESIAN_POINT('',(0.0168910003717124,0.0249039400113079,0.0314944875945656));
#2411=CARTESIAN_POINT('',(0.0194310005575685,0.0263704093731373,0.0312828209278989));
#2412=CARTESIAN_POINT('',(0.0219710007434247,0.0278368787349665,0.0310711542612322));
#2413=CARTESIAN_POINT('',(0.0245110005575685,0.0263704087293126,0.0308594875945656));
#2414=CARTESIAN_POINT('',(0.0270510003717123,0.0249039387236586,0.0306478209278989));
#2415=CARTESIAN_POINT('',(0.027051,0.0219709993561753,0.0304361542612322));
#2416=CARTESIAN_POINT('',(0.0270509996282876,0.0190380599886921,0.0302244875945656));
#2417=CARTESIAN_POINT('',(0.0245109994424315,0.0175715906268628,0.0300128209278989));
#2418=CARTESIAN_POINT('',(0.0219709992565753,0.0161051212650334,0.0298011542612322));
#2419=CARTESIAN_POINT('',(0.0194309994424315,0.0175715912706874,0.0295894875945656));
#2420=CARTESIAN_POINT('',(0.0168909996282877,0.0190380612763413,0.0293778209278989));
#2421=CARTESIAN_POINT('',(0.016891,0.0219710006438246,0.0291661542612322));
#2422=CARTESIAN_POINT('',(0.0168910003717124,0.0249039400113079,0.0289544875945655));
#2423=CARTESIAN_POINT('',(0.0194310005575685,0.0263704093731373,0.0287428209278989));
#2424=CARTESIAN_POINT('',(0.0219710007434247,0.0278368787349665,0.0285311542612322));
#2425=CARTESIAN_POINT('',(0.0245110005575685,0.0263704087293126,0.0283194875945656));
#2426=CARTESIAN_POINT('',(0.0270510003717123,0.0249039387236586,0.0281078209278988));
#2427=CARTESIAN_POINT('',(0.027051,0.0219709993561753,0.0278961542612322));
#2428=CARTESIAN_POINT('',(0.0270509996282876,0.0190380599886921,0.0276844875945655));
#2429=CARTESIAN_POINT('',(0.0245109994424315,0.0175715906268628,0.0274728209278989));
#2430=CARTESIAN_POINT('',(0.0219709992565753,0.0161051212650334,0.0272611542612322));
#2431=CARTESIAN_POINT('',(0.0194309994424315,0.0175715912706874,0.0270494875945656));
#2432=CARTESIAN_POINT('',(0.0168909996282877,0.0190380612763413,0.0268378209278989));
#2433=CARTESIAN_POINT('',(0.016891,0.0219710006438246,0.0266261542612322));
#2434=CARTESIAN_POINT('',(0.0168910003717124,0.0249039400113079,0.0264144875945656));
#2435=CARTESIAN_POINT('',(0.0194310005575685,0.0263704093731373,0.0262028209278989));
#2436=CARTESIAN_POINT('',(0.0219710007434247,0.0278368787349665,0.0259911542612322));
#2437=CARTESIAN_POINT('',(0.0245110005575685,0.0263704087293126,0.0257794875945655));
#2438=CARTESIAN_POINT('',(0.0270510003717123,0.0249039387236586,0.0255678209278989));
#2439=CARTESIAN_POINT('',(0.027051,0.0219709993561753,0.0253561542612322));
#2440=CARTESIAN_POINT('',(0.0270509996282876,0.0190380599886921,0.0251444875945656));
#2441=CARTESIAN_POINT('',(0.0245109994424315,0.0175715906268628,0.0249328209278989));
#2442=CARTESIAN_POINT('',(0.0219709992565753,0.0161051212650334,0.0247211542612322));
#2443=CARTESIAN_POINT('',(0.0194309994424315,0.0175715912706874,0.0245094875945655));
#2444=CARTESIAN_POINT('',(0.0168909996282877,0.0190380612763413,0.0242978209278989));
#2445=CARTESIAN_POINT('',(0.016891,0.0219710006438246,0.0240861542612322));
#2446=CARTESIAN_POINT('',(0.0168910003717124,0.0249039400113079,0.0238744875945655));
#2447=CARTESIAN_POINT('',(0.0194310005575685,0.0263704093731373,0.0236628209278988));
#2448=CARTESIAN_POINT('',(0.0219710007434247,0.0278368787349665,0.0234511542612322));
#2449=CARTESIAN_POINT('',(0.0245110005575685,0.0263704087293126,0.0232394875945655));
#2450=CARTESIAN_POINT('',(0.0270510003717123,0.0249039387236586,0.0230278209278988));
#2451=CARTESIAN_POINT('',(0.027051,0.0219709993561753,0.0228161542612322));
#2452=CARTESIAN_POINT('',(0.0270509996282876,0.0190380599886921,0.0226044875945655));
#2453=CARTESIAN_POINT('',(0.0245109994424315,0.0175715906268628,0.0223928209278989));
#2454=CARTESIAN_POINT('',(0.0219709992565753,0.0161051212650334,0.0221811542612322));
#2455=CARTESIAN_POINT('',(0.0194309994424315,0.0175715912706874,0.0219694875945655));
#2456=CARTESIAN_POINT('',(0.0168909996282877,0.0190380612763413,0.0217578209278989));
#2457=CARTESIAN_POINT('',(0.016891,0.0219710006438246,0.0215461542612322));
#2458=CARTESIAN_POINT('',(0.0168910003717124,0.0249039400113079,0.0213344875945656));
#2459=CARTESIAN_POINT('',(0.0194310005575685,0.0263704093731373,0.0211228209278989));
#2460=CARTESIAN_POINT('',(0.0219710007434247,0.0278368787349665,0.0209111542612322));
#2461=CARTESIAN_POINT('',(0.0245110005575685,0.0263704087293126,0.0206994875945655));
#2462=CARTESIAN_POINT('',(0.0270510003717123,0.0249039387236586,0.0204878209278989));
#2463=CARTESIAN_POINT('',(0.027051,0.0219709993561753,0.0202761542612322));
#2464=CARTESIAN_POINT('',(0.0270509996282876,0.0190380599886921,0.0200644875945656));
#2465=CARTESIAN_POINT('',(0.0245109994424315,0.0175715906268628,0.0198528209278989));
#2466=CARTESIAN_POINT('',(0.0219709992565753,0.0161051212650334,0.0196411542612322));
#2467=CARTESIAN_POINT('',(0.0194309994424315,0.0175715912706874,0.0194294875945655));
#2468=CARTESIAN_POINT('',(0.0168909996282877,0.0190380612763413,0.0192178209278989));
#2469=CARTESIAN_POINT('',(0.016891,0.0219710006438246,0.0190061542612323));
#2470=CARTESIAN_POINT('',(0.0168910003717124,0.0249039400113079,0.0187944875945655));
#2471=CARTESIAN_POINT('',(0.0194310005575685,0.0263704093731373,0.0185828209278989));
#2472=CARTESIAN_POINT('',(0.0219710007434247,0.0278368787349665,0.0183711542612322));
#2473=CARTESIAN_POINT('',(0.0245110005575685,0.0263704087293126,0.0181594875945655));
#2474=CARTESIAN_POINT('',(0.0270510003717123,0.0249039387236586,0.0179478209278988));
#2475=CARTESIAN_POINT('',(0.027051,0.0219709993561753,0.0177361542612322));
#2476=CARTESIAN_POINT('',(0.0270509996282876,0.0190380599886921,0.0175244875945655));
#2477=CARTESIAN_POINT('',(0.0245109994424315,0.0175715906268628,0.0173128209278989));
#2478=CARTESIAN_POINT('',(0.0219709992565753,0.0161051212650334,0.0171011542612322));
#2479=CARTESIAN_POINT('',(0.0194309994424315,0.0175715912706874,0.0168894875945655));
#2480=CARTESIAN_POINT('',(0.0168909996282877,0.0190380612763413,0.0166778209278989));
#2481=CARTESIAN_POINT('',(0.016891,0.0219710006438246,0.0164661542612322));
#2482=CARTESIAN_POINT('',(0.0168910003717124,0.0249039400113079,0.0162544875945655));
#2483=CARTESIAN_POINT('',(0.0194310005575685,0.0263704093731373,0.0160428209278989));
#2484=CARTESIAN_POINT('',(0.0219710007434247,0.0278368787349665,0.0158311542612322));
#2485=CARTESIAN_POINT('',(0.0245110005575685,0.0263704087293126,0.0156194875945655));
#2486=CARTESIAN_POINT('',(0.0270510003717123,0.0249039387236586,0.0154078209278989));
#2487=CARTESIAN_POINT('',(0.027051,0.0219709993561753,0.0151961542612322));
#2488=CARTESIAN_POINT('',(0.0270509996282876,0.0190380599886921,0.0149844875945655));
#2489=CARTESIAN_POINT('',(0.0245109994424315,0.0175715906268628,0.0147728209278989));
#2490=CARTESIAN_POINT('',(0.0219709992565753,0.0161051212650334,0.0145611542612322));
#2491=CARTESIAN_POINT('',(0.0194309994424315,0.0175715912706874,0.0143494875945656));
#2492=CARTESIAN_POINT('',(0.0168909996282877,0.0190380612763413,0.0141378209278989));
#2493=CARTESIAN_POINT('',(0.016891,0.0219710006438246,0.0139261542612322));
#2494=CARTESIAN_POINT('',(0.0168910003717124,0.0249039400113079,0.0137144875945655));
#2495=CARTESIAN_POINT('',(0.0194310005575685,0.0263704093731373,0.0135028209278989));
#2496=CARTESIAN_POINT('',(0.0219710007434247,0.0278368787349665,0.0132911542612322));
#2497=CARTESIAN_POINT('',(0.0245110005575685,0.0263704087293126,0.0130794875945655));
#2498=CARTESIAN_POINT('',(0.0270510003717123,0.0249039387236586,0.0128678209278989));
#2499=CARTESIAN_POINT('',(0.027051,0.0219709993561753,0.0126561542612322));
#2500=CARTESIAN_POINT('',(0.0270509996282876,0.0190380599886921,0.0124444875945655));
#2501=CARTESIAN_POINT('',(0.0245109994424315,0.0175715906268628,0.0122328209278989));
#2502=CARTESIAN_POINT('',(0.0219709992565753,0.0161051212650334,0.0120211542612322));
#2503=CARTESIAN_POINT('',(0.0194309994424315,0.0175715912706874,0.0118094875945655));
#2504=CARTESIAN_POINT('',(0.0168909996282877,0.0190380612763413,0.0115978209278989));
#2505=CARTESIAN_POINT('',(0.016891,0.0219710006438246,0.0113861542612322));
#2506=CARTESIAN_POINT('',(0.0168910003717124,0.0249039400113079,0.0111744875945655));
#2507=CARTESIAN_POINT('',(0.0194310005575685,0.0263704093731373,0.0109628209278989));
#2508=CARTESIAN_POINT('',(0.0219710007434247,0.0278368787349665,0.0107511542612322));
#2509=CARTESIAN_POINT('',(0.0245110005575685,0.0263704087293126,0.0105394875945655));
#2510=CARTESIAN_POINT('',(0.0270510003717123,0.0249039387236586,0.0103278209278989));
#2511=CARTESIAN_POINT('',(0.027051,0.0219709993561753,0.0101161542612322));
#2512=CARTESIAN_POINT('',(0.0169773768991341,0.0160907534412686,0.0992282545694329));
#2513=CARTESIAN_POINT('',(0.0142869179608141,0.0183755450349776,0.099045304807043));
#2514=CARTESIAN_POINT('',(0.0142567773090363,0.0219051248210965,0.0988775619909471));
#2515=CARTESIAN_POINT('',(0.0142187442567635,0.0263589333683131,0.0986658953242805));
#2516=CARTESIAN_POINT('',(0.018056839076109,0.0286187752313732,0.0984542286576138));
#2517=CARTESIAN_POINT('',(0.0218949338954544,0.0308786170944332,0.0982425619909472));
#2518=CARTESIAN_POINT('',(0.0257710617670726,0.0286846504102766,0.0980308953242805));
#2519=CARTESIAN_POINT('',(0.0296471896386909,0.02649068372612,0.0978192286576137));
#2520=CARTESIAN_POINT('',(0.0296852226909636,0.0220368751789034,0.0976075619909471));
#2521=CARTESIAN_POINT('',(0.0297232557432365,0.0175830666316869,0.0973958953242804));
#2522=CARTESIAN_POINT('',(0.025885160923891,0.0153232247686268,0.0971842286576138));
#2523=CARTESIAN_POINT('',(0.0220470661045456,0.0130633829055668,0.0969725619909471));
#2524=CARTESIAN_POINT('',(0.0181709382329274,0.0152573495897234,0.0967608953242805));
#2525=CARTESIAN_POINT('',(0.0142948103613092,0.01745131627388,0.0965492286576138));
#2526=CARTESIAN_POINT('',(0.0142567773090363,0.0219051248210965,0.0963375619909471));
#2527=CARTESIAN_POINT('',(0.0142187442567635,0.0263589333683131,0.0961258953242805));
#2528=CARTESIAN_POINT('',(0.018056839076109,0.0286187752313732,0.0959142286576138));
#2529=CARTESIAN_POINT('',(0.0218949338954544,0.0308786170944332,0.0957025619909472));
#2530=CARTESIAN_POINT('',(0.0257710617670726,0.0286846504102766,0.0954908953242805));
#2531=CARTESIAN_POINT('',(0.0296471896386909,0.02649068372612,0.0952792286576138));
#2532=CARTESIAN_POINT('',(0.0296852226909636,0.0220368751789034,0.0950675619909471));
#2533=CARTESIAN_POINT('',(0.0297232557432365,0.0175830666316869,0.0948558953242805));
#2534=CARTESIAN_POINT('',(0.025885160923891,0.0153232247686268,0.0946442286576138));
#2535=CARTESIAN_POINT('',(0.0220470661045456,0.0130633829055668,0.0944325619909471));
#2536=CARTESIAN_POINT('',(0.0181709382329274,0.0152573495897234,0.0942208953242805));
#2537=CARTESIAN_POINT('',(0.0142948103613092,0.01745131627388,0.0940092286576138));
#2538=CARTESIAN_POINT('',(0.0142567773090363,0.0219051248210965,0.0937975619909471));
#2539=CARTESIAN_POINT('',(0.0142187442567635,0.0263589333683131,0.0935858953242804));
#2540=CARTESIAN_POINT('',(0.018056839076109,0.0286187752313732,0.0933742286576138));
#2541=CARTESIAN_POINT('',(0.0218949338954544,0.0308786170944332,0.0931625619909471));
#2542=CARTESIAN_POINT('',(0.0257710617670726,0.0286846504102766,0.0929508953242805));
#2543=CARTESIAN_POINT('',(0.0296471896386909,0.02649068372612,0.0927392286576138));
#2544=CARTESIAN_POINT('',(0.0296852226909636,0.0220368751789034,0.0925275619909471));
#2545=CARTESIAN_POINT('',(0.0297232557432365,0.0175830666316869,0.0923158953242805));
#2546=CARTESIAN_POINT('',(0.025885160923891,0.0153232247686268,0.0921042286576138));
#2547=CARTESIAN_POINT('',(0.0220470661045456,0.0130633829055668,0.0918925619909472));
#2548=CARTESIAN_POINT('',(0.0181709382329274,0.0152573495897234,0.0916808953242805));
#2549=CARTESIAN_POINT('',(0.0142948103613092,0.01745131627388,0.0914692286576137));
#2550=CARTESIAN_POINT('',(0.0142567773090363,0.0219051248210965,0.0912575619909471));
#2551=CARTESIAN_POINT('',(0.0142187442567635,0.0263589333683131,0.0910458953242804));
#2552=CARTESIAN_POINT('',(0.018056839076109,0.0286187752313732,0.0908342286576138));
#2553=CARTESIAN_POINT('',(0.0218949338954544,0.0308786170944332,0.0906225619909471));
#2554=CARTESIAN_POINT('',(0.0257710617670726,0.0286846504102766,0.0904108953242805));
#2555=CARTESIAN_POINT('',(0.0296471896386909,0.02649068372612,0.0901992286576138));
#2556=CARTESIAN_POINT('',(0.0296852226909636,0.0220368751789034,0.0899875619909471));
#2557=CARTESIAN_POINT('',(0.0297232557432365,0.0175830666316869,0.0897758953242805));
#2558=CARTESIAN_POINT('',(0.025885160923891,0.0153232247686268,0.0895642286576138));
#2559=CARTESIAN_POINT('',(0.0220470661045456,0.0130633829055668,0.0893525619909471));
#2560=CARTESIAN_POINT('',(0.0181709382329274,0.0152573495897234,0.0891408953242805));
#2561=CARTESIAN_POINT('',(0.0142948103613092,0.01745131627388,0.0889292286576138));
#2562=CARTESIAN_POINT('',(0.0142567773090363,0.0219051248210965,0.0887175619909471));
#2563=CARTESIAN_POINT('',(0.0142187442567635,0.0263589333683131,0.0885058953242805));
#2564=CARTESIAN_POINT('',(0.018056839076109,0.0286187752313732,0.0882942286576138));
#2565=CARTESIAN_POINT('',(0.0218949338954544,0.0308786170944332,0.0880825619909471));
#2566=CARTESIAN_POINT('',(0.0257710617670726,0.0286846504102766,0.0878708953242805));
#2567=CARTESIAN_POINT('',(0.0296471896386909,0.02649068372612,0.0876592286576137));
#2568=CARTESIAN_POINT('',(0.0296852226909636,0.0220368751789034,0.0874475619909471));
#2569=CARTESIAN_POINT('',(0.0297232557432365,0.0175830666316869,0.0872358953242804));
#2570=CARTESIAN_POINT('',(0.025885160923891,0.0153232247686268,0.0870242286576138));
#2571=CARTESIAN_POINT('',(0.0220470661045456,0.0130633829055668,0.0868125619909471));
#2572=CARTESIAN_POINT('',(0.0181709382329274,0.0152573495897234,0.0866008953242805));
#2573=CARTESIAN_POINT('',(0.0142948103613092,0.01745131627388,0.0863892286576138));
#2574=CARTESIAN_POINT('',(0.0142567773090363,0.0219051248210965,0.0861775619909471));
#2575=CARTESIAN_POINT('',(0.0142187442567635,0.0263589333683131,0.0859658953242805));
#2576=CARTESIAN_POINT('',(0.018056839076109,0.0286187752313732,0.0857542286576138));
#2577=CARTESIAN_POINT('',(0.0218949338954544,0.0308786170944332,0.0855425619909471));
#2578=CARTESIAN_POINT('',(0.0257710617670726,0.0286846504102766,0.0853308953242805));
#2579=CARTESIAN_POINT('',(0.0296471896386909,0.02649068372612,0.0851192286576138));
#2580=CARTESIAN_POINT('',(0.0296852226909636,0.0220368751789034,0.0849075619909471));
#2581=CARTESIAN_POINT('',(0.0297232557432365,0.0175830666316869,0.0846958953242805));
#2582=CARTESIAN_POINT('',(0.025885160923891,0.0153232247686268,0.0844842286576138));
#2583=CARTESIAN_POINT('',(0.0220470661045456,0.0130633829055668,0.0842725619909471));
#2584=CARTESIAN_POINT('',(0.0181709382329274,0.0152573495897234,0.0840608953242805));
#2585=CARTESIAN_POINT('',(0.0142948103613092,0.01745131627388,0.0838492286576138));
#2586=CARTESIAN_POINT('',(0.0142567773090363,0.0219051248210965,0.0836375619909471));
#2587=CARTESIAN_POINT('',(0.0142187442567635,0.0263589333683131,0.0834258953242804));
#2588=CARTESIAN_POINT('',(0.018056839076109,0.0286187752313732,0.0832142286576138));
#2589=CARTESIAN_POINT('',(0.0218949338954544,0.0308786170944332,0.0830025619909471));
#2590=CARTESIAN_POINT('',(0.0257710617670726,0.0286846504102766,0.0827908953242805));
#2591=CARTESIAN_POINT('',(0.0296471896386909,0.02649068372612,0.0825792286576138));
#2592=CARTESIAN_POINT('',(0.0296852226909636,0.0220368751789034,0.0823675619909471));
#2593=CARTESIAN_POINT('',(0.0297232557432365,0.0175830666316869,0.0821558953242805));
#2594=CARTESIAN_POINT('',(0.025885160923891,0.0153232247686268,0.0819442286576138));
#2595=CARTESIAN_POINT('',(0.0220470661045456,0.0130633829055668,0.0817325619909472));
#2596=CARTESIAN_POINT('',(0.0181709382329274,0.0152573495897234,0.0815208953242805));
#2597=CARTESIAN_POINT('',(0.0142948103613092,0.01745131627388,0.0813092286576138));
#2598=CARTESIAN_POINT('',(0.0142567773090363,0.0219051248210965,0.0810975619909471));
#2599=CARTESIAN_POINT('',(0.0142187442567635,0.0263589333683131,0.0808858953242804));
#2600=CARTESIAN_POINT('',(0.018056839076109,0.0286187752313732,0.0806742286576138));
#2601=CARTESIAN_POINT('',(0.0218949338954544,0.0308786170944332,0.0804625619909471));
#2602=CARTESIAN_POINT('',(0.0257710617670726,0.0286846504102766,0.0802508953242805));
#2603=CARTESIAN_POINT('',(0.0296471896386909,0.02649068372612,0.0800392286576138));
#2604=CARTESIAN_POINT('',(0.0296852226909636,0.0220368751789034,0.0798275619909471));
#2605=CARTESIAN_POINT('',(0.0297232557432365,0.0175830666316869,0.0796158953242805));
#2606=CARTESIAN_POINT('',(0.025885160923891,0.0153232247686268,0.0794042286576138));
#2607=CARTESIAN_POINT('',(0.0220470661045456,0.0130633829055668,0.0791925619909471));
#2608=CARTESIAN_POINT('',(0.0181709382329274,0.0152573495897234,0.0789808953242805));
#2609=CARTESIAN_POINT('',(0.0142948103613092,0.01745131627388,0.0787692286576138));
#2610=CARTESIAN_POINT('',(0.0142567773090363,0.0219051248210965,0.0785575619909471));
#2611=CARTESIAN_POINT('',(0.0142187442567635,0.0263589333683131,0.0783458953242805));
#2612=CARTESIAN_POINT('',(0.018056839076109,0.0286187752313732,0.0781342286576138));
#2613=CARTESIAN_POINT('',(0.0218949338954544,0.0308786170944332,0.0779225619909471));
#2614=CARTESIAN_POINT('',(0.0257710617670726,0.0286846504102766,0.0777108953242805));
#2615=CARTESIAN_POINT('',(0.0296471896386909,0.02649068372612,0.0774992286576137));
#2616=CARTESIAN_POINT('',(0.0296852226909636,0.0220368751789034,0.0772875619909471));
#2617=CARTESIAN_POINT('',(0.0297232557432365,0.0175830666316869,0.0770758953242804));
#2618=CARTESIAN_POINT('',(0.025885160923891,0.0153232247686268,0.0768642286576138));
#2619=CARTESIAN_POINT('',(0.0220470661045456,0.0130633829055668,0.0766525619909471));
#2620=CARTESIAN_POINT('',(0.0181709382329274,0.0152573495897234,0.0764408953242805));
#2621=CARTESIAN_POINT('',(0.0142948103613092,0.01745131627388,0.0762292286576138));
#2622=CARTESIAN_POINT('',(0.0142567773090363,0.0219051248210965,0.0760175619909471));
#2623=CARTESIAN_POINT('',(0.0142187442567635,0.0263589333683131,0.0758058953242805));
#2624=CARTESIAN_POINT('',(0.018056839076109,0.0286187752313732,0.0755942286576138));
#2625=CARTESIAN_POINT('',(0.0218949338954544,0.0308786170944332,0.0753825619909471));
#2626=CARTESIAN_POINT('',(0.0257710617670726,0.0286846504102766,0.0751708953242805));
#2627=CARTESIAN_POINT('',(0.0296471896386909,0.02649068372612,0.0749592286576138));
#2628=CARTESIAN_POINT('',(0.0296852226909636,0.0220368751789034,0.0747475619909471));
#2629=CARTESIAN_POINT('',(0.0297232557432365,0.0175830666316869,0.0745358953242805));
#2630=CARTESIAN_POINT('',(0.025885160923891,0.0153232247686268,0.0743242286576138));
#2631=CARTESIAN_POINT('',(0.0220470661045456,0.0130633829055668,0.0741125619909471));
#2632=CARTESIAN_POINT('',(0.0181709382329274,0.0152573495897234,0.0739008953242805));
#2633=CARTESIAN_POINT('',(0.0142948103613092,0.01745131627388,0.0736892286576137));
#2634=CARTESIAN_POINT('',(0.0142567773090363,0.0219051248210965,0.0734775619909471));
#2635=CARTESIAN_POINT('',(0.0142187442567635,0.0263589333683131,0.0732658953242804));
#2636=CARTESIAN_POINT('',(0.018056839076109,0.0286187752313732,0.0730542286576138));
#2637=CARTESIAN_POINT('',(0.0218949338954544,0.0308786170944332,0.0728425619909471));
#2638=CARTESIAN_POINT('',(0.0257710617670726,0.0286846504102766,0.0726308953242805));
#2639=CARTESIAN_POINT('',(0.0296471896386909,0.02649068372612,0.0724192286576138));
#2640=CARTESIAN_POINT('',(0.0296852226909636,0.0220368751789034,0.0722075619909471));
#2641=CARTESIAN_POINT('',(0.0296926249045194,0.0211700490886297,0.0721663661947734));
#2642=CARTESIAN_POINT('',(0.0295074657974425,0.0203231970539675,0.0721209192084218));
#2643=CARTESIAN_POINT('',(0.0186497544072644,0.018127079122467,0.100617728523191));
#2644=CARTESIAN_POINT('',(0.0168909997054233,0.0196466880031632,0.100434778760801));
#2645=CARTESIAN_POINT('',(0.016891,0.0219710006438247,0.100267035944705));
#2646=CARTESIAN_POINT('',(0.0168910003717124,0.0249039400113079,0.100055369278039));
#2647=CARTESIAN_POINT('',(0.0194310005575685,0.0263704093731373,0.099843702611372));
#2648=CARTESIAN_POINT('',(0.0219710007434247,0.0278368787349666,0.0996320359447052));
#2649=CARTESIAN_POINT('',(0.0245110005575685,0.0263704087293126,0.0994203692780387));
#2650=CARTESIAN_POINT('',(0.0270510003717123,0.0249039387236586,0.0992087026113719));
#2651=CARTESIAN_POINT('',(0.027051,0.0219709993561754,0.0989970359447053));
#2652=CARTESIAN_POINT('',(0.0270509996282876,0.0190380599886921,0.0987853692780386));
#2653=CARTESIAN_POINT('',(0.0245109994424315,0.0175715906268628,0.098573702611372));
#2654=CARTESIAN_POINT('',(0.0219709992565753,0.0161051212650335,0.0983620359447053));
#2655=CARTESIAN_POINT('',(0.0194309994424315,0.0175715912706874,0.0981503692780387));
#2656=CARTESIAN_POINT('',(0.0168909996282877,0.0190380612763414,0.0979387026113719));
#2657=CARTESIAN_POINT('',(0.016891,0.0219710006438247,0.0977270359447053));
#2658=CARTESIAN_POINT('',(0.0168910003717124,0.0249039400113079,0.0975153692780386));
#2659=CARTESIAN_POINT('',(0.0194310005575685,0.0263704093731373,0.097303702611372));
#2660=CARTESIAN_POINT('',(0.0219710007434247,0.0278368787349666,0.0970920359447053));
#2661=CARTESIAN_POINT('',(0.0245110005575685,0.0263704087293126,0.0968803692780387));
#2662=CARTESIAN_POINT('',(0.0270510003717123,0.0249039387236586,0.096668702611372));
#2663=CARTESIAN_POINT('',(0.027051,0.0219709993561754,0.0964570359447053));
#2664=CARTESIAN_POINT('',(0.0270509996282876,0.0190380599886921,0.0962453692780387));
#2665=CARTESIAN_POINT('',(0.0245109994424315,0.0175715906268628,0.096033702611372));
#2666=CARTESIAN_POINT('',(0.0219709992565753,0.0161051212650335,0.0958220359447052));
#2667=CARTESIAN_POINT('',(0.0194309994424315,0.0175715912706874,0.0956103692780387));
#2668=CARTESIAN_POINT('',(0.0168909996282877,0.0190380612763414,0.0953987026113719));
#2669=CARTESIAN_POINT('',(0.016891,0.0219710006438247,0.0951870359447053));
#2670=CARTESIAN_POINT('',(0.0168910003717124,0.0249039400113079,0.0949753692780386));
#2671=CARTESIAN_POINT('',(0.0194310005575685,0.0263704093731373,0.094763702611372));
#2672=CARTESIAN_POINT('',(0.0219710007434247,0.0278368787349666,0.0945520359447053));
#2673=CARTESIAN_POINT('',(0.0245110005575685,0.0263704087293126,0.0943403692780387));
#2674=CARTESIAN_POINT('',(0.0270510003717123,0.0249039387236586,0.094128702611372));
#2675=CARTESIAN_POINT('',(0.027051,0.0219709993561754,0.0939170359447053));
#2676=CARTESIAN_POINT('',(0.0270509996282876,0.0190380599886921,0.0937053692780386));
#2677=CARTESIAN_POINT('',(0.0245109994424315,0.0175715906268628,0.093493702611372));
#2678=CARTESIAN_POINT('',(0.0219709992565753,0.0161051212650335,0.0932820359447053));
#2679=CARTESIAN_POINT('',(0.0194309994424315,0.0175715912706874,0.0930703692780387));
#2680=CARTESIAN_POINT('',(0.0168909996282877,0.0190380612763414,0.0928587026113719));
#2681=CARTESIAN_POINT('',(0.016891,0.0219710006438247,0.0926470359447053));
#2682=CARTESIAN_POINT('',(0.0168910003717124,0.0249039400113079,0.0924353692780386));
#2683=CARTESIAN_POINT('',(0.0194310005575685,0.0263704093731373,0.092223702611372));
#2684=CARTESIAN_POINT('',(0.0219710007434247,0.0278368787349666,0.0920120359447053));
#2685=CARTESIAN_POINT('',(0.0245110005575685,0.0263704087293126,0.0918003692780387));
#2686=CARTESIAN_POINT('',(0.0270510003717123,0.0249039387236586,0.0915887026113719));
#2687=CARTESIAN_POINT('',(0.027051,0.0219709993561754,0.0913770359447053));
#2688=CARTESIAN_POINT('',(0.0270509996282876,0.0190380599886921,0.0911653692780386));
#2689=CARTESIAN_POINT('',(0.0245109994424315,0.0175715906268628,0.090953702611372));
#2690=CARTESIAN_POINT('',(0.0219709992565753,0.0161051212650335,0.0907420359447053));
#2691=CARTESIAN_POINT('',(0.0194309994424315,0.0175715912706874,0.0905303692780387));
#2692=CARTESIAN_POINT('',(0.0168909996282877,0.0190380612763414,0.090318702611372));
#2693=CARTESIAN_POINT('',(0.016891,0.0219710006438247,0.0901070359447053));
#2694=CARTESIAN_POINT('',(0.0168910003717124,0.0249039400113079,0.0898953692780386));
#2695=CARTESIAN_POINT('',(0.0194310005575685,0.0263704093731373,0.089683702611372));
#2696=CARTESIAN_POINT('',(0.0219710007434247,0.0278368787349666,0.0894720359447053));
#2697=CARTESIAN_POINT('',(0.0245110005575685,0.0263704087293126,0.0892603692780387));
#2698=CARTESIAN_POINT('',(0.0270510003717123,0.0249039387236586,0.0890487026113719));
#2699=CARTESIAN_POINT('',(0.027051,0.0219709993561754,0.0888370359447053));
#2700=CARTESIAN_POINT('',(0.0270509996282876,0.0190380599886921,0.0886253692780386));
#2701=CARTESIAN_POINT('',(0.0245109994424315,0.0175715906268628,0.088413702611372));
#2702=CARTESIAN_POINT('',(0.0219709992565753,0.0161051212650335,0.0882020359447053));
#2703=CARTESIAN_POINT('',(0.0194309994424315,0.0175715912706874,0.0879903692780387));
#2704=CARTESIAN_POINT('',(0.0168909996282877,0.0190380612763414,0.0877787026113719));
#2705=CARTESIAN_POINT('',(0.016891,0.0219710006438247,0.0875670359447053));
#2706=CARTESIAN_POINT('',(0.0168910003717124,0.0249039400113079,0.0873553692780386));
#2707=CARTESIAN_POINT('',(0.0194310005575685,0.0263704093731373,0.087143702611372));
#2708=CARTESIAN_POINT('',(0.0219710007434247,0.0278368787349666,0.0869320359447053));
#2709=CARTESIAN_POINT('',(0.0245110005575685,0.0263704087293126,0.0867203692780387));
#2710=CARTESIAN_POINT('',(0.0270510003717123,0.0249039387236586,0.086508702611372));
#2711=CARTESIAN_POINT('',(0.027051,0.0219709993561754,0.0862970359447053));
#2712=CARTESIAN_POINT('',(0.0270509996282876,0.0190380599886921,0.0860853692780385));
#2713=CARTESIAN_POINT('',(0.0245109994424315,0.0175715906268628,0.085873702611372));
#2714=CARTESIAN_POINT('',(0.0219709992565753,0.0161051212650335,0.0856620359447052));
#2715=CARTESIAN_POINT('',(0.0194309994424315,0.0175715912706874,0.0854503692780387));
#2716=CARTESIAN_POINT('',(0.0168909996282877,0.0190380612763414,0.0852387026113719));
#2717=CARTESIAN_POINT('',(0.016891,0.0219710006438247,0.0850270359447053));
#2718=CARTESIAN_POINT('',(0.0168910003717124,0.0249039400113079,0.0848153692780386));
#2719=CARTESIAN_POINT('',(0.0194310005575685,0.0263704093731373,0.084603702611372));
#2720=CARTESIAN_POINT('',(0.0219710007434247,0.0278368787349666,0.0843920359447053));
#2721=CARTESIAN_POINT('',(0.0245110005575685,0.0263704087293126,0.0841803692780387));
#2722=CARTESIAN_POINT('',(0.0270510003717123,0.0249039387236586,0.083968702611372));
#2723=CARTESIAN_POINT('',(0.027051,0.0219709993561754,0.0837570359447053));
#2724=CARTESIAN_POINT('',(0.0270509996282876,0.0190380599886921,0.0835453692780386));
#2725=CARTESIAN_POINT('',(0.0245109994424315,0.0175715906268628,0.083333702611372));
#2726=CARTESIAN_POINT('',(0.0219709992565753,0.0161051212650335,0.0831220359447053));
#2727=CARTESIAN_POINT('',(0.0194309994424315,0.0175715912706874,0.0829103692780387));
#2728=CARTESIAN_POINT('',(0.0168909996282877,0.0190380612763414,0.0826987026113719));
#2729=CARTESIAN_POINT('',(0.016891,0.0219710006438247,0.0824870359447053));
#2730=CARTESIAN_POINT('',(0.0168910003717124,0.0249039400113079,0.0822753692780386));
#2731=CARTESIAN_POINT('',(0.0194310005575685,0.0263704093731373,0.082063702611372));
#2732=CARTESIAN_POINT('',(0.0219710007434247,0.0278368787349666,0.0818520359447052));
#2733=CARTESIAN_POINT('',(0.0245110005575685,0.0263704087293126,0.0816403692780387));
#2734=CARTESIAN_POINT('',(0.0270510003717123,0.0249039387236586,0.0814287026113719));
#2735=CARTESIAN_POINT('',(0.027051,0.0219709993561754,0.0812170359447053));
#2736=CARTESIAN_POINT('',(0.0270509996282876,0.0190380599886921,0.0810053692780386));
#2737=CARTESIAN_POINT('',(0.0245109994424315,0.0175715906268628,0.080793702611372));
#2738=CARTESIAN_POINT('',(0.0219709992565753,0.0161051212650335,0.0805820359447053));
#2739=CARTESIAN_POINT('',(0.0194309994424315,0.0175715912706874,0.0803703692780387));
#2740=CARTESIAN_POINT('',(0.0168909996282877,0.0190380612763414,0.080158702611372));
#2741=CARTESIAN_POINT('',(0.016891,0.0219710006438247,0.0799470359447053));
#2742=CARTESIAN_POINT('',(0.0168910003717124,0.0249039400113079,0.0797353692780387));
#2743=CARTESIAN_POINT('',(0.0194310005575685,0.0263704093731373,0.079523702611372));
#2744=CARTESIAN_POINT('',(0.0219710007434247,0.0278368787349666,0.0793120359447053));
#2745=CARTESIAN_POINT('',(0.0245110005575685,0.0263704087293126,0.0791003692780387));
#2746=CARTESIAN_POINT('',(0.0270510003717123,0.0249039387236586,0.0788887026113719));
#2747=CARTESIAN_POINT('',(0.027051,0.0219709993561754,0.0786770359447053));
#2748=CARTESIAN_POINT('',(0.0270509996282876,0.0190380599886921,0.0784653692780386));
#2749=CARTESIAN_POINT('',(0.0245109994424315,0.0175715906268628,0.078253702611372));
#2750=CARTESIAN_POINT('',(0.0219709992565753,0.0161051212650335,0.0780420359447053));
#2751=CARTESIAN_POINT('',(0.0194309994424315,0.0175715912706874,0.0778303692780387));
#2752=CARTESIAN_POINT('',(0.0168909996282877,0.0190380612763414,0.077618702611372));
#2753=CARTESIAN_POINT('',(0.016891,0.0219710006438247,0.0774070359447053));
#2754=CARTESIAN_POINT('',(0.0168910003717124,0.0249039400113079,0.0771953692780386));
#2755=CARTESIAN_POINT('',(0.0194310005575685,0.0263704093731373,0.076983702611372));
#2756=CARTESIAN_POINT('',(0.0219710007434247,0.0278368787349666,0.0767720359447053));
#2757=CARTESIAN_POINT('',(0.0245110005575685,0.0263704087293126,0.0765603692780387));
#2758=CARTESIAN_POINT('',(0.0270510003717123,0.0249039387236586,0.076348702611372));
#2759=CARTESIAN_POINT('',(0.027051,0.0219709993561754,0.0761370359447053));
#2760=CARTESIAN_POINT('',(0.0270509996282876,0.0190380599886921,0.0759253692780387));
#2761=CARTESIAN_POINT('',(0.0245109994424315,0.0175715906268628,0.075713702611372));
#2762=CARTESIAN_POINT('',(0.0219709992565753,0.0161051212650335,0.0755020359447052));
#2763=CARTESIAN_POINT('',(0.0194309994424315,0.0175715912706874,0.0752903692780387));
#2764=CARTESIAN_POINT('',(0.0168909996282877,0.0190380612763414,0.0750787026113719));
#2765=CARTESIAN_POINT('',(0.016891,0.0219710006438247,0.0748670359447053));
#2766=CARTESIAN_POINT('',(0.0168910003717124,0.0249039400113079,0.0746553692780386));
#2767=CARTESIAN_POINT('',(0.0194310005575685,0.0263704093731373,0.074443702611372));
#2768=CARTESIAN_POINT('',(0.0219710007434247,0.0278368787349666,0.0742320359447053));
#2769=CARTESIAN_POINT('',(0.0245110005575685,0.0263704087293126,0.0740203692780387));
#2770=CARTESIAN_POINT('',(0.0270510003717123,0.0249039387236586,0.0738087026113719));
#2771=CARTESIAN_POINT('',(0.027051,0.0219709993561754,0.0735970359447053));
#2772=CARTESIAN_POINT('',(0.0270509999276551,0.0214001736599262,0.0735558401485315));
#2773=CARTESIAN_POINT('',(0.0269243151863477,0.0208435831894559,0.0735103931621799));
#2774=CARTESIAN_POINT('',(0.0296852226909636,0.0220368751789034,0.178887561990947));
#2775=CARTESIAN_POINT('',(0.0297232557432365,0.0175830666316869,0.17867589532428));
#2776=CARTESIAN_POINT('',(0.025885160923891,0.0153232247686268,0.178464228657614));
#2777=CARTESIAN_POINT('',(0.0220470661045456,0.0130633829055668,0.178252561990947));
#2778=CARTESIAN_POINT('',(0.0181709382329274,0.0152573495897234,0.17804089532428));
#2779=CARTESIAN_POINT('',(0.0142948103613092,0.01745131627388,0.177829228657614));
#2780=CARTESIAN_POINT('',(0.0142567773090363,0.0219051248210965,0.177617561990947));
#2781=CARTESIAN_POINT('',(0.0142187442567635,0.0263589333683131,0.177405895324281));
#2782=CARTESIAN_POINT('',(0.018056839076109,0.0286187752313731,0.177194228657614));
#2783=CARTESIAN_POINT('',(0.0218949338954544,0.0308786170944332,0.176982561990947));
#2784=CARTESIAN_POINT('',(0.0257710617670726,0.0286846504102766,0.176770895324281));
#2785=CARTESIAN_POINT('',(0.0296471896386908,0.02649068372612,0.176559228657614));
#2786=CARTESIAN_POINT('',(0.0296852226909636,0.0220368751789034,0.176347561990947));
#2787=CARTESIAN_POINT('',(0.0297232557432365,0.0175830666316869,0.17613589532428));
#2788=CARTESIAN_POINT('',(0.025885160923891,0.0153232247686268,0.175924228657614));
#2789=CARTESIAN_POINT('',(0.0220470661045456,0.0130633829055668,0.175712561990947));
#2790=CARTESIAN_POINT('',(0.0181709382329274,0.0152573495897234,0.17550089532428));
#2791=CARTESIAN_POINT('',(0.0142948103613092,0.01745131627388,0.175289228657614));
#2792=CARTESIAN_POINT('',(0.0142567773090363,0.0219051248210965,0.175077561990947));
#2793=CARTESIAN_POINT('',(0.0142187442567635,0.0263589333683131,0.174865895324281));
#2794=CARTESIAN_POINT('',(0.018056839076109,0.0286187752313731,0.174654228657614));
#2795=CARTESIAN_POINT('',(0.0218949338954544,0.0308786170944332,0.174442561990947));
#2796=CARTESIAN_POINT('',(0.0257710617670726,0.0286846504102766,0.17423089532428));
#2797=CARTESIAN_POINT('',(0.0296471896386908,0.0264906837261201,0.174019228657614));
#2798=CARTESIAN_POINT('',(0.0296852226909636,0.0220368751789034,0.173807561990947));
#2799=CARTESIAN_POINT('',(0.0297232557432365,0.0175830666316869,0.17359589532428));
#2800=CARTESIAN_POINT('',(0.025885160923891,0.0153232247686268,0.173384228657614));
#2801=CARTESIAN_POINT('',(0.0220470661045456,0.0130633829055668,0.173172561990947));
#2802=CARTESIAN_POINT('',(0.0181709382329274,0.0152573495897234,0.17296089532428));
#2803=CARTESIAN_POINT('',(0.0142948103613092,0.01745131627388,0.172749228657614));
#2804=CARTESIAN_POINT('',(0.0142567773090363,0.0219051248210965,0.172537561990947));
#2805=CARTESIAN_POINT('',(0.0142187442567635,0.0263589333683131,0.172325895324281));
#2806=CARTESIAN_POINT('',(0.018056839076109,0.0286187752313731,0.172114228657614));
#2807=CARTESIAN_POINT('',(0.0218949338954544,0.0308786170944332,0.171902561990947));
#2808=CARTESIAN_POINT('',(0.0257710617670726,0.0286846504102767,0.171690895324281));
#2809=CARTESIAN_POINT('',(0.0296471896386908,0.0264906837261201,0.171479228657614));
#2810=CARTESIAN_POINT('',(0.0296852226909636,0.0220368751789034,0.171267561990947));
#2811=CARTESIAN_POINT('',(0.0297232557432365,0.0175830666316869,0.17105589532428));
#2812=CARTESIAN_POINT('',(0.0258851609238911,0.0153232247686268,0.170844228657614));
#2813=CARTESIAN_POINT('',(0.0220470661045456,0.0130633829055668,0.170632561990947));
#2814=CARTESIAN_POINT('',(0.0181709382329274,0.0152573495897234,0.170420895324281));
#2815=CARTESIAN_POINT('',(0.0142948103613092,0.0174513162738799,0.170209228657614));
#2816=CARTESIAN_POINT('',(0.0142567773090363,0.0219051248210965,0.169997561990947));
#2817=CARTESIAN_POINT('',(0.0142187442567635,0.0263589333683131,0.16978589532428));
#2818=CARTESIAN_POINT('',(0.018056839076109,0.0286187752313731,0.169574228657614));
#2819=CARTESIAN_POINT('',(0.0218949338954544,0.0308786170944332,0.169362561990947));
#2820=CARTESIAN_POINT('',(0.0257710617670726,0.0286846504102767,0.16915089532428));
#2821=CARTESIAN_POINT('',(0.0296471896386908,0.0264906837261201,0.168939228657614));
#2822=CARTESIAN_POINT('',(0.0296852226909636,0.0220368751789034,0.168727561990947));
#2823=CARTESIAN_POINT('',(0.0297232557432365,0.0175830666316869,0.16851589532428));
#2824=CARTESIAN_POINT('',(0.0258851609238911,0.0153232247686268,0.168304228657614));
#2825=CARTESIAN_POINT('',(0.0220470661045456,0.0130633829055668,0.168092561990947));
#2826=CARTESIAN_POINT('',(0.0181709382329274,0.0152573495897234,0.16788089532428));
#2827=CARTESIAN_POINT('',(0.0142948103613092,0.0174513162738799,0.167669228657614));
#2828=CARTESIAN_POINT('',(0.0142567773090363,0.0219051248210965,0.167457561990947));
#2829=CARTESIAN_POINT('',(0.0142187442567635,0.0263589333683131,0.16724589532428));
#2830=CARTESIAN_POINT('',(0.018056839076109,0.0286187752313731,0.167034228657614));
#2831=CARTESIAN_POINT('',(0.0218949338954544,0.0308786170944332,0.166822561990947));
#2832=CARTESIAN_POINT('',(0.0257710617670726,0.0286846504102767,0.166610895324281));
#2833=CARTESIAN_POINT('',(0.0296471896386908,0.0264906837261201,0.166399228657614));
#2834=CARTESIAN_POINT('',(0.0296852226909636,0.0220368751789035,0.166187561990947));
#2835=CARTESIAN_POINT('',(0.0297232557432365,0.0175830666316869,0.16597589532428));
#2836=CARTESIAN_POINT('',(0.0258851609238911,0.0153232247686268,0.165764228657614));
#2837=CARTESIAN_POINT('',(0.0220470661045457,0.0130633829055668,0.165552561990947));
#2838=CARTESIAN_POINT('',(0.0181709382329274,0.0152573495897234,0.165340895324281));
#2839=CARTESIAN_POINT('',(0.0142948103613092,0.01745131627388,0.165129228657614));
#2840=CARTESIAN_POINT('',(0.0142567773090363,0.0219051248210965,0.164917561990947));
#2841=CARTESIAN_POINT('',(0.0142187442567635,0.0263589333683131,0.16470589532428));
#2842=CARTESIAN_POINT('',(0.0180568390761089,0.0286187752313731,0.164494228657614));
#2843=CARTESIAN_POINT('',(0.0218949338954544,0.0308786170944332,0.164282561990947));
#2844=CARTESIAN_POINT('',(0.0257710617670725,0.0286846504102767,0.16407089532428));
#2845=CARTESIAN_POINT('',(0.0296471896386908,0.0264906837261201,0.163859228657614));
#2846=CARTESIAN_POINT('',(0.0296852226909636,0.0220368751789034,0.163647561990947));
#2847=CARTESIAN_POINT('',(0.0297232557432365,0.0175830666316869,0.16343589532428));
#2848=CARTESIAN_POINT('',(0.0258851609238911,0.0153232247686268,0.163224228657614));
#2849=CARTESIAN_POINT('',(0.0220470661045457,0.0130633829055668,0.163012561990947));
#2850=CARTESIAN_POINT('',(0.0181709382329274,0.0152573495897234,0.16280089532428));
#2851=CARTESIAN_POINT('',(0.0142948103613092,0.01745131627388,0.162589228657614));
#2852=CARTESIAN_POINT('',(0.0142567773090363,0.0219051248210965,0.162377561990947));
#2853=CARTESIAN_POINT('',(0.0142187442567635,0.0263589333683131,0.16216589532428));
#2854=CARTESIAN_POINT('',(0.0180568390761089,0.0286187752313731,0.161954228657614));
#2855=CARTESIAN_POINT('',(0.0218949338954544,0.0308786170944332,0.161742561990947));
#2856=CARTESIAN_POINT('',(0.0257710617670725,0.0286846504102767,0.16153089532428));
#2857=CARTESIAN_POINT('',(0.0296471896386908,0.0264906837261201,0.161319228657614));
#2858=CARTESIAN_POINT('',(0.0296852226909636,0.0220368751789034,0.161107561990947));
#2859=CARTESIAN_POINT('',(0.0297232557432365,0.0175830666316869,0.16089589532428));
#2860=CARTESIAN_POINT('',(0.0258851609238911,0.0153232247686268,0.160684228657614));
#2861=CARTESIAN_POINT('',(0.0220470661045457,0.0130633829055668,0.160472561990947));
#2862=CARTESIAN_POINT('',(0.0181709382329274,0.0152573495897234,0.160260895324281));
#2863=CARTESIAN_POINT('',(0.0142948103613092,0.0174513162738799,0.160049228657614));
#2864=CARTESIAN_POINT('',(0.0142567773090363,0.0219051248210965,0.159837561990947));
#2865=CARTESIAN_POINT('',(0.0142187442567635,0.0263589333683131,0.15962589532428));
#2866=CARTESIAN_POINT('',(0.0180568390761089,0.0286187752313731,0.159414228657614));
#2867=CARTESIAN_POINT('',(0.0218949338954544,0.0308786170944332,0.159202561990947));
#2868=CARTESIAN_POINT('',(0.0257710617670725,0.0286846504102767,0.15899089532428));
#2869=CARTESIAN_POINT('',(0.0296471896386908,0.0264906837261201,0.158779228657614));
#2870=CARTESIAN_POINT('',(0.0296852226909636,0.0220368751789034,0.158567561990947));
#2871=CARTESIAN_POINT('',(0.0297232557432365,0.0175830666316869,0.15835589532428));
#2872=CARTESIAN_POINT('',(0.0258851609238911,0.0153232247686268,0.158144228657614));
#2873=CARTESIAN_POINT('',(0.0220470661045457,0.0130633829055668,0.157932561990947));
#2874=CARTESIAN_POINT('',(0.0181709382329274,0.0152573495897234,0.15772089532428));
#2875=CARTESIAN_POINT('',(0.0142948103613092,0.0174513162738799,0.157509228657614));
#2876=CARTESIAN_POINT('',(0.0142567773090363,0.0219051248210965,0.157297561990947));
#2877=CARTESIAN_POINT('',(0.0142187442567635,0.0263589333683131,0.15708589532428));
#2878=CARTESIAN_POINT('',(0.0180568390761089,0.0286187752313731,0.156874228657614));
#2879=CARTESIAN_POINT('',(0.0218949338954544,0.0308786170944332,0.156662561990947));
#2880=CARTESIAN_POINT('',(0.0257710617670725,0.0286846504102767,0.15645089532428));
#2881=CARTESIAN_POINT('',(0.0296471896386908,0.0264906837261201,0.156239228657614));
#2882=CARTESIAN_POINT('',(0.0296852226909636,0.0220368751789035,0.156027561990947));
#2883=CARTESIAN_POINT('',(0.0297232557432365,0.0175830666316869,0.15581589532428));
#2884=CARTESIAN_POINT('',(0.0258851609238911,0.0153232247686268,0.155604228657614));
#2885=CARTESIAN_POINT('',(0.0220470661045457,0.0130633829055668,0.155392561990947));
#2886=CARTESIAN_POINT('',(0.0181709382329274,0.0152573495897234,0.155180895324281));
#2887=CARTESIAN_POINT('',(0.0142948103613092,0.0174513162738799,0.154969228657614));
#2888=CARTESIAN_POINT('',(0.0142567773090363,0.0219051248210965,0.154757561990947));
#2889=CARTESIAN_POINT('',(0.0142187442567635,0.0263589333683131,0.15454589532428));
#2890=CARTESIAN_POINT('',(0.0180568390761089,0.0286187752313731,0.154334228657614));
#2891=CARTESIAN_POINT('',(0.0218949338954544,0.0308786170944332,0.154122561990947));
#2892=CARTESIAN_POINT('',(0.0257710617670725,0.0286846504102767,0.15391089532428));
#2893=CARTESIAN_POINT('',(0.0296471896386908,0.0264906837261201,0.153699228657614));
#2894=CARTESIAN_POINT('',(0.0296852226909636,0.0220368751789035,0.153487561990947));
#2895=CARTESIAN_POINT('',(0.0297232557432365,0.0175830666316869,0.15327589532428));
#2896=CARTESIAN_POINT('',(0.0258851609238911,0.0153232247686268,0.153064228657614));
#2897=CARTESIAN_POINT('',(0.0220470661045457,0.0130633829055668,0.152852561990947));
#2898=CARTESIAN_POINT('',(0.0181709382329274,0.0152573495897234,0.15264089532428));
#2899=CARTESIAN_POINT('',(0.0142948103613092,0.01745131627388,0.152429228657614));
#2900=CARTESIAN_POINT('',(0.0142567773090363,0.0219051248210964,0.152217561990947));
#2901=CARTESIAN_POINT('',(0.0142187442567635,0.0263589333683131,0.15200589532428));
#2902=CARTESIAN_POINT('',(0.0180568390761089,0.0286187752313731,0.151794228657614));
#2903=CARTESIAN_POINT('',(0.0218949338954544,0.0308786170944332,0.151582561990947));
#2904=CARTESIAN_POINT('',(0.0257710617670726,0.0286846504102766,0.15137089532428));
#2905=CARTESIAN_POINT('',(0.0296471896386908,0.0264906837261201,0.151159228657614));
#2906=CARTESIAN_POINT('',(0.0296852226909636,0.0220368751789035,0.150947561990947));
#2907=CARTESIAN_POINT('',(0.0297232557432365,0.0175830666316869,0.150735895324281));
#2908=CARTESIAN_POINT('',(0.0258851609238911,0.0153232247686268,0.150524228657614));
#2909=CARTESIAN_POINT('',(0.0220470661045456,0.0130633829055668,0.150312561990947));
#2910=CARTESIAN_POINT('',(0.0181709382329275,0.0152573495897233,0.150100895324281));
#2911=CARTESIAN_POINT('',(0.0142948103613092,0.0174513162738799,0.149889228657614));
#2912=CARTESIAN_POINT('',(0.0142567773090363,0.0219051248210965,0.149677561990947));
#2913=CARTESIAN_POINT('',(0.0142187442567635,0.0263589333683131,0.14946589532428));
#2914=CARTESIAN_POINT('',(0.0180568390761089,0.0286187752313731,0.149254228657614));
#2915=CARTESIAN_POINT('',(0.0218949338954543,0.0308786170944332,0.149042561990947));
#2916=CARTESIAN_POINT('',(0.0257710617670725,0.0286846504102767,0.14883089532428));
#2917=CARTESIAN_POINT('',(0.0296471896386908,0.0264906837261201,0.148619228657614));
#2918=CARTESIAN_POINT('',(0.0296852226909636,0.0220368751789034,0.148407561990947));
#2919=CARTESIAN_POINT('',(0.0297232557432365,0.017583066631687,0.14819589532428));
#2920=CARTESIAN_POINT('',(0.0258851609238911,0.0153232247686269,0.147984228657614));
#2921=CARTESIAN_POINT('',(0.0220470661045457,0.0130633829055668,0.147772561990947));
#2922=CARTESIAN_POINT('',(0.0181709382329274,0.0152573495897234,0.14756089532428));
#2923=CARTESIAN_POINT('',(0.0142948103613092,0.01745131627388,0.147349228657614));
#2924=CARTESIAN_POINT('',(0.0142567773090363,0.0219051248210964,0.147137561990947));
#2925=CARTESIAN_POINT('',(0.0142187442567635,0.0263589333683131,0.14692589532428));
#2926=CARTESIAN_POINT('',(0.0180568390761089,0.0286187752313731,0.146714228657614));
#2927=CARTESIAN_POINT('',(0.0218949338954544,0.0308786170944332,0.146502561990947));
#2928=CARTESIAN_POINT('',(0.0257710617670726,0.0286846504102766,0.14629089532428));
#2929=CARTESIAN_POINT('',(0.0296471896386908,0.0264906837261201,0.146079228657614));
#2930=CARTESIAN_POINT('',(0.0296852226909636,0.0220368751789035,0.145867561990947));
#2931=CARTESIAN_POINT('',(0.0297232557432365,0.0175830666316869,0.14565589532428));
#2932=CARTESIAN_POINT('',(0.0258851609238911,0.0153232247686268,0.145444228657614));
#2933=CARTESIAN_POINT('',(0.0220470661045457,0.0130633829055668,0.145232561990947));
#2934=CARTESIAN_POINT('',(0.0181709382329275,0.0152573495897233,0.14502089532428));
#2935=CARTESIAN_POINT('',(0.0142948103613092,0.0174513162738799,0.144809228657614));
#2936=CARTESIAN_POINT('',(0.0142567773090363,0.0219051248210965,0.144597561990947));
#2937=CARTESIAN_POINT('',(0.0142187442567635,0.0263589333683131,0.14438589532428));
#2938=CARTESIAN_POINT('',(0.0180568390761089,0.0286187752313731,0.144174228657614));
#2939=CARTESIAN_POINT('',(0.0218949338954542,0.0308786170944332,0.143962561990947));
#2940=CARTESIAN_POINT('',(0.0257710617670725,0.0286846504102767,0.14375089532428));
#2941=CARTESIAN_POINT('',(0.0296471896386908,0.0264906837261201,0.143539228657614));
#2942=CARTESIAN_POINT('',(0.0296852226909636,0.0220368751789034,0.143327561990947));
#2943=CARTESIAN_POINT('',(0.0297232557432365,0.017583066631687,0.14311589532428));
#2944=CARTESIAN_POINT('',(0.0258851609238911,0.0153232247686269,0.142904228657614));
#2945=CARTESIAN_POINT('',(0.0220470661045457,0.0130633829055668,0.142692561990947));
#2946=CARTESIAN_POINT('',(0.0181709382329274,0.0152573495897233,0.14248089532428));
#2947=CARTESIAN_POINT('',(0.0142948103613092,0.01745131627388,0.142269228657614));
#2948=CARTESIAN_POINT('',(0.0142567773090363,0.0219051248210964,0.142057561990947));
#2949=CARTESIAN_POINT('',(0.0142187442567635,0.0263589333683131,0.14184589532428));
#2950=CARTESIAN_POINT('',(0.0180568390761089,0.0286187752313731,0.141634228657614));
#2951=CARTESIAN_POINT('',(0.0218949338954544,0.0308786170944332,0.141422561990947));
#2952=CARTESIAN_POINT('',(0.0257710617670725,0.0286846504102767,0.14121089532428));
#2953=CARTESIAN_POINT('',(0.0296471896386908,0.0264906837261201,0.140999228657614));
#2954=CARTESIAN_POINT('',(0.0296852226909636,0.0220368751789035,0.140787561990947));
#2955=CARTESIAN_POINT('',(0.0297232557432365,0.0175830666316869,0.14057589532428));
#2956=CARTESIAN_POINT('',(0.0258851609238911,0.0153232247686268,0.140364228657614));
#2957=CARTESIAN_POINT('',(0.0220470661045457,0.0130633829055668,0.140152561990947));
#2958=CARTESIAN_POINT('',(0.0181709382329275,0.0152573495897233,0.13994089532428));
#2959=CARTESIAN_POINT('',(0.0142948103613092,0.0174513162738799,0.139729228657614));
#2960=CARTESIAN_POINT('',(0.0142567773090363,0.0219051248210965,0.139517561990947));
#2961=CARTESIAN_POINT('',(0.0142187442567635,0.0263589333683131,0.139305895324281));
#2962=CARTESIAN_POINT('',(0.0180568390761089,0.0286187752313731,0.139094228657614));
#2963=CARTESIAN_POINT('',(0.0218949338954542,0.0308786170944332,0.138882561990947));
#2964=CARTESIAN_POINT('',(0.0257710617670725,0.0286846504102767,0.13867089532428));
#2965=CARTESIAN_POINT('',(0.0296471896386908,0.0264906837261201,0.138459228657614));
#2966=CARTESIAN_POINT('',(0.0296852226909636,0.0220368751789035,0.138247561990947));
#2967=CARTESIAN_POINT('',(0.0297232557432365,0.017583066631687,0.13803589532428));
#2968=CARTESIAN_POINT('',(0.0258851609238911,0.0153232247686269,0.137824228657614));
#2969=CARTESIAN_POINT('',(0.0220470661045457,0.0130633829055668,0.137612561990947));
#2970=CARTESIAN_POINT('',(0.0181709382329274,0.0152573495897233,0.13740089532428));
#2971=CARTESIAN_POINT('',(0.0142948103613092,0.0174513162738799,0.137189228657614));
#2972=CARTESIAN_POINT('',(0.0142567773090363,0.0219051248210964,0.136977561990947));
#2973=CARTESIAN_POINT('',(0.0142187442567635,0.0263589333683131,0.13676589532428));
#2974=CARTESIAN_POINT('',(0.0180568390761089,0.0286187752313731,0.136554228657614));
#2975=CARTESIAN_POINT('',(0.0218949338954543,0.0308786170944332,0.136342561990947));
#2976=CARTESIAN_POINT('',(0.0257710617670725,0.0286846504102767,0.13613089532428));
#2977=CARTESIAN_POINT('',(0.0296471896386908,0.0264906837261201,0.135919228657614));
#2978=CARTESIAN_POINT('',(0.0296852226909636,0.0220368751789035,0.135707561990947));
#2979=CARTESIAN_POINT('',(0.0297232557432365,0.0175830666316869,0.13549589532428));
#2980=CARTESIAN_POINT('',(0.0258851609238911,0.0153232247686268,0.135284228657614));
#2981=CARTESIAN_POINT('',(0.0220470661045458,0.0130633829055668,0.135072561990947));
#2982=CARTESIAN_POINT('',(0.0181709382329275,0.0152573495897233,0.13486089532428));
#2983=CARTESIAN_POINT('',(0.0142948103613092,0.0174513162738799,0.134649228657614));
#2984=CARTESIAN_POINT('',(0.0142567773090363,0.0219051248210965,0.134437561990947));
#2985=CARTESIAN_POINT('',(0.0142187442567634,0.026358933368313,0.13422589532428));
#2986=CARTESIAN_POINT('',(0.0180568390761089,0.0286187752313731,0.134014228657614));
#2987=CARTESIAN_POINT('',(0.0218949338954542,0.0308786170944332,0.133802561990947));
#2988=CARTESIAN_POINT('',(0.0257710617670725,0.0286846504102767,0.13359089532428));
#2989=CARTESIAN_POINT('',(0.0296471896386908,0.0264906837261201,0.133379228657614));
#2990=CARTESIAN_POINT('',(0.0296852226909636,0.0220368751789036,0.133167561990947));
#2991=CARTESIAN_POINT('',(0.0297232557432366,0.017583066631687,0.13295589532428));
#2992=CARTESIAN_POINT('',(0.0258851609238911,0.0153232247686269,0.132744228657614));
#2993=CARTESIAN_POINT('',(0.0220470661045457,0.0130633829055668,0.132532561990947));
#2994=CARTESIAN_POINT('',(0.0181709382329274,0.0152573495897233,0.13232089532428));
#2995=CARTESIAN_POINT('',(0.0142948103613092,0.0174513162738799,0.132109228657614));
#2996=CARTESIAN_POINT('',(0.0142567773090363,0.0219051248210964,0.131897561990947));
#2997=CARTESIAN_POINT('',(0.0142187442567635,0.0263589333683131,0.131685895324281));
#2998=CARTESIAN_POINT('',(0.0180568390761089,0.0286187752313731,0.131474228657614));
#2999=CARTESIAN_POINT('',(0.0218949338954543,0.0308786170944332,0.131262561990947));
#3000=CARTESIAN_POINT('',(0.0257710617670725,0.0286846504102767,0.13105089532428));
#3001=CARTESIAN_POINT('',(0.0296471896386908,0.0264906837261201,0.130839228657614));
#3002=CARTESIAN_POINT('',(0.0296852226909636,0.0220368751789035,0.130627561990947));
#3003=CARTESIAN_POINT('',(0.0297232557432365,0.0175830666316869,0.13041589532428));
#3004=CARTESIAN_POINT('',(0.0258851609238912,0.0153232247686269,0.130204228657614));
#3005=CARTESIAN_POINT('',(0.0220470661045458,0.0130633829055668,0.129992561990947));
#3006=CARTESIAN_POINT('',(0.0181709382329275,0.0152573495897233,0.12978089532428));
#3007=CARTESIAN_POINT('',(0.0142948103613092,0.0174513162738799,0.129569228657614));
#3008=CARTESIAN_POINT('',(0.0142567773090363,0.0219051248210965,0.129357561990947));
#3009=CARTESIAN_POINT('',(0.0142187442567634,0.026358933368313,0.129145895324281));
#3010=CARTESIAN_POINT('',(0.0180568390761089,0.0286187752313731,0.128934228657614));
#3011=CARTESIAN_POINT('',(0.0218949338954542,0.0308786170944332,0.128722561990947));
#3012=CARTESIAN_POINT('',(0.0257710617670725,0.0286846504102767,0.12851089532428));
#3013=CARTESIAN_POINT('',(0.0296471896386908,0.0264906837261201,0.128299228657614));
#3014=CARTESIAN_POINT('',(0.0296852226909636,0.0220368751789036,0.128087561990947));
#3015=CARTESIAN_POINT('',(0.0297232557432366,0.017583066631687,0.12787589532428));
#3016=CARTESIAN_POINT('',(0.0258851609238911,0.0153232247686269,0.127664228657614));
#3017=CARTESIAN_POINT('',(0.0220470661045457,0.0130633829055668,0.127452561990947));
#3018=CARTESIAN_POINT('',(0.0181709382329274,0.0152573495897233,0.12724089532428));
#3019=CARTESIAN_POINT('',(0.0142948103613092,0.0174513162738799,0.127029228657614));
#3020=CARTESIAN_POINT('',(0.0142567773090363,0.0219051248210964,0.126817561990947));
#3021=CARTESIAN_POINT('',(0.0142187442567634,0.026358933368313,0.12660589532428));
#3022=CARTESIAN_POINT('',(0.0180568390761089,0.0286187752313731,0.126394228657614));
#3023=CARTESIAN_POINT('',(0.0218949338954542,0.0308786170944332,0.126182561990947));
#3024=CARTESIAN_POINT('',(0.0257710617670726,0.0286846504102767,0.12597089532428));
#3025=CARTESIAN_POINT('',(0.0296471896386908,0.0264906837261201,0.125759228657614));
#3026=CARTESIAN_POINT('',(0.0296852226909636,0.0220368751789036,0.125547561990947));
#3027=CARTESIAN_POINT('',(0.0297232557432365,0.0175830666316869,0.12533589532428));
#3028=CARTESIAN_POINT('',(0.0258851609238912,0.0153232247686269,0.125124228657614));
#3029=CARTESIAN_POINT('',(0.0220470661045457,0.0130633829055668,0.124912561990947));
#3030=CARTESIAN_POINT('',(0.0181709382329275,0.0152573495897233,0.12470089532428));
#3031=CARTESIAN_POINT('',(0.0142948103613093,0.0174513162738798,0.124489228657614));
#3032=CARTESIAN_POINT('',(0.0142567773090363,0.0219051248210965,0.124277561990947));
#3033=CARTESIAN_POINT('',(0.0142187442567634,0.026358933368313,0.124065895324281));
#3034=CARTESIAN_POINT('',(0.018056839076109,0.0286187752313731,0.123854228657614));
#3035=CARTESIAN_POINT('',(0.0218949338954542,0.0308786170944332,0.123642561990947));
#3036=CARTESIAN_POINT('',(0.0257710617670724,0.0286846504102767,0.12343089532428));
#3037=CARTESIAN_POINT('',(0.0296471896386908,0.0264906837261201,0.123219228657614));
#3038=CARTESIAN_POINT('',(0.0296852226909636,0.0220368751789036,0.123007561990947));
#3039=CARTESIAN_POINT('',(0.0297232557432365,0.0175830666316869,0.12279589532428));
#3040=CARTESIAN_POINT('',(0.0258851609238911,0.0153232247686269,0.122584228657614));
#3041=CARTESIAN_POINT('',(0.0220470661045459,0.0130633829055668,0.122372561990947));
#3042=CARTESIAN_POINT('',(0.0181709382329274,0.0152573495897233,0.12216089532428));
#3043=CARTESIAN_POINT('',(0.0142948103613092,0.0174513162738798,0.121949228657614));
#3044=CARTESIAN_POINT('',(0.0142567773090363,0.0219051248210965,0.121737561990947));
#3045=CARTESIAN_POINT('',(0.0142187442567635,0.0263589333683131,0.12152589532428));
#3046=CARTESIAN_POINT('',(0.0180568390761088,0.0286187752313731,0.121314228657614));
#3047=CARTESIAN_POINT('',(0.0218949338954543,0.0308786170944332,0.121102561990947));
#3048=CARTESIAN_POINT('',(0.0257710617670725,0.0286846504102767,0.12089089532428));
#3049=CARTESIAN_POINT('',(0.0296471896386907,0.0264906837261202,0.120679228657614));
#3050=CARTESIAN_POINT('',(0.0296852226909636,0.0220368751789035,0.120467561990947));
#3051=CARTESIAN_POINT('',(0.0297232557432366,0.017583066631687,0.12025589532428));
#3052=CARTESIAN_POINT('',(0.0258851609238911,0.0153232247686268,0.120044228657614));
#3053=CARTESIAN_POINT('',(0.0220470661045458,0.0130633829055668,0.119832561990947));
#3054=CARTESIAN_POINT('',(0.0181709382329276,0.0152573495897233,0.11962089532428));
#3055=CARTESIAN_POINT('',(0.0142948103613092,0.0174513162738799,0.119409228657614));
#3056=CARTESIAN_POINT('',(0.0142567773090363,0.0219051248210964,0.119197561990947));
#3057=CARTESIAN_POINT('',(0.0142187442567635,0.0263589333683131,0.11898589532428));
#3058=CARTESIAN_POINT('',(0.0180568390761089,0.0286187752313731,0.118774228657614));
#3059=CARTESIAN_POINT('',(0.0218949338954541,0.0308786170944332,0.118562561990947));
#3060=CARTESIAN_POINT('',(0.0257710617670725,0.0286846504102767,0.11835089532428));
#3061=CARTESIAN_POINT('',(0.0296471896386908,0.0264906837261202,0.118139228657614));
#3062=CARTESIAN_POINT('',(0.0296852226909636,0.0220368751789035,0.117927561990947));
#3063=CARTESIAN_POINT('',(0.0297232557432366,0.017583066631687,0.11771589532428));
#3064=CARTESIAN_POINT('',(0.0258851609238912,0.015323224768627,0.117504228657614));
#3065=CARTESIAN_POINT('',(0.0220470661045457,0.0130633829055668,0.117292561990947));
#3066=CARTESIAN_POINT('',(0.0181709382329275,0.0152573495897233,0.11708089532428));
#3067=CARTESIAN_POINT('',(0.0142948103613092,0.0174513162738799,0.116869228657614));
#3068=CARTESIAN_POINT('',(0.0142567773090363,0.0219051248210964,0.116657561990947));
#3069=CARTESIAN_POINT('',(0.0142187442567634,0.026358933368313,0.11644589532428));
#3070=CARTESIAN_POINT('',(0.0180568390761089,0.0286187752313731,0.116234228657614));
#3071=CARTESIAN_POINT('',(0.0218949338954542,0.0308786170944332,0.116022561990947));
#3072=CARTESIAN_POINT('',(0.0257710617670726,0.0286846504102767,0.11581089532428));
#3073=CARTESIAN_POINT('',(0.0296471896386908,0.0264906837261201,0.115599228657614));
#3074=CARTESIAN_POINT('',(0.0296852226909636,0.0220368751789036,0.115387561990947));
#3075=CARTESIAN_POINT('',(0.0297232557432365,0.0175830666316869,0.115175895324281));
#3076=CARTESIAN_POINT('',(0.0258851609238912,0.0153232247686269,0.114964228657614));
#3077=CARTESIAN_POINT('',(0.0220470661045457,0.0130633829055668,0.114752561990947));
#3078=CARTESIAN_POINT('',(0.0181709382329275,0.0152573495897233,0.11454089532428));
#3079=CARTESIAN_POINT('',(0.0142948103613093,0.0174513162738797,0.114329228657614));
#3080=CARTESIAN_POINT('',(0.0142567773090363,0.0219051248210965,0.114117561990947));
#3081=CARTESIAN_POINT('',(0.0142187442567634,0.026358933368313,0.11390589532428));
#3082=CARTESIAN_POINT('',(0.0180568390761089,0.0286187752313731,0.113694228657614));
#3083=CARTESIAN_POINT('',(0.0218949338954542,0.0308786170944332,0.113482561990947));
#3084=CARTESIAN_POINT('',(0.0257710617670724,0.0286846504102767,0.11327089532428));
#3085=CARTESIAN_POINT('',(0.0296471896386908,0.0264906837261201,0.113059228657614));
#3086=CARTESIAN_POINT('',(0.0296852226909636,0.0220368751789036,0.112847561990947));
#3087=CARTESIAN_POINT('',(0.0297232557432366,0.0175830666316871,0.11263589532428));
#3088=CARTESIAN_POINT('',(0.0258851609238911,0.0153232247686269,0.112424228657614));
#3089=CARTESIAN_POINT('',(0.0220470661045459,0.0130633829055668,0.112212561990947));
#3090=CARTESIAN_POINT('',(0.0181709382329274,0.0152573495897233,0.11200089532428));
#3091=CARTESIAN_POINT('',(0.0142948103613092,0.0174513162738798,0.111789228657614));
#3092=CARTESIAN_POINT('',(0.0142567773090363,0.0219051248210963,0.111577561990947));
#3093=CARTESIAN_POINT('',(0.0142187442567635,0.0263589333683131,0.11136589532428));
#3094=CARTESIAN_POINT('',(0.0180568390761088,0.0286187752313731,0.111154228657614));
#3095=CARTESIAN_POINT('',(0.0218949338954543,0.0308786170944332,0.110942561990947));
#3096=CARTESIAN_POINT('',(0.0257710617670725,0.0286846504102767,0.11073089532428));
#3097=CARTESIAN_POINT('',(0.0296471896386907,0.0264906837261202,0.110519228657614));
#3098=CARTESIAN_POINT('',(0.0296852226909636,0.0220368751789035,0.110307561990947));
#3099=CARTESIAN_POINT('',(0.0297232557432366,0.017583066631687,0.11009589532428));
#3100=CARTESIAN_POINT('',(0.0258851609238911,0.0153232247686268,0.109884228657614));
#3101=CARTESIAN_POINT('',(0.0220470661045458,0.0130633829055668,0.109672561990947));
#3102=CARTESIAN_POINT('',(0.0181709382329276,0.0152573495897233,0.10946089532428));
#3103=CARTESIAN_POINT('',(0.0142948103613092,0.0174513162738799,0.109249228657614));
#3104=CARTESIAN_POINT('',(0.0142567773090363,0.0219051248210964,0.109037561990947));
#3105=CARTESIAN_POINT('',(0.0142187442567635,0.0263589333683131,0.10882589532428));
#3106=CARTESIAN_POINT('',(0.0180568390761088,0.0286187752313731,0.108614228657614));
#3107=CARTESIAN_POINT('',(0.0218949338954541,0.0308786170944332,0.108402561990947));
#3108=CARTESIAN_POINT('',(0.0257710617670725,0.0286846504102767,0.10819089532428));
#3109=CARTESIAN_POINT('',(0.0296471896386908,0.0264906837261202,0.107979228657614));
#3110=CARTESIAN_POINT('',(0.0296852226909636,0.0220368751789035,0.107767561990947));
#3111=CARTESIAN_POINT('',(0.0297232557432366,0.017583066631687,0.10755589532428));
#3112=CARTESIAN_POINT('',(0.0258851609238912,0.015323224768627,0.107344228657614));
#3113=CARTESIAN_POINT('',(0.0220470661045457,0.0130633829055668,0.107132561990947));
#3114=CARTESIAN_POINT('',(0.0181709382329275,0.0152573495897233,0.10692089532428));
#3115=CARTESIAN_POINT('',(0.0142948103613092,0.0174513162738799,0.106709228657614));
#3116=CARTESIAN_POINT('',(0.0142567773090363,0.0219051248210964,0.106497561990947));
#3117=CARTESIAN_POINT('',(0.0142187442567634,0.026358933368313,0.10628589532428));
#3118=CARTESIAN_POINT('',(0.0180568390761089,0.0286187752313731,0.106074228657614));
#3119=CARTESIAN_POINT('',(0.0218949338954542,0.0308786170944332,0.105862561990947));
#3120=CARTESIAN_POINT('',(0.0257710617670726,0.0286846504102767,0.10565089532428));
#3121=CARTESIAN_POINT('',(0.0296471896386908,0.0264906837261202,0.105439228657614));
#3122=CARTESIAN_POINT('',(0.0296852226909636,0.0220368751789036,0.105227561990947));
#3123=CARTESIAN_POINT('',(0.0297232557432365,0.0175830666316869,0.10501589532428));
#3124=CARTESIAN_POINT('',(0.0258851609238912,0.0153232247686269,0.104804228657614));
#3125=CARTESIAN_POINT('',(0.0220470661045459,0.0130633829055668,0.104592561990947));
#3126=CARTESIAN_POINT('',(0.0181709382329275,0.0152573495897233,0.10438089532428));
#3127=CARTESIAN_POINT('',(0.0142948103613093,0.0174513162738797,0.104169228657614));
#3128=CARTESIAN_POINT('',(0.0142567773090363,0.0219051248210965,0.103957561990947));
#3129=CARTESIAN_POINT('',(0.0142187442567634,0.026358933368313,0.10374589532428));
#3130=CARTESIAN_POINT('',(0.0180568390761087,0.028618775231373,0.103534228657614));
#3131=CARTESIAN_POINT('',(0.0218949338954542,0.0308786170944332,0.103322561990947));
#3132=CARTESIAN_POINT('',(0.0257710617670724,0.0286846504102767,0.10311089532428));
#3133=CARTESIAN_POINT('',(0.0296471896386908,0.0264906837261201,0.102899228657614));
#3134=CARTESIAN_POINT('',(0.0296852226909636,0.0220368751789036,0.102687561990947));
#3135=CARTESIAN_POINT('',(0.0297232557432366,0.0175830666316871,0.10247589532428));
#3136=CARTESIAN_POINT('',(0.0258851609238911,0.0153232247686269,0.102264228657614));
#3137=CARTESIAN_POINT('',(0.0220470661045459,0.0130633829055668,0.102052561990947));
#3138=CARTESIAN_POINT('',(0.0181709382329274,0.0152573495897233,0.10184089532428));
#3139=CARTESIAN_POINT('',(0.0142948103613092,0.0174513162738798,0.101629228657614));
#3140=CARTESIAN_POINT('',(0.0142567773090363,0.0219051248210963,0.101417561990947));
#3141=CARTESIAN_POINT('',(0.0142187442567635,0.026358933368313,0.10120589532428));
#3142=CARTESIAN_POINT('',(0.0180568390761087,0.0286187752313731,0.100994228657614));
#3143=CARTESIAN_POINT('',(0.0218949338954543,0.0308786170944332,0.100782561990947));
#3144=CARTESIAN_POINT('',(0.0257710617670725,0.0286846504102767,0.10057089532428));
#3145=CARTESIAN_POINT('',(0.0296471896386907,0.0264906837261203,0.100359228657614));
#3146=CARTESIAN_POINT('',(0.0296852226909636,0.0220368751789035,0.100147561990947));
#3147=CARTESIAN_POINT('',(0.0297232557432366,0.017583066631687,0.0999358953242804));
#3148=CARTESIAN_POINT('',(0.0258851609238911,0.0153232247686268,0.0997242286576138));
#3149=CARTESIAN_POINT('',(0.0220470661045458,0.0130633829055668,0.0995125619909471));
#3150=CARTESIAN_POINT('',(0.0181709382329276,0.0152573495897233,0.0993008953242805));
#3151=CARTESIAN_POINT('',(0.0142948103613092,0.0174513162738799,0.0990892286576138));
#3152=CARTESIAN_POINT('',(0.0142567773090363,0.0219051248210963,0.0988775619909471));
#3153=CARTESIAN_POINT('',(0.0142187442567635,0.0263589333683131,0.0986658953242805));
#3154=CARTESIAN_POINT('',(0.0180568390761088,0.0286187752313731,0.0984542286576138));
#3155=CARTESIAN_POINT('',(0.0218949338954541,0.0308786170944332,0.0982425619909472));
#3156=CARTESIAN_POINT('',(0.0257710617670725,0.0286846504102767,0.0980308953242805));
#3157=CARTESIAN_POINT('',(0.0296471896386908,0.0264906837261202,0.0978192286576137));
#3158=CARTESIAN_POINT('',(0.0296852226909636,0.0220368751789035,0.0976075619909471));
#3159=CARTESIAN_POINT('',(0.0297232557432366,0.017583066631687,0.0973958953242804));
#3160=CARTESIAN_POINT('',(0.0258851609238912,0.015323224768627,0.0971842286576138));
#3161=CARTESIAN_POINT('',(0.0220470661045457,0.0130633829055668,0.0969725619909471));
#3162=CARTESIAN_POINT('',(0.0181709382329275,0.0152573495897233,0.0967608953242805));
#3163=CARTESIAN_POINT('',(0.0142948103613093,0.0174513162738797,0.0965492286576138));
#3164=CARTESIAN_POINT('',(0.0142567773090363,0.0219051248210964,0.0963375619909471));
#3165=CARTESIAN_POINT('',(0.0142187442567634,0.0263589333683129,0.0961258953242805));
#3166=CARTESIAN_POINT('',(0.0180568390761089,0.0286187752313731,0.0959142286576138));
#3167=CARTESIAN_POINT('',(0.0218949338954542,0.0308786170944332,0.0957025619909472));
#3168=CARTESIAN_POINT('',(0.0257710617670724,0.0286846504102768,0.0954908953242805));
#3169=CARTESIAN_POINT('',(0.0296471896386908,0.0264906837261202,0.0952792286576138));
#3170=CARTESIAN_POINT('',(0.0296852226909636,0.0220368751789036,0.0950675619909471));
#3171=CARTESIAN_POINT('',(0.0297232557432365,0.017583066631687,0.0948558953242805));
#3172=CARTESIAN_POINT('',(0.0258851609238912,0.015323224768627,0.0946442286576138));
#3173=CARTESIAN_POINT('',(0.0220470661045459,0.0130633829055668,0.0944325619909471));
#3174=CARTESIAN_POINT('',(0.0181709382329275,0.0152573495897233,0.0942208953242805));
#3175=CARTESIAN_POINT('',(0.0142948103613093,0.0174513162738797,0.0940092286576138));
#3176=CARTESIAN_POINT('',(0.0142567773090363,0.0219051248210964,0.0937975619909471));
#3177=CARTESIAN_POINT('',(0.0142187442567634,0.026358933368313,0.0935858953242804));
#3178=CARTESIAN_POINT('',(0.0180568390761087,0.028618775231373,0.0933742286576138));
#3179=CARTESIAN_POINT('',(0.0218949338954542,0.0308786170944332,0.0931625619909471));
#3180=CARTESIAN_POINT('',(0.0257710617670724,0.0286846504102767,0.0929508953242805));
#3181=CARTESIAN_POINT('',(0.0296471896386908,0.0264906837261201,0.0927392286576138));
#3182=CARTESIAN_POINT('',(0.0296852226909636,0.0220368751789036,0.0925275619909471));
#3183=CARTESIAN_POINT('',(0.0297232557432366,0.0175830666316871,0.0923158953242805));
#3184=CARTESIAN_POINT('',(0.0258851609238912,0.0153232247686269,0.0921042286576138));
#3185=CARTESIAN_POINT('',(0.0220470661045459,0.0130633829055668,0.0918925619909472));
#3186=CARTESIAN_POINT('',(0.0181709382329274,0.0152573495897233,0.0916808953242805));
#3187=CARTESIAN_POINT('',(0.0142948103613092,0.0174513162738798,0.0914692286576137));
#3188=CARTESIAN_POINT('',(0.0142567773090363,0.0219051248210963,0.0912575619909471));
#3189=CARTESIAN_POINT('',(0.0142187442567635,0.026358933368313,0.0910458953242804));
#3190=CARTESIAN_POINT('',(0.0180568390761087,0.028618775231373,0.0908342286576138));
#3191=CARTESIAN_POINT('',(0.0218949338954543,0.0308786170944332,0.0906225619909471));
#3192=CARTESIAN_POINT('',(0.0257710617670724,0.0286846504102767,0.0904108953242805));
#3193=CARTESIAN_POINT('',(0.0296471896386907,0.0264906837261203,0.0901992286576138));
#3194=CARTESIAN_POINT('',(0.0296852226909636,0.0220368751789035,0.0899875619909471));
#3195=CARTESIAN_POINT('',(0.0297232557432366,0.0175830666316871,0.0897758953242805));
#3196=CARTESIAN_POINT('',(0.0258851609238913,0.015323224768627,0.0895642286576138));
#3197=CARTESIAN_POINT('',(0.0220470661045458,0.0130633829055668,0.0893525619909471));
#3198=CARTESIAN_POINT('',(0.0181709382329276,0.0152573495897232,0.0891408953242805));
#3199=CARTESIAN_POINT('',(0.0142948103613092,0.0174513162738799,0.0889292286576138));
#3200=CARTESIAN_POINT('',(0.0142567773090363,0.0219051248210963,0.0887175619909471));
#3201=CARTESIAN_POINT('',(0.0142187442567633,0.0263589333683128,0.0885058953242805));
#3202=CARTESIAN_POINT('',(0.0180568390761088,0.0286187752313731,0.0882942286576138));
#3203=CARTESIAN_POINT('',(0.0218949338954541,0.0308786170944332,0.0880825619909471));
#3204=CARTESIAN_POINT('',(0.0257710617670725,0.0286846504102767,0.0878708953242805));
#3205=CARTESIAN_POINT('',(0.0296471896386908,0.0264906837261202,0.0876592286576137));
#3206=CARTESIAN_POINT('',(0.0296852226909636,0.0220368751789038,0.0874475619909471));
#3207=CARTESIAN_POINT('',(0.0297232557432366,0.017583066631687,0.0872358953242804));
#3208=CARTESIAN_POINT('',(0.0258851609238912,0.015323224768627,0.0870242286576138));
#3209=CARTESIAN_POINT('',(0.0220470661045457,0.0130633829055668,0.0868125619909471));
#3210=CARTESIAN_POINT('',(0.0181709382329275,0.0152573495897233,0.0866008953242805));
#3211=CARTESIAN_POINT('',(0.0142948103613093,0.0174513162738797,0.0863892286576138));
#3212=CARTESIAN_POINT('',(0.0142567773090363,0.0219051248210964,0.0861775619909471));
#3213=CARTESIAN_POINT('',(0.0142187442567634,0.0263589333683129,0.0859658953242805));
#3214=CARTESIAN_POINT('',(0.0180568390761089,0.0286187752313731,0.0857542286576138));
#3215=CARTESIAN_POINT('',(0.0218949338954542,0.0308786170944332,0.0855425619909471));
#3216=CARTESIAN_POINT('',(0.0257710617670724,0.0286846504102768,0.0853308953242805));
#3217=CARTESIAN_POINT('',(0.0296471896386908,0.0264906837261202,0.0851192286576138));
#3218=CARTESIAN_POINT('',(0.0296852226909636,0.0220368751789037,0.0849075619909471));
#3219=CARTESIAN_POINT('',(0.0297232557432365,0.017583066631687,0.0846958953242805));
#3220=CARTESIAN_POINT('',(0.0258851609238912,0.015323224768627,0.0844842286576138));
#3221=CARTESIAN_POINT('',(0.022047066104546,0.0130633829055668,0.0842725619909471));
#3222=CARTESIAN_POINT('',(0.0181709382329275,0.0152573495897233,0.0840608953242805));
#3223=CARTESIAN_POINT('',(0.0142948103613093,0.0174513162738797,0.0838492286576138));
#3224=CARTESIAN_POINT('',(0.0142567773090363,0.0219051248210964,0.0836375619909471));
#3225=CARTESIAN_POINT('',(0.0142187442567634,0.026358933368313,0.0834258953242804));
#3226=CARTESIAN_POINT('',(0.0180568390761087,0.028618775231373,0.0832142286576138));
#3227=CARTESIAN_POINT('',(0.0218949338954542,0.0308786170944332,0.0830025619909471));
#3228=CARTESIAN_POINT('',(0.0257710617670724,0.0286846504102768,0.0827908953242805));
#3229=CARTESIAN_POINT('',(0.0296471896386908,0.0264906837261201,0.0825792286576138));
#3230=CARTESIAN_POINT('',(0.0296852226909636,0.0220368751789036,0.0823675619909471));
#3231=CARTESIAN_POINT('',(0.0297232557432366,0.0175830666316871,0.0821558953242805));
#3232=CARTESIAN_POINT('',(0.0258851609238912,0.0153232247686269,0.0819442286576138));
#3233=CARTESIAN_POINT('',(0.0220470661045459,0.0130633829055668,0.0817325619909472));
#3234=CARTESIAN_POINT('',(0.0181709382329277,0.0152573495897232,0.0815208953242805));
#3235=CARTESIAN_POINT('',(0.0142948103613092,0.0174513162738798,0.0813092286576138));
#3236=CARTESIAN_POINT('',(0.0142567773090363,0.0219051248210963,0.0810975619909471));
#3237=CARTESIAN_POINT('',(0.0142187442567634,0.026358933368313,0.0808858953242804));
#3238=CARTESIAN_POINT('',(0.0180568390761087,0.028618775231373,0.0806742286576138));
#3239=CARTESIAN_POINT('',(0.021894933895454,0.0308786170944332,0.0804625619909471));
#3240=CARTESIAN_POINT('',(0.0257710617670724,0.0286846504102767,0.0802508953242805));
#3241=CARTESIAN_POINT('',(0.0296471896386907,0.0264906837261203,0.0800392286576138));
#3242=CARTESIAN_POINT('',(0.0296852226909636,0.0220368751789035,0.0798275619909471));
#3243=CARTESIAN_POINT('',(0.0297232557432366,0.0175830666316871,0.0796158953242805));
#3244=CARTESIAN_POINT('',(0.0258851609238913,0.015323224768627,0.0794042286576138));
#3245=CARTESIAN_POINT('',(0.0220470661045458,0.0130633829055668,0.0791925619909471));
#3246=CARTESIAN_POINT('',(0.0181709382329276,0.0152573495897232,0.0789808953242805));
#3247=CARTESIAN_POINT('',(0.0142948103613092,0.0174513162738799,0.0787692286576138));
#3248=CARTESIAN_POINT('',(0.0142567773090363,0.0219051248210963,0.0785575619909471));
#3249=CARTESIAN_POINT('',(0.0142187442567633,0.0263589333683128,0.0783458953242805));
#3250=CARTESIAN_POINT('',(0.0180568390761088,0.0286187752313731,0.0781342286576138));
#3251=CARTESIAN_POINT('',(0.0218949338954541,0.0308786170944332,0.0779225619909471));
#3252=CARTESIAN_POINT('',(0.0257710617670725,0.0286846504102767,0.0777108953242805));
#3253=CARTESIAN_POINT('',(0.0296471896386907,0.0264906837261202,0.0774992286576137));
#3254=CARTESIAN_POINT('',(0.0296852226909636,0.0220368751789038,0.0772875619909471));
#3255=CARTESIAN_POINT('',(0.0297232557432366,0.017583066631687,0.0770758953242804));
#3256=CARTESIAN_POINT('',(0.0258851609238913,0.015323224768627,0.0768642286576138));
#3257=CARTESIAN_POINT('',(0.0220470661045457,0.0130633829055668,0.0766525619909471));
#3258=CARTESIAN_POINT('',(0.0181709382329276,0.0152573495897233,0.0764408953242805));
#3259=CARTESIAN_POINT('',(0.0142948103613093,0.0174513162738797,0.0762292286576138));
#3260=CARTESIAN_POINT('',(0.0142567773090363,0.0219051248210964,0.0760175619909471));
#3261=CARTESIAN_POINT('',(0.0142187442567634,0.0263589333683129,0.0758058953242805));
#3262=CARTESIAN_POINT('',(0.0180568390761089,0.0286187752313731,0.0755942286576138));
#3263=CARTESIAN_POINT('',(0.0218949338954541,0.0308786170944332,0.0753825619909471));
#3264=CARTESIAN_POINT('',(0.0257710617670725,0.0286846504102767,0.0751708953242805));
#3265=CARTESIAN_POINT('',(0.0296471896386906,0.0264906837261204,0.0749592286576138));
#3266=CARTESIAN_POINT('',(0.0296852226909636,0.0220368751789037,0.0747475619909471));
#3267=CARTESIAN_POINT('',(0.0297232557432365,0.017583066631687,0.0745358953242805));
#3268=CARTESIAN_POINT('',(0.0258851609238915,0.0153232247686271,0.0743242286576138));
#3269=CARTESIAN_POINT('',(0.022047066104546,0.0130633829055668,0.0741125619909471));
#3270=CARTESIAN_POINT('',(0.0181709382329275,0.0152573495897233,0.0739008953242805));
#3271=CARTESIAN_POINT('',(0.0142948103613092,0.01745131627388,0.0736892286576137));
#3272=CARTESIAN_POINT('',(0.0142567773090363,0.0219051248210962,0.0734775619909471));
#3273=CARTESIAN_POINT('',(0.0142187442567634,0.026358933368313,0.0732658953242804));
#3274=CARTESIAN_POINT('',(0.0180568390761089,0.0286187752313731,0.0730542286576138));
#3275=CARTESIAN_POINT('',(0.0218949338954539,0.0308786170944332,0.0728425619909471));
#3276=CARTESIAN_POINT('',(0.0257710617670724,0.0286846504102768,0.0726308953242805));
#3277=CARTESIAN_POINT('',(0.0296471896386908,0.0264906837261201,0.0724192286576138));
#3278=CARTESIAN_POINT('',(0.0296852226909636,0.0220368751789038,0.0722075619909471));
#3279=CARTESIAN_POINT('',(0.0297232557432366,0.0175830666316871,0.0719958953242805));
#3280=CARTESIAN_POINT('',(0.0258851609238912,0.0153232247686269,0.0717842286576138));
#3281=CARTESIAN_POINT('',(0.0220470661045456,0.0130633829055668,0.0715725619909472));
#3282=CARTESIAN_POINT('',(0.0181709382329277,0.0152573495897232,0.0713608953242805));
#3283=CARTESIAN_POINT('',(0.0142948103613092,0.0174513162738798,0.0711492286576137));
#3284=CARTESIAN_POINT('',(0.0142567773090363,0.0219051248210965,0.0709375619909471));
#3285=CARTESIAN_POINT('',(0.0142187442567633,0.0263589333683128,0.0707258953242804));
#3286=CARTESIAN_POINT('',(0.0180568390761087,0.028618775231373,0.0705142286576138));
#3287=CARTESIAN_POINT('',(0.0218949338954542,0.0308786170944332,0.0703025619909471));
#3288=CARTESIAN_POINT('',(0.0257710617670723,0.0286846504102768,0.0700908953242805));
#3289=CARTESIAN_POINT('',(0.0296471896386907,0.0264906837261203,0.0698792286576138));
#3290=CARTESIAN_POINT('',(0.0296852226909636,0.0220368751789036,0.0696675619909471));
#3291=CARTESIAN_POINT('',(0.0297232557432367,0.0175830666316873,0.0694558953242805));
#3292=CARTESIAN_POINT('',(0.0258851609238913,0.015323224768627,0.0692442286576138));
#3293=CARTESIAN_POINT('',(0.0220470661045459,0.0130633829055668,0.0690325619909471));
#3294=CARTESIAN_POINT('',(0.0181709382329274,0.0152573495897233,0.0688208953242805));
#3295=CARTESIAN_POINT('',(0.0142948103613094,0.0174513162738796,0.0686092286576138));
#3296=CARTESIAN_POINT('',(0.0142567773090363,0.0219051248210963,0.0683975619909471));
#3297=CARTESIAN_POINT('',(0.0142187442567635,0.0263589333683131,0.0681858953242805));
#3298=CARTESIAN_POINT('',(0.0180568390761086,0.028618775231373,0.0679742286576138));
#3299=CARTESIAN_POINT('',(0.0218949338954541,0.0308786170944332,0.0677625619909472));
#3300=CARTESIAN_POINT('',(0.0257710617670725,0.0286846504102767,0.0675508953242805));
#3301=CARTESIAN_POINT('',(0.0296471896386906,0.0264906837261205,0.0673392286576137));
#3302=CARTESIAN_POINT('',(0.0296852226909636,0.0220368751789038,0.0671275619909471));
#3303=CARTESIAN_POINT('',(0.0297232557432366,0.017583066631687,0.0669158953242804));
#3304=CARTESIAN_POINT('',(0.0258851609238911,0.0153232247686268,0.0667042286576138));
#3305=CARTESIAN_POINT('',(0.022047066104546,0.0130633829055668,0.0664925619909471));
#3306=CARTESIAN_POINT('',(0.0181709382329276,0.0152573495897233,0.0662808953242805));
#3307=CARTESIAN_POINT('',(0.0142948103613092,0.0174513162738799,0.0660692286576138));
#3308=CARTESIAN_POINT('',(0.0142567773090363,0.0219051248210962,0.0658575619909471));
#3309=CARTESIAN_POINT('',(0.0142187442567634,0.0263589333683129,0.0656458953242805));
#3310=CARTESIAN_POINT('',(0.0180568390761089,0.0286187752313731,0.0654342286576138));
#3311=CARTESIAN_POINT('',(0.0218949338954539,0.0308786170944332,0.0652225619909471));
#3312=CARTESIAN_POINT('',(0.0257710617670724,0.0286846504102768,0.0650108953242805));
#3313=CARTESIAN_POINT('',(0.0296471896386908,0.0264906837261202,0.0647992286576138));
#3314=CARTESIAN_POINT('',(0.0296852226909636,0.0220368751789035,0.0645875619909471));
#3315=CARTESIAN_POINT('',(0.0297232557432367,0.0175830666316872,0.0643758953242805));
#3316=CARTESIAN_POINT('',(0.0258851609238912,0.015323224768627,0.0641642286576138));
#3317=CARTESIAN_POINT('',(0.0220470661045457,0.0130633829055668,0.0639525619909471));
#3318=CARTESIAN_POINT('',(0.0181709382329277,0.0152573495897232,0.0637408953242805));
#3319=CARTESIAN_POINT('',(0.0142948103613093,0.0174513162738797,0.0635292286576137));
#3320=CARTESIAN_POINT('',(0.0142567773090363,0.0219051248210964,0.0633175619909471));
#3321=CARTESIAN_POINT('',(0.0142187442567633,0.0263589333683127,0.0631058953242804));
#3322=CARTESIAN_POINT('',(0.0180568390761087,0.028618775231373,0.0628942286576138));
#3323=CARTESIAN_POINT('',(0.0218949338954542,0.0308786170944332,0.0626825619909471));
#3324=CARTESIAN_POINT('',(0.0257710617670722,0.0286846504102768,0.0624708953242805));
#3325=CARTESIAN_POINT('',(0.0296471896386906,0.0264906837261204,0.0622592286576138));
#3326=CARTESIAN_POINT('',(0.0296852226909636,0.0220368751789036,0.0620475619909471));
#3327=CARTESIAN_POINT('',(0.0297232557432365,0.0175830666316869,0.0618358953242805));
#3328=CARTESIAN_POINT('',(0.0258851609238914,0.015323224768627,0.0616242286576138));
#3329=CARTESIAN_POINT('',(0.0220470661045459,0.0130633829055668,0.0614125619909472));
#3330=CARTESIAN_POINT('',(0.0181709382329275,0.0152573495897233,0.0612008953242805));
#3331=CARTESIAN_POINT('',(0.0142948103613094,0.0174513162738796,0.0609892286576137));
#3332=CARTESIAN_POINT('',(0.0142567773090363,0.0219051248210963,0.0607775619909471));
#3333=CARTESIAN_POINT('',(0.0142187442567634,0.026358933368313,0.0605658953242804));
#3334=CARTESIAN_POINT('',(0.0180568390761086,0.0286187752313729,0.0603542286576138));
#3335=CARTESIAN_POINT('',(0.021894933895454,0.0308786170944332,0.0601425619909471));
#3336=CARTESIAN_POINT('',(0.0257710617670724,0.0286846504102767,0.0599308953242805));
#3337=CARTESIAN_POINT('',(0.0296471896386908,0.0264906837261201,0.0597192286576138));
#3338=CARTESIAN_POINT('',(0.0296852226909636,0.0220368751789038,0.0595075619909471));
#3339=CARTESIAN_POINT('',(0.0297232557432366,0.0175830666316871,0.0592958953242805));
#3340=CARTESIAN_POINT('',(0.0258851609238911,0.0153232247686269,0.0590842286576138));
#3341=CARTESIAN_POINT('',(0.0220470661045461,0.0130633829055668,0.0588725619909471));
#3342=CARTESIAN_POINT('',(0.0181709382329277,0.0152573495897232,0.0586608953242805));
#3343=CARTESIAN_POINT('',(0.0142948103613092,0.0174513162738799,0.0584492286576138));
#3344=CARTESIAN_POINT('',(0.0142567773090363,0.0219051248210961,0.0582375619909471));
#3345=CARTESIAN_POINT('',(0.0142187442567633,0.0263589333683128,0.0580258953242805));
#3346=CARTESIAN_POINT('',(0.0180568390761088,0.0286187752313731,0.0578142286576138));
#3347=CARTESIAN_POINT('',(0.0218949338954543,0.0308786170944332,0.0576025619909471));
#3348=CARTESIAN_POINT('',(0.0257710617670723,0.0286846504102768,0.0573908953242805));
#3349=CARTESIAN_POINT('',(0.0296471896386907,0.0264906837261202,0.0571792286576137));
#3350=CARTESIAN_POINT('',(0.0296852226909636,0.0220368751789035,0.0569675619909471));
#3351=CARTESIAN_POINT('',(0.0297232557432367,0.0175830666316873,0.0567558953242804));
#3352=CARTESIAN_POINT('',(0.0258851609238913,0.015323224768627,0.0565442286576138));
#3353=CARTESIAN_POINT('',(0.0220470661045458,0.0130633829055668,0.0563325619909471));
#3354=CARTESIAN_POINT('',(0.0181709382329278,0.0152573495897232,0.0561208953242805));
#3355=CARTESIAN_POINT('',(0.0142948103613093,0.0174513162738797,0.0559092286576138));
#3356=CARTESIAN_POINT('',(0.0142567773090363,0.0219051248210964,0.0556975619909471));
#3357=CARTESIAN_POINT('',(0.0142187442567635,0.0263589333683131,0.0554858953242805));
#3358=CARTESIAN_POINT('',(0.0180568390761086,0.028618775231373,0.0552742286576138));
#3359=CARTESIAN_POINT('',(0.0218949338954541,0.0308786170944332,0.0550625619909471));
#3360=CARTESIAN_POINT('',(0.0257710617670725,0.0286846504102767,0.0548508953242805));
#3361=CARTESIAN_POINT('',(0.0296471896386906,0.0264906837261204,0.0546392286576138));
#3362=CARTESIAN_POINT('',(0.0296852226909636,0.0220368751789037,0.0544275619909471));
#3363=CARTESIAN_POINT('',(0.0297232557432366,0.017583066631687,0.0542158953242805));
#3364=CARTESIAN_POINT('',(0.0258851609238915,0.0153232247686271,0.0540042286576138));
#3365=CARTESIAN_POINT('',(0.022047066104546,0.0130633829055668,0.0537925619909471));
#3366=CARTESIAN_POINT('',(0.0181709382329275,0.0152573495897233,0.0535808953242805));
#3367=CARTESIAN_POINT('',(0.0142948103613094,0.0174513162738795,0.0533692286576138));
#3368=CARTESIAN_POINT('',(0.0142567773090363,0.0219051248210962,0.0531575619909471));
#3369=CARTESIAN_POINT('',(0.0142187442567634,0.026358933368313,0.0529458953242804));
#3370=CARTESIAN_POINT('',(0.0180568390761089,0.0286187752313731,0.0527342286576138));
#3371=CARTESIAN_POINT('',(0.0218949338954539,0.0308786170944332,0.0525225619909471));
#3372=CARTESIAN_POINT('',(0.0257710617670724,0.0286846504102768,0.0523108953242805));
#3373=CARTESIAN_POINT('',(0.0296471896386908,0.0264906837261201,0.0520992286576138));
#3374=CARTESIAN_POINT('',(0.0296852226909636,0.0220368751789038,0.0518875619909471));
#3375=CARTESIAN_POINT('',(0.0297232557432366,0.0175830666316871,0.0516758953242805));
#3376=CARTESIAN_POINT('',(0.0258851609238912,0.0153232247686269,0.0514642286576138));
#3377=CARTESIAN_POINT('',(0.0220470661045462,0.0130633829055668,0.0512525619909471));
#3378=CARTESIAN_POINT('',(0.0181709382329277,0.0152573495897232,0.0510408953242805));
#3379=CARTESIAN_POINT('',(0.0142948103613093,0.0174513162738798,0.0508292286576138));
#3380=CARTESIAN_POINT('',(0.0142567773090363,0.0219051248210965,0.0506175619909471));
#3381=CARTESIAN_POINT('',(0.0142187442567633,0.0263589333683128,0.0504058953242805));
#3382=CARTESIAN_POINT('',(0.0180568390761087,0.028618775231373,0.0501942286576138));
#3383=CARTESIAN_POINT('',(0.0218949338954542,0.0308786170944332,0.0499825619909471));
#3384=CARTESIAN_POINT('',(0.0257710617670723,0.0286846504102768,0.0497708953242805));
#3385=CARTESIAN_POINT('',(0.0296471896386907,0.0264906837261203,0.0495592286576138));
#3386=CARTESIAN_POINT('',(0.0296852226909636,0.0220368751789036,0.0493475619909471));
#3387=CARTESIAN_POINT('',(0.0297232557432367,0.0175830666316873,0.0491358953242804));
#3388=CARTESIAN_POINT('',(0.0258851609238913,0.015323224768627,0.0489242286576138));
#3389=CARTESIAN_POINT('',(0.0220470661045459,0.0130633829055668,0.0487125619909471));
#3390=CARTESIAN_POINT('',(0.0181709382329274,0.0152573495897233,0.0485008953242805));
#3391=CARTESIAN_POINT('',(0.0142948103613094,0.0174513162738796,0.0482892286576138));
#3392=CARTESIAN_POINT('',(0.0142567773090363,0.0219051248210963,0.0480775619909471));
#3393=CARTESIAN_POINT('',(0.0142187442567635,0.0263589333683131,0.0478658953242804));
#3394=CARTESIAN_POINT('',(0.0180568390761086,0.0286187752313729,0.0476542286576138));
#3395=CARTESIAN_POINT('',(0.0218949338954541,0.0308786170944332,0.0474425619909471));
#3396=CARTESIAN_POINT('',(0.0257710617670725,0.0286846504102767,0.0472308953242805));
#3397=CARTESIAN_POINT('',(0.0296471896386906,0.0264906837261205,0.0470192286576138));
#3398=CARTESIAN_POINT('',(0.0296852226909636,0.0220368751789038,0.0468075619909471));
#3399=CARTESIAN_POINT('',(0.0297232557432366,0.017583066631687,0.0465958953242805));
#3400=CARTESIAN_POINT('',(0.0258851609238915,0.0153232247686271,0.0463842286576138));
#3401=CARTESIAN_POINT('',(0.022047066104546,0.0130633829055668,0.0461725619909471));
#3402=CARTESIAN_POINT('',(0.0181709382329276,0.0152573495897233,0.0459608953242805));
#3403=CARTESIAN_POINT('',(0.0142948103613092,0.0174513162738799,0.0457492286576138));
#3404=CARTESIAN_POINT('',(0.0142567773090363,0.0219051248210961,0.0455375619909471));
#3405=CARTESIAN_POINT('',(0.0142187442567634,0.0263589333683129,0.0453258953242805));
#3406=CARTESIAN_POINT('',(0.0180568390761089,0.0286187752313731,0.0451142286576138));
#3407=CARTESIAN_POINT('',(0.0218949338954539,0.0308786170944332,0.0449025619909471));
#3408=CARTESIAN_POINT('',(0.0257710617670724,0.0286846504102768,0.0446908953242805));
#3409=CARTESIAN_POINT('',(0.0296471896386908,0.0264906837261202,0.0444792286576138));
#3410=CARTESIAN_POINT('',(0.0296852226909636,0.0220368751789039,0.0442675619909471));
#3411=CARTESIAN_POINT('',(0.0297232557432367,0.0175830666316872,0.0440558953242805));
#3412=CARTESIAN_POINT('',(0.0258851609238912,0.015323224768627,0.0438442286576138));
#3413=CARTESIAN_POINT('',(0.0220470661045457,0.0130633829055668,0.0436325619909471));
#3414=CARTESIAN_POINT('',(0.0181709382329277,0.0152573495897232,0.0434208953242805));
#3415=CARTESIAN_POINT('',(0.0142948103613093,0.0174513162738797,0.0432092286576138));
#3416=CARTESIAN_POINT('',(0.0142567773090363,0.0219051248210964,0.0429975619909471));
#3417=CARTESIAN_POINT('',(0.0142187442567633,0.0263589333683127,0.0427858953242804));
#3418=CARTESIAN_POINT('',(0.0180568390761087,0.028618775231373,0.0425742286576138));
#3419=CARTESIAN_POINT('',(0.0218949338954542,0.0308786170944332,0.0423625619909471));
#3420=CARTESIAN_POINT('',(0.0257710617670722,0.0286846504102768,0.0421508953242805));
#3421=CARTESIAN_POINT('',(0.0296471896386906,0.0264906837261204,0.0419392286576138));
#3422=CARTESIAN_POINT('',(0.0296852226909636,0.0220368751789036,0.0417275619909472));
#3423=CARTESIAN_POINT('',(0.0297232557432365,0.0175830666316869,0.0415158953242805));
#3424=CARTESIAN_POINT('',(0.0258851609238914,0.0153232247686271,0.0413042286576138));
#3425=CARTESIAN_POINT('',(0.0220470661045459,0.0130633829055668,0.0410925619909471));
#3426=CARTESIAN_POINT('',(0.0181709382329275,0.0152573495897233,0.0408808953242805));
#3427=CARTESIAN_POINT('',(0.0142948103613094,0.0174513162738796,0.0406692286576138));
#3428=CARTESIAN_POINT('',(0.0142567773090363,0.0219051248210962,0.0404575619909472));
#3429=CARTESIAN_POINT('',(0.0142187442567634,0.026358933368313,0.0402458953242805));
#3430=CARTESIAN_POINT('',(0.0180568390761086,0.0286187752313729,0.0400342286576138));
#3431=CARTESIAN_POINT('',(0.021894933895454,0.0308786170944332,0.0398225619909471));
#3432=CARTESIAN_POINT('',(0.0257710617670724,0.0286846504102767,0.0396108953242804));
#3433=CARTESIAN_POINT('',(0.0296471896386905,0.0264906837261205,0.0393992286576138));
#3434=CARTESIAN_POINT('',(0.0296852226909636,0.0220368751789038,0.0391875619909471));
#3435=CARTESIAN_POINT('',(0.0297232557432366,0.0175830666316871,0.0389758953242804));
#3436=CARTESIAN_POINT('',(0.0258851609238911,0.0153232247686269,0.0387642286576138));
#3437=CARTESIAN_POINT('',(0.0220470661045461,0.0130633829055668,0.0385525619909471));
#3438=CARTESIAN_POINT('',(0.0181709382329277,0.0152573495897232,0.0383408953242804));
#3439=CARTESIAN_POINT('',(0.0142948103613092,0.0174513162738798,0.0381292286576137));
#3440=CARTESIAN_POINT('',(0.0142567773090363,0.0219051248210961,0.0379175619909471));
#3441=CARTESIAN_POINT('',(0.0142187442567633,0.0263589333683128,0.0377058953242804));
#3442=CARTESIAN_POINT('',(0.0180568390761088,0.0286187752313731,0.0374942286576138));
#3443=CARTESIAN_POINT('',(0.0218949338954538,0.0308786170944332,0.0372825619909471));
#3444=CARTESIAN_POINT('',(0.0257710617670723,0.0286846504102768,0.0370708953242804));
#3445=CARTESIAN_POINT('',(0.0296471896386907,0.0264906837261202,0.0368592286576138));
#3446=CARTESIAN_POINT('',(0.0296852226909636,0.0220368751789035,0.0366475619909472));
#3447=CARTESIAN_POINT('',(0.0297232557432367,0.0175830666316873,0.0364358953242805));
#3448=CARTESIAN_POINT('',(0.0258851609238913,0.015323224768627,0.0362242286576138));
#3449=CARTESIAN_POINT('',(0.0220470661045458,0.0130633829055668,0.0360125619909471));
#3450=CARTESIAN_POINT('',(0.0181709382329278,0.0152573495897231,0.0358008953242805));
#3451=CARTESIAN_POINT('',(0.0142948103613093,0.0174513162738796,0.0355892286576138));
#3452=CARTESIAN_POINT('',(0.0142567773090363,0.0219051248210964,0.0353775619909472));
#3453=CARTESIAN_POINT('',(0.0142187442567632,0.0263589333683127,0.0351658953242805));
#3454=CARTESIAN_POINT('',(0.0180568390761086,0.028618775231373,0.0349542286576138));
#3455=CARTESIAN_POINT('',(0.0218949338954541,0.0308786170944332,0.0347425619909471));
#3456=CARTESIAN_POINT('',(0.0257710617670725,0.0286846504102767,0.0345308953242805));
#3457=CARTESIAN_POINT('',(0.0296471896386906,0.0264906837261204,0.0343192286576138));
#3458=CARTESIAN_POINT('',(0.0296852226909636,0.0220368751789037,0.0341075619909471));
#3459=CARTESIAN_POINT('',(0.0297232557432366,0.017583066631687,0.0338958953242804));
#3460=CARTESIAN_POINT('',(0.0258851609238915,0.0153232247686271,0.0336842286576138));
#3461=CARTESIAN_POINT('',(0.022047066104546,0.0130633829055668,0.0334725619909471));
#3462=CARTESIAN_POINT('',(0.0181709382329275,0.0152573495897233,0.0332608953242805));
#3463=CARTESIAN_POINT('',(0.0142948103613094,0.0174513162738795,0.0330492286576138));
#3464=CARTESIAN_POINT('',(0.0142567773090363,0.0219051248210962,0.0328375619909471));
#3465=CARTESIAN_POINT('',(0.0142187442567634,0.026358933368313,0.0326258953242804));
#3466=CARTESIAN_POINT('',(0.0180568390761089,0.0286187752313731,0.0324142286576138));
#3467=CARTESIAN_POINT('',(0.0218949338954539,0.0308786170944332,0.0322025619909471));
#3468=CARTESIAN_POINT('',(0.0257710617670724,0.0286846504102768,0.0319908953242805));
#3469=CARTESIAN_POINT('',(0.0296471896386908,0.0264906837261202,0.0317792286576138));
#3470=CARTESIAN_POINT('',(0.0296852226909636,0.0220368751789039,0.0315675619909472));
#3471=CARTESIAN_POINT('',(0.0297232557432366,0.0175830666316871,0.0313558953242805));
#3472=CARTESIAN_POINT('',(0.0258851609238912,0.0153232247686269,0.0311442286576138));
#3473=CARTESIAN_POINT('',(0.0220470661045462,0.0130633829055668,0.0309325619909471));
#3474=CARTESIAN_POINT('',(0.0181709382329277,0.0152573495897232,0.0307208953242804));
#3475=CARTESIAN_POINT('',(0.0142948103613093,0.0174513162738797,0.0305092286576138));
#3476=CARTESIAN_POINT('',(0.0142567773090363,0.021905124821096,0.0302975619909471));
#3477=CARTESIAN_POINT('',(0.0142187442567633,0.0263589333683128,0.0300858953242804));
#3478=CARTESIAN_POINT('',(0.0180568390761087,0.028618775231373,0.0298742286576138));
#3479=CARTESIAN_POINT('',(0.0218949338954542,0.0308786170944332,0.0296625619909471));
#3480=CARTESIAN_POINT('',(0.0257710617670723,0.0286846504102768,0.0294508953242804));
#3481=CARTESIAN_POINT('',(0.0296471896386907,0.0264906837261204,0.0292392286576138));
#3482=CARTESIAN_POINT('',(0.0296852226909636,0.0220368751789036,0.0290275619909471));
#3483=CARTESIAN_POINT('',(0.0297232557432367,0.0175830666316873,0.0288158953242804));
#3484=CARTESIAN_POINT('',(0.0258851609238913,0.015323224768627,0.0286042286576138));
#3485=CARTESIAN_POINT('',(0.0220470661045459,0.0130633829055668,0.0283925619909471));
#3486=CARTESIAN_POINT('',(0.0181709382329278,0.0152573495897231,0.0281808953242805));
#3487=CARTESIAN_POINT('',(0.0142948103613094,0.0174513162738796,0.0279692286576138));
#3488=CARTESIAN_POINT('',(0.0142567773090363,0.0219051248210963,0.0277575619909471));
#3489=CARTESIAN_POINT('',(0.0142187442567635,0.026358933368313,0.0275458953242804));
#3490=CARTESIAN_POINT('',(0.0180568390761086,0.0286187752313729,0.0273342286576138));
#3491=CARTESIAN_POINT('',(0.0218949338954541,0.0308786170944332,0.0271225619909471));
#3492=CARTESIAN_POINT('',(0.0257710617670725,0.0286846504102767,0.0269108953242805));
#3493=CARTESIAN_POINT('',(0.0296471896386906,0.0264906837261205,0.0266992286576138));
#3494=CARTESIAN_POINT('',(0.0296852226909636,0.0220368751789038,0.0264875619909472));
#3495=CARTESIAN_POINT('',(0.0297232557432366,0.017583066631687,0.0262758953242805));
#3496=CARTESIAN_POINT('',(0.0258851609238915,0.0153232247686271,0.0260642286576138));
#3497=CARTESIAN_POINT('',(0.022047066104546,0.0130633829055668,0.0258525619909471));
#3498=CARTESIAN_POINT('',(0.0181709382329276,0.0152573495897233,0.0256408953242805));
#3499=CARTESIAN_POINT('',(0.0142948103613092,0.0174513162738799,0.0254292286576138));
#3500=CARTESIAN_POINT('',(0.0142567773090363,0.0219051248210961,0.0252175619909472));
#3501=CARTESIAN_POINT('',(0.0142187442567634,0.0263589333683128,0.0250058953242805));
#3502=CARTESIAN_POINT('',(0.0180568390761088,0.0286187752313731,0.0247942286576137));
#3503=CARTESIAN_POINT('',(0.0218949338954538,0.0308786170944332,0.0245825619909471));
#3504=CARTESIAN_POINT('',(0.0257710617670724,0.0286846504102768,0.0243708953242804));
#3505=CARTESIAN_POINT('',(0.0296471896386908,0.0264906837261202,0.0241592286576138));
#3506=CARTESIAN_POINT('',(0.0296852226909636,0.0220368751789039,0.0239475619909471));
#3507=CARTESIAN_POINT('',(0.0297232557432367,0.0175830666316872,0.0237358953242804));
#3508=CARTESIAN_POINT('',(0.0258851609238912,0.015323224768627,0.0235242286576138));
#3509=CARTESIAN_POINT('',(0.0220470661045463,0.0130633829055668,0.0233125619909471));
#3510=CARTESIAN_POINT('',(0.0181709382329277,0.0152573495897232,0.0231008953242804));
#3511=CARTESIAN_POINT('',(0.0142948103613093,0.0174513162738797,0.0228892286576138));
#3512=CARTESIAN_POINT('',(0.0142567773090363,0.0219051248210964,0.0226775619909471));
#3513=CARTESIAN_POINT('',(0.0142187442567633,0.0263589333683127,0.0224658953242804));
#3514=CARTESIAN_POINT('',(0.0180568390761086,0.028618775231373,0.0222542286576138));
#3515=CARTESIAN_POINT('',(0.0218949338954542,0.0308786170944332,0.0220425619909471));
#3516=CARTESIAN_POINT('',(0.0257710617670722,0.0286846504102768,0.0218308953242804));
#3517=CARTESIAN_POINT('',(0.0296471896386906,0.0264906837261204,0.0216192286576138));
#3518=CARTESIAN_POINT('',(0.0296852226909636,0.0220368751789036,0.0214075619909471));
#3519=CARTESIAN_POINT('',(0.0297232557432368,0.0175830666316874,0.0211958953242805));
#3520=CARTESIAN_POINT('',(0.0258851609238914,0.0153232247686271,0.0209842286576138));
#3521=CARTESIAN_POINT('',(0.0220470661045459,0.0130633829055668,0.0207725619909471));
#3522=CARTESIAN_POINT('',(0.0181709382329275,0.0152573495897233,0.0205608953242805));
#3523=CARTESIAN_POINT('',(0.0142948103613094,0.0174513162738795,0.0203492286576138));
#3524=CARTESIAN_POINT('',(0.0142567773090363,0.0219051248210962,0.0201375619909471));
#3525=CARTESIAN_POINT('',(0.0142187442567634,0.026358933368313,0.0199258953242804));
#3526=CARTESIAN_POINT('',(0.0180568390761086,0.0286187752313729,0.0197142286576137));
#3527=CARTESIAN_POINT('',(0.0218949338954539,0.0308786170944332,0.0195025619909471));
#3528=CARTESIAN_POINT('',(0.0257710617670724,0.0286846504102767,0.0192908953242805));
#3529=CARTESIAN_POINT('',(0.0296471896386905,0.0264906837261205,0.0190792286576138));
#3530=CARTESIAN_POINT('',(0.0296852226909636,0.0220368751789038,0.0188675619909471));
#3531=CARTESIAN_POINT('',(0.0297232557432366,0.0175830666316871,0.0186558953242804));
#3532=CARTESIAN_POINT('',(0.0258851609238912,0.0153232247686269,0.0184442286576138));
#3533=CARTESIAN_POINT('',(0.0220470661045462,0.0130633829055668,0.0182325619909471));
#3534=CARTESIAN_POINT('',(0.0181709382329277,0.0152573495897232,0.0180208953242805));
#3535=CARTESIAN_POINT('',(0.0142948103613092,0.0174513162738798,0.0178092286576138));
#3536=CARTESIAN_POINT('',(0.0142567773090363,0.0219051248210961,0.0175975619909471));
#3537=CARTESIAN_POINT('',(0.0142187442567633,0.0263589333683128,0.0173858953242804));
#3538=CARTESIAN_POINT('',(0.0180568390761087,0.028618775231373,0.0171742286576138));
#3539=CARTESIAN_POINT('',(0.0218949338954538,0.0308786170944332,0.0169625619909471));
#3540=CARTESIAN_POINT('',(0.0257710617670723,0.0286846504102768,0.0167508953242805));
#3541=CARTESIAN_POINT('',(0.0296471896386907,0.0264906837261203,0.0165392286576138));
#3542=CARTESIAN_POINT('',(0.0296852226909636,0.0220368751789035,0.0163275619909471));
#3543=CARTESIAN_POINT('',(0.0297232557432367,0.0175830666316873,0.0161158953242804));
#3544=CARTESIAN_POINT('',(0.0258851609238913,0.015323224768627,0.0159042286576138));
#3545=CARTESIAN_POINT('',(0.0220470661045458,0.0130633829055668,0.0156925619909471));
#3546=CARTESIAN_POINT('',(0.0181709382329278,0.0152573495897231,0.0154808953242804));
#3547=CARTESIAN_POINT('',(0.0142948103613093,0.0174513162738796,0.0152692286576138));
#3548=CARTESIAN_POINT('',(0.0142567773090363,0.0219051248210963,0.0150575619909471));
#3549=CARTESIAN_POINT('',(0.0142187442567632,0.0263589333683126,0.0148458953242804));
#3550=CARTESIAN_POINT('',(0.0180568390761086,0.028618775231373,0.0146342286576138));
#3551=CARTESIAN_POINT('',(0.0218949338954541,0.0308786170944332,0.0144225619909471));
#3552=CARTESIAN_POINT('',(0.0257710617670722,0.0286846504102769,0.0142108953242804));
#3553=CARTESIAN_POINT('',(0.0296471896386906,0.0264906837261205,0.0139992286576138));
#3554=CARTESIAN_POINT('',(0.0296852226909636,0.0220368751789038,0.0137875619909471));
#3555=CARTESIAN_POINT('',(0.0297232557432366,0.017583066631687,0.0135758953242804));
#3556=CARTESIAN_POINT('',(0.0258851609238915,0.0153232247686271,0.0133642286576138));
#3557=CARTESIAN_POINT('',(0.022047066104546,0.0130633829055668,0.0131525619909471));
#3558=CARTESIAN_POINT('',(0.0181709382329275,0.0152573495897233,0.0129408953242804));
#3559=CARTESIAN_POINT('',(0.0142948103613095,0.0174513162738794,0.0127292286576138));
#3560=CARTESIAN_POINT('',(0.0142567773090363,0.0219051248210962,0.0125175619909471));
#3561=CARTESIAN_POINT('',(0.0142187442567634,0.0263589333683129,0.0123058953242804));
#3562=CARTESIAN_POINT('',(0.0180568390761085,0.0286187752313729,0.0120942286576138));
#3563=CARTESIAN_POINT('',(0.0218949338954539,0.0308786170944332,0.0118825619909471));
#3564=CARTESIAN_POINT('',(0.0257710617670724,0.0286846504102768,0.0116708953242804));
#3565=CARTESIAN_POINT('',(0.0296471896386908,0.0264906837261202,0.0114592286576138));
#3566=CARTESIAN_POINT('',(0.0296852226909636,0.0220368751789039,0.0112475619909471));
#3567=CARTESIAN_POINT('',(0.0263963068457825,0.0244656060451838,0.0992234658802707));
#3568=CARTESIAN_POINT('',(0.0270510001689673,0.0233042127059143,0.099112370647027));
#3569=CARTESIAN_POINT('',(0.0270509999999997,0.0219709993561754,0.099016154261232));
#3570=CARTESIAN_POINT('',(0.0270509996282873,0.0190380599886923,0.0988044875945654));
#3571=CARTESIAN_POINT('',(0.0245109994424313,0.017571590626863,0.0985928209278988));
#3572=CARTESIAN_POINT('',(0.0219709992565753,0.0161051212650338,0.098381154261232));
#3573=CARTESIAN_POINT('',(0.0194309994424317,0.0175715912706877,0.0981694875945655));
#3574=CARTESIAN_POINT('',(0.016890999628288,0.0190380612763416,0.0979578209278987));
#3575=CARTESIAN_POINT('',(0.0168910000000003,0.0219710006438247,0.0977461542612321));
#3576=CARTESIAN_POINT('',(0.0168910003717127,0.0249039400113077,0.0975344875945654));
#3577=CARTESIAN_POINT('',(0.0194310005575687,0.026370409373137,0.0973228209278987));
#3578=CARTESIAN_POINT('',(0.0219710007434247,0.0278368787349662,0.0971111542612321));
#3579=CARTESIAN_POINT('',(0.0245110005575683,0.0263704087293123,0.0968994875945654));
#3580=CARTESIAN_POINT('',(0.027051000371712,0.0249039387236585,0.0966878209278988));
#3581=CARTESIAN_POINT('',(0.0270509999999997,0.0219709993561754,0.096476154261232));
#3582=CARTESIAN_POINT('',(0.0270509996282873,0.0190380599886923,0.0962644875945654));
#3583=CARTESIAN_POINT('',(0.0245109994424313,0.017571590626863,0.0960528209278988));
#3584=CARTESIAN_POINT('',(0.0219709992565753,0.0161051212650338,0.095841154261232));
#3585=CARTESIAN_POINT('',(0.0194309994424317,0.0175715912706877,0.0956294875945655));
#3586=CARTESIAN_POINT('',(0.016890999628288,0.0190380612763416,0.0954178209278987));
#3587=CARTESIAN_POINT('',(0.0168910000000003,0.0219710006438247,0.0952061542612321));
#3588=CARTESIAN_POINT('',(0.0168910003717127,0.0249039400113077,0.0949944875945654));
#3589=CARTESIAN_POINT('',(0.0194310005575687,0.026370409373137,0.0947828209278988));
#3590=CARTESIAN_POINT('',(0.0219710007434247,0.0278368787349662,0.094571154261232));
#3591=CARTESIAN_POINT('',(0.0245110005575683,0.0263704087293123,0.0943594875945655));
#3592=CARTESIAN_POINT('',(0.027051000371712,0.0249039387236585,0.0941478209278988));
#3593=CARTESIAN_POINT('',(0.0270509999999997,0.0219709993561754,0.093936154261232));
#3594=CARTESIAN_POINT('',(0.0270509996282873,0.0190380599886923,0.0937244875945654));
#3595=CARTESIAN_POINT('',(0.0245109994424313,0.017571590626863,0.0935128209278988));
#3596=CARTESIAN_POINT('',(0.0219709992565753,0.0161051212650338,0.0933011542612321));
#3597=CARTESIAN_POINT('',(0.0194309994424317,0.0175715912706877,0.0930894875945655));
#3598=CARTESIAN_POINT('',(0.016890999628288,0.0190380612763416,0.0928778209278988));
#3599=CARTESIAN_POINT('',(0.0168910000000003,0.0219710006438247,0.0926661542612321));
#3600=CARTESIAN_POINT('',(0.0168910003717127,0.0249039400113077,0.0924544875945654));
#3601=CARTESIAN_POINT('',(0.0194310005575687,0.026370409373137,0.0922428209278987));
#3602=CARTESIAN_POINT('',(0.0219710007434247,0.0278368787349662,0.092031154261232));
#3603=CARTESIAN_POINT('',(0.0245110005575683,0.0263704087293123,0.0918194875945655));
#3604=CARTESIAN_POINT('',(0.027051000371712,0.0249039387236585,0.0916078209278987));
#3605=CARTESIAN_POINT('',(0.0270509999999997,0.0219709993561754,0.091396154261232));
#3606=CARTESIAN_POINT('',(0.0270509996282873,0.0190380599886923,0.0911844875945654));
#3607=CARTESIAN_POINT('',(0.0245109994424313,0.017571590626863,0.0909728209278988));
#3608=CARTESIAN_POINT('',(0.0219709992565753,0.0161051212650338,0.0907611542612321));
#3609=CARTESIAN_POINT('',(0.0194309994424317,0.0175715912706877,0.0905494875945655));
#3610=CARTESIAN_POINT('',(0.016890999628288,0.0190380612763416,0.0903378209278988));
#3611=CARTESIAN_POINT('',(0.0168910000000003,0.0219710006438247,0.090126154261232));
#3612=CARTESIAN_POINT('',(0.0168910003717127,0.0249039400113077,0.0899144875945654));
#3613=CARTESIAN_POINT('',(0.0194310005575687,0.026370409373137,0.0897028209278988));
#3614=CARTESIAN_POINT('',(0.0219710007434247,0.0278368787349662,0.0894911542612321));
#3615=CARTESIAN_POINT('',(0.0245110005575683,0.0263704087293123,0.0892794875945655));
#3616=CARTESIAN_POINT('',(0.027051000371712,0.0249039387236585,0.0890678209278988));
#3617=CARTESIAN_POINT('',(0.0270509999999997,0.0219709993561754,0.088856154261232));
#3618=CARTESIAN_POINT('',(0.0270509996282873,0.0190380599886923,0.0886444875945654));
#3619=CARTESIAN_POINT('',(0.0245109994424313,0.017571590626863,0.0884328209278988));
#3620=CARTESIAN_POINT('',(0.0219709992565753,0.0161051212650338,0.088221154261232));
#3621=CARTESIAN_POINT('',(0.0194309994424317,0.0175715912706877,0.0880094875945655));
#3622=CARTESIAN_POINT('',(0.016890999628288,0.0190380612763416,0.0877978209278987));
#3623=CARTESIAN_POINT('',(0.0168910000000003,0.0219710006438247,0.087586154261232));
#3624=CARTESIAN_POINT('',(0.0168910003717127,0.0249039400113077,0.0873744875945654));
#3625=CARTESIAN_POINT('',(0.0194310005575687,0.026370409373137,0.0871628209278988));
#3626=CARTESIAN_POINT('',(0.0219710007434247,0.0278368787349662,0.0869511542612321));
#3627=CARTESIAN_POINT('',(0.0245110005575683,0.0263704087293123,0.0867394875945655));
#3628=CARTESIAN_POINT('',(0.027051000371712,0.0249039387236585,0.0865278209278988));
#3629=CARTESIAN_POINT('',(0.0270509999999997,0.0219709993561754,0.0863161542612321));
#3630=CARTESIAN_POINT('',(0.0270509996282873,0.0190380599886923,0.0861044875945655));
#3631=CARTESIAN_POINT('',(0.0245109994424313,0.017571590626863,0.0858928209278988));
#3632=CARTESIAN_POINT('',(0.0219709992565753,0.0161051212650338,0.0856811542612321));
#3633=CARTESIAN_POINT('',(0.0194309994424317,0.0175715912706877,0.0854694875945654));
#3634=CARTESIAN_POINT('',(0.016890999628288,0.0190380612763416,0.0852578209278987));
#3635=CARTESIAN_POINT('',(0.0168910000000003,0.0219710006438247,0.085046154261232));
#3636=CARTESIAN_POINT('',(0.0168910003717127,0.0249039400113077,0.0848344875945654));
#3637=CARTESIAN_POINT('',(0.0194310005575687,0.026370409373137,0.0846228209278988));
#3638=CARTESIAN_POINT('',(0.0219710007434247,0.0278368787349662,0.0844111542612321));
#3639=CARTESIAN_POINT('',(0.0245110005575683,0.0263704087293123,0.0841994875945655));
#3640=CARTESIAN_POINT('',(0.027051000371712,0.0249039387236585,0.0839878209278987));
#3641=CARTESIAN_POINT('',(0.0270509999999997,0.0219709993561754,0.0837761542612321));
#3642=CARTESIAN_POINT('',(0.0270509996282873,0.0190380599886923,0.0835644875945654));
#3643=CARTESIAN_POINT('',(0.0245109994424313,0.017571590626863,0.0833528209278988));
#3644=CARTESIAN_POINT('',(0.0219709992565753,0.0161051212650338,0.0831411542612321));
#3645=CARTESIAN_POINT('',(0.0194309994424317,0.0175715912706877,0.0829294875945655));
#3646=CARTESIAN_POINT('',(0.016890999628288,0.0190380612763416,0.0827178209278988));
#3647=CARTESIAN_POINT('',(0.0168910000000003,0.0219710006438247,0.082506154261232));
#3648=CARTESIAN_POINT('',(0.0168910003717127,0.0249039400113077,0.0822944875945653));
#3649=CARTESIAN_POINT('',(0.0194310005575687,0.026370409373137,0.0820828209278988));
#3650=CARTESIAN_POINT('',(0.0219710007434247,0.0278368787349662,0.081871154261232));
#3651=CARTESIAN_POINT('',(0.0245110005575683,0.0263704087293123,0.0816594875945655));
#3652=CARTESIAN_POINT('',(0.027051000371712,0.0249039387236585,0.0814478209278987));
#3653=CARTESIAN_POINT('',(0.0270509999999997,0.0219709993561754,0.0812361542612321));
#3654=CARTESIAN_POINT('',(0.0270509996282873,0.0190380599886923,0.0810244875945654));
#3655=CARTESIAN_POINT('',(0.0245109994424313,0.017571590626863,0.0808128209278987));
#3656=CARTESIAN_POINT('',(0.0219709992565753,0.0161051212650338,0.0806011542612321));
#3657=CARTESIAN_POINT('',(0.0194309994424317,0.0175715912706877,0.0803894875945655));
#3658=CARTESIAN_POINT('',(0.016890999628288,0.0190380612763416,0.0801778209278988));
#3659=CARTESIAN_POINT('',(0.0168910000000003,0.0219710006438247,0.079966154261232));
#3660=CARTESIAN_POINT('',(0.0168910003717127,0.0249039400113077,0.0797544875945654));
#3661=CARTESIAN_POINT('',(0.0194310005575687,0.026370409373137,0.0795428209278988));
#3662=CARTESIAN_POINT('',(0.0219710007434247,0.0278368787349662,0.0793311542612321));
#3663=CARTESIAN_POINT('',(0.0245110005575683,0.0263704087293123,0.0791194875945655));
#3664=CARTESIAN_POINT('',(0.027051000371712,0.0249039387236585,0.0789078209278988));
#3665=CARTESIAN_POINT('',(0.0270509999999997,0.0219709993561754,0.0786961542612321));
#3666=CARTESIAN_POINT('',(0.0270509996282873,0.0190380599886923,0.0784844875945654));
#3667=CARTESIAN_POINT('',(0.0245109994424313,0.017571590626863,0.0782728209278988));
#3668=CARTESIAN_POINT('',(0.0219709992565753,0.0161051212650338,0.078061154261232));
#3669=CARTESIAN_POINT('',(0.0194309994424317,0.0175715912706877,0.0778494875945655));
#3670=CARTESIAN_POINT('',(0.016890999628288,0.0190380612763416,0.0776378209278987));
#3671=CARTESIAN_POINT('',(0.0168910000000003,0.0219710006438247,0.077426154261232));
#3672=CARTESIAN_POINT('',(0.0168910003717127,0.0249039400113077,0.0772144875945654));
#3673=CARTESIAN_POINT('',(0.0194310005575687,0.026370409373137,0.0770028209278988));
#3674=CARTESIAN_POINT('',(0.0219710007434247,0.0278368787349662,0.0767911542612321));
#3675=CARTESIAN_POINT('',(0.0245110005575683,0.0263704087293123,0.0765794875945655));
#3676=CARTESIAN_POINT('',(0.027051000371712,0.0249039387236585,0.0763678209278988));
#3677=CARTESIAN_POINT('',(0.0270509999999997,0.0219709993561754,0.0761561542612321));
#3678=CARTESIAN_POINT('',(0.0270509996282873,0.0190380599886923,0.0759444875945655));
#3679=CARTESIAN_POINT('',(0.0245109994424313,0.017571590626863,0.0757328209278988));
#3680=CARTESIAN_POINT('',(0.0219709992565753,0.0161051212650338,0.075521154261232));
#3681=CARTESIAN_POINT('',(0.0194309994424317,0.0175715912706877,0.0753094875945655));
#3682=CARTESIAN_POINT('',(0.016890999628288,0.0190380612763416,0.0750978209278987));
#3683=CARTESIAN_POINT('',(0.0168910000000003,0.0219710006438247,0.074886154261232));
#3684=CARTESIAN_POINT('',(0.0168910003717127,0.0249039400113077,0.0746744875945654));
#3685=CARTESIAN_POINT('',(0.0194310005575687,0.026370409373137,0.0744628209278988));
#3686=CARTESIAN_POINT('',(0.0219710007434247,0.0278368787349662,0.074251154261232));
#3687=CARTESIAN_POINT('',(0.0245110005575683,0.0263704087293123,0.0740394875945655));
#3688=CARTESIAN_POINT('',(0.027051000371712,0.0249039387236585,0.0738278209278987));
#3689=CARTESIAN_POINT('',(0.0270509999999997,0.0219709993561754,0.0736161542612321));
#3690=CARTESIAN_POINT('',(0.0270509996282873,0.0190380599886923,0.0734044875945654));
#3691=CARTESIAN_POINT('',(0.0245109994424313,0.017571590626863,0.0731928209278987));
#3692=CARTESIAN_POINT('',(0.0219709992565753,0.0161051212650338,0.0729811542612321));
#3693=CARTESIAN_POINT('',(0.0194309994424317,0.0175715912706877,0.0727694875945655));
#3694=CARTESIAN_POINT('',(0.0170637194394238,0.0189383414177013,0.0725722142465466));
#3695=CARTESIAN_POINT('',(0.0169001078010794,0.0216669402905298,0.0723684774203191));
#3696=CARTESIAN_POINT('',(0.0286586904308711,0.0258165647135121,0.100354873609986));
#3697=CARTESIAN_POINT('',(0.0296679341736545,0.0240614233431658,0.100243778376742));
#3698=CARTESIAN_POINT('',(0.0296852226909637,0.0220368751789034,0.100147561990947));
#3699=CARTESIAN_POINT('',(0.0297232557432365,0.0175830666316869,0.0999358953242804));
#3700=CARTESIAN_POINT('',(0.025885160923891,0.0153232247686268,0.0997242286576138));
#3701=CARTESIAN_POINT('',(0.0220470661045456,0.0130633829055668,0.0995125619909471));
#3702=CARTESIAN_POINT('',(0.0181709382329274,0.0152573495897234,0.0993008953242805));
#3703=CARTESIAN_POINT('',(0.0142948103613091,0.01745131627388,0.0990892286576138));
#3704=CARTESIAN_POINT('',(0.0142567773090363,0.0219051248210965,0.0988775619909471));
#3705=CARTESIAN_POINT('',(0.0142187442567635,0.0263589333683131,0.0986658953242805));
#3706=CARTESIAN_POINT('',(0.018056839076109,0.0286187752313732,0.0984542286576138));
#3707=CARTESIAN_POINT('',(0.0218949338954544,0.0308786170944332,0.0982425619909472));
#3708=CARTESIAN_POINT('',(0.0257710617670726,0.0286846504102766,0.0980308953242805));
#3709=CARTESIAN_POINT('',(0.0296471896386909,0.02649068372612,0.0978192286576137));
#3710=CARTESIAN_POINT('',(0.0296852226909637,0.0220368751789034,0.0976075619909471));
#3711=CARTESIAN_POINT('',(0.0297232557432365,0.0175830666316869,0.0973958953242804));
#3712=CARTESIAN_POINT('',(0.025885160923891,0.0153232247686268,0.0971842286576138));
#3713=CARTESIAN_POINT('',(0.0220470661045456,0.0130633829055668,0.0969725619909471));
#3714=CARTESIAN_POINT('',(0.0181709382329274,0.0152573495897234,0.0967608953242805));
#3715=CARTESIAN_POINT('',(0.0142948103613091,0.01745131627388,0.0965492286576138));
#3716=CARTESIAN_POINT('',(0.0142567773090363,0.0219051248210965,0.0963375619909471));
#3717=CARTESIAN_POINT('',(0.0142187442567635,0.0263589333683131,0.0961258953242805));
#3718=CARTESIAN_POINT('',(0.018056839076109,0.0286187752313732,0.0959142286576138));
#3719=CARTESIAN_POINT('',(0.0218949338954544,0.0308786170944332,0.0957025619909472));
#3720=CARTESIAN_POINT('',(0.0257710617670726,0.0286846504102766,0.0954908953242805));
#3721=CARTESIAN_POINT('',(0.0296471896386909,0.02649068372612,0.0952792286576138));
#3722=CARTESIAN_POINT('',(0.0296852226909637,0.0220368751789034,0.0950675619909471));
#3723=CARTESIAN_POINT('',(0.0297232557432365,0.0175830666316869,0.0948558953242805));
#3724=CARTESIAN_POINT('',(0.025885160923891,0.0153232247686268,0.0946442286576138));
#3725=CARTESIAN_POINT('',(0.0220470661045456,0.0130633829055668,0.0944325619909471));
#3726=CARTESIAN_POINT('',(0.0181709382329274,0.0152573495897234,0.0942208953242805));
#3727=CARTESIAN_POINT('',(0.0142948103613091,0.01745131627388,0.0940092286576138));
#3728=CARTESIAN_POINT('',(0.0142567773090363,0.0219051248210965,0.0937975619909471));
#3729=CARTESIAN_POINT('',(0.0142187442567635,0.0263589333683131,0.0935858953242804));
#3730=CARTESIAN_POINT('',(0.018056839076109,0.0286187752313732,0.0933742286576138));
#3731=CARTESIAN_POINT('',(0.0218949338954544,0.0308786170944332,0.0931625619909471));
#3732=CARTESIAN_POINT('',(0.0257710617670726,0.0286846504102766,0.0929508953242805));
#3733=CARTESIAN_POINT('',(0.0296471896386909,0.02649068372612,0.0927392286576138));
#3734=CARTESIAN_POINT('',(0.0296852226909637,0.0220368751789034,0.0925275619909471));
#3735=CARTESIAN_POINT('',(0.0297232557432365,0.0175830666316869,0.0923158953242805));
#3736=CARTESIAN_POINT('',(0.025885160923891,0.0153232247686268,0.0921042286576138));
#3737=CARTESIAN_POINT('',(0.0220470661045456,0.0130633829055668,0.0918925619909472));
#3738=CARTESIAN_POINT('',(0.0181709382329274,0.0152573495897234,0.0916808953242805));
#3739=CARTESIAN_POINT('',(0.0142948103613091,0.01745131627388,0.0914692286576137));
#3740=CARTESIAN_POINT('',(0.0142567773090363,0.0219051248210965,0.0912575619909471));
#3741=CARTESIAN_POINT('',(0.0142187442567635,0.0263589333683131,0.0910458953242804));
#3742=CARTESIAN_POINT('',(0.018056839076109,0.0286187752313732,0.0908342286576138));
#3743=CARTESIAN_POINT('',(0.0218949338954544,0.0308786170944332,0.0906225619909471));
#3744=CARTESIAN_POINT('',(0.0257710617670726,0.0286846504102766,0.0904108953242805));
#3745=CARTESIAN_POINT('',(0.0296471896386909,0.02649068372612,0.0901992286576138));
#3746=CARTESIAN_POINT('',(0.0296852226909637,0.0220368751789034,0.0899875619909471));
#3747=CARTESIAN_POINT('',(0.0297232557432365,0.0175830666316869,0.0897758953242805));
#3748=CARTESIAN_POINT('',(0.025885160923891,0.0153232247686268,0.0895642286576138));
#3749=CARTESIAN_POINT('',(0.0220470661045456,0.0130633829055668,0.0893525619909471));
#3750=CARTESIAN_POINT('',(0.0181709382329274,0.0152573495897234,0.0891408953242805));
#3751=CARTESIAN_POINT('',(0.0142948103613091,0.01745131627388,0.0889292286576138));
#3752=CARTESIAN_POINT('',(0.0142567773090363,0.0219051248210965,0.0887175619909471));
#3753=CARTESIAN_POINT('',(0.0142187442567635,0.0263589333683131,0.0885058953242805));
#3754=CARTESIAN_POINT('',(0.018056839076109,0.0286187752313732,0.0882942286576138));
#3755=CARTESIAN_POINT('',(0.0218949338954544,0.0308786170944332,0.0880825619909471));
#3756=CARTESIAN_POINT('',(0.0257710617670726,0.0286846504102766,0.0878708953242805));
#3757=CARTESIAN_POINT('',(0.0296471896386909,0.02649068372612,0.0876592286576137));
#3758=CARTESIAN_POINT('',(0.0296852226909637,0.0220368751789034,0.0874475619909471));
#3759=CARTESIAN_POINT('',(0.0297232557432365,0.0175830666316869,0.0872358953242804));
#3760=CARTESIAN_POINT('',(0.025885160923891,0.0153232247686268,0.0870242286576138));
#3761=CARTESIAN_POINT('',(0.0220470661045456,0.0130633829055668,0.0868125619909471));
#3762=CARTESIAN_POINT('',(0.0181709382329274,0.0152573495897234,0.0866008953242805));
#3763=CARTESIAN_POINT('',(0.0142948103613091,0.01745131627388,0.0863892286576138));
#3764=CARTESIAN_POINT('',(0.0142567773090363,0.0219051248210965,0.0861775619909471));
#3765=CARTESIAN_POINT('',(0.0142187442567635,0.0263589333683131,0.0859658953242805));
#3766=CARTESIAN_POINT('',(0.018056839076109,0.0286187752313732,0.0857542286576138));
#3767=CARTESIAN_POINT('',(0.0218949338954544,0.0308786170944332,0.0855425619909471));
#3768=CARTESIAN_POINT('',(0.0257710617670726,0.0286846504102766,0.0853308953242805));
#3769=CARTESIAN_POINT('',(0.0296471896386909,0.02649068372612,0.0851192286576138));
#3770=CARTESIAN_POINT('',(0.0296852226909637,0.0220368751789034,0.0849075619909471));
#3771=CARTESIAN_POINT('',(0.0297232557432365,0.0175830666316869,0.0846958953242805));
#3772=CARTESIAN_POINT('',(0.025885160923891,0.0153232247686268,0.0844842286576138));
#3773=CARTESIAN_POINT('',(0.0220470661045456,0.0130633829055668,0.0842725619909471));
#3774=CARTESIAN_POINT('',(0.0181709382329274,0.0152573495897234,0.0840608953242805));
#3775=CARTESIAN_POINT('',(0.0142948103613091,0.01745131627388,0.0838492286576138));
#3776=CARTESIAN_POINT('',(0.0142567773090363,0.0219051248210965,0.0836375619909471));
#3777=CARTESIAN_POINT('',(0.0142187442567635,0.0263589333683131,0.0834258953242804));
#3778=CARTESIAN_POINT('',(0.018056839076109,0.0286187752313732,0.0832142286576138));
#3779=CARTESIAN_POINT('',(0.0218949338954544,0.0308786170944332,0.0830025619909471));
#3780=CARTESIAN_POINT('',(0.0257710617670726,0.0286846504102766,0.0827908953242805));
#3781=CARTESIAN_POINT('',(0.0296471896386909,0.02649068372612,0.0825792286576138));
#3782=CARTESIAN_POINT('',(0.0296852226909637,0.0220368751789034,0.0823675619909471));
#3783=CARTESIAN_POINT('',(0.0297232557432365,0.0175830666316869,0.0821558953242805));
#3784=CARTESIAN_POINT('',(0.025885160923891,0.0153232247686268,0.0819442286576138));
#3785=CARTESIAN_POINT('',(0.0220470661045456,0.0130633829055668,0.0817325619909472));
#3786=CARTESIAN_POINT('',(0.0181709382329274,0.0152573495897234,0.0815208953242805));
#3787=CARTESIAN_POINT('',(0.0142948103613091,0.01745131627388,0.0813092286576138));
#3788=CARTESIAN_POINT('',(0.0142567773090363,0.0219051248210965,0.0810975619909471));
#3789=CARTESIAN_POINT('',(0.0142187442567635,0.0263589333683131,0.0808858953242804));
#3790=CARTESIAN_POINT('',(0.018056839076109,0.0286187752313732,0.0806742286576138));
#3791=CARTESIAN_POINT('',(0.0218949338954544,0.0308786170944332,0.0804625619909471));
#3792=CARTESIAN_POINT('',(0.0257710617670726,0.0286846504102766,0.0802508953242805));
#3793=CARTESIAN_POINT('',(0.0296471896386909,0.02649068372612,0.0800392286576138));
#3794=CARTESIAN_POINT('',(0.0296852226909637,0.0220368751789034,0.0798275619909471));
#3795=CARTESIAN_POINT('',(0.0297232557432365,0.0175830666316869,0.0796158953242805));
#3796=CARTESIAN_POINT('',(0.025885160923891,0.0153232247686268,0.0794042286576138));
#3797=CARTESIAN_POINT('',(0.0220470661045456,0.0130633829055668,0.0791925619909471));
#3798=CARTESIAN_POINT('',(0.0181709382329274,0.0152573495897234,0.0789808953242805));
#3799=CARTESIAN_POINT('',(0.0142948103613091,0.01745131627388,0.0787692286576138));
#3800=CARTESIAN_POINT('',(0.0142567773090363,0.0219051248210965,0.0785575619909471));
#3801=CARTESIAN_POINT('',(0.0142187442567635,0.0263589333683131,0.0783458953242805));
#3802=CARTESIAN_POINT('',(0.018056839076109,0.0286187752313732,0.0781342286576138));
#3803=CARTESIAN_POINT('',(0.0218949338954544,0.0308786170944332,0.0779225619909471));
#3804=CARTESIAN_POINT('',(0.0257710617670726,0.0286846504102766,0.0777108953242805));
#3805=CARTESIAN_POINT('',(0.0296471896386909,0.02649068372612,0.0774992286576137));
#3806=CARTESIAN_POINT('',(0.0296852226909637,0.0220368751789034,0.0772875619909471));
#3807=CARTESIAN_POINT('',(0.0297232557432365,0.0175830666316869,0.0770758953242804));
#3808=CARTESIAN_POINT('',(0.025885160923891,0.0153232247686268,0.0768642286576138));
#3809=CARTESIAN_POINT('',(0.0220470661045456,0.0130633829055668,0.0766525619909471));
#3810=CARTESIAN_POINT('',(0.0181709382329274,0.0152573495897234,0.0764408953242805));
#3811=CARTESIAN_POINT('',(0.0142948103613091,0.01745131627388,0.0762292286576138));
#3812=CARTESIAN_POINT('',(0.0142567773090363,0.0219051248210965,0.0760175619909471));
#3813=CARTESIAN_POINT('',(0.0142187442567635,0.0263589333683131,0.0758058953242805));
#3814=CARTESIAN_POINT('',(0.018056839076109,0.0286187752313732,0.0755942286576138));
#3815=CARTESIAN_POINT('',(0.0218949338954544,0.0308786170944332,0.0753825619909471));
#3816=CARTESIAN_POINT('',(0.0257710617670726,0.0286846504102766,0.0751708953242805));
#3817=CARTESIAN_POINT('',(0.0296471896386909,0.02649068372612,0.0749592286576138));
#3818=CARTESIAN_POINT('',(0.0296852226909637,0.0220368751789034,0.0747475619909471));
#3819=CARTESIAN_POINT('',(0.0297232557432365,0.0175830666316869,0.0745358953242805));
#3820=CARTESIAN_POINT('',(0.025885160923891,0.0153232247686268,0.0743242286576138));
#3821=CARTESIAN_POINT('',(0.0220470661045456,0.0130633829055668,0.0741125619909471));
#3822=CARTESIAN_POINT('',(0.0181709382329274,0.0152573495897234,0.0739008953242805));
#3823=CARTESIAN_POINT('',(0.0145583867876522,0.0173021266915754,0.0737036219762616));
#3824=CARTESIAN_POINT('',(0.0142745509179176,0.0214435127566592,0.0734998851500342));
#3825=MECHANICAL_DESIGN_GEOMETRIC_PRESENTATION_REPRESENTATION('',(#547),
#3826);
#3826=(
GEOMETRIC_REPRESENTATION_CONTEXT(3)
GLOBAL_UNCERTAINTY_ASSIGNED_CONTEXT((#3827))
GLOBAL_UNIT_ASSIGNED_CONTEXT((#3830,#3829,#3828))
REPRESENTATION_CONTEXT('Part 2','TOP_LEVEL_ASSEMBLY_PART')
);
#3827=UNCERTAINTY_MEASURE_WITH_UNIT(LENGTH_MEASURE(2.E-5),#3830,
'DISTANCE_ACCURACY_VALUE','Maximum Tolerance applied to model');
#3828=(
NAMED_UNIT(*)
SI_UNIT($,.STERADIAN.)
SOLID_ANGLE_UNIT()
);
#3829=(
NAMED_UNIT(*)
PLANE_ANGLE_UNIT()
SI_UNIT($,.RADIAN.)
);
#3830=(
LENGTH_UNIT()
NAMED_UNIT(*)
SI_UNIT($,.METRE.)
);
#3831=PRODUCT_DEFINITION_SHAPE('','',#3832);
#3832=PRODUCT_DEFINITION('','',#3834,#3833);
#3833=PRODUCT_DEFINITION_CONTEXT('',#3840,'design');
#3834=PRODUCT_DEFINITION_FORMATION_WITH_SPECIFIED_SOURCE('','',#3836,
 .NOT_KNOWN.);
#3835=PRODUCT_RELATED_PRODUCT_CATEGORY('','',(#3836));
#3836=PRODUCT('Part 2','Part 2','Part 2',(#3838));
#3837=PRODUCT_CATEGORY('','');
#3838=PRODUCT_CONTEXT('',#3840,'mechanical');
#3839=APPLICATION_PROTOCOL_DEFINITION('international standard',
'ap242_managed_model_based_3d_engineering',2020,#3840);
#3840=APPLICATION_CONTEXT('managed model based 3d engineering');
ENDSEC;
END-ISO-10303-21;
