ISO-10303-21;
HEADER;
/* Generated by software containing ST-Developer
 * from STEP Tools, Inc. (www.steptools.com) 
 */
/* OPTION: using custom renumber hook */

FILE_DESCRIPTION(
/* description */ ('STEP AP242 Edition 2',
'CAx-IF Rec.Pracs.---Representation and Presentation of Product Manufa
cturing Information (PMI)---4.0---2014-10-13',
'CAx-IF Rec.Pracs.---3D Tessellated Geometry---0.4---2014-09-14','2;1',
'CAx-IF Rec.Pracs.---User Defined Attributes---1.5---2016-08-15'),
/* implementation_level */ '2;1');

FILE_NAME(
/* name */ 'V2 - Part 19',
/* time_stamp */ '2026-05-14T03:12:08Z',
/* author */ (''),
/* organization */ (''),
/* preprocessor_version */ 'ST-DEVELOPER v20',
/* originating_system */ 'ONSHAPE BY PTC INC, 1.214',
/* authorisation */ '  ');

FILE_SCHEMA (('AP242_MANAGED_MODEL_BASED_3D_ENGINEERING_MIM_LF { 1 0 10303 442 3 1 4 }'));
ENDSEC;

DATA;
#10=SHAPE_REPRESENTATION_RELATIONSHIP('','',#2179,#11);
#11=ADVANCED_BREP_SHAPE_REPRESENTATION('',(#2177),#3641);
#12=CIRCLE('',#2183,0.001651);
#13=CIRCLE('',#2184,0.001651);
#14=CIRCLE('',#2186,0.001651);
#15=CIRCLE('',#2187,0.001651);
#16=CIRCLE('',#2189,0.00254);
#17=CIRCLE('',#2190,0.00254);
#18=CIRCLE('',#2193,0.00254);
#19=CIRCLE('',#2194,0.00254);
#20=CIRCLE('',#2197,0.00254);
#21=CIRCLE('',#2198,0.00254);
#22=CIRCLE('',#2202,0.00254);
#23=CIRCLE('',#2203,0.00254);
#24=CIRCLE('',#2206,0.00254);
#25=CIRCLE('',#2207,0.00254);
#26=CIRCLE('',#2210,0.00254);
#27=CIRCLE('',#2211,0.00254);
#28=CIRCLE('',#2214,0.00254);
#29=CIRCLE('',#2215,0.00254);
#30=CIRCLE('',#2218,0.00254);
#31=CIRCLE('',#2219,0.00254);
#32=CIRCLE('',#2222,0.00254);
#33=CIRCLE('',#2223,0.00254);
#34=CIRCLE('',#2226,0.00254);
#35=CIRCLE('',#2227,0.00254);
#36=CIRCLE('',#2230,0.00254);
#37=CIRCLE('',#2231,0.00254);
#38=CIRCLE('',#2234,0.00254);
#39=CIRCLE('',#2235,0.00254);
#40=CIRCLE('',#2238,0.00254);
#41=CIRCLE('',#2239,0.00254);
#42=CIRCLE('',#2242,0.00254);
#43=CIRCLE('',#2243,0.00254);
#44=CIRCLE('',#2246,0.00254);
#45=CIRCLE('',#2247,0.00254);
#46=CIRCLE('',#2250,0.00254);
#47=CIRCLE('',#2251,0.00254);
#48=CIRCLE('',#2254,0.00254);
#49=CIRCLE('',#2255,0.00254);
#50=CIRCLE('',#2258,0.00254);
#51=CIRCLE('',#2259,0.00254);
#52=CIRCLE('',#2262,0.00254);
#53=CIRCLE('',#2263,0.00254);
#54=CIRCLE('',#2266,0.00254);
#55=CIRCLE('',#2267,0.00254);
#56=CIRCLE('',#2270,0.00254);
#57=CIRCLE('',#2271,0.00254);
#58=CIRCLE('',#2274,0.00254);
#59=CIRCLE('',#2275,0.00254);
#60=CIRCLE('',#2278,0.00254);
#61=CIRCLE('',#2279,0.00254);
#62=CIRCLE('',#2282,0.00254);
#63=CIRCLE('',#2283,0.00254);
#64=CIRCLE('',#2286,0.00254);
#65=CIRCLE('',#2287,0.00254);
#66=CIRCLE('',#2290,0.00254);
#67=CIRCLE('',#2291,0.00254);
#68=CIRCLE('',#2294,0.00254);
#69=CIRCLE('',#2295,0.00254);
#70=CIRCLE('',#2298,0.00254);
#71=CIRCLE('',#2299,0.00254);
#72=CIRCLE('',#2302,0.00254);
#73=CIRCLE('',#2303,0.00254);
#74=CIRCLE('',#2306,0.00254);
#75=CIRCLE('',#2307,0.00254);
#76=CIRCLE('',#2310,0.00254);
#77=CIRCLE('',#2311,0.00254);
#78=CIRCLE('',#2314,0.00254);
#79=CIRCLE('',#2315,0.00254);
#80=CIRCLE('',#2318,0.00254);
#81=CIRCLE('',#2319,0.00254);
#82=CIRCLE('',#2322,0.00254);
#83=CIRCLE('',#2323,0.00254);
#84=CIRCLE('',#2326,0.00254);
#85=CIRCLE('',#2327,0.00254);
#86=CIRCLE('',#2330,0.00254);
#87=CIRCLE('',#2331,0.00254);
#88=CIRCLE('',#2334,0.00254);
#89=CIRCLE('',#2335,0.00254);
#90=CIRCLE('',#2338,0.00254);
#91=CIRCLE('',#2339,0.00254);
#92=CIRCLE('',#2342,0.00254);
#93=CIRCLE('',#2343,0.00254);
#94=CIRCLE('',#2345,0.00254);
#95=CIRCLE('',#2346,0.00254);
#96=CIRCLE('',#2349,0.00254);
#97=CIRCLE('',#2350,0.00254);
#98=CIRCLE('',#2353,0.00254);
#99=CIRCLE('',#2354,0.00254);
#100=CIRCLE('',#2358,0.00254);
#101=CIRCLE('',#2359,0.00254);
#102=CIRCLE('',#2362,0.00254);
#103=CIRCLE('',#2363,0.00254);
#104=CIRCLE('',#2366,0.00254);
#105=CIRCLE('',#2367,0.00254);
#106=CIRCLE('',#2369,0.00254);
#107=CIRCLE('',#2370,0.00254);
#108=CIRCLE('',#2373,0.00254);
#109=CIRCLE('',#2374,0.00254);
#110=CIRCLE('',#2377,0.00254);
#111=CIRCLE('',#2378,0.00254);
#112=CIRCLE('',#2381,0.001651);
#113=CIRCLE('',#2382,0.001651);
#114=CIRCLE('',#2384,0.001651);
#115=CIRCLE('',#2385,0.001651);
#116=CYLINDRICAL_SURFACE('',#2182,0.001651);
#117=CYLINDRICAL_SURFACE('',#2185,0.001651);
#118=CYLINDRICAL_SURFACE('',#2188,0.00254);
#119=CYLINDRICAL_SURFACE('',#2192,0.00254);
#120=CYLINDRICAL_SURFACE('',#2196,0.00254);
#121=CYLINDRICAL_SURFACE('',#2201,0.00254);
#122=CYLINDRICAL_SURFACE('',#2205,0.00254);
#123=CYLINDRICAL_SURFACE('',#2209,0.00254);
#124=CYLINDRICAL_SURFACE('',#2213,0.00254);
#125=CYLINDRICAL_SURFACE('',#2217,0.00254);
#126=CYLINDRICAL_SURFACE('',#2221,0.00254);
#127=CYLINDRICAL_SURFACE('',#2225,0.00254);
#128=CYLINDRICAL_SURFACE('',#2229,0.00254);
#129=CYLINDRICAL_SURFACE('',#2233,0.00254);
#130=CYLINDRICAL_SURFACE('',#2237,0.00254);
#131=CYLINDRICAL_SURFACE('',#2241,0.00254);
#132=CYLINDRICAL_SURFACE('',#2245,0.00254);
#133=CYLINDRICAL_SURFACE('',#2249,0.00254);
#134=CYLINDRICAL_SURFACE('',#2253,0.00254);
#135=CYLINDRICAL_SURFACE('',#2257,0.00254);
#136=CYLINDRICAL_SURFACE('',#2261,0.00254);
#137=CYLINDRICAL_SURFACE('',#2265,0.00254);
#138=CYLINDRICAL_SURFACE('',#2269,0.00254);
#139=CYLINDRICAL_SURFACE('',#2273,0.00254);
#140=CYLINDRICAL_SURFACE('',#2277,0.00254);
#141=CYLINDRICAL_SURFACE('',#2281,0.00254);
#142=CYLINDRICAL_SURFACE('',#2285,0.00254);
#143=CYLINDRICAL_SURFACE('',#2289,0.00254);
#144=CYLINDRICAL_SURFACE('',#2293,0.00254);
#145=CYLINDRICAL_SURFACE('',#2297,0.00254);
#146=CYLINDRICAL_SURFACE('',#2301,0.00254);
#147=CYLINDRICAL_SURFACE('',#2305,0.00254);
#148=CYLINDRICAL_SURFACE('',#2309,0.00254);
#149=CYLINDRICAL_SURFACE('',#2313,0.00254);
#150=CYLINDRICAL_SURFACE('',#2317,0.00254);
#151=CYLINDRICAL_SURFACE('',#2321,0.00254);
#152=CYLINDRICAL_SURFACE('',#2325,0.00254);
#153=CYLINDRICAL_SURFACE('',#2329,0.00254);
#154=CYLINDRICAL_SURFACE('',#2333,0.00254);
#155=CYLINDRICAL_SURFACE('',#2337,0.00254);
#156=CYLINDRICAL_SURFACE('',#2341,0.00254);
#157=CYLINDRICAL_SURFACE('',#2344,0.00254);
#158=CYLINDRICAL_SURFACE('',#2348,0.00254);
#159=CYLINDRICAL_SURFACE('',#2352,0.00254);
#160=CYLINDRICAL_SURFACE('',#2357,0.00254);
#161=CYLINDRICAL_SURFACE('',#2361,0.00254);
#162=CYLINDRICAL_SURFACE('',#2365,0.00254);
#163=CYLINDRICAL_SURFACE('',#2368,0.00254);
#164=CYLINDRICAL_SURFACE('',#2372,0.00254);
#165=CYLINDRICAL_SURFACE('',#2376,0.00254);
#166=CYLINDRICAL_SURFACE('',#2380,0.001651);
#167=CYLINDRICAL_SURFACE('',#2383,0.001651);
#168=ORIENTED_EDGE('',*,*,#784,.T.);
#169=ORIENTED_EDGE('',*,*,#785,.T.);
#170=ORIENTED_EDGE('',*,*,#786,.F.);
#171=ORIENTED_EDGE('',*,*,#787,.F.);
#172=ORIENTED_EDGE('',*,*,#788,.T.);
#173=ORIENTED_EDGE('',*,*,#789,.T.);
#174=ORIENTED_EDGE('',*,*,#790,.T.);
#175=ORIENTED_EDGE('',*,*,#791,.T.);
#176=ORIENTED_EDGE('',*,*,#792,.T.);
#177=ORIENTED_EDGE('',*,*,#793,.T.);
#178=ORIENTED_EDGE('',*,*,#794,.T.);
#179=ORIENTED_EDGE('',*,*,#795,.T.);
#180=ORIENTED_EDGE('',*,*,#796,.T.);
#181=ORIENTED_EDGE('',*,*,#795,.F.);
#182=ORIENTED_EDGE('',*,*,#797,.T.);
#183=ORIENTED_EDGE('',*,*,#798,.F.);
#184=ORIENTED_EDGE('',*,*,#799,.T.);
#185=ORIENTED_EDGE('',*,*,#798,.T.);
#186=ORIENTED_EDGE('',*,*,#800,.T.);
#187=ORIENTED_EDGE('',*,*,#801,.T.);
#188=ORIENTED_EDGE('',*,*,#801,.F.);
#189=ORIENTED_EDGE('',*,*,#802,.F.);
#190=ORIENTED_EDGE('',*,*,#803,.F.);
#191=ORIENTED_EDGE('',*,*,#804,.F.);
#192=ORIENTED_EDGE('',*,*,#805,.T.);
#193=ORIENTED_EDGE('',*,*,#803,.T.);
#194=ORIENTED_EDGE('',*,*,#806,.T.);
#195=ORIENTED_EDGE('',*,*,#807,.T.);
#196=ORIENTED_EDGE('',*,*,#807,.F.);
#197=ORIENTED_EDGE('',*,*,#808,.F.);
#198=ORIENTED_EDGE('',*,*,#793,.F.);
#199=ORIENTED_EDGE('',*,*,#809,.F.);
#200=ORIENTED_EDGE('',*,*,#810,.T.);
#201=ORIENTED_EDGE('',*,*,#811,.F.);
#202=ORIENTED_EDGE('',*,*,#812,.T.);
#203=ORIENTED_EDGE('',*,*,#813,.F.);
#204=ORIENTED_EDGE('',*,*,#814,.T.);
#205=ORIENTED_EDGE('',*,*,#813,.T.);
#206=ORIENTED_EDGE('',*,*,#815,.T.);
#207=ORIENTED_EDGE('',*,*,#816,.T.);
#208=ORIENTED_EDGE('',*,*,#816,.F.);
#209=ORIENTED_EDGE('',*,*,#817,.F.);
#210=ORIENTED_EDGE('',*,*,#818,.F.);
#211=ORIENTED_EDGE('',*,*,#819,.F.);
#212=ORIENTED_EDGE('',*,*,#820,.T.);
#213=ORIENTED_EDGE('',*,*,#818,.T.);
#214=ORIENTED_EDGE('',*,*,#821,.T.);
#215=ORIENTED_EDGE('',*,*,#822,.T.);
#216=ORIENTED_EDGE('',*,*,#823,.T.);
#217=ORIENTED_EDGE('',*,*,#822,.F.);
#218=ORIENTED_EDGE('',*,*,#824,.T.);
#219=ORIENTED_EDGE('',*,*,#825,.F.);
#220=ORIENTED_EDGE('',*,*,#826,.T.);
#221=ORIENTED_EDGE('',*,*,#825,.T.);
#222=ORIENTED_EDGE('',*,*,#827,.T.);
#223=ORIENTED_EDGE('',*,*,#811,.T.);
#224=ORIENTED_EDGE('',*,*,#828,.T.);
#225=ORIENTED_EDGE('',*,*,#829,.F.);
#226=ORIENTED_EDGE('',*,*,#830,.T.);
#227=ORIENTED_EDGE('',*,*,#831,.F.);
#228=ORIENTED_EDGE('',*,*,#832,.T.);
#229=ORIENTED_EDGE('',*,*,#831,.T.);
#230=ORIENTED_EDGE('',*,*,#833,.T.);
#231=ORIENTED_EDGE('',*,*,#834,.T.);
#232=ORIENTED_EDGE('',*,*,#834,.F.);
#233=ORIENTED_EDGE('',*,*,#835,.F.);
#234=ORIENTED_EDGE('',*,*,#836,.F.);
#235=ORIENTED_EDGE('',*,*,#837,.F.);
#236=ORIENTED_EDGE('',*,*,#838,.T.);
#237=ORIENTED_EDGE('',*,*,#836,.T.);
#238=ORIENTED_EDGE('',*,*,#839,.T.);
#239=ORIENTED_EDGE('',*,*,#840,.T.);
#240=ORIENTED_EDGE('',*,*,#841,.T.);
#241=ORIENTED_EDGE('',*,*,#840,.F.);
#242=ORIENTED_EDGE('',*,*,#842,.T.);
#243=ORIENTED_EDGE('',*,*,#843,.F.);
#244=ORIENTED_EDGE('',*,*,#844,.T.);
#245=ORIENTED_EDGE('',*,*,#843,.T.);
#246=ORIENTED_EDGE('',*,*,#845,.T.);
#247=ORIENTED_EDGE('',*,*,#829,.T.);
#248=ORIENTED_EDGE('',*,*,#846,.T.);
#249=ORIENTED_EDGE('',*,*,#847,.F.);
#250=ORIENTED_EDGE('',*,*,#848,.T.);
#251=ORIENTED_EDGE('',*,*,#849,.F.);
#252=ORIENTED_EDGE('',*,*,#850,.T.);
#253=ORIENTED_EDGE('',*,*,#849,.T.);
#254=ORIENTED_EDGE('',*,*,#851,.T.);
#255=ORIENTED_EDGE('',*,*,#852,.T.);
#256=ORIENTED_EDGE('',*,*,#852,.F.);
#257=ORIENTED_EDGE('',*,*,#853,.F.);
#258=ORIENTED_EDGE('',*,*,#854,.F.);
#259=ORIENTED_EDGE('',*,*,#855,.F.);
#260=ORIENTED_EDGE('',*,*,#856,.T.);
#261=ORIENTED_EDGE('',*,*,#854,.T.);
#262=ORIENTED_EDGE('',*,*,#857,.T.);
#263=ORIENTED_EDGE('',*,*,#858,.T.);
#264=ORIENTED_EDGE('',*,*,#859,.T.);
#265=ORIENTED_EDGE('',*,*,#858,.F.);
#266=ORIENTED_EDGE('',*,*,#860,.T.);
#267=ORIENTED_EDGE('',*,*,#861,.F.);
#268=ORIENTED_EDGE('',*,*,#862,.T.);
#269=ORIENTED_EDGE('',*,*,#861,.T.);
#270=ORIENTED_EDGE('',*,*,#863,.T.);
#271=ORIENTED_EDGE('',*,*,#847,.T.);
#272=ORIENTED_EDGE('',*,*,#864,.F.);
#273=ORIENTED_EDGE('',*,*,#865,.F.);
#274=ORIENTED_EDGE('',*,*,#866,.F.);
#275=ORIENTED_EDGE('',*,*,#867,.F.);
#276=ORIENTED_EDGE('',*,*,#868,.T.);
#277=ORIENTED_EDGE('',*,*,#866,.T.);
#278=ORIENTED_EDGE('',*,*,#869,.T.);
#279=ORIENTED_EDGE('',*,*,#870,.T.);
#280=ORIENTED_EDGE('',*,*,#871,.T.);
#281=ORIENTED_EDGE('',*,*,#870,.F.);
#282=ORIENTED_EDGE('',*,*,#872,.T.);
#283=ORIENTED_EDGE('',*,*,#873,.F.);
#284=ORIENTED_EDGE('',*,*,#874,.T.);
#285=ORIENTED_EDGE('',*,*,#873,.T.);
#286=ORIENTED_EDGE('',*,*,#875,.T.);
#287=ORIENTED_EDGE('',*,*,#876,.T.);
#288=ORIENTED_EDGE('',*,*,#877,.T.);
#289=ORIENTED_EDGE('',*,*,#876,.F.);
#290=ORIENTED_EDGE('',*,*,#878,.T.);
#291=ORIENTED_EDGE('',*,*,#879,.F.);
#292=ORIENTED_EDGE('',*,*,#880,.T.);
#293=ORIENTED_EDGE('',*,*,#879,.T.);
#294=ORIENTED_EDGE('',*,*,#881,.T.);
#295=ORIENTED_EDGE('',*,*,#864,.T.);
#296=ORIENTED_EDGE('',*,*,#882,.F.);
#297=ORIENTED_EDGE('',*,*,#883,.F.);
#298=ORIENTED_EDGE('',*,*,#884,.F.);
#299=ORIENTED_EDGE('',*,*,#885,.F.);
#300=ORIENTED_EDGE('',*,*,#886,.T.);
#301=ORIENTED_EDGE('',*,*,#884,.T.);
#302=ORIENTED_EDGE('',*,*,#887,.T.);
#303=ORIENTED_EDGE('',*,*,#888,.T.);
#304=ORIENTED_EDGE('',*,*,#889,.T.);
#305=ORIENTED_EDGE('',*,*,#888,.F.);
#306=ORIENTED_EDGE('',*,*,#890,.T.);
#307=ORIENTED_EDGE('',*,*,#891,.F.);
#308=ORIENTED_EDGE('',*,*,#892,.T.);
#309=ORIENTED_EDGE('',*,*,#891,.T.);
#310=ORIENTED_EDGE('',*,*,#893,.T.);
#311=ORIENTED_EDGE('',*,*,#894,.T.);
#312=ORIENTED_EDGE('',*,*,#895,.T.);
#313=ORIENTED_EDGE('',*,*,#894,.F.);
#314=ORIENTED_EDGE('',*,*,#896,.T.);
#315=ORIENTED_EDGE('',*,*,#897,.F.);
#316=ORIENTED_EDGE('',*,*,#898,.T.);
#317=ORIENTED_EDGE('',*,*,#897,.T.);
#318=ORIENTED_EDGE('',*,*,#899,.T.);
#319=ORIENTED_EDGE('',*,*,#882,.T.);
#320=ORIENTED_EDGE('',*,*,#900,.T.);
#321=ORIENTED_EDGE('',*,*,#901,.F.);
#322=ORIENTED_EDGE('',*,*,#902,.T.);
#323=ORIENTED_EDGE('',*,*,#903,.F.);
#324=ORIENTED_EDGE('',*,*,#904,.T.);
#325=ORIENTED_EDGE('',*,*,#903,.T.);
#326=ORIENTED_EDGE('',*,*,#905,.T.);
#327=ORIENTED_EDGE('',*,*,#906,.T.);
#328=ORIENTED_EDGE('',*,*,#906,.F.);
#329=ORIENTED_EDGE('',*,*,#907,.F.);
#330=ORIENTED_EDGE('',*,*,#908,.F.);
#331=ORIENTED_EDGE('',*,*,#909,.F.);
#332=ORIENTED_EDGE('',*,*,#910,.T.);
#333=ORIENTED_EDGE('',*,*,#908,.T.);
#334=ORIENTED_EDGE('',*,*,#911,.T.);
#335=ORIENTED_EDGE('',*,*,#912,.T.);
#336=ORIENTED_EDGE('',*,*,#913,.T.);
#337=ORIENTED_EDGE('',*,*,#912,.F.);
#338=ORIENTED_EDGE('',*,*,#914,.T.);
#339=ORIENTED_EDGE('',*,*,#915,.F.);
#340=ORIENTED_EDGE('',*,*,#916,.T.);
#341=ORIENTED_EDGE('',*,*,#915,.T.);
#342=ORIENTED_EDGE('',*,*,#917,.T.);
#343=ORIENTED_EDGE('',*,*,#901,.T.);
#344=ORIENTED_EDGE('',*,*,#918,.F.);
#345=ORIENTED_EDGE('',*,*,#919,.F.);
#346=ORIENTED_EDGE('',*,*,#920,.F.);
#347=ORIENTED_EDGE('',*,*,#921,.F.);
#348=ORIENTED_EDGE('',*,*,#922,.T.);
#349=ORIENTED_EDGE('',*,*,#920,.T.);
#350=ORIENTED_EDGE('',*,*,#923,.T.);
#351=ORIENTED_EDGE('',*,*,#924,.T.);
#352=ORIENTED_EDGE('',*,*,#925,.T.);
#353=ORIENTED_EDGE('',*,*,#924,.F.);
#354=ORIENTED_EDGE('',*,*,#926,.T.);
#355=ORIENTED_EDGE('',*,*,#927,.F.);
#356=ORIENTED_EDGE('',*,*,#928,.T.);
#357=ORIENTED_EDGE('',*,*,#927,.T.);
#358=ORIENTED_EDGE('',*,*,#929,.T.);
#359=ORIENTED_EDGE('',*,*,#930,.T.);
#360=ORIENTED_EDGE('',*,*,#931,.T.);
#361=ORIENTED_EDGE('',*,*,#930,.F.);
#362=ORIENTED_EDGE('',*,*,#932,.T.);
#363=ORIENTED_EDGE('',*,*,#933,.F.);
#364=ORIENTED_EDGE('',*,*,#934,.T.);
#365=ORIENTED_EDGE('',*,*,#933,.T.);
#366=ORIENTED_EDGE('',*,*,#935,.T.);
#367=ORIENTED_EDGE('',*,*,#918,.T.);
#368=ORIENTED_EDGE('',*,*,#936,.T.);
#369=ORIENTED_EDGE('',*,*,#937,.F.);
#370=ORIENTED_EDGE('',*,*,#938,.T.);
#371=ORIENTED_EDGE('',*,*,#939,.F.);
#372=ORIENTED_EDGE('',*,*,#940,.T.);
#373=ORIENTED_EDGE('',*,*,#939,.T.);
#374=ORIENTED_EDGE('',*,*,#941,.T.);
#375=ORIENTED_EDGE('',*,*,#942,.T.);
#376=ORIENTED_EDGE('',*,*,#942,.F.);
#377=ORIENTED_EDGE('',*,*,#943,.F.);
#378=ORIENTED_EDGE('',*,*,#944,.F.);
#379=ORIENTED_EDGE('',*,*,#945,.F.);
#380=ORIENTED_EDGE('',*,*,#946,.T.);
#381=ORIENTED_EDGE('',*,*,#944,.T.);
#382=ORIENTED_EDGE('',*,*,#947,.T.);
#383=ORIENTED_EDGE('',*,*,#948,.T.);
#384=ORIENTED_EDGE('',*,*,#949,.T.);
#385=ORIENTED_EDGE('',*,*,#948,.F.);
#386=ORIENTED_EDGE('',*,*,#950,.T.);
#387=ORIENTED_EDGE('',*,*,#951,.F.);
#388=ORIENTED_EDGE('',*,*,#952,.T.);
#389=ORIENTED_EDGE('',*,*,#951,.T.);
#390=ORIENTED_EDGE('',*,*,#953,.T.);
#391=ORIENTED_EDGE('',*,*,#937,.T.);
#392=ORIENTED_EDGE('',*,*,#954,.T.);
#393=ORIENTED_EDGE('',*,*,#955,.F.);
#394=ORIENTED_EDGE('',*,*,#956,.T.);
#395=ORIENTED_EDGE('',*,*,#957,.F.);
#396=ORIENTED_EDGE('',*,*,#958,.T.);
#397=ORIENTED_EDGE('',*,*,#957,.T.);
#398=ORIENTED_EDGE('',*,*,#959,.T.);
#399=ORIENTED_EDGE('',*,*,#960,.T.);
#400=ORIENTED_EDGE('',*,*,#961,.T.);
#401=ORIENTED_EDGE('',*,*,#960,.F.);
#402=ORIENTED_EDGE('',*,*,#962,.T.);
#403=ORIENTED_EDGE('',*,*,#963,.F.);
#404=ORIENTED_EDGE('',*,*,#964,.T.);
#405=ORIENTED_EDGE('',*,*,#963,.T.);
#406=ORIENTED_EDGE('',*,*,#965,.T.);
#407=ORIENTED_EDGE('',*,*,#966,.T.);
#408=ORIENTED_EDGE('',*,*,#967,.T.);
#409=ORIENTED_EDGE('',*,*,#966,.F.);
#410=ORIENTED_EDGE('',*,*,#968,.T.);
#411=ORIENTED_EDGE('',*,*,#969,.F.);
#412=ORIENTED_EDGE('',*,*,#970,.T.);
#413=ORIENTED_EDGE('',*,*,#969,.T.);
#414=ORIENTED_EDGE('',*,*,#971,.T.);
#415=ORIENTED_EDGE('',*,*,#955,.T.);
#416=ORIENTED_EDGE('',*,*,#972,.F.);
#417=ORIENTED_EDGE('',*,*,#973,.F.);
#418=ORIENTED_EDGE('',*,*,#974,.F.);
#419=ORIENTED_EDGE('',*,*,#975,.F.);
#420=ORIENTED_EDGE('',*,*,#976,.T.);
#421=ORIENTED_EDGE('',*,*,#974,.T.);
#422=ORIENTED_EDGE('',*,*,#977,.T.);
#423=ORIENTED_EDGE('',*,*,#978,.T.);
#424=ORIENTED_EDGE('',*,*,#979,.T.);
#425=ORIENTED_EDGE('',*,*,#978,.F.);
#426=ORIENTED_EDGE('',*,*,#980,.T.);
#427=ORIENTED_EDGE('',*,*,#981,.F.);
#428=ORIENTED_EDGE('',*,*,#982,.T.);
#429=ORIENTED_EDGE('',*,*,#981,.T.);
#430=ORIENTED_EDGE('',*,*,#983,.T.);
#431=ORIENTED_EDGE('',*,*,#984,.T.);
#432=ORIENTED_EDGE('',*,*,#985,.T.);
#433=ORIENTED_EDGE('',*,*,#984,.F.);
#434=ORIENTED_EDGE('',*,*,#986,.T.);
#435=ORIENTED_EDGE('',*,*,#987,.F.);
#436=ORIENTED_EDGE('',*,*,#988,.T.);
#437=ORIENTED_EDGE('',*,*,#987,.T.);
#438=ORIENTED_EDGE('',*,*,#989,.T.);
#439=ORIENTED_EDGE('',*,*,#972,.T.);
#440=ORIENTED_EDGE('',*,*,#990,.T.);
#441=ORIENTED_EDGE('',*,*,#991,.F.);
#442=ORIENTED_EDGE('',*,*,#992,.T.);
#443=ORIENTED_EDGE('',*,*,#993,.F.);
#444=ORIENTED_EDGE('',*,*,#994,.T.);
#445=ORIENTED_EDGE('',*,*,#993,.T.);
#446=ORIENTED_EDGE('',*,*,#995,.T.);
#447=ORIENTED_EDGE('',*,*,#996,.T.);
#448=ORIENTED_EDGE('',*,*,#996,.F.);
#449=ORIENTED_EDGE('',*,*,#997,.F.);
#450=ORIENTED_EDGE('',*,*,#998,.F.);
#451=ORIENTED_EDGE('',*,*,#999,.F.);
#452=ORIENTED_EDGE('',*,*,#1000,.T.);
#453=ORIENTED_EDGE('',*,*,#998,.T.);
#454=ORIENTED_EDGE('',*,*,#1001,.T.);
#455=ORIENTED_EDGE('',*,*,#1002,.T.);
#456=ORIENTED_EDGE('',*,*,#1003,.T.);
#457=ORIENTED_EDGE('',*,*,#1002,.F.);
#458=ORIENTED_EDGE('',*,*,#1004,.T.);
#459=ORIENTED_EDGE('',*,*,#1005,.F.);
#460=ORIENTED_EDGE('',*,*,#1006,.T.);
#461=ORIENTED_EDGE('',*,*,#1005,.T.);
#462=ORIENTED_EDGE('',*,*,#1007,.T.);
#463=ORIENTED_EDGE('',*,*,#991,.T.);
#464=ORIENTED_EDGE('',*,*,#1008,.T.);
#465=ORIENTED_EDGE('',*,*,#1009,.F.);
#466=ORIENTED_EDGE('',*,*,#1010,.T.);
#467=ORIENTED_EDGE('',*,*,#1011,.F.);
#468=ORIENTED_EDGE('',*,*,#1012,.T.);
#469=ORIENTED_EDGE('',*,*,#1011,.T.);
#470=ORIENTED_EDGE('',*,*,#1013,.T.);
#471=ORIENTED_EDGE('',*,*,#1014,.T.);
#472=ORIENTED_EDGE('',*,*,#1015,.T.);
#473=ORIENTED_EDGE('',*,*,#1014,.F.);
#474=ORIENTED_EDGE('',*,*,#1016,.T.);
#475=ORIENTED_EDGE('',*,*,#1017,.F.);
#476=ORIENTED_EDGE('',*,*,#1018,.T.);
#477=ORIENTED_EDGE('',*,*,#1017,.T.);
#478=ORIENTED_EDGE('',*,*,#1019,.T.);
#479=ORIENTED_EDGE('',*,*,#1020,.T.);
#480=ORIENTED_EDGE('',*,*,#1021,.T.);
#481=ORIENTED_EDGE('',*,*,#1020,.F.);
#482=ORIENTED_EDGE('',*,*,#1022,.T.);
#483=ORIENTED_EDGE('',*,*,#1023,.F.);
#484=ORIENTED_EDGE('',*,*,#1024,.T.);
#485=ORIENTED_EDGE('',*,*,#1023,.T.);
#486=ORIENTED_EDGE('',*,*,#1025,.T.);
#487=ORIENTED_EDGE('',*,*,#1009,.T.);
#488=ORIENTED_EDGE('',*,*,#1026,.T.);
#489=ORIENTED_EDGE('',*,*,#1027,.T.);
#490=ORIENTED_EDGE('',*,*,#1028,.T.);
#491=ORIENTED_EDGE('',*,*,#1029,.T.);
#492=ORIENTED_EDGE('',*,*,#1030,.T.);
#493=ORIENTED_EDGE('',*,*,#1029,.F.);
#494=ORIENTED_EDGE('',*,*,#1031,.T.);
#495=ORIENTED_EDGE('',*,*,#1032,.F.);
#496=ORIENTED_EDGE('',*,*,#1033,.T.);
#497=ORIENTED_EDGE('',*,*,#1032,.T.);
#498=ORIENTED_EDGE('',*,*,#1034,.T.);
#499=ORIENTED_EDGE('',*,*,#1035,.T.);
#500=ORIENTED_EDGE('',*,*,#1035,.F.);
#501=ORIENTED_EDGE('',*,*,#1036,.F.);
#502=ORIENTED_EDGE('',*,*,#1037,.F.);
#503=ORIENTED_EDGE('',*,*,#1038,.F.);
#504=ORIENTED_EDGE('',*,*,#1039,.T.);
#505=ORIENTED_EDGE('',*,*,#1037,.T.);
#506=ORIENTED_EDGE('',*,*,#1040,.T.);
#507=ORIENTED_EDGE('',*,*,#1041,.T.);
#508=ORIENTED_EDGE('',*,*,#1041,.F.);
#509=ORIENTED_EDGE('',*,*,#1042,.F.);
#510=ORIENTED_EDGE('',*,*,#1027,.F.);
#511=ORIENTED_EDGE('',*,*,#1043,.F.);
#512=ORIENTED_EDGE('',*,*,#1044,.F.);
#513=ORIENTED_EDGE('',*,*,#1045,.F.);
#514=ORIENTED_EDGE('',*,*,#1046,.F.);
#515=ORIENTED_EDGE('',*,*,#1047,.F.);
#516=ORIENTED_EDGE('',*,*,#1048,.T.);
#517=ORIENTED_EDGE('',*,*,#1046,.T.);
#518=ORIENTED_EDGE('',*,*,#1049,.T.);
#519=ORIENTED_EDGE('',*,*,#1050,.T.);
#520=ORIENTED_EDGE('',*,*,#1050,.F.);
#521=ORIENTED_EDGE('',*,*,#1051,.F.);
#522=ORIENTED_EDGE('',*,*,#1052,.F.);
#523=ORIENTED_EDGE('',*,*,#1053,.F.);
#524=ORIENTED_EDGE('',*,*,#1054,.T.);
#525=ORIENTED_EDGE('',*,*,#1052,.T.);
#526=ORIENTED_EDGE('',*,*,#1055,.T.);
#527=ORIENTED_EDGE('',*,*,#1056,.T.);
#528=ORIENTED_EDGE('',*,*,#1057,.T.);
#529=ORIENTED_EDGE('',*,*,#1056,.F.);
#530=ORIENTED_EDGE('',*,*,#1058,.T.);
#531=ORIENTED_EDGE('',*,*,#1059,.F.);
#532=ORIENTED_EDGE('',*,*,#1060,.T.);
#533=ORIENTED_EDGE('',*,*,#1059,.T.);
#534=ORIENTED_EDGE('',*,*,#1061,.T.);
#535=ORIENTED_EDGE('',*,*,#1044,.T.);
#536=ORIENTED_EDGE('',*,*,#1062,.T.);
#537=ORIENTED_EDGE('',*,*,#1063,.T.);
#538=ORIENTED_EDGE('',*,*,#1064,.T.);
#539=ORIENTED_EDGE('',*,*,#1065,.T.);
#540=ORIENTED_EDGE('',*,*,#1066,.T.);
#541=ORIENTED_EDGE('',*,*,#1065,.F.);
#542=ORIENTED_EDGE('',*,*,#1067,.T.);
#543=ORIENTED_EDGE('',*,*,#1068,.F.);
#544=ORIENTED_EDGE('',*,*,#1069,.T.);
#545=ORIENTED_EDGE('',*,*,#1068,.T.);
#546=ORIENTED_EDGE('',*,*,#1070,.T.);
#547=ORIENTED_EDGE('',*,*,#1071,.T.);
#548=ORIENTED_EDGE('',*,*,#1071,.F.);
#549=ORIENTED_EDGE('',*,*,#1072,.F.);
#550=ORIENTED_EDGE('',*,*,#1073,.F.);
#551=ORIENTED_EDGE('',*,*,#1074,.F.);
#552=ORIENTED_EDGE('',*,*,#1075,.T.);
#553=ORIENTED_EDGE('',*,*,#1073,.T.);
#554=ORIENTED_EDGE('',*,*,#1076,.T.);
#555=ORIENTED_EDGE('',*,*,#1077,.T.);
#556=ORIENTED_EDGE('',*,*,#1077,.F.);
#557=ORIENTED_EDGE('',*,*,#1078,.F.);
#558=ORIENTED_EDGE('',*,*,#1063,.F.);
#559=ORIENTED_EDGE('',*,*,#1079,.F.);
#560=ORIENTED_EDGE('',*,*,#1080,.F.);
#561=ORIENTED_EDGE('',*,*,#1081,.F.);
#562=ORIENTED_EDGE('',*,*,#1082,.F.);
#563=ORIENTED_EDGE('',*,*,#1083,.F.);
#564=ORIENTED_EDGE('',*,*,#1084,.F.);
#565=ORIENTED_EDGE('',*,*,#1085,.F.);
#566=ORIENTED_EDGE('',*,*,#1086,.T.);
#567=ORIENTED_EDGE('',*,*,#1087,.T.);
#568=ORIENTED_EDGE('',*,*,#785,.F.);
#569=ORIENTED_EDGE('',*,*,#1088,.T.);
#570=ORIENTED_EDGE('',*,*,#1086,.F.);
#571=ORIENTED_EDGE('',*,*,#1089,.F.);
#572=ORIENTED_EDGE('',*,*,#1090,.F.);
#573=ORIENTED_EDGE('',*,*,#787,.T.);
#574=ORIENTED_EDGE('',*,*,#1091,.T.);
#575=ORIENTED_EDGE('',*,*,#1084,.T.);
#576=ORIENTED_EDGE('',*,*,#1083,.T.);
#577=ORIENTED_EDGE('',*,*,#1081,.T.);
#578=ORIENTED_EDGE('',*,*,#1078,.T.);
#579=ORIENTED_EDGE('',*,*,#1076,.F.);
#580=ORIENTED_EDGE('',*,*,#1072,.T.);
#581=ORIENTED_EDGE('',*,*,#1070,.F.);
#582=ORIENTED_EDGE('',*,*,#1067,.F.);
#583=ORIENTED_EDGE('',*,*,#1064,.F.);
#584=ORIENTED_EDGE('',*,*,#1061,.F.);
#585=ORIENTED_EDGE('',*,*,#1058,.F.);
#586=ORIENTED_EDGE('',*,*,#1055,.F.);
#587=ORIENTED_EDGE('',*,*,#1051,.T.);
#588=ORIENTED_EDGE('',*,*,#1049,.F.);
#589=ORIENTED_EDGE('',*,*,#1045,.T.);
#590=ORIENTED_EDGE('',*,*,#1042,.T.);
#591=ORIENTED_EDGE('',*,*,#1040,.F.);
#592=ORIENTED_EDGE('',*,*,#1036,.T.);
#593=ORIENTED_EDGE('',*,*,#1034,.F.);
#594=ORIENTED_EDGE('',*,*,#1031,.F.);
#595=ORIENTED_EDGE('',*,*,#1028,.F.);
#596=ORIENTED_EDGE('',*,*,#1025,.F.);
#597=ORIENTED_EDGE('',*,*,#1022,.F.);
#598=ORIENTED_EDGE('',*,*,#1019,.F.);
#599=ORIENTED_EDGE('',*,*,#1016,.F.);
#600=ORIENTED_EDGE('',*,*,#1013,.F.);
#601=ORIENTED_EDGE('',*,*,#1010,.F.);
#602=ORIENTED_EDGE('',*,*,#1007,.F.);
#603=ORIENTED_EDGE('',*,*,#1004,.F.);
#604=ORIENTED_EDGE('',*,*,#1001,.F.);
#605=ORIENTED_EDGE('',*,*,#997,.T.);
#606=ORIENTED_EDGE('',*,*,#995,.F.);
#607=ORIENTED_EDGE('',*,*,#992,.F.);
#608=ORIENTED_EDGE('',*,*,#989,.F.);
#609=ORIENTED_EDGE('',*,*,#986,.F.);
#610=ORIENTED_EDGE('',*,*,#983,.F.);
#611=ORIENTED_EDGE('',*,*,#980,.F.);
#612=ORIENTED_EDGE('',*,*,#977,.F.);
#613=ORIENTED_EDGE('',*,*,#973,.T.);
#614=ORIENTED_EDGE('',*,*,#971,.F.);
#615=ORIENTED_EDGE('',*,*,#968,.F.);
#616=ORIENTED_EDGE('',*,*,#965,.F.);
#617=ORIENTED_EDGE('',*,*,#962,.F.);
#618=ORIENTED_EDGE('',*,*,#959,.F.);
#619=ORIENTED_EDGE('',*,*,#956,.F.);
#620=ORIENTED_EDGE('',*,*,#953,.F.);
#621=ORIENTED_EDGE('',*,*,#950,.F.);
#622=ORIENTED_EDGE('',*,*,#947,.F.);
#623=ORIENTED_EDGE('',*,*,#943,.T.);
#624=ORIENTED_EDGE('',*,*,#941,.F.);
#625=ORIENTED_EDGE('',*,*,#938,.F.);
#626=ORIENTED_EDGE('',*,*,#935,.F.);
#627=ORIENTED_EDGE('',*,*,#932,.F.);
#628=ORIENTED_EDGE('',*,*,#929,.F.);
#629=ORIENTED_EDGE('',*,*,#926,.F.);
#630=ORIENTED_EDGE('',*,*,#923,.F.);
#631=ORIENTED_EDGE('',*,*,#919,.T.);
#632=ORIENTED_EDGE('',*,*,#917,.F.);
#633=ORIENTED_EDGE('',*,*,#914,.F.);
#634=ORIENTED_EDGE('',*,*,#911,.F.);
#635=ORIENTED_EDGE('',*,*,#907,.T.);
#636=ORIENTED_EDGE('',*,*,#905,.F.);
#637=ORIENTED_EDGE('',*,*,#902,.F.);
#638=ORIENTED_EDGE('',*,*,#899,.F.);
#639=ORIENTED_EDGE('',*,*,#896,.F.);
#640=ORIENTED_EDGE('',*,*,#893,.F.);
#641=ORIENTED_EDGE('',*,*,#890,.F.);
#642=ORIENTED_EDGE('',*,*,#887,.F.);
#643=ORIENTED_EDGE('',*,*,#883,.T.);
#644=ORIENTED_EDGE('',*,*,#881,.F.);
#645=ORIENTED_EDGE('',*,*,#878,.F.);
#646=ORIENTED_EDGE('',*,*,#875,.F.);
#647=ORIENTED_EDGE('',*,*,#872,.F.);
#648=ORIENTED_EDGE('',*,*,#869,.F.);
#649=ORIENTED_EDGE('',*,*,#865,.T.);
#650=ORIENTED_EDGE('',*,*,#863,.F.);
#651=ORIENTED_EDGE('',*,*,#860,.F.);
#652=ORIENTED_EDGE('',*,*,#857,.F.);
#653=ORIENTED_EDGE('',*,*,#853,.T.);
#654=ORIENTED_EDGE('',*,*,#851,.F.);
#655=ORIENTED_EDGE('',*,*,#848,.F.);
#656=ORIENTED_EDGE('',*,*,#845,.F.);
#657=ORIENTED_EDGE('',*,*,#842,.F.);
#658=ORIENTED_EDGE('',*,*,#839,.F.);
#659=ORIENTED_EDGE('',*,*,#835,.T.);
#660=ORIENTED_EDGE('',*,*,#833,.F.);
#661=ORIENTED_EDGE('',*,*,#830,.F.);
#662=ORIENTED_EDGE('',*,*,#827,.F.);
#663=ORIENTED_EDGE('',*,*,#824,.F.);
#664=ORIENTED_EDGE('',*,*,#821,.F.);
#665=ORIENTED_EDGE('',*,*,#817,.T.);
#666=ORIENTED_EDGE('',*,*,#815,.F.);
#667=ORIENTED_EDGE('',*,*,#812,.F.);
#668=ORIENTED_EDGE('',*,*,#808,.T.);
#669=ORIENTED_EDGE('',*,*,#806,.F.);
#670=ORIENTED_EDGE('',*,*,#802,.T.);
#671=ORIENTED_EDGE('',*,*,#800,.F.);
#672=ORIENTED_EDGE('',*,*,#797,.F.);
#673=ORIENTED_EDGE('',*,*,#794,.F.);
#674=ORIENTED_EDGE('',*,*,#791,.F.);
#675=ORIENTED_EDGE('',*,*,#789,.F.);
#676=ORIENTED_EDGE('',*,*,#784,.F.);
#677=ORIENTED_EDGE('',*,*,#1090,.T.);
#678=ORIENTED_EDGE('',*,*,#1087,.F.);
#679=ORIENTED_EDGE('',*,*,#1088,.F.);
#680=ORIENTED_EDGE('',*,*,#1080,.T.);
#681=ORIENTED_EDGE('',*,*,#788,.F.);
#682=ORIENTED_EDGE('',*,*,#790,.F.);
#683=ORIENTED_EDGE('',*,*,#1057,.F.);
#684=ORIENTED_EDGE('',*,*,#1060,.F.);
#685=ORIENTED_EDGE('',*,*,#1047,.T.);
#686=ORIENTED_EDGE('',*,*,#1048,.F.);
#687=ORIENTED_EDGE('',*,*,#1053,.T.);
#688=ORIENTED_EDGE('',*,*,#1054,.F.);
#689=ORIENTED_EDGE('',*,*,#823,.F.);
#690=ORIENTED_EDGE('',*,*,#826,.F.);
#691=ORIENTED_EDGE('',*,*,#810,.F.);
#692=ORIENTED_EDGE('',*,*,#814,.F.);
#693=ORIENTED_EDGE('',*,*,#819,.T.);
#694=ORIENTED_EDGE('',*,*,#820,.F.);
#695=ORIENTED_EDGE('',*,*,#841,.F.);
#696=ORIENTED_EDGE('',*,*,#844,.F.);
#697=ORIENTED_EDGE('',*,*,#828,.F.);
#698=ORIENTED_EDGE('',*,*,#832,.F.);
#699=ORIENTED_EDGE('',*,*,#837,.T.);
#700=ORIENTED_EDGE('',*,*,#838,.F.);
#701=ORIENTED_EDGE('',*,*,#859,.F.);
#702=ORIENTED_EDGE('',*,*,#862,.F.);
#703=ORIENTED_EDGE('',*,*,#846,.F.);
#704=ORIENTED_EDGE('',*,*,#850,.F.);
#705=ORIENTED_EDGE('',*,*,#855,.T.);
#706=ORIENTED_EDGE('',*,*,#856,.F.);
#707=ORIENTED_EDGE('',*,*,#877,.F.);
#708=ORIENTED_EDGE('',*,*,#880,.F.);
#709=ORIENTED_EDGE('',*,*,#867,.T.);
#710=ORIENTED_EDGE('',*,*,#868,.F.);
#711=ORIENTED_EDGE('',*,*,#871,.F.);
#712=ORIENTED_EDGE('',*,*,#874,.F.);
#713=ORIENTED_EDGE('',*,*,#895,.F.);
#714=ORIENTED_EDGE('',*,*,#898,.F.);
#715=ORIENTED_EDGE('',*,*,#885,.T.);
#716=ORIENTED_EDGE('',*,*,#886,.F.);
#717=ORIENTED_EDGE('',*,*,#889,.F.);
#718=ORIENTED_EDGE('',*,*,#892,.F.);
#719=ORIENTED_EDGE('',*,*,#913,.F.);
#720=ORIENTED_EDGE('',*,*,#916,.F.);
#721=ORIENTED_EDGE('',*,*,#900,.F.);
#722=ORIENTED_EDGE('',*,*,#904,.F.);
#723=ORIENTED_EDGE('',*,*,#909,.T.);
#724=ORIENTED_EDGE('',*,*,#910,.F.);
#725=ORIENTED_EDGE('',*,*,#931,.F.);
#726=ORIENTED_EDGE('',*,*,#934,.F.);
#727=ORIENTED_EDGE('',*,*,#921,.T.);
#728=ORIENTED_EDGE('',*,*,#922,.F.);
#729=ORIENTED_EDGE('',*,*,#925,.F.);
#730=ORIENTED_EDGE('',*,*,#928,.F.);
#731=ORIENTED_EDGE('',*,*,#949,.F.);
#732=ORIENTED_EDGE('',*,*,#952,.F.);
#733=ORIENTED_EDGE('',*,*,#936,.F.);
#734=ORIENTED_EDGE('',*,*,#940,.F.);
#735=ORIENTED_EDGE('',*,*,#945,.T.);
#736=ORIENTED_EDGE('',*,*,#946,.F.);
#737=ORIENTED_EDGE('',*,*,#967,.F.);
#738=ORIENTED_EDGE('',*,*,#970,.F.);
#739=ORIENTED_EDGE('',*,*,#954,.F.);
#740=ORIENTED_EDGE('',*,*,#958,.F.);
#741=ORIENTED_EDGE('',*,*,#961,.F.);
#742=ORIENTED_EDGE('',*,*,#964,.F.);
#743=ORIENTED_EDGE('',*,*,#985,.F.);
#744=ORIENTED_EDGE('',*,*,#988,.F.);
#745=ORIENTED_EDGE('',*,*,#975,.T.);
#746=ORIENTED_EDGE('',*,*,#976,.F.);
#747=ORIENTED_EDGE('',*,*,#979,.F.);
#748=ORIENTED_EDGE('',*,*,#982,.F.);
#749=ORIENTED_EDGE('',*,*,#1003,.F.);
#750=ORIENTED_EDGE('',*,*,#1006,.F.);
#751=ORIENTED_EDGE('',*,*,#990,.F.);
#752=ORIENTED_EDGE('',*,*,#994,.F.);
#753=ORIENTED_EDGE('',*,*,#999,.T.);
#754=ORIENTED_EDGE('',*,*,#1000,.F.);
#755=ORIENTED_EDGE('',*,*,#1021,.F.);
#756=ORIENTED_EDGE('',*,*,#1024,.F.);
#757=ORIENTED_EDGE('',*,*,#1008,.F.);
#758=ORIENTED_EDGE('',*,*,#1012,.F.);
#759=ORIENTED_EDGE('',*,*,#1015,.F.);
#760=ORIENTED_EDGE('',*,*,#1018,.F.);
#761=ORIENTED_EDGE('',*,*,#1039,.F.);
#762=ORIENTED_EDGE('',*,*,#1043,.T.);
#763=ORIENTED_EDGE('',*,*,#1026,.F.);
#764=ORIENTED_EDGE('',*,*,#1030,.F.);
#765=ORIENTED_EDGE('',*,*,#1033,.F.);
#766=ORIENTED_EDGE('',*,*,#1038,.T.);
#767=ORIENTED_EDGE('',*,*,#805,.F.);
#768=ORIENTED_EDGE('',*,*,#809,.T.);
#769=ORIENTED_EDGE('',*,*,#792,.F.);
#770=ORIENTED_EDGE('',*,*,#796,.F.);
#771=ORIENTED_EDGE('',*,*,#799,.F.);
#772=ORIENTED_EDGE('',*,*,#804,.T.);
#773=ORIENTED_EDGE('',*,*,#1075,.F.);
#774=ORIENTED_EDGE('',*,*,#1079,.T.);
#775=ORIENTED_EDGE('',*,*,#1062,.F.);
#776=ORIENTED_EDGE('',*,*,#1066,.F.);
#777=ORIENTED_EDGE('',*,*,#1069,.F.);
#778=ORIENTED_EDGE('',*,*,#1074,.T.);
#779=ORIENTED_EDGE('',*,*,#1082,.T.);
#780=ORIENTED_EDGE('',*,*,#1091,.F.);
#781=ORIENTED_EDGE('',*,*,#786,.T.);
#782=ORIENTED_EDGE('',*,*,#1089,.T.);
#783=ORIENTED_EDGE('',*,*,#1085,.T.);
#784=EDGE_CURVE('',#1092,#1093,#1300,.T.);
#785=EDGE_CURVE('',#1093,#1094,#1301,.T.);
#786=EDGE_CURVE('',#1095,#1094,#1302,.T.);
#787=EDGE_CURVE('',#1092,#1095,#1303,.T.);
#788=EDGE_CURVE('',#1096,#1096,#12,.T.);
#789=EDGE_CURVE('',#1097,#1097,#13,.T.);
#790=EDGE_CURVE('',#1098,#1098,#14,.T.);
#791=EDGE_CURVE('',#1099,#1099,#15,.T.);
#792=EDGE_CURVE('',#1100,#1101,#16,.T.);
#793=EDGE_CURVE('',#1101,#1102,#1304,.F.);
#794=EDGE_CURVE('',#1102,#1103,#17,.T.);
#795=EDGE_CURVE('',#1103,#1100,#1305,.T.);
#796=EDGE_CURVE('',#1104,#1100,#1306,.T.);
#797=EDGE_CURVE('',#1103,#1105,#1307,.T.);
#798=EDGE_CURVE('',#1104,#1105,#1308,.F.);
#799=EDGE_CURVE('',#1106,#1104,#18,.T.);
#800=EDGE_CURVE('',#1105,#1107,#19,.T.);
#801=EDGE_CURVE('',#1107,#1106,#1309,.T.);
#802=EDGE_CURVE('',#1108,#1107,#1310,.T.);
#803=EDGE_CURVE('',#1109,#1108,#1311,.F.);
#804=EDGE_CURVE('',#1106,#1109,#1312,.T.);
#805=EDGE_CURVE('',#1110,#1109,#20,.T.);
#806=EDGE_CURVE('',#1108,#1111,#21,.T.);
#807=EDGE_CURVE('',#1111,#1110,#1313,.T.);
#808=EDGE_CURVE('',#1102,#1111,#1314,.T.);
#809=EDGE_CURVE('',#1110,#1101,#1315,.T.);
#810=EDGE_CURVE('',#1112,#1113,#1316,.T.);
#811=EDGE_CURVE('',#1114,#1113,#1317,.T.);
#812=EDGE_CURVE('',#1114,#1115,#1318,.T.);
#813=EDGE_CURVE('',#1112,#1115,#1319,.F.);
#814=EDGE_CURVE('',#1116,#1112,#22,.T.);
#815=EDGE_CURVE('',#1115,#1117,#23,.T.);
#816=EDGE_CURVE('',#1117,#1116,#1320,.T.);
#817=EDGE_CURVE('',#1118,#1117,#1321,.T.);
#818=EDGE_CURVE('',#1119,#1118,#1322,.F.);
#819=EDGE_CURVE('',#1116,#1119,#1323,.T.);
#820=EDGE_CURVE('',#1120,#1119,#24,.T.);
#821=EDGE_CURVE('',#1118,#1121,#25,.T.);
#822=EDGE_CURVE('',#1121,#1120,#1324,.T.);
#823=EDGE_CURVE('',#1122,#1120,#1325,.T.);
#824=EDGE_CURVE('',#1121,#1123,#1326,.T.);
#825=EDGE_CURVE('',#1122,#1123,#1327,.F.);
#826=EDGE_CURVE('',#1113,#1122,#26,.T.);
#827=EDGE_CURVE('',#1123,#1114,#27,.T.);
#828=EDGE_CURVE('',#1124,#1125,#1328,.T.);
#829=EDGE_CURVE('',#1126,#1125,#1329,.T.);
#830=EDGE_CURVE('',#1126,#1127,#1330,.T.);
#831=EDGE_CURVE('',#1124,#1127,#1331,.F.);
#832=EDGE_CURVE('',#1128,#1124,#28,.T.);
#833=EDGE_CURVE('',#1127,#1129,#29,.T.);
#834=EDGE_CURVE('',#1129,#1128,#1332,.T.);
#835=EDGE_CURVE('',#1130,#1129,#1333,.T.);
#836=EDGE_CURVE('',#1131,#1130,#1334,.F.);
#837=EDGE_CURVE('',#1128,#1131,#1335,.T.);
#838=EDGE_CURVE('',#1132,#1131,#30,.T.);
#839=EDGE_CURVE('',#1130,#1133,#31,.T.);
#840=EDGE_CURVE('',#1133,#1132,#1336,.T.);
#841=EDGE_CURVE('',#1134,#1132,#1337,.T.);
#842=EDGE_CURVE('',#1133,#1135,#1338,.T.);
#843=EDGE_CURVE('',#1134,#1135,#1339,.F.);
#844=EDGE_CURVE('',#1125,#1134,#32,.T.);
#845=EDGE_CURVE('',#1135,#1126,#33,.T.);
#846=EDGE_CURVE('',#1136,#1137,#1340,.T.);
#847=EDGE_CURVE('',#1138,#1137,#1341,.T.);
#848=EDGE_CURVE('',#1138,#1139,#1342,.T.);
#849=EDGE_CURVE('',#1136,#1139,#1343,.F.);
#850=EDGE_CURVE('',#1140,#1136,#34,.T.);
#851=EDGE_CURVE('',#1139,#1141,#35,.T.);
#852=EDGE_CURVE('',#1141,#1140,#1344,.T.);
#853=EDGE_CURVE('',#1142,#1141,#1345,.T.);
#854=EDGE_CURVE('',#1143,#1142,#1346,.F.);
#855=EDGE_CURVE('',#1140,#1143,#1347,.T.);
#856=EDGE_CURVE('',#1144,#1143,#36,.T.);
#857=EDGE_CURVE('',#1142,#1145,#37,.T.);
#858=EDGE_CURVE('',#1145,#1144,#1348,.T.);
#859=EDGE_CURVE('',#1146,#1144,#1349,.T.);
#860=EDGE_CURVE('',#1145,#1147,#1350,.T.);
#861=EDGE_CURVE('',#1146,#1147,#1351,.F.);
#862=EDGE_CURVE('',#1137,#1146,#38,.T.);
#863=EDGE_CURVE('',#1147,#1138,#39,.T.);
#864=EDGE_CURVE('',#1148,#1149,#1352,.T.);
#865=EDGE_CURVE('',#1150,#1148,#1353,.T.);
#866=EDGE_CURVE('',#1151,#1150,#1354,.F.);
#867=EDGE_CURVE('',#1149,#1151,#1355,.T.);
#868=EDGE_CURVE('',#1152,#1151,#40,.T.);
#869=EDGE_CURVE('',#1150,#1153,#41,.T.);
#870=EDGE_CURVE('',#1153,#1152,#1356,.T.);
#871=EDGE_CURVE('',#1154,#1152,#1357,.T.);
#872=EDGE_CURVE('',#1153,#1155,#1358,.T.);
#873=EDGE_CURVE('',#1154,#1155,#1359,.F.);
#874=EDGE_CURVE('',#1156,#1154,#42,.T.);
#875=EDGE_CURVE('',#1155,#1157,#43,.T.);
#876=EDGE_CURVE('',#1157,#1156,#1360,.T.);
#877=EDGE_CURVE('',#1158,#1156,#1361,.T.);
#878=EDGE_CURVE('',#1157,#1159,#1362,.T.);
#879=EDGE_CURVE('',#1158,#1159,#1363,.F.);
#880=EDGE_CURVE('',#1149,#1158,#44,.T.);
#881=EDGE_CURVE('',#1159,#1148,#45,.T.);
#882=EDGE_CURVE('',#1160,#1161,#1364,.T.);
#883=EDGE_CURVE('',#1162,#1160,#1365,.T.);
#884=EDGE_CURVE('',#1163,#1162,#1366,.F.);
#885=EDGE_CURVE('',#1161,#1163,#1367,.T.);
#886=EDGE_CURVE('',#1164,#1163,#46,.T.);
#887=EDGE_CURVE('',#1162,#1165,#47,.T.);
#888=EDGE_CURVE('',#1165,#1164,#1368,.T.);
#889=EDGE_CURVE('',#1166,#1164,#1369,.T.);
#890=EDGE_CURVE('',#1165,#1167,#1370,.T.);
#891=EDGE_CURVE('',#1166,#1167,#1371,.F.);
#892=EDGE_CURVE('',#1168,#1166,#48,.T.);
#893=EDGE_CURVE('',#1167,#1169,#49,.T.);
#894=EDGE_CURVE('',#1169,#1168,#1372,.T.);
#895=EDGE_CURVE('',#1170,#1168,#1373,.T.);
#896=EDGE_CURVE('',#1169,#1171,#1374,.T.);
#897=EDGE_CURVE('',#1170,#1171,#1375,.F.);
#898=EDGE_CURVE('',#1161,#1170,#50,.T.);
#899=EDGE_CURVE('',#1171,#1160,#51,.T.);
#900=EDGE_CURVE('',#1172,#1173,#1376,.T.);
#901=EDGE_CURVE('',#1174,#1173,#1377,.T.);
#902=EDGE_CURVE('',#1174,#1175,#1378,.T.);
#903=EDGE_CURVE('',#1172,#1175,#1379,.F.);
#904=EDGE_CURVE('',#1176,#1172,#52,.T.);
#905=EDGE_CURVE('',#1175,#1177,#53,.T.);
#906=EDGE_CURVE('',#1177,#1176,#1380,.T.);
#907=EDGE_CURVE('',#1178,#1177,#1381,.T.);
#908=EDGE_CURVE('',#1179,#1178,#1382,.F.);
#909=EDGE_CURVE('',#1176,#1179,#1383,.T.);
#910=EDGE_CURVE('',#1180,#1179,#54,.T.);
#911=EDGE_CURVE('',#1178,#1181,#55,.T.);
#912=EDGE_CURVE('',#1181,#1180,#1384,.T.);
#913=EDGE_CURVE('',#1182,#1180,#1385,.T.);
#914=EDGE_CURVE('',#1181,#1183,#1386,.T.);
#915=EDGE_CURVE('',#1182,#1183,#1387,.F.);
#916=EDGE_CURVE('',#1173,#1182,#56,.T.);
#917=EDGE_CURVE('',#1183,#1174,#57,.T.);
#918=EDGE_CURVE('',#1184,#1185,#1388,.T.);
#919=EDGE_CURVE('',#1186,#1184,#1389,.T.);
#920=EDGE_CURVE('',#1187,#1186,#1390,.F.);
#921=EDGE_CURVE('',#1185,#1187,#1391,.T.);
#922=EDGE_CURVE('',#1188,#1187,#58,.T.);
#923=EDGE_CURVE('',#1186,#1189,#59,.T.);
#924=EDGE_CURVE('',#1189,#1188,#1392,.T.);
#925=EDGE_CURVE('',#1190,#1188,#1393,.T.);
#926=EDGE_CURVE('',#1189,#1191,#1394,.T.);
#927=EDGE_CURVE('',#1190,#1191,#1395,.F.);
#928=EDGE_CURVE('',#1192,#1190,#60,.T.);
#929=EDGE_CURVE('',#1191,#1193,#61,.T.);
#930=EDGE_CURVE('',#1193,#1192,#1396,.T.);
#931=EDGE_CURVE('',#1194,#1192,#1397,.T.);
#932=EDGE_CURVE('',#1193,#1195,#1398,.T.);
#933=EDGE_CURVE('',#1194,#1195,#1399,.F.);
#934=EDGE_CURVE('',#1185,#1194,#62,.T.);
#935=EDGE_CURVE('',#1195,#1184,#63,.T.);
#936=EDGE_CURVE('',#1196,#1197,#1400,.T.);
#937=EDGE_CURVE('',#1198,#1197,#1401,.T.);
#938=EDGE_CURVE('',#1198,#1199,#1402,.T.);
#939=EDGE_CURVE('',#1196,#1199,#1403,.F.);
#940=EDGE_CURVE('',#1200,#1196,#64,.T.);
#941=EDGE_CURVE('',#1199,#1201,#65,.T.);
#942=EDGE_CURVE('',#1201,#1200,#1404,.T.);
#943=EDGE_CURVE('',#1202,#1201,#1405,.T.);
#944=EDGE_CURVE('',#1203,#1202,#1406,.F.);
#945=EDGE_CURVE('',#1200,#1203,#1407,.T.);
#946=EDGE_CURVE('',#1204,#1203,#66,.T.);
#947=EDGE_CURVE('',#1202,#1205,#67,.T.);
#948=EDGE_CURVE('',#1205,#1204,#1408,.T.);
#949=EDGE_CURVE('',#1206,#1204,#1409,.T.);
#950=EDGE_CURVE('',#1205,#1207,#1410,.T.);
#951=EDGE_CURVE('',#1206,#1207,#1411,.F.);
#952=EDGE_CURVE('',#1197,#1206,#68,.T.);
#953=EDGE_CURVE('',#1207,#1198,#69,.T.);
#954=EDGE_CURVE('',#1208,#1209,#1412,.T.);
#955=EDGE_CURVE('',#1210,#1209,#1413,.T.);
#956=EDGE_CURVE('',#1210,#1211,#1414,.T.);
#957=EDGE_CURVE('',#1208,#1211,#1415,.F.);
#958=EDGE_CURVE('',#1212,#1208,#70,.T.);
#959=EDGE_CURVE('',#1211,#1213,#71,.T.);
#960=EDGE_CURVE('',#1213,#1212,#1416,.T.);
#961=EDGE_CURVE('',#1214,#1212,#1417,.T.);
#962=EDGE_CURVE('',#1213,#1215,#1418,.T.);
#963=EDGE_CURVE('',#1214,#1215,#1419,.F.);
#964=EDGE_CURVE('',#1216,#1214,#72,.T.);
#965=EDGE_CURVE('',#1215,#1217,#73,.T.);
#966=EDGE_CURVE('',#1217,#1216,#1420,.T.);
#967=EDGE_CURVE('',#1218,#1216,#1421,.T.);
#968=EDGE_CURVE('',#1217,#1219,#1422,.T.);
#969=EDGE_CURVE('',#1218,#1219,#1423,.F.);
#970=EDGE_CURVE('',#1209,#1218,#74,.T.);
#971=EDGE_CURVE('',#1219,#1210,#75,.T.);
#972=EDGE_CURVE('',#1220,#1221,#1424,.T.);
#973=EDGE_CURVE('',#1222,#1220,#1425,.T.);
#974=EDGE_CURVE('',#1223,#1222,#1426,.F.);
#975=EDGE_CURVE('',#1221,#1223,#1427,.T.);
#976=EDGE_CURVE('',#1224,#1223,#76,.T.);
#977=EDGE_CURVE('',#1222,#1225,#77,.T.);
#978=EDGE_CURVE('',#1225,#1224,#1428,.T.);
#979=EDGE_CURVE('',#1226,#1224,#1429,.T.);
#980=EDGE_CURVE('',#1225,#1227,#1430,.T.);
#981=EDGE_CURVE('',#1226,#1227,#1431,.F.);
#982=EDGE_CURVE('',#1228,#1226,#78,.T.);
#983=EDGE_CURVE('',#1227,#1229,#79,.T.);
#984=EDGE_CURVE('',#1229,#1228,#1432,.T.);
#985=EDGE_CURVE('',#1230,#1228,#1433,.T.);
#986=EDGE_CURVE('',#1229,#1231,#1434,.T.);
#987=EDGE_CURVE('',#1230,#1231,#1435,.F.);
#988=EDGE_CURVE('',#1221,#1230,#80,.T.);
#989=EDGE_CURVE('',#1231,#1220,#81,.T.);
#990=EDGE_CURVE('',#1232,#1233,#1436,.T.);
#991=EDGE_CURVE('',#1234,#1233,#1437,.T.);
#992=EDGE_CURVE('',#1234,#1235,#1438,.T.);
#993=EDGE_CURVE('',#1232,#1235,#1439,.F.);
#994=EDGE_CURVE('',#1236,#1232,#82,.T.);
#995=EDGE_CURVE('',#1235,#1237,#83,.T.);
#996=EDGE_CURVE('',#1237,#1236,#1440,.T.);
#997=EDGE_CURVE('',#1238,#1237,#1441,.T.);
#998=EDGE_CURVE('',#1239,#1238,#1442,.F.);
#999=EDGE_CURVE('',#1236,#1239,#1443,.T.);
#1000=EDGE_CURVE('',#1240,#1239,#84,.T.);
#1001=EDGE_CURVE('',#1238,#1241,#85,.T.);
#1002=EDGE_CURVE('',#1241,#1240,#1444,.T.);
#1003=EDGE_CURVE('',#1242,#1240,#1445,.T.);
#1004=EDGE_CURVE('',#1241,#1243,#1446,.T.);
#1005=EDGE_CURVE('',#1242,#1243,#1447,.F.);
#1006=EDGE_CURVE('',#1233,#1242,#86,.T.);
#1007=EDGE_CURVE('',#1243,#1234,#87,.T.);
#1008=EDGE_CURVE('',#1244,#1245,#1448,.T.);
#1009=EDGE_CURVE('',#1246,#1245,#1449,.T.);
#1010=EDGE_CURVE('',#1246,#1247,#1450,.T.);
#1011=EDGE_CURVE('',#1244,#1247,#1451,.F.);
#1012=EDGE_CURVE('',#1248,#1244,#88,.T.);
#1013=EDGE_CURVE('',#1247,#1249,#89,.T.);
#1014=EDGE_CURVE('',#1249,#1248,#1452,.T.);
#1015=EDGE_CURVE('',#1250,#1248,#1453,.T.);
#1016=EDGE_CURVE('',#1249,#1251,#1454,.T.);
#1017=EDGE_CURVE('',#1250,#1251,#1455,.F.);
#1018=EDGE_CURVE('',#1252,#1250,#90,.T.);
#1019=EDGE_CURVE('',#1251,#1253,#91,.T.);
#1020=EDGE_CURVE('',#1253,#1252,#1456,.T.);
#1021=EDGE_CURVE('',#1254,#1252,#1457,.T.);
#1022=EDGE_CURVE('',#1253,#1255,#1458,.T.);
#1023=EDGE_CURVE('',#1254,#1255,#1459,.F.);
#1024=EDGE_CURVE('',#1245,#1254,#92,.T.);
#1025=EDGE_CURVE('',#1255,#1246,#93,.T.);
#1026=EDGE_CURVE('',#1256,#1257,#94,.T.);
#1027=EDGE_CURVE('',#1257,#1258,#1460,.F.);
#1028=EDGE_CURVE('',#1258,#1259,#95,.T.);
#1029=EDGE_CURVE('',#1259,#1256,#1461,.T.);
#1030=EDGE_CURVE('',#1260,#1256,#1462,.T.);
#1031=EDGE_CURVE('',#1259,#1261,#1463,.T.);
#1032=EDGE_CURVE('',#1260,#1261,#1464,.F.);
#1033=EDGE_CURVE('',#1262,#1260,#96,.T.);
#1034=EDGE_CURVE('',#1261,#1263,#97,.T.);
#1035=EDGE_CURVE('',#1263,#1262,#1465,.T.);
#1036=EDGE_CURVE('',#1264,#1263,#1466,.T.);
#1037=EDGE_CURVE('',#1265,#1264,#1467,.F.);
#1038=EDGE_CURVE('',#1262,#1265,#1468,.T.);
#1039=EDGE_CURVE('',#1266,#1265,#98,.T.);
#1040=EDGE_CURVE('',#1264,#1267,#99,.T.);
#1041=EDGE_CURVE('',#1267,#1266,#1469,.T.);
#1042=EDGE_CURVE('',#1258,#1267,#1470,.T.);
#1043=EDGE_CURVE('',#1266,#1257,#1471,.T.);
#1044=EDGE_CURVE('',#1268,#1269,#1472,.T.);
#1045=EDGE_CURVE('',#1270,#1268,#1473,.T.);
#1046=EDGE_CURVE('',#1271,#1270,#1474,.F.);
#1047=EDGE_CURVE('',#1269,#1271,#1475,.T.);
#1048=EDGE_CURVE('',#1272,#1271,#100,.T.);
#1049=EDGE_CURVE('',#1270,#1273,#101,.T.);
#1050=EDGE_CURVE('',#1273,#1272,#1476,.T.);
#1051=EDGE_CURVE('',#1274,#1273,#1477,.T.);
#1052=EDGE_CURVE('',#1275,#1274,#1478,.F.);
#1053=EDGE_CURVE('',#1272,#1275,#1479,.T.);
#1054=EDGE_CURVE('',#1276,#1275,#102,.T.);
#1055=EDGE_CURVE('',#1274,#1277,#103,.T.);
#1056=EDGE_CURVE('',#1277,#1276,#1480,.T.);
#1057=EDGE_CURVE('',#1278,#1276,#1481,.T.);
#1058=EDGE_CURVE('',#1277,#1279,#1482,.T.);
#1059=EDGE_CURVE('',#1278,#1279,#1483,.F.);
#1060=EDGE_CURVE('',#1269,#1278,#104,.T.);
#1061=EDGE_CURVE('',#1279,#1268,#105,.T.);
#1062=EDGE_CURVE('',#1280,#1281,#106,.T.);
#1063=EDGE_CURVE('',#1281,#1282,#1484,.F.);
#1064=EDGE_CURVE('',#1282,#1283,#107,.T.);
#1065=EDGE_CURVE('',#1283,#1280,#1485,.T.);
#1066=EDGE_CURVE('',#1284,#1280,#1486,.T.);
#1067=EDGE_CURVE('',#1283,#1285,#1487,.T.);
#1068=EDGE_CURVE('',#1284,#1285,#1488,.F.);
#1069=EDGE_CURVE('',#1286,#1284,#108,.T.);
#1070=EDGE_CURVE('',#1285,#1287,#109,.T.);
#1071=EDGE_CURVE('',#1287,#1286,#1489,.T.);
#1072=EDGE_CURVE('',#1288,#1287,#1490,.T.);
#1073=EDGE_CURVE('',#1289,#1288,#1491,.F.);
#1074=EDGE_CURVE('',#1286,#1289,#1492,.T.);
#1075=EDGE_CURVE('',#1290,#1289,#110,.T.);
#1076=EDGE_CURVE('',#1288,#1291,#111,.T.);
#1077=EDGE_CURVE('',#1291,#1290,#1493,.T.);
#1078=EDGE_CURVE('',#1282,#1291,#1494,.T.);
#1079=EDGE_CURVE('',#1290,#1281,#1495,.T.);
#1080=EDGE_CURVE('',#1292,#1292,#112,.F.);
#1081=EDGE_CURVE('',#1293,#1293,#113,.T.);
#1082=EDGE_CURVE('',#1294,#1294,#114,.F.);
#1083=EDGE_CURVE('',#1295,#1295,#115,.T.);
#1084=EDGE_CURVE('',#1296,#1297,#1496,.T.);
#1085=EDGE_CURVE('',#1298,#1296,#1497,.T.);
#1086=EDGE_CURVE('',#1298,#1299,#1498,.T.);
#1087=EDGE_CURVE('',#1299,#1297,#1499,.T.);
#1088=EDGE_CURVE('',#1093,#1299,#1500,.T.);
#1089=EDGE_CURVE('',#1094,#1298,#1501,.T.);
#1090=EDGE_CURVE('',#1092,#1297,#1502,.T.);
#1091=EDGE_CURVE('',#1095,#1296,#1503,.T.);
#1092=VERTEX_POINT('',#3020);
#1093=VERTEX_POINT('',#3021);
#1094=VERTEX_POINT('',#3023);
#1095=VERTEX_POINT('',#3025);
#1096=VERTEX_POINT('',#3029);
#1097=VERTEX_POINT('',#3031);
#1098=VERTEX_POINT('',#3034);
#1099=VERTEX_POINT('',#3036);
#1100=VERTEX_POINT('',#3039);
#1101=VERTEX_POINT('',#3040);
#1102=VERTEX_POINT('',#3042);
#1103=VERTEX_POINT('',#3044);
#1104=VERTEX_POINT('',#3048);
#1105=VERTEX_POINT('',#3050);
#1106=VERTEX_POINT('',#3054);
#1107=VERTEX_POINT('',#3056);
#1108=VERTEX_POINT('',#3060);
#1109=VERTEX_POINT('',#3062);
#1110=VERTEX_POINT('',#3066);
#1111=VERTEX_POINT('',#3068);
#1112=VERTEX_POINT('',#3075);
#1113=VERTEX_POINT('',#3076);
#1114=VERTEX_POINT('',#3078);
#1115=VERTEX_POINT('',#3080);
#1116=VERTEX_POINT('',#3084);
#1117=VERTEX_POINT('',#3086);
#1118=VERTEX_POINT('',#3090);
#1119=VERTEX_POINT('',#3092);
#1120=VERTEX_POINT('',#3096);
#1121=VERTEX_POINT('',#3098);
#1122=VERTEX_POINT('',#3102);
#1123=VERTEX_POINT('',#3104);
#1124=VERTEX_POINT('',#3111);
#1125=VERTEX_POINT('',#3112);
#1126=VERTEX_POINT('',#3114);
#1127=VERTEX_POINT('',#3116);
#1128=VERTEX_POINT('',#3120);
#1129=VERTEX_POINT('',#3122);
#1130=VERTEX_POINT('',#3126);
#1131=VERTEX_POINT('',#3128);
#1132=VERTEX_POINT('',#3132);
#1133=VERTEX_POINT('',#3134);
#1134=VERTEX_POINT('',#3138);
#1135=VERTEX_POINT('',#3140);
#1136=VERTEX_POINT('',#3147);
#1137=VERTEX_POINT('',#3148);
#1138=VERTEX_POINT('',#3150);
#1139=VERTEX_POINT('',#3152);
#1140=VERTEX_POINT('',#3156);
#1141=VERTEX_POINT('',#3158);
#1142=VERTEX_POINT('',#3162);
#1143=VERTEX_POINT('',#3164);
#1144=VERTEX_POINT('',#3168);
#1145=VERTEX_POINT('',#3170);
#1146=VERTEX_POINT('',#3174);
#1147=VERTEX_POINT('',#3176);
#1148=VERTEX_POINT('',#3183);
#1149=VERTEX_POINT('',#3184);
#1150=VERTEX_POINT('',#3186);
#1151=VERTEX_POINT('',#3188);
#1152=VERTEX_POINT('',#3192);
#1153=VERTEX_POINT('',#3194);
#1154=VERTEX_POINT('',#3198);
#1155=VERTEX_POINT('',#3200);
#1156=VERTEX_POINT('',#3204);
#1157=VERTEX_POINT('',#3206);
#1158=VERTEX_POINT('',#3210);
#1159=VERTEX_POINT('',#3212);
#1160=VERTEX_POINT('',#3219);
#1161=VERTEX_POINT('',#3220);
#1162=VERTEX_POINT('',#3222);
#1163=VERTEX_POINT('',#3224);
#1164=VERTEX_POINT('',#3228);
#1165=VERTEX_POINT('',#3230);
#1166=VERTEX_POINT('',#3234);
#1167=VERTEX_POINT('',#3236);
#1168=VERTEX_POINT('',#3240);
#1169=VERTEX_POINT('',#3242);
#1170=VERTEX_POINT('',#3246);
#1171=VERTEX_POINT('',#3248);
#1172=VERTEX_POINT('',#3255);
#1173=VERTEX_POINT('',#3256);
#1174=VERTEX_POINT('',#3258);
#1175=VERTEX_POINT('',#3260);
#1176=VERTEX_POINT('',#3264);
#1177=VERTEX_POINT('',#3266);
#1178=VERTEX_POINT('',#3270);
#1179=VERTEX_POINT('',#3272);
#1180=VERTEX_POINT('',#3276);
#1181=VERTEX_POINT('',#3278);
#1182=VERTEX_POINT('',#3282);
#1183=VERTEX_POINT('',#3284);
#1184=VERTEX_POINT('',#3291);
#1185=VERTEX_POINT('',#3292);
#1186=VERTEX_POINT('',#3294);
#1187=VERTEX_POINT('',#3296);
#1188=VERTEX_POINT('',#3300);
#1189=VERTEX_POINT('',#3302);
#1190=VERTEX_POINT('',#3306);
#1191=VERTEX_POINT('',#3308);
#1192=VERTEX_POINT('',#3312);
#1193=VERTEX_POINT('',#3314);
#1194=VERTEX_POINT('',#3318);
#1195=VERTEX_POINT('',#3320);
#1196=VERTEX_POINT('',#3327);
#1197=VERTEX_POINT('',#3328);
#1198=VERTEX_POINT('',#3330);
#1199=VERTEX_POINT('',#3332);
#1200=VERTEX_POINT('',#3336);
#1201=VERTEX_POINT('',#3338);
#1202=VERTEX_POINT('',#3342);
#1203=VERTEX_POINT('',#3344);
#1204=VERTEX_POINT('',#3348);
#1205=VERTEX_POINT('',#3350);
#1206=VERTEX_POINT('',#3354);
#1207=VERTEX_POINT('',#3356);
#1208=VERTEX_POINT('',#3363);
#1209=VERTEX_POINT('',#3364);
#1210=VERTEX_POINT('',#3366);
#1211=VERTEX_POINT('',#3368);
#1212=VERTEX_POINT('',#3372);
#1213=VERTEX_POINT('',#3374);
#1214=VERTEX_POINT('',#3378);
#1215=VERTEX_POINT('',#3380);
#1216=VERTEX_POINT('',#3384);
#1217=VERTEX_POINT('',#3386);
#1218=VERTEX_POINT('',#3390);
#1219=VERTEX_POINT('',#3392);
#1220=VERTEX_POINT('',#3399);
#1221=VERTEX_POINT('',#3400);
#1222=VERTEX_POINT('',#3402);
#1223=VERTEX_POINT('',#3404);
#1224=VERTEX_POINT('',#3408);
#1225=VERTEX_POINT('',#3410);
#1226=VERTEX_POINT('',#3414);
#1227=VERTEX_POINT('',#3416);
#1228=VERTEX_POINT('',#3420);
#1229=VERTEX_POINT('',#3422);
#1230=VERTEX_POINT('',#3426);
#1231=VERTEX_POINT('',#3428);
#1232=VERTEX_POINT('',#3435);
#1233=VERTEX_POINT('',#3436);
#1234=VERTEX_POINT('',#3438);
#1235=VERTEX_POINT('',#3440);
#1236=VERTEX_POINT('',#3444);
#1237=VERTEX_POINT('',#3446);
#1238=VERTEX_POINT('',#3450);
#1239=VERTEX_POINT('',#3452);
#1240=VERTEX_POINT('',#3456);
#1241=VERTEX_POINT('',#3458);
#1242=VERTEX_POINT('',#3462);
#1243=VERTEX_POINT('',#3464);
#1244=VERTEX_POINT('',#3471);
#1245=VERTEX_POINT('',#3472);
#1246=VERTEX_POINT('',#3474);
#1247=VERTEX_POINT('',#3476);
#1248=VERTEX_POINT('',#3480);
#1249=VERTEX_POINT('',#3482);
#1250=VERTEX_POINT('',#3486);
#1251=VERTEX_POINT('',#3488);
#1252=VERTEX_POINT('',#3492);
#1253=VERTEX_POINT('',#3494);
#1254=VERTEX_POINT('',#3498);
#1255=VERTEX_POINT('',#3500);
#1256=VERTEX_POINT('',#3507);
#1257=VERTEX_POINT('',#3508);
#1258=VERTEX_POINT('',#3510);
#1259=VERTEX_POINT('',#3512);
#1260=VERTEX_POINT('',#3516);
#1261=VERTEX_POINT('',#3518);
#1262=VERTEX_POINT('',#3522);
#1263=VERTEX_POINT('',#3524);
#1264=VERTEX_POINT('',#3528);
#1265=VERTEX_POINT('',#3530);
#1266=VERTEX_POINT('',#3534);
#1267=VERTEX_POINT('',#3536);
#1268=VERTEX_POINT('',#3543);
#1269=VERTEX_POINT('',#3544);
#1270=VERTEX_POINT('',#3546);
#1271=VERTEX_POINT('',#3548);
#1272=VERTEX_POINT('',#3552);
#1273=VERTEX_POINT('',#3554);
#1274=VERTEX_POINT('',#3558);
#1275=VERTEX_POINT('',#3560);
#1276=VERTEX_POINT('',#3564);
#1277=VERTEX_POINT('',#3566);
#1278=VERTEX_POINT('',#3570);
#1279=VERTEX_POINT('',#3572);
#1280=VERTEX_POINT('',#3579);
#1281=VERTEX_POINT('',#3580);
#1282=VERTEX_POINT('',#3582);
#1283=VERTEX_POINT('',#3584);
#1284=VERTEX_POINT('',#3588);
#1285=VERTEX_POINT('',#3590);
#1286=VERTEX_POINT('',#3594);
#1287=VERTEX_POINT('',#3596);
#1288=VERTEX_POINT('',#3600);
#1289=VERTEX_POINT('',#3602);
#1290=VERTEX_POINT('',#3606);
#1291=VERTEX_POINT('',#3608);
#1292=VERTEX_POINT('',#3615);
#1293=VERTEX_POINT('',#3617);
#1294=VERTEX_POINT('',#3620);
#1295=VERTEX_POINT('',#3622);
#1296=VERTEX_POINT('',#3625);
#1297=VERTEX_POINT('',#3626);
#1298=VERTEX_POINT('',#3628);
#1299=VERTEX_POINT('',#3630);
#1300=LINE('',#3019,#1504);
#1301=LINE('',#3022,#1505);
#1302=LINE('',#3024,#1506);
#1303=LINE('',#3026,#1507);
#1304=LINE('',#3041,#1508);
#1305=LINE('',#3045,#1509);
#1306=LINE('',#3047,#1510);
#1307=LINE('',#3049,#1511);
#1308=LINE('',#3051,#1512);
#1309=LINE('',#3057,#1513);
#1310=LINE('',#3059,#1514);
#1311=LINE('',#3061,#1515);
#1312=LINE('',#3063,#1516);
#1313=LINE('',#3069,#1517);
#1314=LINE('',#3071,#1518);
#1315=LINE('',#3072,#1519);
#1316=LINE('',#3074,#1520);
#1317=LINE('',#3077,#1521);
#1318=LINE('',#3079,#1522);
#1319=LINE('',#3081,#1523);
#1320=LINE('',#3087,#1524);
#1321=LINE('',#3089,#1525);
#1322=LINE('',#3091,#1526);
#1323=LINE('',#3093,#1527);
#1324=LINE('',#3099,#1528);
#1325=LINE('',#3101,#1529);
#1326=LINE('',#3103,#1530);
#1327=LINE('',#3105,#1531);
#1328=LINE('',#3110,#1532);
#1329=LINE('',#3113,#1533);
#1330=LINE('',#3115,#1534);
#1331=LINE('',#3117,#1535);
#1332=LINE('',#3123,#1536);
#1333=LINE('',#3125,#1537);
#1334=LINE('',#3127,#1538);
#1335=LINE('',#3129,#1539);
#1336=LINE('',#3135,#1540);
#1337=LINE('',#3137,#1541);
#1338=LINE('',#3139,#1542);
#1339=LINE('',#3141,#1543);
#1340=LINE('',#3146,#1544);
#1341=LINE('',#3149,#1545);
#1342=LINE('',#3151,#1546);
#1343=LINE('',#3153,#1547);
#1344=LINE('',#3159,#1548);
#1345=LINE('',#3161,#1549);
#1346=LINE('',#3163,#1550);
#1347=LINE('',#3165,#1551);
#1348=LINE('',#3171,#1552);
#1349=LINE('',#3173,#1553);
#1350=LINE('',#3175,#1554);
#1351=LINE('',#3177,#1555);
#1352=LINE('',#3182,#1556);
#1353=LINE('',#3185,#1557);
#1354=LINE('',#3187,#1558);
#1355=LINE('',#3189,#1559);
#1356=LINE('',#3195,#1560);
#1357=LINE('',#3197,#1561);
#1358=LINE('',#3199,#1562);
#1359=LINE('',#3201,#1563);
#1360=LINE('',#3207,#1564);
#1361=LINE('',#3209,#1565);
#1362=LINE('',#3211,#1566);
#1363=LINE('',#3213,#1567);
#1364=LINE('',#3218,#1568);
#1365=LINE('',#3221,#1569);
#1366=LINE('',#3223,#1570);
#1367=LINE('',#3225,#1571);
#1368=LINE('',#3231,#1572);
#1369=LINE('',#3233,#1573);
#1370=LINE('',#3235,#1574);
#1371=LINE('',#3237,#1575);
#1372=LINE('',#3243,#1576);
#1373=LINE('',#3245,#1577);
#1374=LINE('',#3247,#1578);
#1375=LINE('',#3249,#1579);
#1376=LINE('',#3254,#1580);
#1377=LINE('',#3257,#1581);
#1378=LINE('',#3259,#1582);
#1379=LINE('',#3261,#1583);
#1380=LINE('',#3267,#1584);
#1381=LINE('',#3269,#1585);
#1382=LINE('',#3271,#1586);
#1383=LINE('',#3273,#1587);
#1384=LINE('',#3279,#1588);
#1385=LINE('',#3281,#1589);
#1386=LINE('',#3283,#1590);
#1387=LINE('',#3285,#1591);
#1388=LINE('',#3290,#1592);
#1389=LINE('',#3293,#1593);
#1390=LINE('',#3295,#1594);
#1391=LINE('',#3297,#1595);
#1392=LINE('',#3303,#1596);
#1393=LINE('',#3305,#1597);
#1394=LINE('',#3307,#1598);
#1395=LINE('',#3309,#1599);
#1396=LINE('',#3315,#1600);
#1397=LINE('',#3317,#1601);
#1398=LINE('',#3319,#1602);
#1399=LINE('',#3321,#1603);
#1400=LINE('',#3326,#1604);
#1401=LINE('',#3329,#1605);
#1402=LINE('',#3331,#1606);
#1403=LINE('',#3333,#1607);
#1404=LINE('',#3339,#1608);
#1405=LINE('',#3341,#1609);
#1406=LINE('',#3343,#1610);
#1407=LINE('',#3345,#1611);
#1408=LINE('',#3351,#1612);
#1409=LINE('',#3353,#1613);
#1410=LINE('',#3355,#1614);
#1411=LINE('',#3357,#1615);
#1412=LINE('',#3362,#1616);
#1413=LINE('',#3365,#1617);
#1414=LINE('',#3367,#1618);
#1415=LINE('',#3369,#1619);
#1416=LINE('',#3375,#1620);
#1417=LINE('',#3377,#1621);
#1418=LINE('',#3379,#1622);
#1419=LINE('',#3381,#1623);
#1420=LINE('',#3387,#1624);
#1421=LINE('',#3389,#1625);
#1422=LINE('',#3391,#1626);
#1423=LINE('',#3393,#1627);
#1424=LINE('',#3398,#1628);
#1425=LINE('',#3401,#1629);
#1426=LINE('',#3403,#1630);
#1427=LINE('',#3405,#1631);
#1428=LINE('',#3411,#1632);
#1429=LINE('',#3413,#1633);
#1430=LINE('',#3415,#1634);
#1431=LINE('',#3417,#1635);
#1432=LINE('',#3423,#1636);
#1433=LINE('',#3425,#1637);
#1434=LINE('',#3427,#1638);
#1435=LINE('',#3429,#1639);
#1436=LINE('',#3434,#1640);
#1437=LINE('',#3437,#1641);
#1438=LINE('',#3439,#1642);
#1439=LINE('',#3441,#1643);
#1440=LINE('',#3447,#1644);
#1441=LINE('',#3449,#1645);
#1442=LINE('',#3451,#1646);
#1443=LINE('',#3453,#1647);
#1444=LINE('',#3459,#1648);
#1445=LINE('',#3461,#1649);
#1446=LINE('',#3463,#1650);
#1447=LINE('',#3465,#1651);
#1448=LINE('',#3470,#1652);
#1449=LINE('',#3473,#1653);
#1450=LINE('',#3475,#1654);
#1451=LINE('',#3477,#1655);
#1452=LINE('',#3483,#1656);
#1453=LINE('',#3485,#1657);
#1454=LINE('',#3487,#1658);
#1455=LINE('',#3489,#1659);
#1456=LINE('',#3495,#1660);
#1457=LINE('',#3497,#1661);
#1458=LINE('',#3499,#1662);
#1459=LINE('',#3501,#1663);
#1460=LINE('',#3509,#1664);
#1461=LINE('',#3513,#1665);
#1462=LINE('',#3515,#1666);
#1463=LINE('',#3517,#1667);
#1464=LINE('',#3519,#1668);
#1465=LINE('',#3525,#1669);
#1466=LINE('',#3527,#1670);
#1467=LINE('',#3529,#1671);
#1468=LINE('',#3531,#1672);
#1469=LINE('',#3537,#1673);
#1470=LINE('',#3539,#1674);
#1471=LINE('',#3540,#1675);
#1472=LINE('',#3542,#1676);
#1473=LINE('',#3545,#1677);
#1474=LINE('',#3547,#1678);
#1475=LINE('',#3549,#1679);
#1476=LINE('',#3555,#1680);
#1477=LINE('',#3557,#1681);
#1478=LINE('',#3559,#1682);
#1479=LINE('',#3561,#1683);
#1480=LINE('',#3567,#1684);
#1481=LINE('',#3569,#1685);
#1482=LINE('',#3571,#1686);
#1483=LINE('',#3573,#1687);
#1484=LINE('',#3581,#1688);
#1485=LINE('',#3585,#1689);
#1486=LINE('',#3587,#1690);
#1487=LINE('',#3589,#1691);
#1488=LINE('',#3591,#1692);
#1489=LINE('',#3597,#1693);
#1490=LINE('',#3599,#1694);
#1491=LINE('',#3601,#1695);
#1492=LINE('',#3603,#1696);
#1493=LINE('',#3609,#1697);
#1494=LINE('',#3611,#1698);
#1495=LINE('',#3612,#1699);
#1496=LINE('',#3624,#1700);
#1497=LINE('',#3627,#1701);
#1498=LINE('',#3629,#1702);
#1499=LINE('',#3631,#1703);
#1500=LINE('',#3633,#1704);
#1501=LINE('',#3634,#1705);
#1502=LINE('',#3636,#1706);
#1503=LINE('',#3637,#1707);
#1504=VECTOR('',#2395,1.);
#1505=VECTOR('',#2396,1.);
#1506=VECTOR('',#2397,1.);
#1507=VECTOR('',#2398,1.);
#1508=VECTOR('',#2415,1.);
#1509=VECTOR('',#2418,1.);
#1510=VECTOR('',#2421,1.);
#1511=VECTOR('',#2422,1.);
#1512=VECTOR('',#2423,1.);
#1513=VECTOR('',#2430,1.);
#1514=VECTOR('',#2433,1.);
#1515=VECTOR('',#2434,1.);
#1516=VECTOR('',#2435,1.);
#1517=VECTOR('',#2442,1.);
#1518=VECTOR('',#2445,1.);
#1519=VECTOR('',#2446,1.);
#1520=VECTOR('',#2449,1.);
#1521=VECTOR('',#2450,1.);
#1522=VECTOR('',#2451,1.);
#1523=VECTOR('',#2452,1.);
#1524=VECTOR('',#2459,1.);
#1525=VECTOR('',#2462,1.);
#1526=VECTOR('',#2463,1.);
#1527=VECTOR('',#2464,1.);
#1528=VECTOR('',#2471,1.);
#1529=VECTOR('',#2474,1.);
#1530=VECTOR('',#2475,1.);
#1531=VECTOR('',#2476,1.);
#1532=VECTOR('',#2485,1.);
#1533=VECTOR('',#2486,1.);
#1534=VECTOR('',#2487,1.);
#1535=VECTOR('',#2488,1.);
#1536=VECTOR('',#2495,1.);
#1537=VECTOR('',#2498,1.);
#1538=VECTOR('',#2499,1.);
#1539=VECTOR('',#2500,1.);
#1540=VECTOR('',#2507,1.);
#1541=VECTOR('',#2510,1.);
#1542=VECTOR('',#2511,1.);
#1543=VECTOR('',#2512,1.);
#1544=VECTOR('',#2521,1.);
#1545=VECTOR('',#2522,1.);
#1546=VECTOR('',#2523,1.);
#1547=VECTOR('',#2524,1.);
#1548=VECTOR('',#2531,1.);
#1549=VECTOR('',#2534,1.);
#1550=VECTOR('',#2535,1.);
#1551=VECTOR('',#2536,1.);
#1552=VECTOR('',#2543,1.);
#1553=VECTOR('',#2546,1.);
#1554=VECTOR('',#2547,1.);
#1555=VECTOR('',#2548,1.);
#1556=VECTOR('',#2557,1.);
#1557=VECTOR('',#2558,1.);
#1558=VECTOR('',#2559,1.);
#1559=VECTOR('',#2560,1.);
#1560=VECTOR('',#2567,1.);
#1561=VECTOR('',#2570,1.);
#1562=VECTOR('',#2571,1.);
#1563=VECTOR('',#2572,1.);
#1564=VECTOR('',#2579,1.);
#1565=VECTOR('',#2582,1.);
#1566=VECTOR('',#2583,1.);
#1567=VECTOR('',#2584,1.);
#1568=VECTOR('',#2593,1.);
#1569=VECTOR('',#2594,1.);
#1570=VECTOR('',#2595,1.);
#1571=VECTOR('',#2596,1.);
#1572=VECTOR('',#2603,1.);
#1573=VECTOR('',#2606,1.);
#1574=VECTOR('',#2607,1.);
#1575=VECTOR('',#2608,1.);
#1576=VECTOR('',#2615,1.);
#1577=VECTOR('',#2618,1.);
#1578=VECTOR('',#2619,1.);
#1579=VECTOR('',#2620,1.);
#1580=VECTOR('',#2629,1.);
#1581=VECTOR('',#2630,1.);
#1582=VECTOR('',#2631,1.);
#1583=VECTOR('',#2632,1.);
#1584=VECTOR('',#2639,1.);
#1585=VECTOR('',#2642,1.);
#1586=VECTOR('',#2643,1.);
#1587=VECTOR('',#2644,1.);
#1588=VECTOR('',#2651,1.);
#1589=VECTOR('',#2654,1.);
#1590=VECTOR('',#2655,1.);
#1591=VECTOR('',#2656,1.);
#1592=VECTOR('',#2665,1.);
#1593=VECTOR('',#2666,1.);
#1594=VECTOR('',#2667,1.);
#1595=VECTOR('',#2668,1.);
#1596=VECTOR('',#2675,1.);
#1597=VECTOR('',#2678,1.);
#1598=VECTOR('',#2679,1.);
#1599=VECTOR('',#2680,1.);
#1600=VECTOR('',#2687,1.);
#1601=VECTOR('',#2690,1.);
#1602=VECTOR('',#2691,1.);
#1603=VECTOR('',#2692,1.);
#1604=VECTOR('',#2701,1.);
#1605=VECTOR('',#2702,1.);
#1606=VECTOR('',#2703,1.);
#1607=VECTOR('',#2704,1.);
#1608=VECTOR('',#2711,1.);
#1609=VECTOR('',#2714,1.);
#1610=VECTOR('',#2715,1.);
#1611=VECTOR('',#2716,1.);
#1612=VECTOR('',#2723,1.);
#1613=VECTOR('',#2726,1.);
#1614=VECTOR('',#2727,1.);
#1615=VECTOR('',#2728,1.);
#1616=VECTOR('',#2737,1.);
#1617=VECTOR('',#2738,1.);
#1618=VECTOR('',#2739,1.);
#1619=VECTOR('',#2740,1.);
#1620=VECTOR('',#2747,1.);
#1621=VECTOR('',#2750,1.);
#1622=VECTOR('',#2751,1.);
#1623=VECTOR('',#2752,1.);
#1624=VECTOR('',#2759,1.);
#1625=VECTOR('',#2762,1.);
#1626=VECTOR('',#2763,1.);
#1627=VECTOR('',#2764,1.);
#1628=VECTOR('',#2773,1.);
#1629=VECTOR('',#2774,1.);
#1630=VECTOR('',#2775,1.);
#1631=VECTOR('',#2776,1.);
#1632=VECTOR('',#2783,1.);
#1633=VECTOR('',#2786,1.);
#1634=VECTOR('',#2787,1.);
#1635=VECTOR('',#2788,1.);
#1636=VECTOR('',#2795,1.);
#1637=VECTOR('',#2798,1.);
#1638=VECTOR('',#2799,1.);
#1639=VECTOR('',#2800,1.);
#1640=VECTOR('',#2809,1.);
#1641=VECTOR('',#2810,1.);
#1642=VECTOR('',#2811,1.);
#1643=VECTOR('',#2812,1.);
#1644=VECTOR('',#2819,1.);
#1645=VECTOR('',#2822,1.);
#1646=VECTOR('',#2823,1.);
#1647=VECTOR('',#2824,1.);
#1648=VECTOR('',#2831,1.);
#1649=VECTOR('',#2834,1.);
#1650=VECTOR('',#2835,1.);
#1651=VECTOR('',#2836,1.);
#1652=VECTOR('',#2845,1.);
#1653=VECTOR('',#2846,1.);
#1654=VECTOR('',#2847,1.);
#1655=VECTOR('',#2848,1.);
#1656=VECTOR('',#2855,1.);
#1657=VECTOR('',#2858,1.);
#1658=VECTOR('',#2859,1.);
#1659=VECTOR('',#2860,1.);
#1660=VECTOR('',#2867,1.);
#1661=VECTOR('',#2870,1.);
#1662=VECTOR('',#2871,1.);
#1663=VECTOR('',#2872,1.);
#1664=VECTOR('',#2883,1.);
#1665=VECTOR('',#2886,1.);
#1666=VECTOR('',#2889,1.);
#1667=VECTOR('',#2890,1.);
#1668=VECTOR('',#2891,1.);
#1669=VECTOR('',#2898,1.);
#1670=VECTOR('',#2901,1.);
#1671=VECTOR('',#2902,1.);
#1672=VECTOR('',#2903,1.);
#1673=VECTOR('',#2910,1.);
#1674=VECTOR('',#2913,1.);
#1675=VECTOR('',#2914,1.);
#1676=VECTOR('',#2917,1.);
#1677=VECTOR('',#2918,1.);
#1678=VECTOR('',#2919,1.);
#1679=VECTOR('',#2920,1.);
#1680=VECTOR('',#2927,1.);
#1681=VECTOR('',#2930,1.);
#1682=VECTOR('',#2931,1.);
#1683=VECTOR('',#2932,1.);
#1684=VECTOR('',#2939,1.);
#1685=VECTOR('',#2942,1.);
#1686=VECTOR('',#2943,1.);
#1687=VECTOR('',#2944,1.);
#1688=VECTOR('',#2955,1.);
#1689=VECTOR('',#2958,1.);
#1690=VECTOR('',#2961,1.);
#1691=VECTOR('',#2962,1.);
#1692=VECTOR('',#2963,1.);
#1693=VECTOR('',#2970,1.);
#1694=VECTOR('',#2973,1.);
#1695=VECTOR('',#2974,1.);
#1696=VECTOR('',#2975,1.);
#1697=VECTOR('',#2982,1.);
#1698=VECTOR('',#2985,1.);
#1699=VECTOR('',#2986,1.);
#1700=VECTOR('',#3001,1.);
#1701=VECTOR('',#3002,1.);
#1702=VECTOR('',#3003,1.);
#1703=VECTOR('',#3004,1.);
#1704=VECTOR('',#3007,1.);
#1705=VECTOR('',#3008,1.);
#1706=VECTOR('',#3011,1.);
#1707=VECTOR('',#3012,1.);
#1708=EDGE_LOOP('',(#168,#169,#170,#171));
#1709=EDGE_LOOP('',(#172));
#1710=EDGE_LOOP('',(#173));
#1711=EDGE_LOOP('',(#174));
#1712=EDGE_LOOP('',(#175));
#1713=EDGE_LOOP('',(#176,#177,#178,#179));
#1714=EDGE_LOOP('',(#180,#181,#182,#183));
#1715=EDGE_LOOP('',(#184,#185,#186,#187));
#1716=EDGE_LOOP('',(#188,#189,#190,#191));
#1717=EDGE_LOOP('',(#192,#193,#194,#195));
#1718=EDGE_LOOP('',(#196,#197,#198,#199));
#1719=EDGE_LOOP('',(#200,#201,#202,#203));
#1720=EDGE_LOOP('',(#204,#205,#206,#207));
#1721=EDGE_LOOP('',(#208,#209,#210,#211));
#1722=EDGE_LOOP('',(#212,#213,#214,#215));
#1723=EDGE_LOOP('',(#216,#217,#218,#219));
#1724=EDGE_LOOP('',(#220,#221,#222,#223));
#1725=EDGE_LOOP('',(#224,#225,#226,#227));
#1726=EDGE_LOOP('',(#228,#229,#230,#231));
#1727=EDGE_LOOP('',(#232,#233,#234,#235));
#1728=EDGE_LOOP('',(#236,#237,#238,#239));
#1729=EDGE_LOOP('',(#240,#241,#242,#243));
#1730=EDGE_LOOP('',(#244,#245,#246,#247));
#1731=EDGE_LOOP('',(#248,#249,#250,#251));
#1732=EDGE_LOOP('',(#252,#253,#254,#255));
#1733=EDGE_LOOP('',(#256,#257,#258,#259));
#1734=EDGE_LOOP('',(#260,#261,#262,#263));
#1735=EDGE_LOOP('',(#264,#265,#266,#267));
#1736=EDGE_LOOP('',(#268,#269,#270,#271));
#1737=EDGE_LOOP('',(#272,#273,#274,#275));
#1738=EDGE_LOOP('',(#276,#277,#278,#279));
#1739=EDGE_LOOP('',(#280,#281,#282,#283));
#1740=EDGE_LOOP('',(#284,#285,#286,#287));
#1741=EDGE_LOOP('',(#288,#289,#290,#291));
#1742=EDGE_LOOP('',(#292,#293,#294,#295));
#1743=EDGE_LOOP('',(#296,#297,#298,#299));
#1744=EDGE_LOOP('',(#300,#301,#302,#303));
#1745=EDGE_LOOP('',(#304,#305,#306,#307));
#1746=EDGE_LOOP('',(#308,#309,#310,#311));
#1747=EDGE_LOOP('',(#312,#313,#314,#315));
#1748=EDGE_LOOP('',(#316,#317,#318,#319));
#1749=EDGE_LOOP('',(#320,#321,#322,#323));
#1750=EDGE_LOOP('',(#324,#325,#326,#327));
#1751=EDGE_LOOP('',(#328,#329,#330,#331));
#1752=EDGE_LOOP('',(#332,#333,#334,#335));
#1753=EDGE_LOOP('',(#336,#337,#338,#339));
#1754=EDGE_LOOP('',(#340,#341,#342,#343));
#1755=EDGE_LOOP('',(#344,#345,#346,#347));
#1756=EDGE_LOOP('',(#348,#349,#350,#351));
#1757=EDGE_LOOP('',(#352,#353,#354,#355));
#1758=EDGE_LOOP('',(#356,#357,#358,#359));
#1759=EDGE_LOOP('',(#360,#361,#362,#363));
#1760=EDGE_LOOP('',(#364,#365,#366,#367));
#1761=EDGE_LOOP('',(#368,#369,#370,#371));
#1762=EDGE_LOOP('',(#372,#373,#374,#375));
#1763=EDGE_LOOP('',(#376,#377,#378,#379));
#1764=EDGE_LOOP('',(#380,#381,#382,#383));
#1765=EDGE_LOOP('',(#384,#385,#386,#387));
#1766=EDGE_LOOP('',(#388,#389,#390,#391));
#1767=EDGE_LOOP('',(#392,#393,#394,#395));
#1768=EDGE_LOOP('',(#396,#397,#398,#399));
#1769=EDGE_LOOP('',(#400,#401,#402,#403));
#1770=EDGE_LOOP('',(#404,#405,#406,#407));
#1771=EDGE_LOOP('',(#408,#409,#410,#411));
#1772=EDGE_LOOP('',(#412,#413,#414,#415));
#1773=EDGE_LOOP('',(#416,#417,#418,#419));
#1774=EDGE_LOOP('',(#420,#421,#422,#423));
#1775=EDGE_LOOP('',(#424,#425,#426,#427));
#1776=EDGE_LOOP('',(#428,#429,#430,#431));
#1777=EDGE_LOOP('',(#432,#433,#434,#435));
#1778=EDGE_LOOP('',(#436,#437,#438,#439));
#1779=EDGE_LOOP('',(#440,#441,#442,#443));
#1780=EDGE_LOOP('',(#444,#445,#446,#447));
#1781=EDGE_LOOP('',(#448,#449,#450,#451));
#1782=EDGE_LOOP('',(#452,#453,#454,#455));
#1783=EDGE_LOOP('',(#456,#457,#458,#459));
#1784=EDGE_LOOP('',(#460,#461,#462,#463));
#1785=EDGE_LOOP('',(#464,#465,#466,#467));
#1786=EDGE_LOOP('',(#468,#469,#470,#471));
#1787=EDGE_LOOP('',(#472,#473,#474,#475));
#1788=EDGE_LOOP('',(#476,#477,#478,#479));
#1789=EDGE_LOOP('',(#480,#481,#482,#483));
#1790=EDGE_LOOP('',(#484,#485,#486,#487));
#1791=EDGE_LOOP('',(#488,#489,#490,#491));
#1792=EDGE_LOOP('',(#492,#493,#494,#495));
#1793=EDGE_LOOP('',(#496,#497,#498,#499));
#1794=EDGE_LOOP('',(#500,#501,#502,#503));
#1795=EDGE_LOOP('',(#504,#505,#506,#507));
#1796=EDGE_LOOP('',(#508,#509,#510,#511));
#1797=EDGE_LOOP('',(#512,#513,#514,#515));
#1798=EDGE_LOOP('',(#516,#517,#518,#519));
#1799=EDGE_LOOP('',(#520,#521,#522,#523));
#1800=EDGE_LOOP('',(#524,#525,#526,#527));
#1801=EDGE_LOOP('',(#528,#529,#530,#531));
#1802=EDGE_LOOP('',(#532,#533,#534,#535));
#1803=EDGE_LOOP('',(#536,#537,#538,#539));
#1804=EDGE_LOOP('',(#540,#541,#542,#543));
#1805=EDGE_LOOP('',(#544,#545,#546,#547));
#1806=EDGE_LOOP('',(#548,#549,#550,#551));
#1807=EDGE_LOOP('',(#552,#553,#554,#555));
#1808=EDGE_LOOP('',(#556,#557,#558,#559));
#1809=EDGE_LOOP('',(#560));
#1810=EDGE_LOOP('',(#561));
#1811=EDGE_LOOP('',(#562));
#1812=EDGE_LOOP('',(#563));
#1813=EDGE_LOOP('',(#564,#565,#566,#567));
#1814=EDGE_LOOP('',(#568,#569,#570,#571));
#1815=EDGE_LOOP('',(#572,#573,#574,#575));
#1816=EDGE_LOOP('',(#576));
#1817=EDGE_LOOP('',(#577));
#1818=EDGE_LOOP('',(#578,#579,#580,#581,#582,#583));
#1819=EDGE_LOOP('',(#584,#585,#586,#587,#588,#589));
#1820=EDGE_LOOP('',(#590,#591,#592,#593,#594,#595));
#1821=EDGE_LOOP('',(#596,#597,#598,#599,#600,#601));
#1822=EDGE_LOOP('',(#602,#603,#604,#605,#606,#607));
#1823=EDGE_LOOP('',(#608,#609,#610,#611,#612,#613));
#1824=EDGE_LOOP('',(#614,#615,#616,#617,#618,#619));
#1825=EDGE_LOOP('',(#620,#621,#622,#623,#624,#625));
#1826=EDGE_LOOP('',(#626,#627,#628,#629,#630,#631));
#1827=EDGE_LOOP('',(#632,#633,#634,#635,#636,#637));
#1828=EDGE_LOOP('',(#638,#639,#640,#641,#642,#643));
#1829=EDGE_LOOP('',(#644,#645,#646,#647,#648,#649));
#1830=EDGE_LOOP('',(#650,#651,#652,#653,#654,#655));
#1831=EDGE_LOOP('',(#656,#657,#658,#659,#660,#661));
#1832=EDGE_LOOP('',(#662,#663,#664,#665,#666,#667));
#1833=EDGE_LOOP('',(#668,#669,#670,#671,#672,#673));
#1834=EDGE_LOOP('',(#674));
#1835=EDGE_LOOP('',(#675));
#1836=EDGE_LOOP('',(#676,#677,#678,#679));
#1837=EDGE_LOOP('',(#680));
#1838=EDGE_LOOP('',(#681));
#1839=EDGE_LOOP('',(#682));
#1840=EDGE_LOOP('',(#683,#684,#685,#686,#687,#688));
#1841=EDGE_LOOP('',(#689,#690,#691,#692,#693,#694));
#1842=EDGE_LOOP('',(#695,#696,#697,#698,#699,#700));
#1843=EDGE_LOOP('',(#701,#702,#703,#704,#705,#706));
#1844=EDGE_LOOP('',(#707,#708,#709,#710,#711,#712));
#1845=EDGE_LOOP('',(#713,#714,#715,#716,#717,#718));
#1846=EDGE_LOOP('',(#719,#720,#721,#722,#723,#724));
#1847=EDGE_LOOP('',(#725,#726,#727,#728,#729,#730));
#1848=EDGE_LOOP('',(#731,#732,#733,#734,#735,#736));
#1849=EDGE_LOOP('',(#737,#738,#739,#740,#741,#742));
#1850=EDGE_LOOP('',(#743,#744,#745,#746,#747,#748));
#1851=EDGE_LOOP('',(#749,#750,#751,#752,#753,#754));
#1852=EDGE_LOOP('',(#755,#756,#757,#758,#759,#760));
#1853=EDGE_LOOP('',(#761,#762,#763,#764,#765,#766));
#1854=EDGE_LOOP('',(#767,#768,#769,#770,#771,#772));
#1855=EDGE_LOOP('',(#773,#774,#775,#776,#777,#778));
#1856=EDGE_LOOP('',(#779));
#1857=EDGE_LOOP('',(#780,#781,#782,#783));
#1858=FACE_BOUND('',#1708,.T.);
#1859=FACE_BOUND('',#1709,.T.);
#1860=FACE_BOUND('',#1710,.T.);
#1861=FACE_BOUND('',#1711,.T.);
#1862=FACE_BOUND('',#1712,.T.);
#1863=FACE_BOUND('',#1713,.T.);
#1864=FACE_BOUND('',#1714,.T.);
#1865=FACE_BOUND('',#1715,.T.);
#1866=FACE_BOUND('',#1716,.T.);
#1867=FACE_BOUND('',#1717,.T.);
#1868=FACE_BOUND('',#1718,.T.);
#1869=FACE_BOUND('',#1719,.T.);
#1870=FACE_BOUND('',#1720,.T.);
#1871=FACE_BOUND('',#1721,.T.);
#1872=FACE_BOUND('',#1722,.T.);
#1873=FACE_BOUND('',#1723,.T.);
#1874=FACE_BOUND('',#1724,.T.);
#1875=FACE_BOUND('',#1725,.T.);
#1876=FACE_BOUND('',#1726,.T.);
#1877=FACE_BOUND('',#1727,.T.);
#1878=FACE_BOUND('',#1728,.T.);
#1879=FACE_BOUND('',#1729,.T.);
#1880=FACE_BOUND('',#1730,.T.);
#1881=FACE_BOUND('',#1731,.T.);
#1882=FACE_BOUND('',#1732,.T.);
#1883=FACE_BOUND('',#1733,.T.);
#1884=FACE_BOUND('',#1734,.T.);
#1885=FACE_BOUND('',#1735,.T.);
#1886=FACE_BOUND('',#1736,.T.);
#1887=FACE_BOUND('',#1737,.T.);
#1888=FACE_BOUND('',#1738,.T.);
#1889=FACE_BOUND('',#1739,.T.);
#1890=FACE_BOUND('',#1740,.T.);
#1891=FACE_BOUND('',#1741,.T.);
#1892=FACE_BOUND('',#1742,.T.);
#1893=FACE_BOUND('',#1743,.T.);
#1894=FACE_BOUND('',#1744,.T.);
#1895=FACE_BOUND('',#1745,.T.);
#1896=FACE_BOUND('',#1746,.T.);
#1897=FACE_BOUND('',#1747,.T.);
#1898=FACE_BOUND('',#1748,.T.);
#1899=FACE_BOUND('',#1749,.T.);
#1900=FACE_BOUND('',#1750,.T.);
#1901=FACE_BOUND('',#1751,.T.);
#1902=FACE_BOUND('',#1752,.T.);
#1903=FACE_BOUND('',#1753,.T.);
#1904=FACE_BOUND('',#1754,.T.);
#1905=FACE_BOUND('',#1755,.T.);
#1906=FACE_BOUND('',#1756,.T.);
#1907=FACE_BOUND('',#1757,.T.);
#1908=FACE_BOUND('',#1758,.T.);
#1909=FACE_BOUND('',#1759,.T.);
#1910=FACE_BOUND('',#1760,.T.);
#1911=FACE_BOUND('',#1761,.T.);
#1912=FACE_BOUND('',#1762,.T.);
#1913=FACE_BOUND('',#1763,.T.);
#1914=FACE_BOUND('',#1764,.T.);
#1915=FACE_BOUND('',#1765,.T.);
#1916=FACE_BOUND('',#1766,.T.);
#1917=FACE_BOUND('',#1767,.T.);
#1918=FACE_BOUND('',#1768,.T.);
#1919=FACE_BOUND('',#1769,.T.);
#1920=FACE_BOUND('',#1770,.T.);
#1921=FACE_BOUND('',#1771,.T.);
#1922=FACE_BOUND('',#1772,.T.);
#1923=FACE_BOUND('',#1773,.T.);
#1924=FACE_BOUND('',#1774,.T.);
#1925=FACE_BOUND('',#1775,.T.);
#1926=FACE_BOUND('',#1776,.T.);
#1927=FACE_BOUND('',#1777,.T.);
#1928=FACE_BOUND('',#1778,.T.);
#1929=FACE_BOUND('',#1779,.T.);
#1930=FACE_BOUND('',#1780,.T.);
#1931=FACE_BOUND('',#1781,.T.);
#1932=FACE_BOUND('',#1782,.T.);
#1933=FACE_BOUND('',#1783,.T.);
#1934=FACE_BOUND('',#1784,.T.);
#1935=FACE_BOUND('',#1785,.T.);
#1936=FACE_BOUND('',#1786,.T.);
#1937=FACE_BOUND('',#1787,.T.);
#1938=FACE_BOUND('',#1788,.T.);
#1939=FACE_BOUND('',#1789,.T.);
#1940=FACE_BOUND('',#1790,.T.);
#1941=FACE_BOUND('',#1791,.T.);
#1942=FACE_BOUND('',#1792,.T.);
#1943=FACE_BOUND('',#1793,.T.);
#1944=FACE_BOUND('',#1794,.T.);
#1945=FACE_BOUND('',#1795,.T.);
#1946=FACE_BOUND('',#1796,.T.);
#1947=FACE_BOUND('',#1797,.T.);
#1948=FACE_BOUND('',#1798,.T.);
#1949=FACE_BOUND('',#1799,.T.);
#1950=FACE_BOUND('',#1800,.T.);
#1951=FACE_BOUND('',#1801,.T.);
#1952=FACE_BOUND('',#1802,.T.);
#1953=FACE_BOUND('',#1803,.T.);
#1954=FACE_BOUND('',#1804,.T.);
#1955=FACE_BOUND('',#1805,.T.);
#1956=FACE_BOUND('',#1806,.T.);
#1957=FACE_BOUND('',#1807,.T.);
#1958=FACE_BOUND('',#1808,.T.);
#1959=FACE_BOUND('',#1809,.T.);
#1960=FACE_BOUND('',#1810,.T.);
#1961=FACE_BOUND('',#1811,.T.);
#1962=FACE_BOUND('',#1812,.T.);
#1963=FACE_BOUND('',#1813,.T.);
#1964=FACE_BOUND('',#1814,.T.);
#1965=FACE_BOUND('',#1815,.T.);
#1966=FACE_BOUND('',#1816,.T.);
#1967=FACE_BOUND('',#1817,.T.);
#1968=FACE_BOUND('',#1818,.T.);
#1969=FACE_BOUND('',#1819,.T.);
#1970=FACE_BOUND('',#1820,.T.);
#1971=FACE_BOUND('',#1821,.T.);
#1972=FACE_BOUND('',#1822,.T.);
#1973=FACE_BOUND('',#1823,.T.);
#1974=FACE_BOUND('',#1824,.T.);
#1975=FACE_BOUND('',#1825,.T.);
#1976=FACE_BOUND('',#1826,.T.);
#1977=FACE_BOUND('',#1827,.T.);
#1978=FACE_BOUND('',#1828,.T.);
#1979=FACE_BOUND('',#1829,.T.);
#1980=FACE_BOUND('',#1830,.T.);
#1981=FACE_BOUND('',#1831,.T.);
#1982=FACE_BOUND('',#1832,.T.);
#1983=FACE_BOUND('',#1833,.T.);
#1984=FACE_BOUND('',#1834,.T.);
#1985=FACE_BOUND('',#1835,.T.);
#1986=FACE_BOUND('',#1836,.T.);
#1987=FACE_BOUND('',#1837,.T.);
#1988=FACE_BOUND('',#1838,.T.);
#1989=FACE_BOUND('',#1839,.T.);
#1990=FACE_BOUND('',#1840,.T.);
#1991=FACE_BOUND('',#1841,.T.);
#1992=FACE_BOUND('',#1842,.T.);
#1993=FACE_BOUND('',#1843,.T.);
#1994=FACE_BOUND('',#1844,.T.);
#1995=FACE_BOUND('',#1845,.T.);
#1996=FACE_BOUND('',#1846,.T.);
#1997=FACE_BOUND('',#1847,.T.);
#1998=FACE_BOUND('',#1848,.T.);
#1999=FACE_BOUND('',#1849,.T.);
#2000=FACE_BOUND('',#1850,.T.);
#2001=FACE_BOUND('',#1851,.T.);
#2002=FACE_BOUND('',#1852,.T.);
#2003=FACE_BOUND('',#1853,.T.);
#2004=FACE_BOUND('',#1854,.T.);
#2005=FACE_BOUND('',#1855,.T.);
#2006=FACE_BOUND('',#1856,.T.);
#2007=FACE_BOUND('',#1857,.T.);
#2008=PLANE('',#2181);
#2009=PLANE('',#2191);
#2010=PLANE('',#2195);
#2011=PLANE('',#2199);
#2012=PLANE('',#2200);
#2013=PLANE('',#2204);
#2014=PLANE('',#2208);
#2015=PLANE('',#2212);
#2016=PLANE('',#2216);
#2017=PLANE('',#2220);
#2018=PLANE('',#2224);
#2019=PLANE('',#2228);
#2020=PLANE('',#2232);
#2021=PLANE('',#2236);
#2022=PLANE('',#2240);
#2023=PLANE('',#2244);
#2024=PLANE('',#2248);
#2025=PLANE('',#2252);
#2026=PLANE('',#2256);
#2027=PLANE('',#2260);
#2028=PLANE('',#2264);
#2029=PLANE('',#2268);
#2030=PLANE('',#2272);
#2031=PLANE('',#2276);
#2032=PLANE('',#2280);
#2033=PLANE('',#2284);
#2034=PLANE('',#2288);
#2035=PLANE('',#2292);
#2036=PLANE('',#2296);
#2037=PLANE('',#2300);
#2038=PLANE('',#2304);
#2039=PLANE('',#2308);
#2040=PLANE('',#2312);
#2041=PLANE('',#2316);
#2042=PLANE('',#2320);
#2043=PLANE('',#2324);
#2044=PLANE('',#2328);
#2045=PLANE('',#2332);
#2046=PLANE('',#2336);
#2047=PLANE('',#2340);
#2048=PLANE('',#2347);
#2049=PLANE('',#2351);
#2050=PLANE('',#2355);
#2051=PLANE('',#2356);
#2052=PLANE('',#2360);
#2053=PLANE('',#2364);
#2054=PLANE('',#2371);
#2055=PLANE('',#2375);
#2056=PLANE('',#2379);
#2057=PLANE('',#2386);
#2058=PLANE('',#2387);
#2059=PLANE('',#2388);
#2060=PLANE('',#2389);
#2061=PLANE('',#2390);
#2062=ADVANCED_FACE('',(#1858),#2008,.T.);
#2063=ADVANCED_FACE('',(#1859,#1860),#116,.F.);
#2064=ADVANCED_FACE('',(#1861,#1862),#117,.F.);
#2065=ADVANCED_FACE('',(#1863),#118,.F.);
#2066=ADVANCED_FACE('',(#1864),#2009,.F.);
#2067=ADVANCED_FACE('',(#1865),#119,.F.);
#2068=ADVANCED_FACE('',(#1866),#2010,.T.);
#2069=ADVANCED_FACE('',(#1867),#120,.F.);
#2070=ADVANCED_FACE('',(#1868),#2011,.T.);
#2071=ADVANCED_FACE('',(#1869),#2012,.F.);
#2072=ADVANCED_FACE('',(#1870),#121,.F.);
#2073=ADVANCED_FACE('',(#1871),#2013,.T.);
#2074=ADVANCED_FACE('',(#1872),#122,.F.);
#2075=ADVANCED_FACE('',(#1873),#2014,.F.);
#2076=ADVANCED_FACE('',(#1874),#123,.F.);
#2077=ADVANCED_FACE('',(#1875),#2015,.F.);
#2078=ADVANCED_FACE('',(#1876),#124,.F.);
#2079=ADVANCED_FACE('',(#1877),#2016,.T.);
#2080=ADVANCED_FACE('',(#1878),#125,.F.);
#2081=ADVANCED_FACE('',(#1879),#2017,.F.);
#2082=ADVANCED_FACE('',(#1880),#126,.F.);
#2083=ADVANCED_FACE('',(#1881),#2018,.F.);
#2084=ADVANCED_FACE('',(#1882),#127,.F.);
#2085=ADVANCED_FACE('',(#1883),#2019,.T.);
#2086=ADVANCED_FACE('',(#1884),#128,.F.);
#2087=ADVANCED_FACE('',(#1885),#2020,.F.);
#2088=ADVANCED_FACE('',(#1886),#129,.F.);
#2089=ADVANCED_FACE('',(#1887),#2021,.T.);
#2090=ADVANCED_FACE('',(#1888),#130,.F.);
#2091=ADVANCED_FACE('',(#1889),#2022,.F.);
#2092=ADVANCED_FACE('',(#1890),#131,.F.);
#2093=ADVANCED_FACE('',(#1891),#2023,.F.);
#2094=ADVANCED_FACE('',(#1892),#132,.F.);
#2095=ADVANCED_FACE('',(#1893),#2024,.T.);
#2096=ADVANCED_FACE('',(#1894),#133,.F.);
#2097=ADVANCED_FACE('',(#1895),#2025,.F.);
#2098=ADVANCED_FACE('',(#1896),#134,.F.);
#2099=ADVANCED_FACE('',(#1897),#2026,.F.);
#2100=ADVANCED_FACE('',(#1898),#135,.F.);
#2101=ADVANCED_FACE('',(#1899),#2027,.F.);
#2102=ADVANCED_FACE('',(#1900),#136,.F.);
#2103=ADVANCED_FACE('',(#1901),#2028,.T.);
#2104=ADVANCED_FACE('',(#1902),#137,.F.);
#2105=ADVANCED_FACE('',(#1903),#2029,.F.);
#2106=ADVANCED_FACE('',(#1904),#138,.F.);
#2107=ADVANCED_FACE('',(#1905),#2030,.T.);
#2108=ADVANCED_FACE('',(#1906),#139,.F.);
#2109=ADVANCED_FACE('',(#1907),#2031,.F.);
#2110=ADVANCED_FACE('',(#1908),#140,.F.);
#2111=ADVANCED_FACE('',(#1909),#2032,.F.);
#2112=ADVANCED_FACE('',(#1910),#141,.F.);
#2113=ADVANCED_FACE('',(#1911),#2033,.F.);
#2114=ADVANCED_FACE('',(#1912),#142,.F.);
#2115=ADVANCED_FACE('',(#1913),#2034,.T.);
#2116=ADVANCED_FACE('',(#1914),#143,.F.);
#2117=ADVANCED_FACE('',(#1915),#2035,.F.);
#2118=ADVANCED_FACE('',(#1916),#144,.F.);
#2119=ADVANCED_FACE('',(#1917),#2036,.F.);
#2120=ADVANCED_FACE('',(#1918),#145,.F.);
#2121=ADVANCED_FACE('',(#1919),#2037,.F.);
#2122=ADVANCED_FACE('',(#1920),#146,.F.);
#2123=ADVANCED_FACE('',(#1921),#2038,.F.);
#2124=ADVANCED_FACE('',(#1922),#147,.F.);
#2125=ADVANCED_FACE('',(#1923),#2039,.T.);
#2126=ADVANCED_FACE('',(#1924),#148,.F.);
#2127=ADVANCED_FACE('',(#1925),#2040,.F.);
#2128=ADVANCED_FACE('',(#1926),#149,.F.);
#2129=ADVANCED_FACE('',(#1927),#2041,.F.);
#2130=ADVANCED_FACE('',(#1928),#150,.F.);
#2131=ADVANCED_FACE('',(#1929),#2042,.F.);
#2132=ADVANCED_FACE('',(#1930),#151,.F.);
#2133=ADVANCED_FACE('',(#1931),#2043,.T.);
#2134=ADVANCED_FACE('',(#1932),#152,.F.);
#2135=ADVANCED_FACE('',(#1933),#2044,.F.);
#2136=ADVANCED_FACE('',(#1934),#153,.F.);
#2137=ADVANCED_FACE('',(#1935),#2045,.F.);
#2138=ADVANCED_FACE('',(#1936),#154,.F.);
#2139=ADVANCED_FACE('',(#1937),#2046,.F.);
#2140=ADVANCED_FACE('',(#1938),#155,.F.);
#2141=ADVANCED_FACE('',(#1939),#2047,.F.);
#2142=ADVANCED_FACE('',(#1940),#156,.F.);
#2143=ADVANCED_FACE('',(#1941),#157,.F.);
#2144=ADVANCED_FACE('',(#1942),#2048,.F.);
#2145=ADVANCED_FACE('',(#1943),#158,.F.);
#2146=ADVANCED_FACE('',(#1944),#2049,.T.);
#2147=ADVANCED_FACE('',(#1945),#159,.F.);
#2148=ADVANCED_FACE('',(#1946),#2050,.T.);
#2149=ADVANCED_FACE('',(#1947),#2051,.T.);
#2150=ADVANCED_FACE('',(#1948),#160,.F.);
#2151=ADVANCED_FACE('',(#1949),#2052,.T.);
#2152=ADVANCED_FACE('',(#1950),#161,.F.);
#2153=ADVANCED_FACE('',(#1951),#2053,.F.);
#2154=ADVANCED_FACE('',(#1952),#162,.F.);
#2155=ADVANCED_FACE('',(#1953),#163,.F.);
#2156=ADVANCED_FACE('',(#1954),#2054,.F.);
#2157=ADVANCED_FACE('',(#1955),#164,.F.);
#2158=ADVANCED_FACE('',(#1956),#2055,.T.);
#2159=ADVANCED_FACE('',(#1957),#165,.F.);
#2160=ADVANCED_FACE('',(#1958),#2056,.T.);
#2161=ADVANCED_FACE('',(#1959,#1960),#166,.F.);
#2162=ADVANCED_FACE('',(#1961,#1962),#167,.F.);
#2163=ADVANCED_FACE('',(#1963),#2057,.T.);
#2164=ADVANCED_FACE('',(#1964),#2058,.F.);
#2165=ADVANCED_FACE('',(#1965),#2059,.T.);
#2166=ADVANCED_FACE('',(#1966,#1967,#1968,#1969,#1970,#1971,#1972,#1973,
#1974,#1975,#1976,#1977,#1978,#1979,#1980,#1981,#1982,#1983,#1984,#1985,
#1986),#2060,.F.);
#2167=ADVANCED_FACE('',(#1987,#1988,#1989,#1990,#1991,#1992,#1993,#1994,
#1995,#1996,#1997,#1998,#1999,#2000,#2001,#2002,#2003,#2004,#2005,#2006,
#2007),#2061,.T.);
#2168=CLOSED_SHELL('',(#2062,#2063,#2064,#2065,#2066,#2067,#2068,#2069,
#2070,#2071,#2072,#2073,#2074,#2075,#2076,#2077,#2078,#2079,#2080,#2081,
#2082,#2083,#2084,#2085,#2086,#2087,#2088,#2089,#2090,#2091,#2092,#2093,
#2094,#2095,#2096,#2097,#2098,#2099,#2100,#2101,#2102,#2103,#2104,#2105,
#2106,#2107,#2108,#2109,#2110,#2111,#2112,#2113,#2114,#2115,#2116,#2117,
#2118,#2119,#2120,#2121,#2122,#2123,#2124,#2125,#2126,#2127,#2128,#2129,
#2130,#2131,#2132,#2133,#2134,#2135,#2136,#2137,#2138,#2139,#2140,#2141,
#2142,#2143,#2144,#2145,#2146,#2147,#2148,#2149,#2150,#2151,#2152,#2153,
#2154,#2155,#2156,#2157,#2158,#2159,#2160,#2161,#2162,#2163,#2164,#2165,
#2166,#2167));
#2169=STYLED_ITEM('',(#2170),#2177);
#2170=PRESENTATION_STYLE_ASSIGNMENT((#2171));
#2171=SURFACE_STYLE_USAGE(.BOTH.,#2172);
#2172=SURFACE_SIDE_STYLE('',(#2173));
#2173=SURFACE_STYLE_FILL_AREA(#2174);
#2174=FILL_AREA_STYLE('',(#2175));
#2175=FILL_AREA_STYLE_COLOUR('',#2176);
#2176=COLOUR_RGB('',0.498039215686275,0.498039215686275,0.498039215686275);
#2177=MANIFOLD_SOLID_BREP('Part 19',#2168);
#2178=SHAPE_DEFINITION_REPRESENTATION(#3646,#2179);
#2179=SHAPE_REPRESENTATION('Part 19',(#2180),#3641);
#2180=AXIS2_PLACEMENT_3D('',#3017,#2391,#2392);
#2181=AXIS2_PLACEMENT_3D('',#3018,#2393,#2394);
#2182=AXIS2_PLACEMENT_3D('',#3027,#2399,#2400);
#2183=AXIS2_PLACEMENT_3D('',#3028,#2401,#2402);
#2184=AXIS2_PLACEMENT_3D('',#3030,#2403,#2404);
#2185=AXIS2_PLACEMENT_3D('',#3032,#2405,#2406);
#2186=AXIS2_PLACEMENT_3D('',#3033,#2407,#2408);
#2187=AXIS2_PLACEMENT_3D('',#3035,#2409,#2410);
#2188=AXIS2_PLACEMENT_3D('',#3037,#2411,#2412);
#2189=AXIS2_PLACEMENT_3D('',#3038,#2413,#2414);
#2190=AXIS2_PLACEMENT_3D('',#3043,#2416,#2417);
#2191=AXIS2_PLACEMENT_3D('',#3046,#2419,#2420);
#2192=AXIS2_PLACEMENT_3D('',#3052,#2424,#2425);
#2193=AXIS2_PLACEMENT_3D('',#3053,#2426,#2427);
#2194=AXIS2_PLACEMENT_3D('',#3055,#2428,#2429);
#2195=AXIS2_PLACEMENT_3D('',#3058,#2431,#2432);
#2196=AXIS2_PLACEMENT_3D('',#3064,#2436,#2437);
#2197=AXIS2_PLACEMENT_3D('',#3065,#2438,#2439);
#2198=AXIS2_PLACEMENT_3D('',#3067,#2440,#2441);
#2199=AXIS2_PLACEMENT_3D('',#3070,#2443,#2444);
#2200=AXIS2_PLACEMENT_3D('',#3073,#2447,#2448);
#2201=AXIS2_PLACEMENT_3D('',#3082,#2453,#2454);
#2202=AXIS2_PLACEMENT_3D('',#3083,#2455,#2456);
#2203=AXIS2_PLACEMENT_3D('',#3085,#2457,#2458);
#2204=AXIS2_PLACEMENT_3D('',#3088,#2460,#2461);
#2205=AXIS2_PLACEMENT_3D('',#3094,#2465,#2466);
#2206=AXIS2_PLACEMENT_3D('',#3095,#2467,#2468);
#2207=AXIS2_PLACEMENT_3D('',#3097,#2469,#2470);
#2208=AXIS2_PLACEMENT_3D('',#3100,#2472,#2473);
#2209=AXIS2_PLACEMENT_3D('',#3106,#2477,#2478);
#2210=AXIS2_PLACEMENT_3D('',#3107,#2479,#2480);
#2211=AXIS2_PLACEMENT_3D('',#3108,#2481,#2482);
#2212=AXIS2_PLACEMENT_3D('',#3109,#2483,#2484);
#2213=AXIS2_PLACEMENT_3D('',#3118,#2489,#2490);
#2214=AXIS2_PLACEMENT_3D('',#3119,#2491,#2492);
#2215=AXIS2_PLACEMENT_3D('',#3121,#2493,#2494);
#2216=AXIS2_PLACEMENT_3D('',#3124,#2496,#2497);
#2217=AXIS2_PLACEMENT_3D('',#3130,#2501,#2502);
#2218=AXIS2_PLACEMENT_3D('',#3131,#2503,#2504);
#2219=AXIS2_PLACEMENT_3D('',#3133,#2505,#2506);
#2220=AXIS2_PLACEMENT_3D('',#3136,#2508,#2509);
#2221=AXIS2_PLACEMENT_3D('',#3142,#2513,#2514);
#2222=AXIS2_PLACEMENT_3D('',#3143,#2515,#2516);
#2223=AXIS2_PLACEMENT_3D('',#3144,#2517,#2518);
#2224=AXIS2_PLACEMENT_3D('',#3145,#2519,#2520);
#2225=AXIS2_PLACEMENT_3D('',#3154,#2525,#2526);
#2226=AXIS2_PLACEMENT_3D('',#3155,#2527,#2528);
#2227=AXIS2_PLACEMENT_3D('',#3157,#2529,#2530);
#2228=AXIS2_PLACEMENT_3D('',#3160,#2532,#2533);
#2229=AXIS2_PLACEMENT_3D('',#3166,#2537,#2538);
#2230=AXIS2_PLACEMENT_3D('',#3167,#2539,#2540);
#2231=AXIS2_PLACEMENT_3D('',#3169,#2541,#2542);
#2232=AXIS2_PLACEMENT_3D('',#3172,#2544,#2545);
#2233=AXIS2_PLACEMENT_3D('',#3178,#2549,#2550);
#2234=AXIS2_PLACEMENT_3D('',#3179,#2551,#2552);
#2235=AXIS2_PLACEMENT_3D('',#3180,#2553,#2554);
#2236=AXIS2_PLACEMENT_3D('',#3181,#2555,#2556);
#2237=AXIS2_PLACEMENT_3D('',#3190,#2561,#2562);
#2238=AXIS2_PLACEMENT_3D('',#3191,#2563,#2564);
#2239=AXIS2_PLACEMENT_3D('',#3193,#2565,#2566);
#2240=AXIS2_PLACEMENT_3D('',#3196,#2568,#2569);
#2241=AXIS2_PLACEMENT_3D('',#3202,#2573,#2574);
#2242=AXIS2_PLACEMENT_3D('',#3203,#2575,#2576);
#2243=AXIS2_PLACEMENT_3D('',#3205,#2577,#2578);
#2244=AXIS2_PLACEMENT_3D('',#3208,#2580,#2581);
#2245=AXIS2_PLACEMENT_3D('',#3214,#2585,#2586);
#2246=AXIS2_PLACEMENT_3D('',#3215,#2587,#2588);
#2247=AXIS2_PLACEMENT_3D('',#3216,#2589,#2590);
#2248=AXIS2_PLACEMENT_3D('',#3217,#2591,#2592);
#2249=AXIS2_PLACEMENT_3D('',#3226,#2597,#2598);
#2250=AXIS2_PLACEMENT_3D('',#3227,#2599,#2600);
#2251=AXIS2_PLACEMENT_3D('',#3229,#2601,#2602);
#2252=AXIS2_PLACEMENT_3D('',#3232,#2604,#2605);
#2253=AXIS2_PLACEMENT_3D('',#3238,#2609,#2610);
#2254=AXIS2_PLACEMENT_3D('',#3239,#2611,#2612);
#2255=AXIS2_PLACEMENT_3D('',#3241,#2613,#2614);
#2256=AXIS2_PLACEMENT_3D('',#3244,#2616,#2617);
#2257=AXIS2_PLACEMENT_3D('',#3250,#2621,#2622);
#2258=AXIS2_PLACEMENT_3D('',#3251,#2623,#2624);
#2259=AXIS2_PLACEMENT_3D('',#3252,#2625,#2626);
#2260=AXIS2_PLACEMENT_3D('',#3253,#2627,#2628);
#2261=AXIS2_PLACEMENT_3D('',#3262,#2633,#2634);
#2262=AXIS2_PLACEMENT_3D('',#3263,#2635,#2636);
#2263=AXIS2_PLACEMENT_3D('',#3265,#2637,#2638);
#2264=AXIS2_PLACEMENT_3D('',#3268,#2640,#2641);
#2265=AXIS2_PLACEMENT_3D('',#3274,#2645,#2646);
#2266=AXIS2_PLACEMENT_3D('',#3275,#2647,#2648);
#2267=AXIS2_PLACEMENT_3D('',#3277,#2649,#2650);
#2268=AXIS2_PLACEMENT_3D('',#3280,#2652,#2653);
#2269=AXIS2_PLACEMENT_3D('',#3286,#2657,#2658);
#2270=AXIS2_PLACEMENT_3D('',#3287,#2659,#2660);
#2271=AXIS2_PLACEMENT_3D('',#3288,#2661,#2662);
#2272=AXIS2_PLACEMENT_3D('',#3289,#2663,#2664);
#2273=AXIS2_PLACEMENT_3D('',#3298,#2669,#2670);
#2274=AXIS2_PLACEMENT_3D('',#3299,#2671,#2672);
#2275=AXIS2_PLACEMENT_3D('',#3301,#2673,#2674);
#2276=AXIS2_PLACEMENT_3D('',#3304,#2676,#2677);
#2277=AXIS2_PLACEMENT_3D('',#3310,#2681,#2682);
#2278=AXIS2_PLACEMENT_3D('',#3311,#2683,#2684);
#2279=AXIS2_PLACEMENT_3D('',#3313,#2685,#2686);
#2280=AXIS2_PLACEMENT_3D('',#3316,#2688,#2689);
#2281=AXIS2_PLACEMENT_3D('',#3322,#2693,#2694);
#2282=AXIS2_PLACEMENT_3D('',#3323,#2695,#2696);
#2283=AXIS2_PLACEMENT_3D('',#3324,#2697,#2698);
#2284=AXIS2_PLACEMENT_3D('',#3325,#2699,#2700);
#2285=AXIS2_PLACEMENT_3D('',#3334,#2705,#2706);
#2286=AXIS2_PLACEMENT_3D('',#3335,#2707,#2708);
#2287=AXIS2_PLACEMENT_3D('',#3337,#2709,#2710);
#2288=AXIS2_PLACEMENT_3D('',#3340,#2712,#2713);
#2289=AXIS2_PLACEMENT_3D('',#3346,#2717,#2718);
#2290=AXIS2_PLACEMENT_3D('',#3347,#2719,#2720);
#2291=AXIS2_PLACEMENT_3D('',#3349,#2721,#2722);
#2292=AXIS2_PLACEMENT_3D('',#3352,#2724,#2725);
#2293=AXIS2_PLACEMENT_3D('',#3358,#2729,#2730);
#2294=AXIS2_PLACEMENT_3D('',#3359,#2731,#2732);
#2295=AXIS2_PLACEMENT_3D('',#3360,#2733,#2734);
#2296=AXIS2_PLACEMENT_3D('',#3361,#2735,#2736);
#2297=AXIS2_PLACEMENT_3D('',#3370,#2741,#2742);
#2298=AXIS2_PLACEMENT_3D('',#3371,#2743,#2744);
#2299=AXIS2_PLACEMENT_3D('',#3373,#2745,#2746);
#2300=AXIS2_PLACEMENT_3D('',#3376,#2748,#2749);
#2301=AXIS2_PLACEMENT_3D('',#3382,#2753,#2754);
#2302=AXIS2_PLACEMENT_3D('',#3383,#2755,#2756);
#2303=AXIS2_PLACEMENT_3D('',#3385,#2757,#2758);
#2304=AXIS2_PLACEMENT_3D('',#3388,#2760,#2761);
#2305=AXIS2_PLACEMENT_3D('',#3394,#2765,#2766);
#2306=AXIS2_PLACEMENT_3D('',#3395,#2767,#2768);
#2307=AXIS2_PLACEMENT_3D('',#3396,#2769,#2770);
#2308=AXIS2_PLACEMENT_3D('',#3397,#2771,#2772);
#2309=AXIS2_PLACEMENT_3D('',#3406,#2777,#2778);
#2310=AXIS2_PLACEMENT_3D('',#3407,#2779,#2780);
#2311=AXIS2_PLACEMENT_3D('',#3409,#2781,#2782);
#2312=AXIS2_PLACEMENT_3D('',#3412,#2784,#2785);
#2313=AXIS2_PLACEMENT_3D('',#3418,#2789,#2790);
#2314=AXIS2_PLACEMENT_3D('',#3419,#2791,#2792);
#2315=AXIS2_PLACEMENT_3D('',#3421,#2793,#2794);
#2316=AXIS2_PLACEMENT_3D('',#3424,#2796,#2797);
#2317=AXIS2_PLACEMENT_3D('',#3430,#2801,#2802);
#2318=AXIS2_PLACEMENT_3D('',#3431,#2803,#2804);
#2319=AXIS2_PLACEMENT_3D('',#3432,#2805,#2806);
#2320=AXIS2_PLACEMENT_3D('',#3433,#2807,#2808);
#2321=AXIS2_PLACEMENT_3D('',#3442,#2813,#2814);
#2322=AXIS2_PLACEMENT_3D('',#3443,#2815,#2816);
#2323=AXIS2_PLACEMENT_3D('',#3445,#2817,#2818);
#2324=AXIS2_PLACEMENT_3D('',#3448,#2820,#2821);
#2325=AXIS2_PLACEMENT_3D('',#3454,#2825,#2826);
#2326=AXIS2_PLACEMENT_3D('',#3455,#2827,#2828);
#2327=AXIS2_PLACEMENT_3D('',#3457,#2829,#2830);
#2328=AXIS2_PLACEMENT_3D('',#3460,#2832,#2833);
#2329=AXIS2_PLACEMENT_3D('',#3466,#2837,#2838);
#2330=AXIS2_PLACEMENT_3D('',#3467,#2839,#2840);
#2331=AXIS2_PLACEMENT_3D('',#3468,#2841,#2842);
#2332=AXIS2_PLACEMENT_3D('',#3469,#2843,#2844);
#2333=AXIS2_PLACEMENT_3D('',#3478,#2849,#2850);
#2334=AXIS2_PLACEMENT_3D('',#3479,#2851,#2852);
#2335=AXIS2_PLACEMENT_3D('',#3481,#2853,#2854);
#2336=AXIS2_PLACEMENT_3D('',#3484,#2856,#2857);
#2337=AXIS2_PLACEMENT_3D('',#3490,#2861,#2862);
#2338=AXIS2_PLACEMENT_3D('',#3491,#2863,#2864);
#2339=AXIS2_PLACEMENT_3D('',#3493,#2865,#2866);
#2340=AXIS2_PLACEMENT_3D('',#3496,#2868,#2869);
#2341=AXIS2_PLACEMENT_3D('',#3502,#2873,#2874);
#2342=AXIS2_PLACEMENT_3D('',#3503,#2875,#2876);
#2343=AXIS2_PLACEMENT_3D('',#3504,#2877,#2878);
#2344=AXIS2_PLACEMENT_3D('',#3505,#2879,#2880);
#2345=AXIS2_PLACEMENT_3D('',#3506,#2881,#2882);
#2346=AXIS2_PLACEMENT_3D('',#3511,#2884,#2885);
#2347=AXIS2_PLACEMENT_3D('',#3514,#2887,#2888);
#2348=AXIS2_PLACEMENT_3D('',#3520,#2892,#2893);
#2349=AXIS2_PLACEMENT_3D('',#3521,#2894,#2895);
#2350=AXIS2_PLACEMENT_3D('',#3523,#2896,#2897);
#2351=AXIS2_PLACEMENT_3D('',#3526,#2899,#2900);
#2352=AXIS2_PLACEMENT_3D('',#3532,#2904,#2905);
#2353=AXIS2_PLACEMENT_3D('',#3533,#2906,#2907);
#2354=AXIS2_PLACEMENT_3D('',#3535,#2908,#2909);
#2355=AXIS2_PLACEMENT_3D('',#3538,#2911,#2912);
#2356=AXIS2_PLACEMENT_3D('',#3541,#2915,#2916);
#2357=AXIS2_PLACEMENT_3D('',#3550,#2921,#2922);
#2358=AXIS2_PLACEMENT_3D('',#3551,#2923,#2924);
#2359=AXIS2_PLACEMENT_3D('',#3553,#2925,#2926);
#2360=AXIS2_PLACEMENT_3D('',#3556,#2928,#2929);
#2361=AXIS2_PLACEMENT_3D('',#3562,#2933,#2934);
#2362=AXIS2_PLACEMENT_3D('',#3563,#2935,#2936);
#2363=AXIS2_PLACEMENT_3D('',#3565,#2937,#2938);
#2364=AXIS2_PLACEMENT_3D('',#3568,#2940,#2941);
#2365=AXIS2_PLACEMENT_3D('',#3574,#2945,#2946);
#2366=AXIS2_PLACEMENT_3D('',#3575,#2947,#2948);
#2367=AXIS2_PLACEMENT_3D('',#3576,#2949,#2950);
#2368=AXIS2_PLACEMENT_3D('',#3577,#2951,#2952);
#2369=AXIS2_PLACEMENT_3D('',#3578,#2953,#2954);
#2370=AXIS2_PLACEMENT_3D('',#3583,#2956,#2957);
#2371=AXIS2_PLACEMENT_3D('',#3586,#2959,#2960);
#2372=AXIS2_PLACEMENT_3D('',#3592,#2964,#2965);
#2373=AXIS2_PLACEMENT_3D('',#3593,#2966,#2967);
#2374=AXIS2_PLACEMENT_3D('',#3595,#2968,#2969);
#2375=AXIS2_PLACEMENT_3D('',#3598,#2971,#2972);
#2376=AXIS2_PLACEMENT_3D('',#3604,#2976,#2977);
#2377=AXIS2_PLACEMENT_3D('',#3605,#2978,#2979);
#2378=AXIS2_PLACEMENT_3D('',#3607,#2980,#2981);
#2379=AXIS2_PLACEMENT_3D('',#3610,#2983,#2984);
#2380=AXIS2_PLACEMENT_3D('',#3613,#2987,#2988);
#2381=AXIS2_PLACEMENT_3D('',#3614,#2989,#2990);
#2382=AXIS2_PLACEMENT_3D('',#3616,#2991,#2992);
#2383=AXIS2_PLACEMENT_3D('',#3618,#2993,#2994);
#2384=AXIS2_PLACEMENT_3D('',#3619,#2995,#2996);
#2385=AXIS2_PLACEMENT_3D('',#3621,#2997,#2998);
#2386=AXIS2_PLACEMENT_3D('',#3623,#2999,#3000);
#2387=AXIS2_PLACEMENT_3D('',#3632,#3005,#3006);
#2388=AXIS2_PLACEMENT_3D('',#3635,#3009,#3010);
#2389=AXIS2_PLACEMENT_3D('',#3638,#3013,#3014);
#2390=AXIS2_PLACEMENT_3D('',#3639,#3015,#3016);
#2391=DIRECTION('',(0.,0.,1.));
#2392=DIRECTION('',(1.,0.,0.));
#2393=DIRECTION('',(0.,-0.666794859469826,0.745241313525099));
#2394=DIRECTION('',(1.,0.,0.));
#2395=DIRECTION('',(-1.,0.,0.));
#2396=DIRECTION('',(0.,-0.745241313525099,-0.666794859469826));
#2397=DIRECTION('',(-1.,0.,0.));
#2398=DIRECTION('',(0.,-0.745241313525099,-0.666794859469826));
#2399=DIRECTION('',(0.,4.98239845561417E-17,1.));
#2400=DIRECTION('',(0.,-1.,4.98239845561417E-17));
#2401=DIRECTION('',(0.,0.,-1.));
#2402=DIRECTION('',(-1.,0.,0.));
#2403=DIRECTION('',(0.,4.98239845561417E-17,1.));
#2404=DIRECTION('',(0.,-1.,4.98239845561417E-17));
#2405=DIRECTION('',(0.,4.98239845561417E-17,1.));
#2406=DIRECTION('',(0.,-1.,4.98239845561417E-17));
#2407=DIRECTION('',(0.,0.,-1.));
#2408=DIRECTION('',(-1.,0.,0.));
#2409=DIRECTION('',(0.,4.98239845561417E-17,1.));
#2410=DIRECTION('',(0.,-1.,4.98239845561417E-17));
#2411=DIRECTION('',(0.,4.98239845561417E-17,1.));
#2412=DIRECTION('',(0.,-1.,4.98239845561417E-17));
#2413=DIRECTION('',(0.,0.,-1.));
#2414=DIRECTION('',(-1.,0.,0.));
#2415=DIRECTION('',(0.,-4.98239845561417E-17,-1.));
#2416=DIRECTION('',(0.,4.98239845561417E-17,1.));
#2417=DIRECTION('',(0.,-1.,4.98239845561417E-17));
#2418=DIRECTION('',(0.,-4.98239845561417E-17,-1.));
#2419=DIRECTION('',(0.,-1.,4.98239845561417E-17));
#2420=DIRECTION('',(0.,-4.98239845561417E-17,-1.));
#2421=DIRECTION('',(-1.,0.,0.));
#2422=DIRECTION('',(1.,0.,0.));
#2423=DIRECTION('',(0.,-4.98239845561417E-17,-1.));
#2424=DIRECTION('',(0.,4.98239845561417E-17,1.));
#2425=DIRECTION('',(0.,-1.,4.98239845561417E-17));
#2426=DIRECTION('',(0.,0.,-1.));
#2427=DIRECTION('',(-1.,0.,0.));
#2428=DIRECTION('',(0.,4.98239845561417E-17,1.));
#2429=DIRECTION('',(0.,-1.,4.98239845561417E-17));
#2430=DIRECTION('',(0.,-4.98239845561417E-17,-1.));
#2431=DIRECTION('',(-0.758276619729608,-0.651932947450456,3.24818971054115E-17));
#2432=DIRECTION('',(0.651932947450456,-0.758276619729608,0.));
#2433=DIRECTION('',(0.651932947450456,-0.758276619729608,3.77803625906913E-17));
#2434=DIRECTION('',(0.,-4.98239845561417E-17,-1.));
#2435=DIRECTION('',(-0.651932947450456,0.758276619729608,0.));
#2436=DIRECTION('',(0.,-4.98239845561418E-17,-1.));
#2437=DIRECTION('',(0.,1.,-4.98239845561418E-17));
#2438=DIRECTION('',(0.,0.,-1.));
#2439=DIRECTION('',(-1.,0.,0.));
#2440=DIRECTION('',(0.,4.98239845561417E-17,1.));
#2441=DIRECTION('',(0.,-1.,4.98239845561417E-17));
#2442=DIRECTION('',(0.,-4.98239845561418E-17,-1.));
#2443=DIRECTION('',(1.,0.,0.));
#2444=DIRECTION('',(0.,0.,-1.));
#2445=DIRECTION('',(0.,1.,-4.98239845561417E-17));
#2446=DIRECTION('',(0.,-1.,0.));
#2447=DIRECTION('',(1.54998467725632E-16,-1.,4.98239845561417E-17));
#2448=DIRECTION('',(1.,1.54998467725632E-16,0.));
#2449=DIRECTION('',(-1.,-1.54998467725632E-16,0.));
#2450=DIRECTION('',(0.,-4.98239845561417E-17,-1.));
#2451=DIRECTION('',(1.,1.54998467725632E-16,-7.72264126218752E-33));
#2452=DIRECTION('',(0.,-4.98239845561417E-17,-1.));
#2453=DIRECTION('',(0.,4.98239845561417E-17,1.));
#2454=DIRECTION('',(0.,-1.,4.98239845561417E-17));
#2455=DIRECTION('',(0.,0.,-1.));
#2456=DIRECTION('',(-1.,0.,0.));
#2457=DIRECTION('',(0.,4.98239845561417E-17,1.));
#2458=DIRECTION('',(0.,-1.,4.98239845561417E-17));
#2459=DIRECTION('',(-7.75472838483073E-33,-4.98239845561417E-17,-1.));
#2460=DIRECTION('',(-0.758276619729608,-0.651932947450456,3.24818971054115E-17));
#2461=DIRECTION('',(0.651932947450456,-0.758276619729608,0.));
#2462=DIRECTION('',(0.651932947450456,-0.758276619729608,3.77803625906913E-17));
#2463=DIRECTION('',(-7.75472838483073E-33,-4.98239845561417E-17,-1.));
#2464=DIRECTION('',(-0.651932947450456,0.758276619729608,1.80310750249665E-33));
#2465=DIRECTION('',(0.,4.98239845561417E-17,1.));
#2466=DIRECTION('',(0.,-1.,4.98239845561417E-17));
#2467=DIRECTION('',(0.,0.,-1.));
#2468=DIRECTION('',(-1.,0.,0.));
#2469=DIRECTION('',(0.,4.98239845561417E-17,1.));
#2470=DIRECTION('',(0.,-1.,4.98239845561417E-17));
#2471=DIRECTION('',(0.,-4.98239845561417E-17,-1.));
#2472=DIRECTION('',(-1.,0.,0.));
#2473=DIRECTION('',(0.,0.,1.));
#2474=DIRECTION('',(0.,1.,0.));
#2475=DIRECTION('',(0.,-1.,4.98239845561417E-17));
#2476=DIRECTION('',(0.,-4.98239845561417E-17,-1.));
#2477=DIRECTION('',(0.,-4.98239845561417E-17,-1.));
#2478=DIRECTION('',(0.,1.,-4.98239845561417E-17));
#2479=DIRECTION('',(0.,0.,-1.));
#2480=DIRECTION('',(-1.,0.,0.));
#2481=DIRECTION('',(0.,4.98239845561417E-17,1.));
#2482=DIRECTION('',(0.,-1.,4.98239845561417E-17));
#2483=DIRECTION('',(1.54998467725632E-16,-1.,4.98239845561417E-17));
#2484=DIRECTION('',(1.,1.54998467725632E-16,0.));
#2485=DIRECTION('',(-1.,-1.54998467725632E-16,0.));
#2486=DIRECTION('',(0.,-4.98239845561417E-17,-1.));
#2487=DIRECTION('',(1.,1.54998467725632E-16,-7.72264126218752E-33));
#2488=DIRECTION('',(-1.3684555315672E-48,-4.98239845561417E-17,-1.));
#2489=DIRECTION('',(0.,4.98239845561417E-17,1.));
#2490=DIRECTION('',(0.,-1.,4.98239845561418E-17));
#2491=DIRECTION('',(0.,0.,-1.));
#2492=DIRECTION('',(-1.,0.,0.));
#2493=DIRECTION('',(0.,4.98239845561417E-17,1.));
#2494=DIRECTION('',(0.,-1.,4.98239845561417E-17));
#2495=DIRECTION('',(0.,-4.98239845561417E-17,-1.));
#2496=DIRECTION('',(-0.758276619729608,-0.651932947450456,3.24818971054115E-17));
#2497=DIRECTION('',(0.651932947450456,-0.758276619729608,0.));
#2498=DIRECTION('',(0.651932947450456,-0.758276619729608,3.77803625906913E-17));
#2499=DIRECTION('',(0.,-4.98239845561417E-17,-1.));
#2500=DIRECTION('',(-0.651932947450456,0.758276619729608,0.));
#2501=DIRECTION('',(0.,4.98239845561418E-17,1.));
#2502=DIRECTION('',(0.,-1.,4.98239845561418E-17));
#2503=DIRECTION('',(0.,0.,-1.));
#2504=DIRECTION('',(-1.,0.,0.));
#2505=DIRECTION('',(0.,4.98239845561417E-17,1.));
#2506=DIRECTION('',(0.,-1.,4.98239845561417E-17));
#2507=DIRECTION('',(0.,-4.98239845561418E-17,-1.));
#2508=DIRECTION('',(-1.,0.,0.));
#2509=DIRECTION('',(0.,0.,1.));
#2510=DIRECTION('',(0.,1.,0.));
#2511=DIRECTION('',(0.,-1.,4.98239845561417E-17));
#2512=DIRECTION('',(0.,-4.98239845561417E-17,-1.));
#2513=DIRECTION('',(0.,-4.98239845561417E-17,-1.));
#2514=DIRECTION('',(0.,1.,-4.98239845561417E-17));
#2515=DIRECTION('',(0.,0.,-1.));
#2516=DIRECTION('',(-1.,0.,0.));
#2517=DIRECTION('',(0.,4.98239845561417E-17,1.));
#2518=DIRECTION('',(0.,-1.,4.98239845561417E-17));
#2519=DIRECTION('',(0.758276619729609,-0.651932947450456,3.24818971054115E-17));
#2520=DIRECTION('',(0.651932947450456,0.758276619729609,0.));
#2521=DIRECTION('',(-0.651932947450456,-0.758276619729609,0.));
#2522=DIRECTION('',(-3.73688139210285E-33,-4.98239845561417E-17,-1.));
#2523=DIRECTION('',(0.651932947450456,0.758276619729609,-3.77803625906914E-17));
#2524=DIRECTION('',(-7.75472838483073E-33,-4.98239845561417E-17,-1.));
#2525=DIRECTION('',(0.,4.98239845561417E-17,1.));
#2526=DIRECTION('',(0.,-1.,4.98239845561418E-17));
#2527=DIRECTION('',(0.,0.,-1.));
#2528=DIRECTION('',(-1.,0.,0.));
#2529=DIRECTION('',(0.,4.98239845561417E-17,1.));
#2530=DIRECTION('',(0.,-1.,4.98239845561417E-17));
#2531=DIRECTION('',(-1.3684555315672E-48,-4.98239845561417E-17,-1.));
#2532=DIRECTION('',(1.54998467725632E-16,-1.,4.98239845561417E-17));
#2533=DIRECTION('',(1.,1.54998467725632E-16,0.));
#2534=DIRECTION('',(1.,1.54998467725632E-16,-7.72264126218752E-33));
#2535=DIRECTION('',(0.,-4.98239845561417E-17,-1.));
#2536=DIRECTION('',(-1.,-1.54998467725632E-16,0.));
#2537=DIRECTION('',(0.,4.98239845561417E-17,1.));
#2538=DIRECTION('',(0.,-1.,4.98239845561417E-17));
#2539=DIRECTION('',(0.,0.,-1.));
#2540=DIRECTION('',(-1.,0.,0.));
#2541=DIRECTION('',(0.,4.98239845561417E-17,1.));
#2542=DIRECTION('',(0.,-1.,4.98239845561417E-17));
#2543=DIRECTION('',(0.,-4.98239845561417E-17,-1.));
#2544=DIRECTION('',(-1.,0.,0.));
#2545=DIRECTION('',(0.,0.,1.));
#2546=DIRECTION('',(0.,1.,0.));
#2547=DIRECTION('',(0.,-1.,4.98239845561417E-17));
#2548=DIRECTION('',(0.,-4.98239845561417E-17,-1.));
#2549=DIRECTION('',(0.,-4.98239845561417E-17,-1.));
#2550=DIRECTION('',(0.,1.,-4.98239845561417E-17));
#2551=DIRECTION('',(0.,0.,-1.));
#2552=DIRECTION('',(-1.,0.,0.));
#2553=DIRECTION('',(0.,4.98239845561417E-17,1.));
#2554=DIRECTION('',(0.,-1.,4.98239845561417E-17));
#2555=DIRECTION('',(0.758276619729609,-0.651932947450456,3.24818971054115E-17));
#2556=DIRECTION('',(0.651932947450456,0.758276619729609,0.));
#2557=DIRECTION('',(-7.75472838483073E-33,-4.98239845561417E-17,-1.));
#2558=DIRECTION('',(0.651932947450456,0.758276619729609,-3.77803625906914E-17));
#2559=DIRECTION('',(-7.75472838483073E-33,-4.98239845561417E-17,-1.));
#2560=DIRECTION('',(-0.651932947450456,-0.758276619729609,0.));
#2561=DIRECTION('',(3.08148791101957E-33,4.98239845561417E-17,1.));
#2562=DIRECTION('',(0.,-1.,4.98239845561418E-17));
#2563=DIRECTION('',(0.,0.,-1.));
#2564=DIRECTION('',(-1.,0.,0.));
#2565=DIRECTION('',(0.,4.98239845561417E-17,1.));
#2566=DIRECTION('',(0.,-1.,4.98239845561417E-17));
#2567=DIRECTION('',(-3.08148791101958E-33,-4.98239845561417E-17,-1.));
#2568=DIRECTION('',(0.,-1.,4.98239845561417E-17));
#2569=DIRECTION('',(0.,-4.98239845561417E-17,-1.));
#2570=DIRECTION('',(-1.,0.,0.));
#2571=DIRECTION('',(1.,0.,0.));
#2572=DIRECTION('',(0.,-4.98239845561417E-17,-1.));
#2573=DIRECTION('',(0.,-4.98239845561417E-17,-1.));
#2574=DIRECTION('',(0.,1.,-4.98239845561417E-17));
#2575=DIRECTION('',(0.,0.,-1.));
#2576=DIRECTION('',(-1.,0.,0.));
#2577=DIRECTION('',(0.,4.98239845561417E-17,1.));
#2578=DIRECTION('',(0.,-1.,4.98239845561417E-17));
#2579=DIRECTION('',(0.,-4.98239845561417E-17,-1.));
#2580=DIRECTION('',(1.,0.,0.));
#2581=DIRECTION('',(0.,0.,-1.));
#2582=DIRECTION('',(0.,-1.,0.));
#2583=DIRECTION('',(0.,1.,-4.98239845561417E-17));
#2584=DIRECTION('',(0.,-4.98239845561417E-17,-1.));
#2585=DIRECTION('',(0.,4.98239845561417E-17,1.));
#2586=DIRECTION('',(0.,-1.,4.98239845561417E-17));
#2587=DIRECTION('',(0.,0.,-1.));
#2588=DIRECTION('',(-1.,0.,0.));
#2589=DIRECTION('',(0.,4.98239845561417E-17,1.));
#2590=DIRECTION('',(0.,-1.,4.98239845561417E-17));
#2591=DIRECTION('',(1.,0.,0.));
#2592=DIRECTION('',(0.,0.,-1.));
#2593=DIRECTION('',(0.,-4.98239845561417E-17,-1.));
#2594=DIRECTION('',(0.,1.,-4.98239845561417E-17));
#2595=DIRECTION('',(0.,-4.98239845561417E-17,-1.));
#2596=DIRECTION('',(0.,-1.,0.));
#2597=DIRECTION('',(0.,4.98239845561417E-17,1.));
#2598=DIRECTION('',(0.,-1.,4.98239845561417E-17));
#2599=DIRECTION('',(0.,0.,-1.));
#2600=DIRECTION('',(-1.,0.,0.));
#2601=DIRECTION('',(0.,4.98239845561417E-17,1.));
#2602=DIRECTION('',(0.,-1.,4.98239845561417E-17));
#2603=DIRECTION('',(0.,-4.98239845561417E-17,-1.));
#2604=DIRECTION('',(0.758276619729609,-0.651932947450456,3.24818971054115E-17));
#2605=DIRECTION('',(0.651932947450456,0.758276619729609,0.));
#2606=DIRECTION('',(-0.651932947450456,-0.758276619729609,0.));
#2607=DIRECTION('',(0.651932947450456,0.758276619729609,-3.77803625906914E-17));
#2608=DIRECTION('',(0.,-4.98239845561417E-17,-1.));
#2609=DIRECTION('',(0.,-4.98239845561417E-17,-1.));
#2610=DIRECTION('',(0.,1.,-4.98239845561418E-17));
#2611=DIRECTION('',(0.,0.,-1.));
#2612=DIRECTION('',(-1.,0.,0.));
#2613=DIRECTION('',(0.,4.98239845561417E-17,1.));
#2614=DIRECTION('',(0.,-1.,4.98239845561417E-17));
#2615=DIRECTION('',(0.,-4.98239845561417E-17,-1.));
#2616=DIRECTION('',(0.,1.,-4.98239845561417E-17));
#2617=DIRECTION('',(0.,4.98239845561417E-17,1.));
#2618=DIRECTION('',(1.,0.,0.));
#2619=DIRECTION('',(-1.,0.,0.));
#2620=DIRECTION('',(0.,-4.98239845561417E-17,-1.));
#2621=DIRECTION('',(0.,4.98239845561417E-17,1.));
#2622=DIRECTION('',(0.,-1.,4.98239845561417E-17));
#2623=DIRECTION('',(0.,0.,-1.));
#2624=DIRECTION('',(-1.,0.,0.));
#2625=DIRECTION('',(0.,4.98239845561417E-17,1.));
#2626=DIRECTION('',(0.,-1.,4.98239845561417E-17));
#2627=DIRECTION('',(1.,0.,0.));
#2628=DIRECTION('',(0.,0.,-1.));
#2629=DIRECTION('',(0.,-1.,0.));
#2630=DIRECTION('',(0.,-4.98239845561418E-17,-1.));
#2631=DIRECTION('',(0.,1.,-4.98239845561417E-17));
#2632=DIRECTION('',(0.,-4.98239845561417E-17,-1.));
#2633=DIRECTION('',(0.,4.98239845561417E-17,1.));
#2634=DIRECTION('',(0.,-1.,4.98239845561417E-17));
#2635=DIRECTION('',(0.,0.,-1.));
#2636=DIRECTION('',(-1.,0.,0.));
#2637=DIRECTION('',(0.,4.98239845561417E-17,1.));
#2638=DIRECTION('',(0.,-1.,4.98239845561417E-17));
#2639=DIRECTION('',(0.,-4.98239845561417E-17,-1.));
#2640=DIRECTION('',(1.54998467725631E-16,-1.,4.98239845561417E-17));
#2641=DIRECTION('',(1.,1.54998467725631E-16,0.));
#2642=DIRECTION('',(1.,1.54998467725631E-16,-7.7226412621875E-33));
#2643=DIRECTION('',(-1.3684555315672E-48,-4.98239845561417E-17,-1.));
#2644=DIRECTION('',(-1.,-1.54998467725631E-16,0.));
#2645=DIRECTION('',(0.,4.98239845561417E-17,1.));
#2646=DIRECTION('',(0.,-1.,4.98239845561418E-17));
#2647=DIRECTION('',(0.,0.,-1.));
#2648=DIRECTION('',(-1.,0.,0.));
#2649=DIRECTION('',(0.,4.98239845561417E-17,1.));
#2650=DIRECTION('',(0.,-1.,4.98239845561417E-17));
#2651=DIRECTION('',(0.,-4.98239845561417E-17,-1.));
#2652=DIRECTION('',(-0.758276619729608,-0.651932947450456,3.24818971054115E-17));
#2653=DIRECTION('',(0.651932947450456,-0.758276619729608,0.));
#2654=DIRECTION('',(-0.651932947450456,0.758276619729608,0.));
#2655=DIRECTION('',(0.651932947450456,-0.758276619729608,3.77803625906913E-17));
#2656=DIRECTION('',(0.,-4.98239845561417E-17,-1.));
#2657=DIRECTION('',(0.,-4.98239845561418E-17,-1.));
#2658=DIRECTION('',(0.,1.,-4.98239845561418E-17));
#2659=DIRECTION('',(0.,0.,-1.));
#2660=DIRECTION('',(-1.,0.,0.));
#2661=DIRECTION('',(0.,4.98239845561417E-17,1.));
#2662=DIRECTION('',(0.,-1.,4.98239845561417E-17));
#2663=DIRECTION('',(0.758276619729609,-0.651932947450456,3.24818971054115E-17));
#2664=DIRECTION('',(0.651932947450456,0.758276619729609,0.));
#2665=DIRECTION('',(0.,-4.98239845561417E-17,-1.));
#2666=DIRECTION('',(0.651932947450456,0.758276619729609,-3.77803625906914E-17));
#2667=DIRECTION('',(0.,-4.98239845561417E-17,-1.));
#2668=DIRECTION('',(-0.651932947450456,-0.758276619729609,0.));
#2669=DIRECTION('',(3.08148791101958E-33,4.98239845561417E-17,1.));
#2670=DIRECTION('',(0.,-1.,4.98239845561418E-17));
#2671=DIRECTION('',(0.,0.,-1.));
#2672=DIRECTION('',(-1.,0.,0.));
#2673=DIRECTION('',(0.,4.98239845561417E-17,1.));
#2674=DIRECTION('',(0.,-1.,4.98239845561417E-17));
#2675=DIRECTION('',(-3.08148791101958E-33,-4.98239845561417E-17,-1.));
#2676=DIRECTION('',(1.54998467725631E-16,-1.,4.98239845561417E-17));
#2677=DIRECTION('',(1.,1.54998467725631E-16,0.));
#2678=DIRECTION('',(-1.,-1.54998467725631E-16,0.));
#2679=DIRECTION('',(1.,1.54998467725631E-16,-7.7226412621875E-33));
#2680=DIRECTION('',(0.,-4.98239845561417E-17,-1.));
#2681=DIRECTION('',(0.,-4.98239845561417E-17,-1.));
#2682=DIRECTION('',(0.,1.,-4.98239845561417E-17));
#2683=DIRECTION('',(0.,0.,-1.));
#2684=DIRECTION('',(-1.,0.,0.));
#2685=DIRECTION('',(0.,4.98239845561417E-17,1.));
#2686=DIRECTION('',(0.,-1.,4.98239845561417E-17));
#2687=DIRECTION('',(0.,-4.98239845561417E-17,-1.));
#2688=DIRECTION('',(1.,0.,0.));
#2689=DIRECTION('',(0.,0.,-1.));
#2690=DIRECTION('',(0.,-1.,0.));
#2691=DIRECTION('',(0.,1.,-4.98239845561417E-17));
#2692=DIRECTION('',(0.,-4.98239845561417E-17,-1.));
#2693=DIRECTION('',(0.,4.98239845561417E-17,1.));
#2694=DIRECTION('',(0.,-1.,4.98239845561417E-17));
#2695=DIRECTION('',(0.,0.,-1.));
#2696=DIRECTION('',(-1.,0.,0.));
#2697=DIRECTION('',(0.,4.98239845561417E-17,1.));
#2698=DIRECTION('',(0.,-1.,4.98239845561417E-17));
#2699=DIRECTION('',(0.,1.,-4.98239845561417E-17));
#2700=DIRECTION('',(0.,4.98239845561417E-17,1.));
#2701=DIRECTION('',(1.,0.,0.));
#2702=DIRECTION('',(0.,-4.98239845561417E-17,-1.));
#2703=DIRECTION('',(-1.,0.,0.));
#2704=DIRECTION('',(0.,-4.98239845561417E-17,-1.));
#2705=DIRECTION('',(0.,4.98239845561417E-17,1.));
#2706=DIRECTION('',(0.,-1.,4.98239845561417E-17));
#2707=DIRECTION('',(0.,0.,-1.));
#2708=DIRECTION('',(-1.,0.,0.));
#2709=DIRECTION('',(0.,4.98239845561417E-17,1.));
#2710=DIRECTION('',(0.,-1.,4.98239845561417E-17));
#2711=DIRECTION('',(0.,-4.98239845561417E-17,-1.));
#2712=DIRECTION('',(1.,0.,0.));
#2713=DIRECTION('',(0.,0.,-1.));
#2714=DIRECTION('',(0.,1.,-4.98239845561417E-17));
#2715=DIRECTION('',(0.,-4.98239845561417E-17,-1.));
#2716=DIRECTION('',(0.,-1.,0.));
#2717=DIRECTION('',(0.,4.98239845561417E-17,1.));
#2718=DIRECTION('',(0.,-1.,4.98239845561417E-17));
#2719=DIRECTION('',(0.,0.,-1.));
#2720=DIRECTION('',(-1.,0.,0.));
#2721=DIRECTION('',(0.,4.98239845561417E-17,1.));
#2722=DIRECTION('',(0.,-1.,4.98239845561417E-17));
#2723=DIRECTION('',(0.,-4.98239845561417E-17,-1.));
#2724=DIRECTION('',(0.758276619729609,-0.651932947450456,3.24818971054115E-17));
#2725=DIRECTION('',(0.651932947450456,0.758276619729609,0.));
#2726=DIRECTION('',(-0.651932947450456,-0.758276619729609,0.));
#2727=DIRECTION('',(0.651932947450456,0.758276619729609,-3.77803625906914E-17));
#2728=DIRECTION('',(0.,-4.98239845561417E-17,-1.));
#2729=DIRECTION('',(0.,-4.98239845561417E-17,-1.));
#2730=DIRECTION('',(0.,1.,-4.98239845561418E-17));
#2731=DIRECTION('',(0.,0.,-1.));
#2732=DIRECTION('',(-1.,0.,0.));
#2733=DIRECTION('',(0.,4.98239845561417E-17,1.));
#2734=DIRECTION('',(0.,-1.,4.98239845561417E-17));
#2735=DIRECTION('',(-0.758276619729608,-0.651932947450456,3.24818971054115E-17));
#2736=DIRECTION('',(0.651932947450456,-0.758276619729608,0.));
#2737=DIRECTION('',(-0.651932947450456,0.758276619729608,1.80310750249665E-33));
#2738=DIRECTION('',(-7.75472838483073E-33,-4.98239845561417E-17,-1.));
#2739=DIRECTION('',(0.651932947450456,-0.758276619729608,3.77803625906913E-17));
#2740=DIRECTION('',(-7.75472838483073E-33,-4.98239845561417E-17,-1.));
#2741=DIRECTION('',(0.,-4.98239845561417E-17,-1.));
#2742=DIRECTION('',(0.,1.,-4.98239845561417E-17));
#2743=DIRECTION('',(0.,0.,-1.));
#2744=DIRECTION('',(-1.,0.,0.));
#2745=DIRECTION('',(0.,4.98239845561417E-17,1.));
#2746=DIRECTION('',(0.,-1.,4.98239845561417E-17));
#2747=DIRECTION('',(0.,-4.98239845561417E-17,-1.));
#2748=DIRECTION('',(1.,0.,0.));
#2749=DIRECTION('',(0.,0.,-1.));
#2750=DIRECTION('',(0.,-1.,0.));
#2751=DIRECTION('',(0.,1.,-4.98239845561417E-17));
#2752=DIRECTION('',(0.,-4.98239845561417E-17,-1.));
#2753=DIRECTION('',(0.,-4.98239845561417E-17,-1.));
#2754=DIRECTION('',(0.,1.,-4.98239845561417E-17));
#2755=DIRECTION('',(0.,0.,-1.));
#2756=DIRECTION('',(-1.,0.,0.));
#2757=DIRECTION('',(0.,4.98239845561417E-17,1.));
#2758=DIRECTION('',(0.,-1.,4.98239845561417E-17));
#2759=DIRECTION('',(0.,-4.98239845561417E-17,-1.));
#2760=DIRECTION('',(0.,1.,-4.98239845561417E-17));
#2761=DIRECTION('',(0.,4.98239845561417E-17,1.));
#2762=DIRECTION('',(1.,0.,0.));
#2763=DIRECTION('',(-1.,0.,0.));
#2764=DIRECTION('',(0.,-4.98239845561417E-17,-1.));
#2765=DIRECTION('',(0.,-4.98239845561417E-17,-1.));
#2766=DIRECTION('',(0.,1.,-4.98239845561417E-17));
#2767=DIRECTION('',(0.,0.,-1.));
#2768=DIRECTION('',(-1.,0.,0.));
#2769=DIRECTION('',(0.,4.98239845561417E-17,1.));
#2770=DIRECTION('',(0.,-1.,4.98239845561417E-17));
#2771=DIRECTION('',(1.54998467725632E-16,-1.,4.98239845561417E-17));
#2772=DIRECTION('',(1.,1.54998467725632E-16,0.));
#2773=DIRECTION('',(-3.08148791101958E-33,-4.98239845561417E-17,-1.));
#2774=DIRECTION('',(1.,1.54998467725632E-16,-7.72264126218752E-33));
#2775=DIRECTION('',(0.,-4.98239845561417E-17,-1.));
#2776=DIRECTION('',(-1.,-1.54998467725632E-16,0.));
#2777=DIRECTION('',(0.,4.98239845561417E-17,1.));
#2778=DIRECTION('',(0.,-1.,4.98239845561417E-17));
#2779=DIRECTION('',(0.,0.,-1.));
#2780=DIRECTION('',(-1.,0.,0.));
#2781=DIRECTION('',(0.,4.98239845561417E-17,1.));
#2782=DIRECTION('',(0.,-1.,4.98239845561417E-17));
#2783=DIRECTION('',(0.,-4.98239845561417E-17,-1.));
#2784=DIRECTION('',(-1.,0.,0.));
#2785=DIRECTION('',(0.,0.,1.));
#2786=DIRECTION('',(0.,1.,0.));
#2787=DIRECTION('',(0.,-1.,4.98239845561417E-17));
#2788=DIRECTION('',(0.,-4.98239845561417E-17,-1.));
#2789=DIRECTION('',(0.,-4.98239845561417E-17,-1.));
#2790=DIRECTION('',(0.,1.,-4.98239845561417E-17));
#2791=DIRECTION('',(0.,0.,-1.));
#2792=DIRECTION('',(-1.,0.,0.));
#2793=DIRECTION('',(0.,4.98239845561417E-17,1.));
#2794=DIRECTION('',(0.,-1.,4.98239845561417E-17));
#2795=DIRECTION('',(0.,-4.98239845561417E-17,-1.));
#2796=DIRECTION('',(0.758276619729609,-0.651932947450456,3.24818971054114E-17));
#2797=DIRECTION('',(0.651932947450456,0.758276619729609,0.));
#2798=DIRECTION('',(-0.651932947450456,-0.758276619729609,0.));
#2799=DIRECTION('',(0.651932947450456,0.758276619729609,-3.77803625906914E-17));
#2800=DIRECTION('',(-7.09933490374746E-33,-4.98239845561418E-17,-1.));
#2801=DIRECTION('',(3.08148791101958E-33,4.98239845561417E-17,1.));
#2802=DIRECTION('',(0.,-1.,4.98239845561418E-17));
#2803=DIRECTION('',(0.,0.,-1.));
#2804=DIRECTION('',(-1.,0.,0.));
#2805=DIRECTION('',(0.,4.98239845561417E-17,1.));
#2806=DIRECTION('',(0.,-1.,4.98239845561417E-17));
#2807=DIRECTION('',(1.,5.3304351095888E-16,-2.65583516577669E-32));
#2808=DIRECTION('',(-5.3304351095888E-16,1.,0.));
#2809=DIRECTION('',(5.3304351095888E-16,-1.,0.));
#2810=DIRECTION('',(5.47382212626882E-48,-4.98239845561417E-17,-1.));
#2811=DIRECTION('',(-5.3304351095888E-16,1.,-4.98239845561417E-17));
#2812=DIRECTION('',(5.47382212626882E-48,-4.98239845561417E-17,-1.));
#2813=DIRECTION('',(0.,4.98239845561417E-17,1.));
#2814=DIRECTION('',(0.,-1.,4.98239845561417E-17));
#2815=DIRECTION('',(0.,0.,-1.));
#2816=DIRECTION('',(-1.,0.,0.));
#2817=DIRECTION('',(0.,4.98239845561417E-17,1.));
#2818=DIRECTION('',(0.,-1.,4.98239845561417E-17));
#2819=DIRECTION('',(0.,-4.98239845561417E-17,-1.));
#2820=DIRECTION('',(0.758276619729609,-0.651932947450456,3.24818971054114E-17));
#2821=DIRECTION('',(0.651932947450456,0.758276619729609,0.));
#2822=DIRECTION('',(0.651932947450456,0.758276619729609,-3.77803625906914E-17));
#2823=DIRECTION('',(-7.09933490374746E-33,-4.98239845561418E-17,-1.));
#2824=DIRECTION('',(-0.651932947450456,-0.758276619729609,0.));
#2825=DIRECTION('',(0.,4.98239845561417E-17,1.));
#2826=DIRECTION('',(0.,-1.,4.98239845561418E-17));
#2827=DIRECTION('',(0.,0.,-1.));
#2828=DIRECTION('',(-1.,0.,0.));
#2829=DIRECTION('',(0.,4.98239845561417E-17,1.));
#2830=DIRECTION('',(0.,-1.,4.98239845561417E-17));
#2831=DIRECTION('',(0.,-4.98239845561417E-17,-1.));
#2832=DIRECTION('',(0.,-1.,4.98239845561417E-17));
#2833=DIRECTION('',(0.,-4.98239845561417E-17,-1.));
#2834=DIRECTION('',(-1.,0.,0.));
#2835=DIRECTION('',(1.,0.,0.));
#2836=DIRECTION('',(5.47382212626882E-48,-4.98239845561417E-17,-1.));
#2837=DIRECTION('',(5.47382212626882E-48,-4.98239845561417E-17,-1.));
#2838=DIRECTION('',(0.,1.,-4.98239845561417E-17));
#2839=DIRECTION('',(0.,0.,-1.));
#2840=DIRECTION('',(-1.,0.,0.));
#2841=DIRECTION('',(0.,4.98239845561417E-17,1.));
#2842=DIRECTION('',(0.,-1.,4.98239845561417E-17));
#2843=DIRECTION('',(1.,0.,0.));
#2844=DIRECTION('',(0.,0.,-1.));
#2845=DIRECTION('',(0.,-1.,0.));
#2846=DIRECTION('',(0.,-4.98239845561418E-17,-1.));
#2847=DIRECTION('',(0.,1.,-4.98239845561417E-17));
#2848=DIRECTION('',(0.,-4.98239845561417E-17,-1.));
#2849=DIRECTION('',(0.,-4.98239845561417E-17,-1.));
#2850=DIRECTION('',(0.,1.,-4.98239845561417E-17));
#2851=DIRECTION('',(0.,0.,-1.));
#2852=DIRECTION('',(-1.,0.,0.));
#2853=DIRECTION('',(0.,4.98239845561417E-17,1.));
#2854=DIRECTION('',(0.,-1.,4.98239845561417E-17));
#2855=DIRECTION('',(0.,-4.98239845561417E-17,-1.));
#2856=DIRECTION('',(0.,1.,-4.98239845561417E-17));
#2857=DIRECTION('',(0.,4.98239845561417E-17,1.));
#2858=DIRECTION('',(1.,0.,0.));
#2859=DIRECTION('',(-1.,0.,0.));
#2860=DIRECTION('',(0.,-4.98239845561417E-17,-1.));
#2861=DIRECTION('',(0.,-4.98239845561417E-17,-1.));
#2862=DIRECTION('',(0.,1.,-4.98239845561417E-17));
#2863=DIRECTION('',(0.,0.,-1.));
#2864=DIRECTION('',(-1.,0.,0.));
#2865=DIRECTION('',(0.,4.98239845561417E-17,1.));
#2866=DIRECTION('',(0.,-1.,4.98239845561417E-17));
#2867=DIRECTION('',(0.,-4.98239845561417E-17,-1.));
#2868=DIRECTION('',(-0.758276619729608,-0.651932947450456,3.24818971054115E-17));
#2869=DIRECTION('',(0.651932947450456,-0.758276619729608,0.));
#2870=DIRECTION('',(-0.651932947450456,0.758276619729608,0.));
#2871=DIRECTION('',(0.651932947450456,-0.758276619729608,3.77803625906913E-17));
#2872=DIRECTION('',(0.,-4.98239845561417E-17,-1.));
#2873=DIRECTION('',(0.,-4.98239845561418E-17,-1.));
#2874=DIRECTION('',(0.,1.,-4.98239845561418E-17));
#2875=DIRECTION('',(0.,0.,-1.));
#2876=DIRECTION('',(-1.,0.,0.));
#2877=DIRECTION('',(0.,4.98239845561417E-17,1.));
#2878=DIRECTION('',(0.,-1.,4.98239845561417E-17));
#2879=DIRECTION('',(-5.47382212626882E-48,4.98239845561417E-17,1.));
#2880=DIRECTION('',(0.,-1.,4.98239845561417E-17));
#2881=DIRECTION('',(0.,0.,-1.));
#2882=DIRECTION('',(-1.,0.,0.));
#2883=DIRECTION('',(5.47382212626882E-48,-4.98239845561417E-17,-1.));
#2884=DIRECTION('',(0.,4.98239845561417E-17,1.));
#2885=DIRECTION('',(0.,-1.,4.98239845561417E-17));
#2886=DIRECTION('',(5.47382212626882E-48,-4.98239845561417E-17,-1.));
#2887=DIRECTION('',(0.,-1.,4.98239845561417E-17));
#2888=DIRECTION('',(0.,-4.98239845561417E-17,-1.));
#2889=DIRECTION('',(-1.,0.,0.));
#2890=DIRECTION('',(1.,0.,0.));
#2891=DIRECTION('',(0.,-4.98239845561417E-17,-1.));
#2892=DIRECTION('',(0.,4.98239845561417E-17,1.));
#2893=DIRECTION('',(0.,-1.,4.98239845561417E-17));
#2894=DIRECTION('',(0.,0.,-1.));
#2895=DIRECTION('',(-1.,0.,0.));
#2896=DIRECTION('',(0.,4.98239845561417E-17,1.));
#2897=DIRECTION('',(0.,-1.,4.98239845561417E-17));
#2898=DIRECTION('',(0.,-4.98239845561417E-17,-1.));
#2899=DIRECTION('',(-0.758276619729608,-0.651932947450456,3.24818971054115E-17));
#2900=DIRECTION('',(0.651932947450456,-0.758276619729608,0.));
#2901=DIRECTION('',(0.651932947450456,-0.758276619729608,3.77803625906913E-17));
#2902=DIRECTION('',(0.,-4.98239845561417E-17,-1.));
#2903=DIRECTION('',(-0.651932947450456,0.758276619729608,0.));
#2904=DIRECTION('',(3.58414196742704E-33,-4.98239845561418E-17,-1.));
#2905=DIRECTION('',(0.,1.,-4.98239845561418E-17));
#2906=DIRECTION('',(0.,0.,-1.));
#2907=DIRECTION('',(-1.,0.,0.));
#2908=DIRECTION('',(0.,4.98239845561417E-17,1.));
#2909=DIRECTION('',(0.,-1.,4.98239845561417E-17));
#2910=DIRECTION('',(5.47382212626882E-48,-4.98239845561418E-17,-1.));
#2911=DIRECTION('',(1.,5.3304351095888E-16,-2.65583516577669E-32));
#2912=DIRECTION('',(-5.3304351095888E-16,1.,0.));
#2913=DIRECTION('',(-5.3304351095888E-16,1.,-4.98239845561417E-17));
#2914=DIRECTION('',(5.3304351095888E-16,-1.,0.));
#2915=DIRECTION('',(-1.,0.,0.));
#2916=DIRECTION('',(0.,0.,1.));
#2917=DIRECTION('',(0.,-4.98239845561418E-17,-1.));
#2918=DIRECTION('',(0.,-1.,4.98239845561417E-17));
#2919=DIRECTION('',(0.,-4.98239845561417E-17,-1.));
#2920=DIRECTION('',(0.,1.,0.));
#2921=DIRECTION('',(0.,-4.98239845561417E-17,-1.));
#2922=DIRECTION('',(0.,1.,-4.98239845561417E-17));
#2923=DIRECTION('',(0.,0.,-1.));
#2924=DIRECTION('',(-1.,0.,0.));
#2925=DIRECTION('',(0.,4.98239845561417E-17,1.));
#2926=DIRECTION('',(0.,-1.,4.98239845561417E-17));
#2927=DIRECTION('',(0.,-4.98239845561417E-17,-1.));
#2928=DIRECTION('',(1.54998467725632E-16,-1.,4.98239845561417E-17));
#2929=DIRECTION('',(1.,1.54998467725632E-16,0.));
#2930=DIRECTION('',(1.,1.54998467725632E-16,-7.72264126218754E-33));
#2931=DIRECTION('',(-1.3684555315672E-48,-4.98239845561417E-17,-1.));
#2932=DIRECTION('',(-1.,-1.54998467725632E-16,0.));
#2933=DIRECTION('',(0.,4.98239845561417E-17,1.));
#2934=DIRECTION('',(0.,-1.,4.98239845561418E-17));
#2935=DIRECTION('',(0.,0.,-1.));
#2936=DIRECTION('',(-1.,0.,0.));
#2937=DIRECTION('',(0.,4.98239845561417E-17,1.));
#2938=DIRECTION('',(0.,-1.,4.98239845561417E-17));
#2939=DIRECTION('',(0.,-4.98239845561417E-17,-1.));
#2940=DIRECTION('',(-0.758276619729608,-0.651932947450456,3.24818971054115E-17));
#2941=DIRECTION('',(0.651932947450456,-0.758276619729608,0.));
#2942=DIRECTION('',(-0.651932947450456,0.758276619729608,0.));
#2943=DIRECTION('',(0.651932947450456,-0.758276619729608,3.77803625906913E-17));
#2944=DIRECTION('',(0.,-4.98239845561417E-17,-1.));
#2945=DIRECTION('',(0.,4.98239845561418E-17,1.));
#2946=DIRECTION('',(0.,-1.,4.98239845561418E-17));
#2947=DIRECTION('',(0.,0.,-1.));
#2948=DIRECTION('',(-1.,0.,0.));
#2949=DIRECTION('',(0.,4.98239845561417E-17,1.));
#2950=DIRECTION('',(0.,-1.,4.98239845561417E-17));
#2951=DIRECTION('',(3.08148791101958E-33,4.98239845561417E-17,1.));
#2952=DIRECTION('',(0.,-1.,4.98239845561418E-17));
#2953=DIRECTION('',(0.,0.,-1.));
#2954=DIRECTION('',(-1.,0.,0.));
#2955=DIRECTION('',(0.,-4.98239845561417E-17,-1.));
#2956=DIRECTION('',(0.,4.98239845561417E-17,1.));
#2957=DIRECTION('',(0.,-1.,4.98239845561417E-17));
#2958=DIRECTION('',(-3.08148791101958E-33,-4.98239845561417E-17,-1.));
#2959=DIRECTION('',(1.54998467725632E-16,-1.,4.98239845561417E-17));
#2960=DIRECTION('',(1.,1.54998467725632E-16,0.));
#2961=DIRECTION('',(-1.,-1.54998467725632E-16,0.));
#2962=DIRECTION('',(1.,1.54998467725632E-16,-7.72264126218754E-33));
#2963=DIRECTION('',(0.,-4.98239845561417E-17,-1.));
#2964=DIRECTION('',(0.,4.98239845561417E-17,1.));
#2965=DIRECTION('',(0.,-1.,4.98239845561417E-17));
#2966=DIRECTION('',(0.,0.,-1.));
#2967=DIRECTION('',(-1.,0.,0.));
#2968=DIRECTION('',(0.,4.98239845561417E-17,1.));
#2969=DIRECTION('',(0.,-1.,4.98239845561417E-17));
#2970=DIRECTION('',(0.,-4.98239845561417E-17,-1.));
#2971=DIRECTION('',(-1.,0.,0.));
#2972=DIRECTION('',(0.,0.,1.));
#2973=DIRECTION('',(0.,-1.,4.98239845561417E-17));
#2974=DIRECTION('',(0.,-4.98239845561417E-17,-1.));
#2975=DIRECTION('',(0.,1.,0.));
#2976=DIRECTION('',(0.,-4.98239845561417E-17,-1.));
#2977=DIRECTION('',(0.,1.,-4.98239845561417E-17));
#2978=DIRECTION('',(0.,0.,-1.));
#2979=DIRECTION('',(-1.,0.,0.));
#2980=DIRECTION('',(0.,4.98239845561417E-17,1.));
#2981=DIRECTION('',(0.,-1.,4.98239845561417E-17));
#2982=DIRECTION('',(0.,-4.98239845561417E-17,-1.));
#2983=DIRECTION('',(0.758276619729609,-0.651932947450456,3.24818971054115E-17));
#2984=DIRECTION('',(0.651932947450456,0.758276619729609,0.));
#2985=DIRECTION('',(0.651932947450456,0.758276619729609,-3.77803625906914E-17));
#2986=DIRECTION('',(-0.651932947450456,-0.758276619729609,0.));
#2987=DIRECTION('',(0.,4.98239845561417E-17,1.));
#2988=DIRECTION('',(0.,-1.,4.98239845561417E-17));
#2989=DIRECTION('',(0.,0.,-1.));
#2990=DIRECTION('',(-1.,0.,0.));
#2991=DIRECTION('',(0.,-4.98239845561417E-17,-1.));
#2992=DIRECTION('',(0.,-1.,4.98239845561417E-17));
#2993=DIRECTION('',(0.,4.98239845561417E-17,1.));
#2994=DIRECTION('',(0.,-1.,4.98239845561417E-17));
#2995=DIRECTION('',(0.,0.,-1.));
#2996=DIRECTION('',(-1.,0.,0.));
#2997=DIRECTION('',(0.,-4.98239845561417E-17,-1.));
#2998=DIRECTION('',(0.,-1.,4.98239845561417E-17));
#2999=DIRECTION('',(0.,1.,0.));
#3000=DIRECTION('',(0.,0.,1.));
#3001=DIRECTION('',(0.,0.,1.));
#3002=DIRECTION('',(1.,0.,0.));
#3003=DIRECTION('',(0.,0.,1.));
#3004=DIRECTION('',(1.,0.,0.));
#3005=DIRECTION('',(1.,0.,0.));
#3006=DIRECTION('',(0.,1.,0.));
#3007=DIRECTION('',(0.,1.,-4.98239845561417E-17));
#3008=DIRECTION('',(0.,1.,0.));
#3009=DIRECTION('',(1.,0.,0.));
#3010=DIRECTION('',(0.,1.,0.));
#3011=DIRECTION('',(0.,1.,-4.98239845561417E-17));
#3012=DIRECTION('',(0.,1.,0.));
#3013=DIRECTION('',(0.,-4.98239845561417E-17,-1.));
#3014=DIRECTION('',(0.,1.,-4.98239845561417E-17));
#3015=DIRECTION('',(0.,0.,-1.));
#3016=DIRECTION('',(-1.,0.,0.));
#3017=CARTESIAN_POINT('',(0.,0.,0.));
#3018=CARTESIAN_POINT('',(0.0870702939929962,-0.133603560426878,-0.0241454324640776));
#3019=CARTESIAN_POINT('',(-0.00627470600700378,-0.106617488849379,5.3121081178461E-18));
#3020=CARTESIAN_POINT('',(0.180415293992996,-0.106617488849379,6.93889390390723E-18));
#3021=CARTESIAN_POINT('',(-0.00627470600700378,-0.106617488849379,5.3121081178461E-18));
#3022=CARTESIAN_POINT('',(-0.00627470600700378,-0.0905473014703356,0.0143785887075656));
#3023=CARTESIAN_POINT('',(-0.00627470600700378,-0.111022105135869,-0.00394097246685863));
#3024=CARTESIAN_POINT('',(-0.00627470600700378,-0.111022105135869,-0.00394097246685863));
#3025=CARTESIAN_POINT('',(0.180415293992996,-0.111022105135869,-0.00394097246685862));
#3026=CARTESIAN_POINT('',(0.180415293992996,-0.0905473014703356,0.0143785887075656));
#3027=CARTESIAN_POINT('',(0.177875293992996,-0.100947990315258,-0.01016));
#3028=CARTESIAN_POINT('',(0.177875293992996,-0.100947990315258,-0.00394097246685863));
#3029=CARTESIAN_POINT('',(0.176224293992996,-0.100947990315258,-0.00394097246685863));
#3030=CARTESIAN_POINT('',(0.177875293992996,-0.100947990315258,5.02963111044098E-18));
#3031=CARTESIAN_POINT('',(0.177875293992996,-0.102598990315258,5.11189050894317E-18));
#3032=CARTESIAN_POINT('',(-0.00373470600700378,-0.0108120096847415,-0.01016));
#3033=CARTESIAN_POINT('',(-0.00373470600700378,-0.0108120096847415,-0.00394097246685863));
#3034=CARTESIAN_POINT('',(-0.00538570600700378,-0.0108120096847415,-0.00394097246685863));
#3035=CARTESIAN_POINT('',(-0.00373470600700378,-0.0108120096847415,5.38697403553415E-19));
#3036=CARTESIAN_POINT('',(-0.00373470600700378,-0.0124630096847415,6.20956802055605E-19));
#3037=CARTESIAN_POINT('',(0.0473827939929962,-0.10287,-0.03048));
#3038=CARTESIAN_POINT('',(0.0473827939929962,-0.10287,-0.00394097246685863));
#3039=CARTESIAN_POINT('',(0.0473827939929962,-0.10541,-0.00394097246685863));
#3040=CARTESIAN_POINT('',(0.0448427939929962,-0.10287,-0.00394097246685863));
#3041=CARTESIAN_POINT('',(0.0448427939929962,-0.10287,-0.03048));
#3042=CARTESIAN_POINT('',(0.0448427939929962,-0.10287,4.94331424825831E-18));
#3043=CARTESIAN_POINT('',(0.0473827939929962,-0.10287,6.93889390390723E-18));
#3044=CARTESIAN_POINT('',(0.0473827939929962,-0.10541,5.06986716903091E-18));
#3045=CARTESIAN_POINT('',(0.0473827939929962,-0.10541,-0.03048));
#3046=CARTESIAN_POINT('',(0.0646865439929962,-0.10541,-0.03048));
#3047=CARTESIAN_POINT('',(-0.00627470600700378,-0.10541,-0.00394097246685863));
#3048=CARTESIAN_POINT('',(0.0760033308891613,-0.10541,-0.00394097246685863));
#3049=CARTESIAN_POINT('',(0.0870702939929962,-0.10541,5.06986716903091E-18));
#3050=CARTESIAN_POINT('',(0.0760033308891613,-0.10541,3.59599987272621E-18));
#3051=CARTESIAN_POINT('',(0.0760033308891613,-0.10541,-0.03048));
#3052=CARTESIAN_POINT('',(0.0760033308891613,-0.10287,-0.03048));
#3053=CARTESIAN_POINT('',(0.0760033308891613,-0.10287,-0.00394097246685863));
#3054=CARTESIAN_POINT('',(0.0779293535032745,-0.101214090313476,-0.00394097246685863));
#3055=CARTESIAN_POINT('',(0.0760033308891613,-0.10287,6.93889390390723E-18));
#3056=CARTESIAN_POINT('',(0.0779293535032744,-0.101214090313476,4.86081022961057E-18));
#3057=CARTESIAN_POINT('',(0.0779293535032745,-0.101214090313476,-0.03048));
#3058=CARTESIAN_POINT('',(0.0627605213788831,-0.0835709096865242,-0.03048));
#3059=CARTESIAN_POINT('',(0.0594037005855444,-0.079666522380797,3.78722453771036E-18));
#3060=CARTESIAN_POINT('',(0.0493088166071094,-0.0679249552002059,3.20221287583969E-18));
#3061=CARTESIAN_POINT('',(0.0493088166071094,-0.0679249552002059,-0.03048));
#3062=CARTESIAN_POINT('',(0.0493088166071094,-0.0679249552002059,-0.00394097246685863));
#3063=CARTESIAN_POINT('',(0.0195635925945315,-0.0333276733699734,-0.00394097246685863));
#3064=CARTESIAN_POINT('',(0.0473827939929962,-0.0695808648867301,-0.03048));
#3065=CARTESIAN_POINT('',(0.0473827939929962,-0.0695808648867301,-0.00394097246685863));
#3066=CARTESIAN_POINT('',(0.0448427939929962,-0.0695808648867301,-0.00394097246685863));
#3067=CARTESIAN_POINT('',(0.0473827939929962,-0.0695808648867301,3.46944695195361E-18));
#3068=CARTESIAN_POINT('',(0.0448427939929962,-0.0695808648867301,3.28471689448743E-18));
#3069=CARTESIAN_POINT('',(0.0448427939929962,-0.0695808648867301,-0.03048));
#3070=CARTESIAN_POINT('',(0.0448427939929962,-0.081915,-0.03048));
#3071=CARTESIAN_POINT('',(0.0448427939929962,-0.05588,2.60208521396521E-18));
#3072=CARTESIAN_POINT('',(0.0448427939929962,-0.0555423081432445,-0.00394097246685863));
#3073=CARTESIAN_POINT('',(0.109454043992996,-0.05334,-0.03048));
#3074=CARTESIAN_POINT('',(-0.00627470600700378,-0.05334,-0.00394097246685863));
#3075=CARTESIAN_POINT('',(0.120770830889161,-0.05334,-0.00394097246685863));
#3076=CARTESIAN_POINT('',(0.0921502939929961,-0.05334,-0.00394097246685863));
#3077=CARTESIAN_POINT('',(0.0921502939929961,-0.05334,-0.03048));
#3078=CARTESIAN_POINT('',(0.0921502939929961,-0.05334,2.47553229319261E-18));
#3079=CARTESIAN_POINT('',(0.0870702939929962,-0.05334,2.47553229319261E-18));
#3080=CARTESIAN_POINT('',(0.120770830889161,-0.05334,1.265529207726E-19));
#3081=CARTESIAN_POINT('',(0.120770830889161,-0.05334,-0.03048));
#3082=CARTESIAN_POINT('',(0.120770830889161,-0.0508,-0.03048));
#3083=CARTESIAN_POINT('',(0.120770830889161,-0.0508,-0.00394097246685863));
#3084=CARTESIAN_POINT('',(0.122696853503274,-0.0491440903134758,-0.00394097246685863));
#3085=CARTESIAN_POINT('',(0.120770830889161,-0.0508,3.46944695195361E-18));
#3086=CARTESIAN_POINT('',(0.122696853503274,-0.0491440903134758,2.26647535377227E-18));
#3087=CARTESIAN_POINT('',(0.122696853503274,-0.0491440903134758,-0.03048));
#3088=CARTESIAN_POINT('',(0.107528021378883,-0.0315009096865242,-0.03048));
#3089=CARTESIAN_POINT('',(0.110884842172222,-0.0354052969922514,1.58195392751556E-18));
#3090=CARTESIAN_POINT('',(0.0940763166071093,-0.0158549552002059,6.07878000001387E-19));
#3091=CARTESIAN_POINT('',(0.0940763166071093,-0.0158549552002058,-0.03048));
#3092=CARTESIAN_POINT('',(0.0940763166071093,-0.0158549552002058,-0.00394097246685863));
#3093=CARTESIAN_POINT('',(0.0710447341812086,0.0109335520185722,-0.00394097246685863));
#3094=CARTESIAN_POINT('',(0.0921502939929961,-0.0175108648867301,-0.03048));
#3095=CARTESIAN_POINT('',(0.0921502939929961,-0.0175108648867301,-0.00394097246685863));
#3096=CARTESIAN_POINT('',(0.0896102939929961,-0.0175108648867301,-0.00394097246685863));
#3097=CARTESIAN_POINT('',(0.0921502939929961,-0.0175108648867301,0.));
#3098=CARTESIAN_POINT('',(0.0896102939929961,-0.0175108648867301,6.90382018649131E-19));
#3099=CARTESIAN_POINT('',(0.0896102939929961,-0.0175108648867301,-0.03048));
#3100=CARTESIAN_POINT('',(0.0896102939929961,-0.029845,-0.03048));
#3101=CARTESIAN_POINT('',(0.0896102939929961,-0.0555423081432445,-0.00394097246685863));
#3102=CARTESIAN_POINT('',(0.0896102939929961,-0.0508,-0.00394097246685863));
#3103=CARTESIAN_POINT('',(0.0896102939929961,-0.05588,2.60208521396521E-18));
#3104=CARTESIAN_POINT('',(0.0896102939929961,-0.0508,2.34897937242001E-18));
#3105=CARTESIAN_POINT('',(0.0896102939929961,-0.0508,-0.03048));
#3106=CARTESIAN_POINT('',(0.0921502939929961,-0.0508,-0.03048));
#3107=CARTESIAN_POINT('',(0.0921502939929961,-0.0508,-0.00394097246685863));
#3108=CARTESIAN_POINT('',(0.0921502939929961,-0.0508,3.46944695195361E-18));
#3109=CARTESIAN_POINT('',(0.0199190439929962,-0.05334,-0.03048));
#3110=CARTESIAN_POINT('',(-0.00627470600700378,-0.05334,-0.00394097246685863));
#3111=CARTESIAN_POINT('',(0.0312358308891612,-0.05334,-0.00394097246685863));
#3112=CARTESIAN_POINT('',(0.00261529399299622,-0.05334,-0.00394097246685863));
#3113=CARTESIAN_POINT('',(0.00261529399299622,-0.05334,-0.03048));
#3114=CARTESIAN_POINT('',(0.00261529399299623,-0.05334,2.47553229319261E-18));
#3115=CARTESIAN_POINT('',(0.0870702939929962,-0.05334,2.47553229319261E-18));
#3116=CARTESIAN_POINT('',(0.0312358308891612,-0.05334,1.265529207726E-19));
#3117=CARTESIAN_POINT('',(0.0312358308891612,-0.05334,-0.03048));
#3118=CARTESIAN_POINT('',(0.0312358308891612,-0.0508,-0.03048));
#3119=CARTESIAN_POINT('',(0.0312358308891612,-0.0508,-0.00394097246685863));
#3120=CARTESIAN_POINT('',(0.0331618535032744,-0.0491440903134758,-0.00394097246685863));
#3121=CARTESIAN_POINT('',(0.0312358308891612,-0.0508,3.46944695195361E-18));
#3122=CARTESIAN_POINT('',(0.0331618535032744,-0.0491440903134758,2.26647535377227E-18));
#3123=CARTESIAN_POINT('',(0.0331618535032744,-0.0491440903134759,-0.03048));
#3124=CARTESIAN_POINT('',(0.017993021378883,-0.0315009096865242,-0.03048));
#3125=CARTESIAN_POINT('',(0.0594037005855444,-0.079666522380797,3.78722453771036E-18));
#3126=CARTESIAN_POINT('',(0.00454131660710943,-0.0158549552002059,6.0787800000139E-19));
#3127=CARTESIAN_POINT('',(0.00454131660710943,-0.0158549552002059,-0.03048));
#3128=CARTESIAN_POINT('',(0.00454131660710943,-0.0158549552002059,-0.00394097246685863));
#3129=CARTESIAN_POINT('',(0.0195635925945315,-0.0333276733699734,-0.00394097246685863));
#3130=CARTESIAN_POINT('',(0.00261529399299622,-0.0175108648867301,-0.03048));
#3131=CARTESIAN_POINT('',(0.00261529399299622,-0.0175108648867301,-0.00394097246685863));
#3132=CARTESIAN_POINT('',(7.52939929962232E-5,-0.0175108648867301,-0.00394097246685863));
#3133=CARTESIAN_POINT('',(0.00261529399299622,-0.0175108648867301,0.));
#3134=CARTESIAN_POINT('',(7.52939929962171E-5,-0.0175108648867301,6.90382018649135E-19));
#3135=CARTESIAN_POINT('',(7.52939929962232E-5,-0.0175108648867301,-0.03048));
#3136=CARTESIAN_POINT('',(7.52939929962232E-5,-0.029845,-0.03048));
#3137=CARTESIAN_POINT('',(7.52939929962232E-5,-0.0555423081432445,-0.00394097246685863));
#3138=CARTESIAN_POINT('',(7.52939929962232E-5,-0.0508,-0.00394097246685863));
#3139=CARTESIAN_POINT('',(7.52939929962171E-5,-0.05588,2.60208521396521E-18));
#3140=CARTESIAN_POINT('',(7.52939929962171E-5,-0.0508,2.34897937242001E-18));
#3141=CARTESIAN_POINT('',(7.52939929962232E-5,-0.0508,-0.03048));
#3142=CARTESIAN_POINT('',(0.00261529399299622,-0.0508,-0.03048));
#3143=CARTESIAN_POINT('',(0.00261529399299622,-0.0508,-0.00394097246685863));
#3144=CARTESIAN_POINT('',(0.00261529399299622,-0.0508,3.46944695195361E-18));
#3145=CARTESIAN_POINT('',(0.0179930213788831,-0.0802590903134759,-0.03048));
#3146=CARTESIAN_POINT('',(0.0198974655019694,-0.0780439921844959,-0.00394097246685863));
#3147=CARTESIAN_POINT('',(0.0331618535032744,-0.0626159096865242,-0.00394097246685863));
#3148=CARTESIAN_POINT('',(0.00454131660710942,-0.0959050447997941,-0.00394097246685863));
#3149=CARTESIAN_POINT('',(0.00454131660710942,-0.0959050447997941,-0.03048));
#3150=CARTESIAN_POINT('',(0.00454131660710943,-0.0959050447997941,4.59629242792903E-18));
#3151=CARTESIAN_POINT('',(0.0594037005855444,-0.0320934776192031,1.41694589022006E-18));
#3152=CARTESIAN_POINT('',(0.0331618535032744,-0.0626159096865242,8.25040186477456E-20));
#3153=CARTESIAN_POINT('',(0.0331618535032744,-0.0626159096865242,-0.03048));
#3154=CARTESIAN_POINT('',(0.0312358308891612,-0.06096,-0.03048));
#3155=CARTESIAN_POINT('',(0.0312358308891612,-0.06096,-0.00394097246685863));
#3156=CARTESIAN_POINT('',(0.0312358308891612,-0.05842,-0.00394097246685863));
#3157=CARTESIAN_POINT('',(0.0312358308891612,-0.06096,3.46944695195361E-18));
#3158=CARTESIAN_POINT('',(0.0312358308891612,-0.05842,2.72863813473781E-18));
#3159=CARTESIAN_POINT('',(0.0312358308891612,-0.05842,-0.03048));
#3160=CARTESIAN_POINT('',(0.0199190439929962,-0.05842,-0.03048));
#3161=CARTESIAN_POINT('',(0.0870702939929962,-0.05842,2.72863813473781E-18));
#3162=CARTESIAN_POINT('',(0.00261529399299622,-0.05842,2.72863813473781E-18));
#3163=CARTESIAN_POINT('',(0.00261529399299622,-0.05842,-0.03048));
#3164=CARTESIAN_POINT('',(0.00261529399299622,-0.05842,-0.00394097246685863));
#3165=CARTESIAN_POINT('',(-0.00627470600700378,-0.05842,-0.00394097246685863));
#3166=CARTESIAN_POINT('',(0.00261529399299622,-0.06096,-0.03048));
#3167=CARTESIAN_POINT('',(0.00261529399299622,-0.06096,-0.00394097246685863));
#3168=CARTESIAN_POINT('',(7.52939929962232E-5,-0.06096,-0.00394097246685863));
#3169=CARTESIAN_POINT('',(0.00261529399299622,-0.06096,3.46944695195361E-18));
#3170=CARTESIAN_POINT('',(7.52939929962171E-5,-0.06096,2.85519105551041E-18));
#3171=CARTESIAN_POINT('',(7.52939929962232E-5,-0.06096,-0.03048));
#3172=CARTESIAN_POINT('',(7.52939929962232E-5,-0.081915,-0.03048));
#3173=CARTESIAN_POINT('',(7.52939929962232E-5,-0.0555423081432445,-0.00394097246685863));
#3174=CARTESIAN_POINT('',(7.52939929962232E-5,-0.0942491351132699,-0.00394097246685863));
#3175=CARTESIAN_POINT('',(7.52939929962171E-5,-0.05588,2.60208521396521E-18));
#3176=CARTESIAN_POINT('',(7.52939929962171E-5,-0.0942491351132699,4.51378840928129E-18));
#3177=CARTESIAN_POINT('',(7.52939929962232E-5,-0.0942491351132699,-0.03048));
#3178=CARTESIAN_POINT('',(0.00261529399299622,-0.0942491351132699,-0.03048));
#3179=CARTESIAN_POINT('',(0.00261529399299622,-0.0942491351132699,-0.00394097246685863));
#3180=CARTESIAN_POINT('',(0.00261529399299622,-0.0942491351132699,6.93889390390723E-18));
#3181=CARTESIAN_POINT('',(0.0218450666071094,-0.0835709096865242,-0.03048));
#3182=CARTESIAN_POINT('',(0.0352967713788831,-0.067924955200206,-0.03048));
#3183=CARTESIAN_POINT('',(0.0352967713788831,-0.067924955200206,3.20221287583969E-18));
#3184=CARTESIAN_POINT('',(0.0352967713788831,-0.067924955200206,-0.00394097246685863));
#3185=CARTESIAN_POINT('',(0.0632557458137708,-0.0354052969922514,1.58195392751556E-18));
#3186=CARTESIAN_POINT('',(0.00667623448271805,-0.101214090313476,3.38694293330587E-18));
#3187=CARTESIAN_POINT('',(0.00667623448271806,-0.101214090313476,-0.03048));
#3188=CARTESIAN_POINT('',(0.00667623448271806,-0.101214090313476,-0.00394097246685863));
#3189=CARTESIAN_POINT('',(0.0237495107301959,-0.0813558115575442,-0.00394097246685863));
#3190=CARTESIAN_POINT('',(0.00860225709683126,-0.10287,-0.03048));
#3191=CARTESIAN_POINT('',(0.00860225709683126,-0.10287,-0.00394097246685863));
#3192=CARTESIAN_POINT('',(0.00860225709683125,-0.10541,-0.00394097246685863));
#3193=CARTESIAN_POINT('',(0.00860225709683126,-0.10287,6.93889390390723E-18));
#3194=CARTESIAN_POINT('',(0.00860225709683125,-0.10541,5.06986716903091E-18));
#3195=CARTESIAN_POINT('',(0.00860225709683126,-0.10541,-0.03048));
#3196=CARTESIAN_POINT('',(0.0199190439929962,-0.10541,-0.03048));
#3197=CARTESIAN_POINT('',(-0.00627470600700378,-0.10541,-0.00394097246685863));
#3198=CARTESIAN_POINT('',(0.0372227939929963,-0.10541,-0.00394097246685863));
#3199=CARTESIAN_POINT('',(0.0870702939929962,-0.10541,5.06986716903091E-18));
#3200=CARTESIAN_POINT('',(0.0372227939929963,-0.10541,5.06986716903091E-18));
#3201=CARTESIAN_POINT('',(0.0372227939929963,-0.10541,-0.03048));
#3202=CARTESIAN_POINT('',(0.0372227939929963,-0.10287,-0.03048));
#3203=CARTESIAN_POINT('',(0.0372227939929963,-0.10287,-0.00394097246685863));
#3204=CARTESIAN_POINT('',(0.0397627939929963,-0.10287,-0.00394097246685863));
#3205=CARTESIAN_POINT('',(0.0372227939929963,-0.10287,6.93889390390723E-18));
#3206=CARTESIAN_POINT('',(0.0397627939929963,-0.10287,4.94331424825831E-18));
#3207=CARTESIAN_POINT('',(0.0397627939929963,-0.10287,-0.03048));
#3208=CARTESIAN_POINT('',(0.0397627939929963,-0.081915,-0.03048));
#3209=CARTESIAN_POINT('',(0.0397627939929963,-0.0555423081432445,-0.00394097246685863));
#3210=CARTESIAN_POINT('',(0.0397627939929963,-0.0695808648867301,-0.00394097246685863));
#3211=CARTESIAN_POINT('',(0.0397627939929963,-0.05588,2.60208521396521E-18));
#3212=CARTESIAN_POINT('',(0.0397627939929963,-0.0695808648867301,3.28471689448743E-18));
#3213=CARTESIAN_POINT('',(0.0397627939929963,-0.0695808648867301,-0.03048));
#3214=CARTESIAN_POINT('',(0.0372227939929963,-0.0695808648867301,-0.03048));
#3215=CARTESIAN_POINT('',(0.0372227939929963,-0.0695808648867301,-0.00394097246685863));
#3216=CARTESIAN_POINT('',(0.0372227939929963,-0.0695808648867301,3.46944695195361E-18));
#3217=CARTESIAN_POINT('',(0.0448427939929962,-0.029845,-0.03048));
#3218=CARTESIAN_POINT('',(0.0448427939929962,-0.00889,-0.03048));
#3219=CARTESIAN_POINT('',(0.0448427939929962,-0.00889,2.6085617967211E-19));
#3220=CARTESIAN_POINT('',(0.0448427939929962,-0.00889,-0.00394097246685863));
#3221=CARTESIAN_POINT('',(0.0448427939929962,-0.05588,2.60208521396521E-18));
#3222=CARTESIAN_POINT('',(0.0448427939929962,-0.0421791351132699,1.71056941445901E-49));
#3223=CARTESIAN_POINT('',(0.0448427939929962,-0.0421791351132699,-0.03048));
#3224=CARTESIAN_POINT('',(0.0448427939929962,-0.0421791351132699,-0.00394097246685863));
#3225=CARTESIAN_POINT('',(0.0448427939929962,-0.0555423081432445,-0.00394097246685863));
#3226=CARTESIAN_POINT('',(0.0473827939929962,-0.0421791351132699,-0.03048));
#3227=CARTESIAN_POINT('',(0.0473827939929962,-0.0421791351132699,-0.00394097246685863));
#3228=CARTESIAN_POINT('',(0.0493088166071094,-0.043835044799794,-0.00394097246685863));
#3229=CARTESIAN_POINT('',(0.0473827939929962,-0.0421791351132699,3.46944695195361E-18));
#3230=CARTESIAN_POINT('',(0.0493088166071094,-0.043835044799794,2.00195755209073E-18));
#3231=CARTESIAN_POINT('',(0.0493088166071094,-0.043835044799794,-0.03048));
#3232=CARTESIAN_POINT('',(0.062760521378883,-0.0281890903134758,-0.03048));
#3233=CARTESIAN_POINT('',(0.0198974655019694,-0.0780439921844959,-0.00394097246685863));
#3234=CARTESIAN_POINT('',(0.0779293535032744,-0.0105459096865242,-0.00394097246685863));
#3235=CARTESIAN_POINT('',(0.0594037005855444,-0.0320934776192031,1.41694589022006E-18));
#3236=CARTESIAN_POINT('',(0.0779293535032744,-0.0105459096865241,3.43360198319855E-19));
#3237=CARTESIAN_POINT('',(0.0779293535032744,-0.0105459096865242,-0.03048));
#3238=CARTESIAN_POINT('',(0.0760033308891612,-0.00889,-0.03048));
#3239=CARTESIAN_POINT('',(0.0760033308891612,-0.00889,-0.00394097246685863));
#3240=CARTESIAN_POINT('',(0.0760033308891612,-0.00635,-0.00394097246685863));
#3241=CARTESIAN_POINT('',(0.0760033308891612,-0.00889,0.));
#3242=CARTESIAN_POINT('',(0.0760033308891612,-0.00635,1.3430325889951E-19));
#3243=CARTESIAN_POINT('',(0.0760033308891612,-0.00635,-0.03048));
#3244=CARTESIAN_POINT('',(0.0646865439929962,-0.00635,-0.03048));
#3245=CARTESIAN_POINT('',(-0.00627470600700378,-0.00635,-0.00394097246685863));
#3246=CARTESIAN_POINT('',(0.0473827939929962,-0.00635,-0.00394097246685863));
#3247=CARTESIAN_POINT('',(0.0870702939929962,-0.00635,1.3430325889951E-19));
#3248=CARTESIAN_POINT('',(0.0473827939929962,-0.00635,1.3430325889951E-19));
#3249=CARTESIAN_POINT('',(0.0473827939929962,-0.00635,-0.03048));
#3250=CARTESIAN_POINT('',(0.0473827939929962,-0.00889,-0.03048));
#3251=CARTESIAN_POINT('',(0.0473827939929962,-0.00889,-0.00394097246685863));
#3252=CARTESIAN_POINT('',(0.0473827939929962,-0.00889,0.));
#3253=CARTESIAN_POINT('',(0.174065293992996,-0.081915,-0.03048));
#3254=CARTESIAN_POINT('',(0.174065293992996,-0.0555423081432445,-0.00394097246685863));
#3255=CARTESIAN_POINT('',(0.174065293992996,-0.06096,-0.00394097246685863));
#3256=CARTESIAN_POINT('',(0.174065293992996,-0.0942491351132699,-0.00394097246685863));
#3257=CARTESIAN_POINT('',(0.174065293992996,-0.0942491351132699,-0.03048));
#3258=CARTESIAN_POINT('',(0.174065293992996,-0.0942491351132699,4.51378840928129E-18));
#3259=CARTESIAN_POINT('',(0.174065293992996,-0.05588,2.60208521396521E-18));
#3260=CARTESIAN_POINT('',(0.174065293992996,-0.06096,3.42113882891799E-49));
#3261=CARTESIAN_POINT('',(0.174065293992996,-0.06096,-0.03048));
#3262=CARTESIAN_POINT('',(0.171525293992996,-0.06096,-0.03048));
#3263=CARTESIAN_POINT('',(0.171525293992996,-0.06096,-0.00394097246685863));
#3264=CARTESIAN_POINT('',(0.171525293992996,-0.05842,-0.00394097246685863));
#3265=CARTESIAN_POINT('',(0.171525293992996,-0.06096,3.46944695195361E-18));
#3266=CARTESIAN_POINT('',(0.171525293992996,-0.05842,2.72863813473781E-18));
#3267=CARTESIAN_POINT('',(0.171525293992996,-0.05842,-0.03048));
#3268=CARTESIAN_POINT('',(0.154221543992996,-0.05842,-0.03048));
#3269=CARTESIAN_POINT('',(0.0870702939929962,-0.05842,2.72863813473781E-18));
#3270=CARTESIAN_POINT('',(0.142904757096831,-0.05842,2.72863813473781E-18));
#3271=CARTESIAN_POINT('',(0.142904757096831,-0.05842,-0.03048));
#3272=CARTESIAN_POINT('',(0.142904757096831,-0.05842,-0.00394097246685863));
#3273=CARTESIAN_POINT('',(-0.00627470600700378,-0.05842,-0.00394097246685863));
#3274=CARTESIAN_POINT('',(0.142904757096831,-0.06096,-0.03048));
#3275=CARTESIAN_POINT('',(0.142904757096831,-0.06096,-0.00394097246685863));
#3276=CARTESIAN_POINT('',(0.140978734482718,-0.0626159096865241,-0.00394097246685863));
#3277=CARTESIAN_POINT('',(0.142904757096831,-0.06096,3.46944695195361E-18));
#3278=CARTESIAN_POINT('',(0.140978734482718,-0.0626159096865242,2.93769507415816E-18));
#3279=CARTESIAN_POINT('',(0.140978734482718,-0.0626159096865241,-0.03048));
#3280=CARTESIAN_POINT('',(0.15614756660711,-0.0802590903134759,-0.03048));
#3281=CARTESIAN_POINT('',(0.074896779409435,0.0142453713916206,-0.00394097246685863));
#3282=CARTESIAN_POINT('',(0.169599271378883,-0.0959050447997941,-0.00394097246685863));
#3283=CARTESIAN_POINT('',(0.114736887400448,-0.0320934776192031,1.41694589022006E-18));
#3284=CARTESIAN_POINT('',(0.169599271378883,-0.0959050447997941,4.59629242792903E-18));
#3285=CARTESIAN_POINT('',(0.169599271378883,-0.0959050447997941,-0.03048));
#3286=CARTESIAN_POINT('',(0.171525293992996,-0.0942491351132699,-0.03048));
#3287=CARTESIAN_POINT('',(0.171525293992996,-0.0942491351132699,-0.00394097246685863));
#3288=CARTESIAN_POINT('',(0.171525293992996,-0.0942491351132699,6.93889390390723E-18));
#3289=CARTESIAN_POINT('',(0.15614756660711,-0.0315009096865242,-0.03048));
#3290=CARTESIAN_POINT('',(0.169599271378883,-0.0158549552002058,-0.03048));
#3291=CARTESIAN_POINT('',(0.169599271378883,-0.0158549552002058,6.07878000001386E-19));
#3292=CARTESIAN_POINT('',(0.169599271378883,-0.0158549552002058,-0.00394097246685863));
#3293=CARTESIAN_POINT('',(0.114736887400448,-0.0796665223807969,3.78722453771036E-18));
#3294=CARTESIAN_POINT('',(0.140978734482718,-0.0491440903134758,-8.25040186477455E-20));
#3295=CARTESIAN_POINT('',(0.140978734482718,-0.0491440903134758,-0.03048));
#3296=CARTESIAN_POINT('',(0.140978734482718,-0.0491440903134758,-0.00394097246685863));
#3297=CARTESIAN_POINT('',(0.075230652316873,-0.12561703694609,-0.00394097246685863));
#3298=CARTESIAN_POINT('',(0.142904757096831,-0.0508,-0.03048));
#3299=CARTESIAN_POINT('',(0.142904757096831,-0.0508,-0.00394097246685863));
#3300=CARTESIAN_POINT('',(0.142904757096831,-0.05334,-0.00394097246685863));
#3301=CARTESIAN_POINT('',(0.142904757096831,-0.0508,3.46944695195361E-18));
#3302=CARTESIAN_POINT('',(0.142904757096831,-0.05334,2.47553229319261E-18));
#3303=CARTESIAN_POINT('',(0.142904757096831,-0.05334,-0.03048));
#3304=CARTESIAN_POINT('',(0.154221543992996,-0.05334,-0.03048));
#3305=CARTESIAN_POINT('',(-0.00627470600700378,-0.05334,-0.00394097246685863));
#3306=CARTESIAN_POINT('',(0.171525293992996,-0.05334,-0.00394097246685863));
#3307=CARTESIAN_POINT('',(0.0870702939929962,-0.05334,2.47553229319261E-18));
#3308=CARTESIAN_POINT('',(0.171525293992996,-0.05334,2.47553229319261E-18));
#3309=CARTESIAN_POINT('',(0.171525293992996,-0.05334,-0.03048));
#3310=CARTESIAN_POINT('',(0.171525293992996,-0.0508,-0.03048));
#3311=CARTESIAN_POINT('',(0.171525293992996,-0.0508,-0.00394097246685863));
#3312=CARTESIAN_POINT('',(0.174065293992996,-0.0508,-0.00394097246685863));
#3313=CARTESIAN_POINT('',(0.171525293992996,-0.0508,3.46944695195361E-18));
#3314=CARTESIAN_POINT('',(0.174065293992996,-0.0508,2.34897937242001E-18));
#3315=CARTESIAN_POINT('',(0.174065293992996,-0.0508,-0.03048));
#3316=CARTESIAN_POINT('',(0.174065293992996,-0.029845,-0.03048));
#3317=CARTESIAN_POINT('',(0.174065293992996,-0.0555423081432445,-0.00394097246685863));
#3318=CARTESIAN_POINT('',(0.174065293992996,-0.01751086488673,-0.00394097246685863));
#3319=CARTESIAN_POINT('',(0.174065293992996,-0.05588,2.60208521396521E-18));
#3320=CARTESIAN_POINT('',(0.174065293992996,-0.01751086488673,6.90382018649131E-19));
#3321=CARTESIAN_POINT('',(0.174065293992996,-0.01751086488673,-0.03048));
#3322=CARTESIAN_POINT('',(0.171525293992996,-0.01751086488673,-0.03048));
#3323=CARTESIAN_POINT('',(0.171525293992996,-0.01751086488673,-0.00394097246685863));
#3324=CARTESIAN_POINT('',(0.171525293992996,-0.01751086488673,0.));
#3325=CARTESIAN_POINT('',(0.154221543992996,-0.00635,-0.03048));
#3326=CARTESIAN_POINT('',(-0.00627470600700378,-0.00635,-0.00394097246685863));
#3327=CARTESIAN_POINT('',(0.136917793992996,-0.00635,-0.00394097246685863));
#3328=CARTESIAN_POINT('',(0.165538330889161,-0.00635,-0.00394097246685863));
#3329=CARTESIAN_POINT('',(0.165538330889161,-0.00635,-0.03048));
#3330=CARTESIAN_POINT('',(0.165538330889161,-0.00635,1.3430325889951E-19));
#3331=CARTESIAN_POINT('',(0.0870702939929962,-0.00635,1.3430325889951E-19));
#3332=CARTESIAN_POINT('',(0.136917793992996,-0.00635,-1.265529207726E-19));
#3333=CARTESIAN_POINT('',(0.136917793992996,-0.00635,-0.03048));
#3334=CARTESIAN_POINT('',(0.136917793992996,-0.00889,-0.03048));
#3335=CARTESIAN_POINT('',(0.136917793992996,-0.00889,-0.00394097246685863));
#3336=CARTESIAN_POINT('',(0.134377793992996,-0.00889,-0.00394097246685863));
#3337=CARTESIAN_POINT('',(0.136917793992996,-0.00889,0.));
#3338=CARTESIAN_POINT('',(0.134377793992996,-0.00889,2.6085617967211E-19));
#3339=CARTESIAN_POINT('',(0.134377793992996,-0.00889,-0.03048));
#3340=CARTESIAN_POINT('',(0.134377793992996,-0.029845,-0.03048));
#3341=CARTESIAN_POINT('',(0.134377793992996,-0.05588,2.60208521396521E-18));
#3342=CARTESIAN_POINT('',(0.134377793992996,-0.04217913511327,1.91945353344299E-18));
#3343=CARTESIAN_POINT('',(0.134377793992996,-0.04217913511327,-0.03048));
#3344=CARTESIAN_POINT('',(0.134377793992996,-0.04217913511327,-0.00394097246685863));
#3345=CARTESIAN_POINT('',(0.134377793992996,-0.0555423081432445,-0.00394097246685863));
#3346=CARTESIAN_POINT('',(0.136917793992996,-0.04217913511327,-0.03048));
#3347=CARTESIAN_POINT('',(0.136917793992996,-0.04217913511327,-0.00394097246685863));
#3348=CARTESIAN_POINT('',(0.138843816607109,-0.0438350447997942,-0.00394097246685863));
#3349=CARTESIAN_POINT('',(0.136917793992996,-0.04217913511327,3.46944695195361E-18));
#3350=CARTESIAN_POINT('',(0.138843816607109,-0.0438350447997942,2.00195755209074E-18));
#3351=CARTESIAN_POINT('',(0.138843816607109,-0.0438350447997942,-0.03048));
#3352=CARTESIAN_POINT('',(0.152295521378883,-0.0281890903134758,-0.03048));
#3353=CARTESIAN_POINT('',(0.0713786070886466,-0.122305217573041,-0.00394097246685863));
#3354=CARTESIAN_POINT('',(0.167464353503274,-0.0105459096865242,-0.00394097246685863));
#3355=CARTESIAN_POINT('',(0.110884842172222,-0.0763547030077486,3.62221650041486E-18));
#3356=CARTESIAN_POINT('',(0.167464353503274,-0.0105459096865241,3.43360198319854E-19));
#3357=CARTESIAN_POINT('',(0.167464353503274,-0.0105459096865242,-0.03048));
#3358=CARTESIAN_POINT('',(0.165538330889161,-0.00889,-0.03048));
#3359=CARTESIAN_POINT('',(0.165538330889161,-0.00889,-0.00394097246685863));
#3360=CARTESIAN_POINT('',(0.165538330889161,-0.00889,0.));
#3361=CARTESIAN_POINT('',(0.111380066607109,-0.0281890903134758,-0.03048));
#3362=CARTESIAN_POINT('',(0.074896779409435,0.0142453713916206,-0.00394097246685863));
#3363=CARTESIAN_POINT('',(0.124831771378883,-0.043835044799794,-0.00394097246685863));
#3364=CARTESIAN_POINT('',(0.096211234482718,-0.0105459096865242,-0.00394097246685863));
#3365=CARTESIAN_POINT('',(0.096211234482718,-0.0105459096865242,-0.03048));
#3366=CARTESIAN_POINT('',(0.096211234482718,-0.0105459096865242,3.43360198319856E-19));
#3367=CARTESIAN_POINT('',(0.114736887400448,-0.0320934776192031,1.41694589022006E-18));
#3368=CARTESIAN_POINT('',(0.124831771378883,-0.043835044799794,8.25040186477451E-20));
#3369=CARTESIAN_POINT('',(0.124831771378883,-0.043835044799794,-0.03048));
#3370=CARTESIAN_POINT('',(0.126757793992996,-0.0421791351132699,-0.03048));
#3371=CARTESIAN_POINT('',(0.126757793992996,-0.0421791351132699,-0.00394097246685863));
#3372=CARTESIAN_POINT('',(0.129297793992996,-0.0421791351132699,-0.00394097246685863));
#3373=CARTESIAN_POINT('',(0.126757793992996,-0.0421791351132699,3.46944695195361E-18));
#3374=CARTESIAN_POINT('',(0.129297793992996,-0.0421791351132699,1.91945353344299E-18));
#3375=CARTESIAN_POINT('',(0.129297793992996,-0.0421791351132699,-0.03048));
#3376=CARTESIAN_POINT('',(0.129297793992996,-0.029845,-0.03048));
#3377=CARTESIAN_POINT('',(0.129297793992996,-0.0555423081432445,-0.00394097246685863));
#3378=CARTESIAN_POINT('',(0.129297793992996,-0.00889,-0.00394097246685863));
#3379=CARTESIAN_POINT('',(0.129297793992996,-0.05588,2.60208521396521E-18));
#3380=CARTESIAN_POINT('',(0.129297793992996,-0.00889,2.6085617967211E-19));
#3381=CARTESIAN_POINT('',(0.129297793992996,-0.00889,-0.03048));
#3382=CARTESIAN_POINT('',(0.126757793992996,-0.00889,-0.03048));
#3383=CARTESIAN_POINT('',(0.126757793992996,-0.00889,-0.00394097246685863));
#3384=CARTESIAN_POINT('',(0.126757793992996,-0.00635,-0.00394097246685863));
#3385=CARTESIAN_POINT('',(0.126757793992996,-0.00889,0.));
#3386=CARTESIAN_POINT('',(0.126757793992996,-0.00635,1.3430325889951E-19));
#3387=CARTESIAN_POINT('',(0.126757793992996,-0.00635,-0.03048));
#3388=CARTESIAN_POINT('',(0.109454043992996,-0.00635,-0.03048));
#3389=CARTESIAN_POINT('',(-0.00627470600700378,-0.00635,-0.00394097246685863));
#3390=CARTESIAN_POINT('',(0.0981372570968312,-0.00635,-0.00394097246685863));
#3391=CARTESIAN_POINT('',(0.0870702939929962,-0.00635,1.3430325889951E-19));
#3392=CARTESIAN_POINT('',(0.0981372570968312,-0.00635,1.3430325889951E-19));
#3393=CARTESIAN_POINT('',(0.0981372570968312,-0.00635,-0.03048));
#3394=CARTESIAN_POINT('',(0.0981372570968312,-0.00889,-0.03048));
#3395=CARTESIAN_POINT('',(0.0981372570968312,-0.00889,-0.00394097246685863));
#3396=CARTESIAN_POINT('',(0.0981372570968312,-0.00889,0.));
#3397=CARTESIAN_POINT('',(0.109454043992996,-0.05842,-0.03048));
#3398=CARTESIAN_POINT('',(0.120770830889161,-0.05842,-0.03048));
#3399=CARTESIAN_POINT('',(0.120770830889161,-0.05842,2.72863813473781E-18));
#3400=CARTESIAN_POINT('',(0.120770830889161,-0.05842,-0.00394097246685863));
#3401=CARTESIAN_POINT('',(0.0870702939929962,-0.05842,2.72863813473781E-18));
#3402=CARTESIAN_POINT('',(0.0921502939929961,-0.05842,-1.265529207726E-19));
#3403=CARTESIAN_POINT('',(0.0921502939929961,-0.05842,-0.03048));
#3404=CARTESIAN_POINT('',(0.0921502939929961,-0.05842,-0.00394097246685863));
#3405=CARTESIAN_POINT('',(-0.00627470600700378,-0.05842,-0.00394097246685863));
#3406=CARTESIAN_POINT('',(0.0921502939929961,-0.06096,-0.03048));
#3407=CARTESIAN_POINT('',(0.0921502939929961,-0.06096,-0.00394097246685863));
#3408=CARTESIAN_POINT('',(0.0896102939929961,-0.06096,-0.00394097246685863));
#3409=CARTESIAN_POINT('',(0.0921502939929961,-0.06096,3.46944695195361E-18));
#3410=CARTESIAN_POINT('',(0.0896102939929961,-0.06096,2.85519105551041E-18));
#3411=CARTESIAN_POINT('',(0.0896102939929961,-0.06096,-0.03048));
#3412=CARTESIAN_POINT('',(0.0896102939929961,-0.081915,-0.03048));
#3413=CARTESIAN_POINT('',(0.0896102939929961,-0.0555423081432445,-0.00394097246685863));
#3414=CARTESIAN_POINT('',(0.0896102939929961,-0.09424913511327,-0.00394097246685863));
#3415=CARTESIAN_POINT('',(0.0896102939929961,-0.05588,2.60208521396521E-18));
#3416=CARTESIAN_POINT('',(0.0896102939929961,-0.09424913511327,4.51378840928129E-18));
#3417=CARTESIAN_POINT('',(0.0896102939929961,-0.09424913511327,-0.03048));
#3418=CARTESIAN_POINT('',(0.0921502939929961,-0.09424913511327,-0.03048));
#3419=CARTESIAN_POINT('',(0.0921502939929961,-0.09424913511327,-0.00394097246685863));
#3420=CARTESIAN_POINT('',(0.0940763166071093,-0.0959050447997941,-0.00394097246685863));
#3421=CARTESIAN_POINT('',(0.0921502939929961,-0.09424913511327,6.93889390390723E-18));
#3422=CARTESIAN_POINT('',(0.0940763166071093,-0.0959050447997941,4.59629242792903E-18));
#3423=CARTESIAN_POINT('',(0.0940763166071093,-0.0959050447997941,-0.03048));
#3424=CARTESIAN_POINT('',(0.107528021378883,-0.0802590903134758,-0.03048));
#3425=CARTESIAN_POINT('',(0.0713786070886466,-0.122305217573041,-0.00394097246685863));
#3426=CARTESIAN_POINT('',(0.122696853503274,-0.0626159096865242,-0.00394097246685863));
#3427=CARTESIAN_POINT('',(0.110884842172222,-0.0763547030077486,3.62221650041486E-18));
#3428=CARTESIAN_POINT('',(0.122696853503274,-0.0626159096865242,2.93769507415816E-18));
#3429=CARTESIAN_POINT('',(0.122696853503274,-0.0626159096865242,-0.03048));
#3430=CARTESIAN_POINT('',(0.120770830889161,-0.06096,-0.03048));
#3431=CARTESIAN_POINT('',(0.120770830889161,-0.06096,-0.00394097246685863));
#3432=CARTESIAN_POINT('',(0.120770830889161,-0.06096,3.46944695195361E-18));
#3433=CARTESIAN_POINT('',(0.129297793992996,-0.081915,-0.03048));
#3434=CARTESIAN_POINT('',(0.129297793992996,-0.0555423081432445,-0.00394097246685863));
#3435=CARTESIAN_POINT('',(0.129297793992996,-0.0695808648867301,-0.00394097246685863));
#3436=CARTESIAN_POINT('',(0.129297793992996,-0.10287,-0.00394097246685863));
#3437=CARTESIAN_POINT('',(0.129297793992996,-0.10287,-0.03048));
#3438=CARTESIAN_POINT('',(0.129297793992996,-0.10287,4.94331424825831E-18));
#3439=CARTESIAN_POINT('',(0.129297793992996,-0.05588,2.60208521396521E-18));
#3440=CARTESIAN_POINT('',(0.129297793992996,-0.0695808648867301,3.46944695195361E-18));
#3441=CARTESIAN_POINT('',(0.129297793992996,-0.0695808648867301,-0.03048));
#3442=CARTESIAN_POINT('',(0.126757793992996,-0.0695808648867301,-0.03048));
#3443=CARTESIAN_POINT('',(0.126757793992996,-0.0695808648867301,-0.00394097246685863));
#3444=CARTESIAN_POINT('',(0.124831771378883,-0.067924955200206,-0.00394097246685863));
#3445=CARTESIAN_POINT('',(0.126757793992996,-0.0695808648867301,3.46944695195361E-18));
#3446=CARTESIAN_POINT('',(0.124831771378883,-0.067924955200206,3.20221287583969E-18));
#3447=CARTESIAN_POINT('',(0.124831771378883,-0.067924955200206,-0.03048));
#3448=CARTESIAN_POINT('',(0.111380066607109,-0.0835709096865241,-0.03048));
#3449=CARTESIAN_POINT('',(0.114736887400448,-0.0796665223807969,3.78722453771036E-18));
#3450=CARTESIAN_POINT('',(0.096211234482718,-0.101214090313476,4.86081022961057E-18));
#3451=CARTESIAN_POINT('',(0.096211234482718,-0.101214090313476,-0.03048));
#3452=CARTESIAN_POINT('',(0.096211234482718,-0.101214090313476,-0.00394097246685863));
#3453=CARTESIAN_POINT('',(0.0752306523168731,-0.12561703694609,-0.00394097246685863));
#3454=CARTESIAN_POINT('',(0.0981372570968312,-0.10287,-0.03048));
#3455=CARTESIAN_POINT('',(0.0981372570968312,-0.10287,-0.00394097246685863));
#3456=CARTESIAN_POINT('',(0.0981372570968312,-0.10541,-0.00394097246685863));
#3457=CARTESIAN_POINT('',(0.0981372570968312,-0.10287,6.93889390390723E-18));
#3458=CARTESIAN_POINT('',(0.0981372570968312,-0.10541,5.06986716903091E-18));
#3459=CARTESIAN_POINT('',(0.0981372570968312,-0.10541,-0.03048));
#3460=CARTESIAN_POINT('',(0.109454043992996,-0.10541,-0.03048));
#3461=CARTESIAN_POINT('',(-0.00627470600700378,-0.10541,-0.00394097246685863));
#3462=CARTESIAN_POINT('',(0.126757793992996,-0.10541,-0.00394097246685863));
#3463=CARTESIAN_POINT('',(0.0870702939929962,-0.10541,5.06986716903091E-18));
#3464=CARTESIAN_POINT('',(0.126757793992996,-0.10541,5.06986716903091E-18));
#3465=CARTESIAN_POINT('',(0.126757793992996,-0.10541,-0.03048));
#3466=CARTESIAN_POINT('',(0.126757793992996,-0.10287,-0.03048));
#3467=CARTESIAN_POINT('',(0.126757793992996,-0.10287,-0.00394097246685863));
#3468=CARTESIAN_POINT('',(0.126757793992996,-0.10287,6.93889390390723E-18));
#3469=CARTESIAN_POINT('',(0.0397627939929963,-0.029845,-0.03048));
#3470=CARTESIAN_POINT('',(0.0397627939929963,-0.0555423081432445,-0.00394097246685863));
#3471=CARTESIAN_POINT('',(0.0397627939929963,-0.00889,-0.00394097246685863));
#3472=CARTESIAN_POINT('',(0.0397627939929963,-0.0421791351132699,-0.00394097246685863));
#3473=CARTESIAN_POINT('',(0.0397627939929963,-0.0421791351132699,-0.03048));
#3474=CARTESIAN_POINT('',(0.0397627939929963,-0.0421791351132699,1.91945353344299E-18));
#3475=CARTESIAN_POINT('',(0.0397627939929963,-0.05588,2.60208521396521E-18));
#3476=CARTESIAN_POINT('',(0.0397627939929963,-0.00889,8.6430835676245E-35));
#3477=CARTESIAN_POINT('',(0.0397627939929963,-0.00889,-0.03048));
#3478=CARTESIAN_POINT('',(0.0372227939929963,-0.00889,-0.03048));
#3479=CARTESIAN_POINT('',(0.0372227939929963,-0.00889,-0.00394097246685863));
#3480=CARTESIAN_POINT('',(0.0372227939929963,-0.00635,-0.00394097246685863));
#3481=CARTESIAN_POINT('',(0.0372227939929963,-0.00889,0.));
#3482=CARTESIAN_POINT('',(0.0372227939929963,-0.00635,1.3430325889951E-19));
#3483=CARTESIAN_POINT('',(0.0372227939929963,-0.00635,-0.03048));
#3484=CARTESIAN_POINT('',(0.0199190439929962,-0.00635,-0.03048));
#3485=CARTESIAN_POINT('',(-0.00627470600700378,-0.00635,-0.00394097246685863));
#3486=CARTESIAN_POINT('',(0.00860225709683125,-0.00635,-0.00394097246685863));
#3487=CARTESIAN_POINT('',(0.0870702939929962,-0.00635,1.3430325889951E-19));
#3488=CARTESIAN_POINT('',(0.00860225709683124,-0.00635,1.3430325889951E-19));
#3489=CARTESIAN_POINT('',(0.00860225709683125,-0.00635,-0.03048));
#3490=CARTESIAN_POINT('',(0.00860225709683125,-0.00889,-0.03048));
#3491=CARTESIAN_POINT('',(0.00860225709683125,-0.00889,-0.00394097246685863));
#3492=CARTESIAN_POINT('',(0.00667623448271804,-0.0105459096865242,-0.00394097246685863));
#3493=CARTESIAN_POINT('',(0.00860225709683125,-0.00889,0.));
#3494=CARTESIAN_POINT('',(0.00667623448271804,-0.0105459096865241,3.43360198319855E-19));
#3495=CARTESIAN_POINT('',(0.00667623448271804,-0.0105459096865242,-0.03048));
#3496=CARTESIAN_POINT('',(0.0218450666071094,-0.0281890903134758,-0.03048));
#3497=CARTESIAN_POINT('',(0.0234156378227579,-0.0300158539969251,-0.00394097246685863));
#3498=CARTESIAN_POINT('',(0.0352967713788831,-0.043835044799794,-0.00394097246685863));
#3499=CARTESIAN_POINT('',(0.0632557458137709,-0.0763547030077487,3.62221650041487E-18));
#3500=CARTESIAN_POINT('',(0.0352967713788831,-0.043835044799794,2.00195755209073E-18));
#3501=CARTESIAN_POINT('',(0.0352967713788831,-0.043835044799794,-0.03048));
#3502=CARTESIAN_POINT('',(0.0372227939929963,-0.0421791351132699,-0.03048));
#3503=CARTESIAN_POINT('',(0.0372227939929963,-0.0421791351132699,-0.00394097246685863));
#3504=CARTESIAN_POINT('',(0.0372227939929963,-0.0421791351132699,3.46944695195361E-18));
#3505=CARTESIAN_POINT('',(0.136917793992996,-0.10287,-0.03048));
#3506=CARTESIAN_POINT('',(0.136917793992996,-0.10287,-0.00394097246685863));
#3507=CARTESIAN_POINT('',(0.136917793992996,-0.10541,-0.00394097246685863));
#3508=CARTESIAN_POINT('',(0.134377793992996,-0.10287,-0.00394097246685863));
#3509=CARTESIAN_POINT('',(0.134377793992996,-0.10287,-0.03048));
#3510=CARTESIAN_POINT('',(0.134377793992996,-0.10287,4.94331424825831E-18));
#3511=CARTESIAN_POINT('',(0.136917793992996,-0.10287,6.93889390390723E-18));
#3512=CARTESIAN_POINT('',(0.136917793992996,-0.10541,5.06986716903091E-18));
#3513=CARTESIAN_POINT('',(0.136917793992996,-0.10541,-0.03048));
#3514=CARTESIAN_POINT('',(0.154221543992996,-0.10541,-0.03048));
#3515=CARTESIAN_POINT('',(-0.00627470600700378,-0.10541,-0.00394097246685863));
#3516=CARTESIAN_POINT('',(0.165538330889161,-0.10541,-0.00394097246685863));
#3517=CARTESIAN_POINT('',(0.0870702939929962,-0.10541,5.06986716903091E-18));
#3518=CARTESIAN_POINT('',(0.165538330889161,-0.10541,3.59599987272621E-18));
#3519=CARTESIAN_POINT('',(0.165538330889161,-0.10541,-0.03048));
#3520=CARTESIAN_POINT('',(0.165538330889161,-0.10287,-0.03048));
#3521=CARTESIAN_POINT('',(0.165538330889161,-0.10287,-0.00394097246685863));
#3522=CARTESIAN_POINT('',(0.167464353503274,-0.101214090313476,-0.00394097246685863));
#3523=CARTESIAN_POINT('',(0.165538330889161,-0.10287,6.93889390390723E-18));
#3524=CARTESIAN_POINT('',(0.167464353503274,-0.101214090313476,4.86081022961057E-18));
#3525=CARTESIAN_POINT('',(0.167464353503274,-0.101214090313476,-0.03048));
#3526=CARTESIAN_POINT('',(0.152295521378883,-0.0835709096865242,-0.03048));
#3527=CARTESIAN_POINT('',(0.110884842172222,-0.0354052969922514,1.58195392751556E-18));
#3528=CARTESIAN_POINT('',(0.138843816607109,-0.0679249552002058,3.20221287583968E-18));
#3529=CARTESIAN_POINT('',(0.138843816607109,-0.0679249552002058,-0.03048));
#3530=CARTESIAN_POINT('',(0.138843816607109,-0.0679249552002058,-0.00394097246685863));
#3531=CARTESIAN_POINT('',(0.0710447341812086,0.0109335520185722,-0.00394097246685863));
#3532=CARTESIAN_POINT('',(0.136917793992996,-0.06958086488673,-0.03048));
#3533=CARTESIAN_POINT('',(0.136917793992996,-0.06958086488673,-0.00394097246685863));
#3534=CARTESIAN_POINT('',(0.134377793992996,-0.06958086488673,-0.00394097246685863));
#3535=CARTESIAN_POINT('',(0.136917793992996,-0.06958086488673,3.46944695195361E-18));
#3536=CARTESIAN_POINT('',(0.134377793992996,-0.06958086488673,3.28471689448743E-18));
#3537=CARTESIAN_POINT('',(0.134377793992996,-0.06958086488673,-0.03048));
#3538=CARTESIAN_POINT('',(0.134377793992996,-0.081915,-0.03048));
#3539=CARTESIAN_POINT('',(0.134377793992996,-0.05588,2.60208521396521E-18));
#3540=CARTESIAN_POINT('',(0.134377793992996,-0.0555423081432444,-0.00394097246685863));
#3541=CARTESIAN_POINT('',(0.0845302939929961,-0.081915,-0.03048));
#3542=CARTESIAN_POINT('',(0.0845302939929961,-0.0942491351132697,-0.03048));
#3543=CARTESIAN_POINT('',(0.0845302939929961,-0.0942491351132697,4.51378840928128E-18));
#3544=CARTESIAN_POINT('',(0.0845302939929961,-0.0942491351132697,-0.00394097246685863));
#3545=CARTESIAN_POINT('',(0.0845302939929961,-0.05588,2.60208521396521E-18));
#3546=CARTESIAN_POINT('',(0.0845302939929961,-0.06096,1.71056941445901E-49));
#3547=CARTESIAN_POINT('',(0.0845302939929961,-0.06096,-0.03048));
#3548=CARTESIAN_POINT('',(0.0845302939929961,-0.06096,-0.00394097246685863));
#3549=CARTESIAN_POINT('',(0.0845302939929961,-0.0555423081432445,-0.00394097246685863));
#3550=CARTESIAN_POINT('',(0.0819902939929961,-0.06096,-0.03048));
#3551=CARTESIAN_POINT('',(0.0819902939929961,-0.06096,-0.00394097246685863));
#3552=CARTESIAN_POINT('',(0.0819902939929961,-0.05842,-0.00394097246685863));
#3553=CARTESIAN_POINT('',(0.0819902939929961,-0.06096,3.46944695195361E-18));
#3554=CARTESIAN_POINT('',(0.0819902939929961,-0.05842,2.72863813473781E-18));
#3555=CARTESIAN_POINT('',(0.0819902939929961,-0.05842,-0.03048));
#3556=CARTESIAN_POINT('',(0.0646865439929962,-0.05842,-0.03048));
#3557=CARTESIAN_POINT('',(0.0870702939929962,-0.05842,2.72863813473781E-18));
#3558=CARTESIAN_POINT('',(0.0533697570968313,-0.05842,2.72863813473781E-18));
#3559=CARTESIAN_POINT('',(0.0533697570968313,-0.05842,-0.03048));
#3560=CARTESIAN_POINT('',(0.0533697570968313,-0.05842,-0.00394097246685863));
#3561=CARTESIAN_POINT('',(-0.00627470600700378,-0.05842,-0.00394097246685863));
#3562=CARTESIAN_POINT('',(0.0533697570968313,-0.06096,-0.03048));
#3563=CARTESIAN_POINT('',(0.0533697570968313,-0.06096,-0.00394097246685863));
#3564=CARTESIAN_POINT('',(0.0514437344827181,-0.0626159096865242,-0.00394097246685863));
#3565=CARTESIAN_POINT('',(0.0533697570968313,-0.06096,3.46944695195361E-18));
#3566=CARTESIAN_POINT('',(0.0514437344827181,-0.0626159096865242,2.93769507415816E-18));
#3567=CARTESIAN_POINT('',(0.0514437344827181,-0.0626159096865242,-0.03048));
#3568=CARTESIAN_POINT('',(0.0666125666071095,-0.0802590903134758,-0.03048));
#3569=CARTESIAN_POINT('',(0.0234156378227579,-0.0300158539969251,-0.00394097246685863));
#3570=CARTESIAN_POINT('',(0.0800642713788829,-0.0959050447997939,-0.00394097246685863));
#3571=CARTESIAN_POINT('',(0.0632557458137709,-0.0763547030077487,3.62221650041487E-18));
#3572=CARTESIAN_POINT('',(0.0800642713788829,-0.0959050447997939,4.59629242792902E-18));
#3573=CARTESIAN_POINT('',(0.0800642713788829,-0.0959050447997939,-0.03048));
#3574=CARTESIAN_POINT('',(0.0819902939929961,-0.0942491351132697,-0.03048));
#3575=CARTESIAN_POINT('',(0.0819902939929961,-0.0942491351132697,-0.00394097246685863));
#3576=CARTESIAN_POINT('',(0.0819902939929961,-0.0942491351132697,6.93889390390723E-18));
#3577=CARTESIAN_POINT('',(0.0533697570968313,-0.0508,-0.03048));
#3578=CARTESIAN_POINT('',(0.0533697570968313,-0.0508,-0.00394097246685863));
#3579=CARTESIAN_POINT('',(0.0533697570968313,-0.05334,-0.00394097246685863));
#3580=CARTESIAN_POINT('',(0.0514437344827181,-0.0491440903134758,-0.00394097246685863));
#3581=CARTESIAN_POINT('',(0.0514437344827181,-0.0491440903134758,-0.03048));
#3582=CARTESIAN_POINT('',(0.0514437344827181,-0.0491440903134759,2.26647535377227E-18));
#3583=CARTESIAN_POINT('',(0.0533697570968313,-0.0508,3.46944695195361E-18));
#3584=CARTESIAN_POINT('',(0.0533697570968313,-0.05334,2.47553229319261E-18));
#3585=CARTESIAN_POINT('',(0.0533697570968313,-0.05334,-0.03048));
#3586=CARTESIAN_POINT('',(0.0646865439929962,-0.05334,-0.03048));
#3587=CARTESIAN_POINT('',(-0.00627470600700378,-0.05334,-0.00394097246685863));
#3588=CARTESIAN_POINT('',(0.0819902939929961,-0.05334,-0.00394097246685863));
#3589=CARTESIAN_POINT('',(0.0870702939929962,-0.05334,2.47553229319261E-18));
#3590=CARTESIAN_POINT('',(0.0819902939929961,-0.05334,1.265529207726E-19));
#3591=CARTESIAN_POINT('',(0.0819902939929961,-0.05334,-0.03048));
#3592=CARTESIAN_POINT('',(0.0819902939929961,-0.0508,-0.03048));
#3593=CARTESIAN_POINT('',(0.0819902939929961,-0.0508,-0.00394097246685863));
#3594=CARTESIAN_POINT('',(0.0845302939929961,-0.0508,-0.00394097246685863));
#3595=CARTESIAN_POINT('',(0.0819902939929961,-0.0508,3.46944695195361E-18));
#3596=CARTESIAN_POINT('',(0.0845302939929961,-0.0508,2.34897937242001E-18));
#3597=CARTESIAN_POINT('',(0.0845302939929961,-0.0508,-0.03048));
#3598=CARTESIAN_POINT('',(0.0845302939929961,-0.029845,-0.03048));
#3599=CARTESIAN_POINT('',(0.0845302939929961,-0.05588,2.60208521396521E-18));
#3600=CARTESIAN_POINT('',(0.0845302939929961,-0.0175108648867302,6.90382018649143E-19));
#3601=CARTESIAN_POINT('',(0.0845302939929961,-0.0175108648867302,-0.03048));
#3602=CARTESIAN_POINT('',(0.0845302939929961,-0.0175108648867302,-0.00394097246685863));
#3603=CARTESIAN_POINT('',(0.0845302939929961,-0.0555423081432445,-0.00394097246685863));
#3604=CARTESIAN_POINT('',(0.0819902939929961,-0.0175108648867302,-0.03048));
#3605=CARTESIAN_POINT('',(0.0819902939929961,-0.0175108648867302,-0.00394097246685863));
#3606=CARTESIAN_POINT('',(0.0800642713788829,-0.0158549552002061,-0.00394097246685863));
#3607=CARTESIAN_POINT('',(0.0819902939929961,-0.0175108648867302,0.));
#3608=CARTESIAN_POINT('',(0.0800642713788829,-0.0158549552002061,6.07878000001398E-19));
#3609=CARTESIAN_POINT('',(0.0800642713788829,-0.0158549552002061,-0.03048));
#3610=CARTESIAN_POINT('',(0.0666125666071094,-0.0315009096865242,-0.03048));
#3611=CARTESIAN_POINT('',(0.0632557458137708,-0.0354052969922514,1.58195392751555E-18));
#3612=CARTESIAN_POINT('',(0.0237495107301958,-0.0813558115575442,-0.00394097246685863));
#3613=CARTESIAN_POINT('',(0.177875293992996,-0.0108120096847415,-0.01016));
#3614=CARTESIAN_POINT('',(0.177875293992996,-0.0108120096847415,-0.00394097246685863));
#3615=CARTESIAN_POINT('',(0.176224293992996,-0.0108120096847415,-0.00394097246685863));
#3616=CARTESIAN_POINT('',(0.177875293992996,-0.0108120096847415,5.38697403553416E-19));
#3617=CARTESIAN_POINT('',(0.177875293992996,-0.0124630096847415,6.20956802055606E-19));
#3618=CARTESIAN_POINT('',(-0.00373470600700378,-0.100947990315258,-0.01016));
#3619=CARTESIAN_POINT('',(-0.00373470600700378,-0.100947990315258,-0.00394097246685863));
#3620=CARTESIAN_POINT('',(-0.00538570600700378,-0.100947990315258,-0.00394097246685863));
#3621=CARTESIAN_POINT('',(-0.00373470600700378,-0.100947990315258,5.02963111044099E-18));
#3622=CARTESIAN_POINT('',(-0.00373470600700378,-0.102598990315258,5.11189050894318E-18));
#3623=CARTESIAN_POINT('',(-0.00627470600700378,0.,-0.0254));
#3624=CARTESIAN_POINT('',(0.180415293992996,0.,-0.0254));
#3625=CARTESIAN_POINT('',(0.180415293992996,0.,-0.00394097246685863));
#3626=CARTESIAN_POINT('',(0.180415293992996,0.,0.));
#3627=CARTESIAN_POINT('',(-0.00627470600700378,0.,-0.00394097246685863));
#3628=CARTESIAN_POINT('',(-0.00627470600700378,0.,-0.00394097246685863));
#3629=CARTESIAN_POINT('',(-0.00627470600700378,0.,-0.0254));
#3630=CARTESIAN_POINT('',(-0.00627470600700378,0.,0.));
#3631=CARTESIAN_POINT('',(-0.00627470600700378,0.,0.));
#3632=CARTESIAN_POINT('',(-0.00627470600700378,-0.0549559326267243,-0.0254));
#3633=CARTESIAN_POINT('',(-0.00627470600700378,-0.0325283966958523,1.6206943346102E-18));
#3634=CARTESIAN_POINT('',(-0.00627470600700378,-0.0555423081432445,-0.00394097246685863));
#3635=CARTESIAN_POINT('',(0.180415293992996,-0.0549559326267243,-0.0254));
#3636=CARTESIAN_POINT('',(0.180415293992996,-0.0325283966958523,1.6206943346102E-18));
#3637=CARTESIAN_POINT('',(0.180415293992996,-0.0555423081432445,-0.00394097246685863));
#3638=CARTESIAN_POINT('',(-0.00627470600700378,-0.0325283966958523,1.6206943346102E-18));
#3639=CARTESIAN_POINT('',(-0.00627470600700378,-0.0555423081432445,-0.00394097246685863));
#3640=MECHANICAL_DESIGN_GEOMETRIC_PRESENTATION_REPRESENTATION('',(#2169),
#3641);
#3641=(
GEOMETRIC_REPRESENTATION_CONTEXT(3)
GLOBAL_UNCERTAINTY_ASSIGNED_CONTEXT((#3642))
GLOBAL_UNIT_ASSIGNED_CONTEXT((#3645,#3644,#3643))
REPRESENTATION_CONTEXT('Part 19','TOP_LEVEL_ASSEMBLY_PART')
);
#3642=UNCERTAINTY_MEASURE_WITH_UNIT(LENGTH_MEASURE(1.E-8),#3645,
'DISTANCE_ACCURACY_VALUE','Maximum Tolerance applied to model');
#3643=(
NAMED_UNIT(*)
SI_UNIT($,.STERADIAN.)
SOLID_ANGLE_UNIT()
);
#3644=(
NAMED_UNIT(*)
PLANE_ANGLE_UNIT()
SI_UNIT($,.RADIAN.)
);
#3645=(
LENGTH_UNIT()
NAMED_UNIT(*)
SI_UNIT($,.METRE.)
);
#3646=PRODUCT_DEFINITION_SHAPE('','',#3647);
#3647=PRODUCT_DEFINITION('','',#3649,#3648);
#3648=PRODUCT_DEFINITION_CONTEXT('',#3655,'design');
#3649=PRODUCT_DEFINITION_FORMATION_WITH_SPECIFIED_SOURCE('','',#3651,
 .NOT_KNOWN.);
#3650=PRODUCT_RELATED_PRODUCT_CATEGORY('','',(#3651));
#3651=PRODUCT('Part 19','Part 19','Part 19',(#3653));
#3652=PRODUCT_CATEGORY('','');
#3653=PRODUCT_CONTEXT('',#3655,'mechanical');
#3654=APPLICATION_PROTOCOL_DEFINITION('international standard',
'ap242_managed_model_based_3d_engineering',2020,#3655);
#3655=APPLICATION_CONTEXT('managed model based 3d engineering');
ENDSEC;
END-ISO-10303-21;
