ISO-10303-21;
HEADER;
/* Generated by software containing ST-Developer
 * from STEP Tools, Inc. (www.steptools.com) 
 */
/* OPTION: using custom renumber hook */

FILE_DESCRIPTION(
/* description */ ('STEP AP242 Edition 2',
'CAx-IF Rec.Pracs.---Representation and Presentation of Product Manufa
cturing Information (PMI)---4.0---2014-10-13',
'CAx-IF Rec.Pracs.---3D Tessellated Geometry---0.4---2014-09-14','2;1',
'CAx-IF Rec.Pracs.---User Defined Attributes---1.5---2016-08-15'),
/* implementation_level */ '2;1');

FILE_NAME(
/* name */ 'V2 - Part 12',
/* time_stamp */ '2026-05-14T03:10:10Z',
/* author */ (''),
/* organization */ (''),
/* preprocessor_version */ 'ST-DEVELOPER v20',
/* originating_system */ 'ONSHAPE BY PTC INC, 1.214',
/* authorisation */ '  ');

FILE_SCHEMA (('AP242_MANAGED_MODEL_BASED_3D_ENGINEERING_MIM_LF { 1 0 10303 442 3 1 4 }'));
ENDSEC;

DATA;
#10=SHAPE_REPRESENTATION_RELATIONSHIP('','',#7671,#11);
#11=ADVANCED_BREP_SHAPE_REPRESENTATION('',(#7669),#12062);
#12=CYLINDRICAL_SURFACE('',#8037,0.014605);
#13=CYLINDRICAL_SURFACE('',#8040,0.014605);
#14=LINE('',#9880,#1099);
#15=LINE('',#9883,#1100);
#16=LINE('',#9885,#1101);
#17=LINE('',#9887,#1102);
#18=LINE('',#9889,#1103);
#19=LINE('',#9891,#1104);
#20=LINE('',#9893,#1105);
#21=LINE('',#9895,#1106);
#22=LINE('',#9897,#1107);
#23=LINE('',#9899,#1108);
#24=LINE('',#9901,#1109);
#25=LINE('',#9903,#1110);
#26=LINE('',#9905,#1111);
#27=LINE('',#9907,#1112);
#28=LINE('',#9909,#1113);
#29=LINE('',#9911,#1114);
#30=LINE('',#9913,#1115);
#31=LINE('',#9915,#1116);
#32=LINE('',#9917,#1117);
#33=LINE('',#9919,#1118);
#34=LINE('',#9921,#1119);
#35=LINE('',#9923,#1120);
#36=LINE('',#9925,#1121);
#37=LINE('',#9927,#1122);
#38=LINE('',#9929,#1123);
#39=LINE('',#9931,#1124);
#40=LINE('',#9933,#1125);
#41=LINE('',#9935,#1126);
#42=LINE('',#9937,#1127);
#43=LINE('',#9939,#1128);
#44=LINE('',#9941,#1129);
#45=LINE('',#9943,#1130);
#46=LINE('',#9945,#1131);
#47=LINE('',#9947,#1132);
#48=LINE('',#9949,#1133);
#49=LINE('',#9951,#1134);
#50=LINE('',#9953,#1135);
#51=LINE('',#9955,#1136);
#52=LINE('',#9957,#1137);
#53=LINE('',#9959,#1138);
#54=LINE('',#9961,#1139);
#55=LINE('',#9963,#1140);
#56=LINE('',#9965,#1141);
#57=LINE('',#9967,#1142);
#58=LINE('',#9969,#1143);
#59=LINE('',#9971,#1144);
#60=LINE('',#9973,#1145);
#61=LINE('',#9975,#1146);
#62=LINE('',#9977,#1147);
#63=LINE('',#9979,#1148);
#64=LINE('',#9981,#1149);
#65=LINE('',#9983,#1150);
#66=LINE('',#9985,#1151);
#67=LINE('',#9987,#1152);
#68=LINE('',#9989,#1153);
#69=LINE('',#9991,#1154);
#70=LINE('',#9993,#1155);
#71=LINE('',#9995,#1156);
#72=LINE('',#9997,#1157);
#73=LINE('',#9999,#1158);
#74=LINE('',#10001,#1159);
#75=LINE('',#10003,#1160);
#76=LINE('',#10005,#1161);
#77=LINE('',#10007,#1162);
#78=LINE('',#10009,#1163);
#79=LINE('',#10011,#1164);
#80=LINE('',#10013,#1165);
#81=LINE('',#10015,#1166);
#82=LINE('',#10017,#1167);
#83=LINE('',#10019,#1168);
#84=LINE('',#10021,#1169);
#85=LINE('',#10023,#1170);
#86=LINE('',#10025,#1171);
#87=LINE('',#10027,#1172);
#88=LINE('',#10029,#1173);
#89=LINE('',#10031,#1174);
#90=LINE('',#10033,#1175);
#91=LINE('',#10035,#1176);
#92=LINE('',#10037,#1177);
#93=LINE('',#10039,#1178);
#94=LINE('',#10041,#1179);
#95=LINE('',#10043,#1180);
#96=LINE('',#10045,#1181);
#97=LINE('',#10047,#1182);
#98=LINE('',#10049,#1183);
#99=LINE('',#10051,#1184);
#100=LINE('',#10053,#1185);
#101=LINE('',#10055,#1186);
#102=LINE('',#10057,#1187);
#103=LINE('',#10059,#1188);
#104=LINE('',#10061,#1189);
#105=LINE('',#10063,#1190);
#106=LINE('',#10065,#1191);
#107=LINE('',#10067,#1192);
#108=LINE('',#10069,#1193);
#109=LINE('',#10071,#1194);
#110=LINE('',#10073,#1195);
#111=LINE('',#10075,#1196);
#112=LINE('',#10077,#1197);
#113=LINE('',#10079,#1198);
#114=LINE('',#10081,#1199);
#115=LINE('',#10083,#1200);
#116=LINE('',#10085,#1201);
#117=LINE('',#10087,#1202);
#118=LINE('',#10089,#1203);
#119=LINE('',#10091,#1204);
#120=LINE('',#10093,#1205);
#121=LINE('',#10095,#1206);
#122=LINE('',#10097,#1207);
#123=LINE('',#10099,#1208);
#124=LINE('',#10101,#1209);
#125=LINE('',#10103,#1210);
#126=LINE('',#10105,#1211);
#127=LINE('',#10107,#1212);
#128=LINE('',#10109,#1213);
#129=LINE('',#10111,#1214);
#130=LINE('',#10113,#1215);
#131=LINE('',#10115,#1216);
#132=LINE('',#10117,#1217);
#133=LINE('',#10119,#1218);
#134=LINE('',#10121,#1219);
#135=LINE('',#10123,#1220);
#136=LINE('',#10125,#1221);
#137=LINE('',#10127,#1222);
#138=LINE('',#10129,#1223);
#139=LINE('',#10131,#1224);
#140=LINE('',#10133,#1225);
#141=LINE('',#10135,#1226);
#142=LINE('',#10137,#1227);
#143=LINE('',#10139,#1228);
#144=LINE('',#10141,#1229);
#145=LINE('',#10143,#1230);
#146=LINE('',#10145,#1231);
#147=LINE('',#10147,#1232);
#148=LINE('',#10149,#1233);
#149=LINE('',#10151,#1234);
#150=LINE('',#10153,#1235);
#151=LINE('',#10155,#1236);
#152=LINE('',#10157,#1237);
#153=LINE('',#10159,#1238);
#154=LINE('',#10161,#1239);
#155=LINE('',#10163,#1240);
#156=LINE('',#10165,#1241);
#157=LINE('',#10167,#1242);
#158=LINE('',#10169,#1243);
#159=LINE('',#10171,#1244);
#160=LINE('',#10173,#1245);
#161=LINE('',#10175,#1246);
#162=LINE('',#10177,#1247);
#163=LINE('',#10179,#1248);
#164=LINE('',#10181,#1249);
#165=LINE('',#10183,#1250);
#166=LINE('',#10185,#1251);
#167=LINE('',#10187,#1252);
#168=LINE('',#10189,#1253);
#169=LINE('',#10191,#1254);
#170=LINE('',#10193,#1255);
#171=LINE('',#10195,#1256);
#172=LINE('',#10197,#1257);
#173=LINE('',#10199,#1258);
#174=LINE('',#10201,#1259);
#175=LINE('',#10203,#1260);
#176=LINE('',#10205,#1261);
#177=LINE('',#10207,#1262);
#178=LINE('',#10209,#1263);
#179=LINE('',#10211,#1264);
#180=LINE('',#10213,#1265);
#181=LINE('',#10215,#1266);
#182=LINE('',#10217,#1267);
#183=LINE('',#10219,#1268);
#184=LINE('',#10221,#1269);
#185=LINE('',#10223,#1270);
#186=LINE('',#10225,#1271);
#187=LINE('',#10227,#1272);
#188=LINE('',#10229,#1273);
#189=LINE('',#10231,#1274);
#190=LINE('',#10233,#1275);
#191=LINE('',#10235,#1276);
#192=LINE('',#10237,#1277);
#193=LINE('',#10239,#1278);
#194=LINE('',#10241,#1279);
#195=LINE('',#10243,#1280);
#196=LINE('',#10245,#1281);
#197=LINE('',#10247,#1282);
#198=LINE('',#10249,#1283);
#199=LINE('',#10251,#1284);
#200=LINE('',#10253,#1285);
#201=LINE('',#10255,#1286);
#202=LINE('',#10257,#1287);
#203=LINE('',#10259,#1288);
#204=LINE('',#10261,#1289);
#205=LINE('',#10263,#1290);
#206=LINE('',#10265,#1291);
#207=LINE('',#10267,#1292);
#208=LINE('',#10269,#1293);
#209=LINE('',#10271,#1294);
#210=LINE('',#10273,#1295);
#211=LINE('',#10275,#1296);
#212=LINE('',#10277,#1297);
#213=LINE('',#10279,#1298);
#214=LINE('',#10281,#1299);
#215=LINE('',#10283,#1300);
#216=LINE('',#10285,#1301);
#217=LINE('',#10287,#1302);
#218=LINE('',#10289,#1303);
#219=LINE('',#10291,#1304);
#220=LINE('',#10293,#1305);
#221=LINE('',#10295,#1306);
#222=LINE('',#10297,#1307);
#223=LINE('',#10299,#1308);
#224=LINE('',#10301,#1309);
#225=LINE('',#10303,#1310);
#226=LINE('',#10305,#1311);
#227=LINE('',#10307,#1312);
#228=LINE('',#10309,#1313);
#229=LINE('',#10311,#1314);
#230=LINE('',#10313,#1315);
#231=LINE('',#10315,#1316);
#232=LINE('',#10317,#1317);
#233=LINE('',#10319,#1318);
#234=LINE('',#10321,#1319);
#235=LINE('',#10323,#1320);
#236=LINE('',#10325,#1321);
#237=LINE('',#10329,#1322);
#238=LINE('',#10332,#1323);
#239=LINE('',#10334,#1324);
#240=LINE('',#10336,#1325);
#241=LINE('',#10338,#1326);
#242=LINE('',#10341,#1327);
#243=LINE('',#10343,#1328);
#244=LINE('',#10345,#1329);
#245=LINE('',#10347,#1330);
#246=LINE('',#10349,#1331);
#247=LINE('',#10351,#1332);
#248=LINE('',#10353,#1333);
#249=LINE('',#10355,#1334);
#250=LINE('',#10357,#1335);
#251=LINE('',#10359,#1336);
#252=LINE('',#10361,#1337);
#253=LINE('',#10363,#1338);
#254=LINE('',#10365,#1339);
#255=LINE('',#10367,#1340);
#256=LINE('',#10369,#1341);
#257=LINE('',#10371,#1342);
#258=LINE('',#10373,#1343);
#259=LINE('',#10375,#1344);
#260=LINE('',#10377,#1345);
#261=LINE('',#10379,#1346);
#262=LINE('',#10381,#1347);
#263=LINE('',#10383,#1348);
#264=LINE('',#10385,#1349);
#265=LINE('',#10387,#1350);
#266=LINE('',#10389,#1351);
#267=LINE('',#10391,#1352);
#268=LINE('',#10393,#1353);
#269=LINE('',#10395,#1354);
#270=LINE('',#10397,#1355);
#271=LINE('',#10399,#1356);
#272=LINE('',#10401,#1357);
#273=LINE('',#10403,#1358);
#274=LINE('',#10405,#1359);
#275=LINE('',#10407,#1360);
#276=LINE('',#10409,#1361);
#277=LINE('',#10411,#1362);
#278=LINE('',#10413,#1363);
#279=LINE('',#10415,#1364);
#280=LINE('',#10417,#1365);
#281=LINE('',#10419,#1366);
#282=LINE('',#10421,#1367);
#283=LINE('',#10423,#1368);
#284=LINE('',#10425,#1369);
#285=LINE('',#10427,#1370);
#286=LINE('',#10429,#1371);
#287=LINE('',#10431,#1372);
#288=LINE('',#10433,#1373);
#289=LINE('',#10435,#1374);
#290=LINE('',#10437,#1375);
#291=LINE('',#10439,#1376);
#292=LINE('',#10441,#1377);
#293=LINE('',#10443,#1378);
#294=LINE('',#10445,#1379);
#295=LINE('',#10447,#1380);
#296=LINE('',#10449,#1381);
#297=LINE('',#10451,#1382);
#298=LINE('',#10453,#1383);
#299=LINE('',#10455,#1384);
#300=LINE('',#10457,#1385);
#301=LINE('',#10459,#1386);
#302=LINE('',#10461,#1387);
#303=LINE('',#10463,#1388);
#304=LINE('',#10465,#1389);
#305=LINE('',#10467,#1390);
#306=LINE('',#10469,#1391);
#307=LINE('',#10471,#1392);
#308=LINE('',#10473,#1393);
#309=LINE('',#10475,#1394);
#310=LINE('',#10477,#1395);
#311=LINE('',#10479,#1396);
#312=LINE('',#10481,#1397);
#313=LINE('',#10483,#1398);
#314=LINE('',#10485,#1399);
#315=LINE('',#10487,#1400);
#316=LINE('',#10489,#1401);
#317=LINE('',#10491,#1402);
#318=LINE('',#10493,#1403);
#319=LINE('',#10495,#1404);
#320=LINE('',#10497,#1405);
#321=LINE('',#10499,#1406);
#322=LINE('',#10501,#1407);
#323=LINE('',#10503,#1408);
#324=LINE('',#10505,#1409);
#325=LINE('',#10507,#1410);
#326=LINE('',#10509,#1411);
#327=LINE('',#10511,#1412);
#328=LINE('',#10513,#1413);
#329=LINE('',#10515,#1414);
#330=LINE('',#10517,#1415);
#331=LINE('',#10519,#1416);
#332=LINE('',#10521,#1417);
#333=LINE('',#10523,#1418);
#334=LINE('',#10525,#1419);
#335=LINE('',#10527,#1420);
#336=LINE('',#10529,#1421);
#337=LINE('',#10531,#1422);
#338=LINE('',#10533,#1423);
#339=LINE('',#10535,#1424);
#340=LINE('',#10537,#1425);
#341=LINE('',#10539,#1426);
#342=LINE('',#10541,#1427);
#343=LINE('',#10543,#1428);
#344=LINE('',#10545,#1429);
#345=LINE('',#10547,#1430);
#346=LINE('',#10549,#1431);
#347=LINE('',#10551,#1432);
#348=LINE('',#10553,#1433);
#349=LINE('',#10555,#1434);
#350=LINE('',#10557,#1435);
#351=LINE('',#10559,#1436);
#352=LINE('',#10561,#1437);
#353=LINE('',#10563,#1438);
#354=LINE('',#10565,#1439);
#355=LINE('',#10567,#1440);
#356=LINE('',#10569,#1441);
#357=LINE('',#10571,#1442);
#358=LINE('',#10573,#1443);
#359=LINE('',#10575,#1444);
#360=LINE('',#10577,#1445);
#361=LINE('',#10579,#1446);
#362=LINE('',#10581,#1447);
#363=LINE('',#10583,#1448);
#364=LINE('',#10585,#1449);
#365=LINE('',#10587,#1450);
#366=LINE('',#10589,#1451);
#367=LINE('',#10591,#1452);
#368=LINE('',#10593,#1453);
#369=LINE('',#10595,#1454);
#370=LINE('',#10597,#1455);
#371=LINE('',#10599,#1456);
#372=LINE('',#10601,#1457);
#373=LINE('',#10603,#1458);
#374=LINE('',#10605,#1459);
#375=LINE('',#10607,#1460);
#376=LINE('',#10609,#1461);
#377=LINE('',#10611,#1462);
#378=LINE('',#10613,#1463);
#379=LINE('',#10615,#1464);
#380=LINE('',#10617,#1465);
#381=LINE('',#10619,#1466);
#382=LINE('',#10621,#1467);
#383=LINE('',#10623,#1468);
#384=LINE('',#10625,#1469);
#385=LINE('',#10627,#1470);
#386=LINE('',#10629,#1471);
#387=LINE('',#10631,#1472);
#388=LINE('',#10633,#1473);
#389=LINE('',#10635,#1474);
#390=LINE('',#10637,#1475);
#391=LINE('',#10639,#1476);
#392=LINE('',#10641,#1477);
#393=LINE('',#10643,#1478);
#394=LINE('',#10645,#1479);
#395=LINE('',#10647,#1480);
#396=LINE('',#10649,#1481);
#397=LINE('',#10651,#1482);
#398=LINE('',#10653,#1483);
#399=LINE('',#10655,#1484);
#400=LINE('',#10657,#1485);
#401=LINE('',#10659,#1486);
#402=LINE('',#10661,#1487);
#403=LINE('',#10663,#1488);
#404=LINE('',#10665,#1489);
#405=LINE('',#10667,#1490);
#406=LINE('',#10669,#1491);
#407=LINE('',#10671,#1492);
#408=LINE('',#10673,#1493);
#409=LINE('',#10675,#1494);
#410=LINE('',#10677,#1495);
#411=LINE('',#10679,#1496);
#412=LINE('',#10681,#1497);
#413=LINE('',#10683,#1498);
#414=LINE('',#10685,#1499);
#415=LINE('',#10687,#1500);
#416=LINE('',#10689,#1501);
#417=LINE('',#10691,#1502);
#418=LINE('',#10693,#1503);
#419=LINE('',#10695,#1504);
#420=LINE('',#10697,#1505);
#421=LINE('',#10699,#1506);
#422=LINE('',#10701,#1507);
#423=LINE('',#10703,#1508);
#424=LINE('',#10705,#1509);
#425=LINE('',#10707,#1510);
#426=LINE('',#10709,#1511);
#427=LINE('',#10711,#1512);
#428=LINE('',#10713,#1513);
#429=LINE('',#10715,#1514);
#430=LINE('',#10717,#1515);
#431=LINE('',#10719,#1516);
#432=LINE('',#10721,#1517);
#433=LINE('',#10723,#1518);
#434=LINE('',#10725,#1519);
#435=LINE('',#10727,#1520);
#436=LINE('',#10729,#1521);
#437=LINE('',#10731,#1522);
#438=LINE('',#10733,#1523);
#439=LINE('',#10735,#1524);
#440=LINE('',#10737,#1525);
#441=LINE('',#10739,#1526);
#442=LINE('',#10741,#1527);
#443=LINE('',#10743,#1528);
#444=LINE('',#10745,#1529);
#445=LINE('',#10747,#1530);
#446=LINE('',#10749,#1531);
#447=LINE('',#10751,#1532);
#448=LINE('',#10753,#1533);
#449=LINE('',#10755,#1534);
#450=LINE('',#10757,#1535);
#451=LINE('',#10759,#1536);
#452=LINE('',#10761,#1537);
#453=LINE('',#10763,#1538);
#454=LINE('',#10765,#1539);
#455=LINE('',#10767,#1540);
#456=LINE('',#10769,#1541);
#457=LINE('',#10771,#1542);
#458=LINE('',#10773,#1543);
#459=LINE('',#10775,#1544);
#460=LINE('',#10777,#1545);
#461=LINE('',#10779,#1546);
#462=LINE('',#10781,#1547);
#463=LINE('',#10783,#1548);
#464=LINE('',#10785,#1549);
#465=LINE('',#10787,#1550);
#466=LINE('',#10789,#1551);
#467=LINE('',#10791,#1552);
#468=LINE('',#10793,#1553);
#469=LINE('',#10795,#1554);
#470=LINE('',#10797,#1555);
#471=LINE('',#10799,#1556);
#472=LINE('',#10801,#1557);
#473=LINE('',#10803,#1558);
#474=LINE('',#10805,#1559);
#475=LINE('',#10807,#1560);
#476=LINE('',#10809,#1561);
#477=LINE('',#10811,#1562);
#478=LINE('',#10813,#1563);
#479=LINE('',#10815,#1564);
#480=LINE('',#10817,#1565);
#481=LINE('',#10819,#1566);
#482=LINE('',#10821,#1567);
#483=LINE('',#10823,#1568);
#484=LINE('',#10825,#1569);
#485=LINE('',#10827,#1570);
#486=LINE('',#10829,#1571);
#487=LINE('',#10831,#1572);
#488=LINE('',#10833,#1573);
#489=LINE('',#10835,#1574);
#490=LINE('',#10837,#1575);
#491=LINE('',#10839,#1576);
#492=LINE('',#10841,#1577);
#493=LINE('',#10843,#1578);
#494=LINE('',#10845,#1579);
#495=LINE('',#10847,#1580);
#496=LINE('',#10849,#1581);
#497=LINE('',#10851,#1582);
#498=LINE('',#10853,#1583);
#499=LINE('',#10855,#1584);
#500=LINE('',#10857,#1585);
#501=LINE('',#10859,#1586);
#502=LINE('',#10861,#1587);
#503=LINE('',#10863,#1588);
#504=LINE('',#10865,#1589);
#505=LINE('',#10867,#1590);
#506=LINE('',#10869,#1591);
#507=LINE('',#10871,#1592);
#508=LINE('',#10873,#1593);
#509=LINE('',#10875,#1594);
#510=LINE('',#10877,#1595);
#511=LINE('',#10879,#1596);
#512=LINE('',#10881,#1597);
#513=LINE('',#10883,#1598);
#514=LINE('',#10885,#1599);
#515=LINE('',#10887,#1600);
#516=LINE('',#10889,#1601);
#517=LINE('',#10891,#1602);
#518=LINE('',#10893,#1603);
#519=LINE('',#10895,#1604);
#520=LINE('',#10897,#1605);
#521=LINE('',#10899,#1606);
#522=LINE('',#10901,#1607);
#523=LINE('',#10903,#1608);
#524=LINE('',#10905,#1609);
#525=LINE('',#10907,#1610);
#526=LINE('',#10909,#1611);
#527=LINE('',#10911,#1612);
#528=LINE('',#10913,#1613);
#529=LINE('',#10915,#1614);
#530=LINE('',#10917,#1615);
#531=LINE('',#10919,#1616);
#532=LINE('',#10921,#1617);
#533=LINE('',#10923,#1618);
#534=LINE('',#10925,#1619);
#535=LINE('',#10927,#1620);
#536=LINE('',#10929,#1621);
#537=LINE('',#10931,#1622);
#538=LINE('',#10933,#1623);
#539=LINE('',#10935,#1624);
#540=LINE('',#10937,#1625);
#541=LINE('',#10939,#1626);
#542=LINE('',#10941,#1627);
#543=LINE('',#10943,#1628);
#544=LINE('',#10945,#1629);
#545=LINE('',#10947,#1630);
#546=LINE('',#10949,#1631);
#547=LINE('',#10951,#1632);
#548=LINE('',#10953,#1633);
#549=LINE('',#10955,#1634);
#550=LINE('',#10957,#1635);
#551=LINE('',#10959,#1636);
#552=LINE('',#10961,#1637);
#553=LINE('',#10963,#1638);
#554=LINE('',#10965,#1639);
#555=LINE('',#10967,#1640);
#556=LINE('',#10969,#1641);
#557=LINE('',#10971,#1642);
#558=LINE('',#10973,#1643);
#559=LINE('',#10975,#1644);
#560=LINE('',#10977,#1645);
#561=LINE('',#10979,#1646);
#562=LINE('',#10981,#1647);
#563=LINE('',#10983,#1648);
#564=LINE('',#10985,#1649);
#565=LINE('',#10987,#1650);
#566=LINE('',#10989,#1651);
#567=LINE('',#10991,#1652);
#568=LINE('',#10993,#1653);
#569=LINE('',#10995,#1654);
#570=LINE('',#10997,#1655);
#571=LINE('',#10999,#1656);
#572=LINE('',#11001,#1657);
#573=LINE('',#11003,#1658);
#574=LINE('',#11005,#1659);
#575=LINE('',#11007,#1660);
#576=LINE('',#11009,#1661);
#577=LINE('',#11011,#1662);
#578=LINE('',#11013,#1663);
#579=LINE('',#11015,#1664);
#580=LINE('',#11017,#1665);
#581=LINE('',#11019,#1666);
#582=LINE('',#11021,#1667);
#583=LINE('',#11023,#1668);
#584=LINE('',#11025,#1669);
#585=LINE('',#11027,#1670);
#586=LINE('',#11029,#1671);
#587=LINE('',#11031,#1672);
#588=LINE('',#11033,#1673);
#589=LINE('',#11034,#1674);
#590=LINE('',#11036,#1675);
#591=LINE('',#11037,#1676);
#592=LINE('',#11039,#1677);
#593=LINE('',#11042,#1678);
#594=LINE('',#11044,#1679);
#595=LINE('',#11046,#1680);
#596=LINE('',#11048,#1681);
#597=LINE('',#11049,#1682);
#598=LINE('',#11051,#1683);
#599=LINE('',#11052,#1684);
#600=LINE('',#11054,#1685);
#601=LINE('',#11056,#1686);
#602=LINE('',#11058,#1687);
#603=LINE('',#11059,#1688);
#604=LINE('',#11061,#1689);
#605=LINE('',#11063,#1690);
#606=LINE('',#11065,#1691);
#607=LINE('',#11068,#1692);
#608=LINE('',#11070,#1693);
#609=LINE('',#11072,#1694);
#610=LINE('',#11074,#1695);
#611=LINE('',#11076,#1696);
#612=LINE('',#11078,#1697);
#613=LINE('',#11080,#1698);
#614=LINE('',#11082,#1699);
#615=LINE('',#11084,#1700);
#616=LINE('',#11086,#1701);
#617=LINE('',#11088,#1702);
#618=LINE('',#11090,#1703);
#619=LINE('',#11092,#1704);
#620=LINE('',#11094,#1705);
#621=LINE('',#11096,#1706);
#622=LINE('',#11098,#1707);
#623=LINE('',#11100,#1708);
#624=LINE('',#11102,#1709);
#625=LINE('',#11104,#1710);
#626=LINE('',#11106,#1711);
#627=LINE('',#11108,#1712);
#628=LINE('',#11110,#1713);
#629=LINE('',#11112,#1714);
#630=LINE('',#11114,#1715);
#631=LINE('',#11116,#1716);
#632=LINE('',#11118,#1717);
#633=LINE('',#11120,#1718);
#634=LINE('',#11122,#1719);
#635=LINE('',#11124,#1720);
#636=LINE('',#11126,#1721);
#637=LINE('',#11128,#1722);
#638=LINE('',#11130,#1723);
#639=LINE('',#11132,#1724);
#640=LINE('',#11134,#1725);
#641=LINE('',#11136,#1726);
#642=LINE('',#11138,#1727);
#643=LINE('',#11140,#1728);
#644=LINE('',#11142,#1729);
#645=LINE('',#11144,#1730);
#646=LINE('',#11146,#1731);
#647=LINE('',#11148,#1732);
#648=LINE('',#11150,#1733);
#649=LINE('',#11152,#1734);
#650=LINE('',#11154,#1735);
#651=LINE('',#11156,#1736);
#652=LINE('',#11158,#1737);
#653=LINE('',#11160,#1738);
#654=LINE('',#11162,#1739);
#655=LINE('',#11164,#1740);
#656=LINE('',#11166,#1741);
#657=LINE('',#11168,#1742);
#658=LINE('',#11170,#1743);
#659=LINE('',#11172,#1744);
#660=LINE('',#11174,#1745);
#661=LINE('',#11176,#1746);
#662=LINE('',#11178,#1747);
#663=LINE('',#11180,#1748);
#664=LINE('',#11182,#1749);
#665=LINE('',#11184,#1750);
#666=LINE('',#11186,#1751);
#667=LINE('',#11188,#1752);
#668=LINE('',#11190,#1753);
#669=LINE('',#11192,#1754);
#670=LINE('',#11194,#1755);
#671=LINE('',#11196,#1756);
#672=LINE('',#11198,#1757);
#673=LINE('',#11200,#1758);
#674=LINE('',#11202,#1759);
#675=LINE('',#11204,#1760);
#676=LINE('',#11206,#1761);
#677=LINE('',#11208,#1762);
#678=LINE('',#11210,#1763);
#679=LINE('',#11212,#1764);
#680=LINE('',#11214,#1765);
#681=LINE('',#11216,#1766);
#682=LINE('',#11218,#1767);
#683=LINE('',#11220,#1768);
#684=LINE('',#11222,#1769);
#685=LINE('',#11224,#1770);
#686=LINE('',#11226,#1771);
#687=LINE('',#11228,#1772);
#688=LINE('',#11230,#1773);
#689=LINE('',#11232,#1774);
#690=LINE('',#11234,#1775);
#691=LINE('',#11236,#1776);
#692=LINE('',#11238,#1777);
#693=LINE('',#11240,#1778);
#694=LINE('',#11242,#1779);
#695=LINE('',#11244,#1780);
#696=LINE('',#11246,#1781);
#697=LINE('',#11248,#1782);
#698=LINE('',#11250,#1783);
#699=LINE('',#11252,#1784);
#700=LINE('',#11254,#1785);
#701=LINE('',#11256,#1786);
#702=LINE('',#11258,#1787);
#703=LINE('',#11260,#1788);
#704=LINE('',#11262,#1789);
#705=LINE('',#11264,#1790);
#706=LINE('',#11266,#1791);
#707=LINE('',#11268,#1792);
#708=LINE('',#11270,#1793);
#709=LINE('',#11272,#1794);
#710=LINE('',#11274,#1795);
#711=LINE('',#11276,#1796);
#712=LINE('',#11278,#1797);
#713=LINE('',#11280,#1798);
#714=LINE('',#11282,#1799);
#715=LINE('',#11284,#1800);
#716=LINE('',#11286,#1801);
#717=LINE('',#11288,#1802);
#718=LINE('',#11290,#1803);
#719=LINE('',#11292,#1804);
#720=LINE('',#11294,#1805);
#721=LINE('',#11296,#1806);
#722=LINE('',#11298,#1807);
#723=LINE('',#11300,#1808);
#724=LINE('',#11302,#1809);
#725=LINE('',#11304,#1810);
#726=LINE('',#11306,#1811);
#727=LINE('',#11308,#1812);
#728=LINE('',#11310,#1813);
#729=LINE('',#11312,#1814);
#730=LINE('',#11314,#1815);
#731=LINE('',#11316,#1816);
#732=LINE('',#11318,#1817);
#733=LINE('',#11320,#1818);
#734=LINE('',#11322,#1819);
#735=LINE('',#11324,#1820);
#736=LINE('',#11326,#1821);
#737=LINE('',#11328,#1822);
#738=LINE('',#11330,#1823);
#739=LINE('',#11332,#1824);
#740=LINE('',#11334,#1825);
#741=LINE('',#11336,#1826);
#742=LINE('',#11338,#1827);
#743=LINE('',#11340,#1828);
#744=LINE('',#11342,#1829);
#745=LINE('',#11344,#1830);
#746=LINE('',#11346,#1831);
#747=LINE('',#11348,#1832);
#748=LINE('',#11350,#1833);
#749=LINE('',#11352,#1834);
#750=LINE('',#11354,#1835);
#751=LINE('',#11356,#1836);
#752=LINE('',#11358,#1837);
#753=LINE('',#11360,#1838);
#754=LINE('',#11362,#1839);
#755=LINE('',#11364,#1840);
#756=LINE('',#11366,#1841);
#757=LINE('',#11368,#1842);
#758=LINE('',#11370,#1843);
#759=LINE('',#11372,#1844);
#760=LINE('',#11374,#1845);
#761=LINE('',#11376,#1846);
#762=LINE('',#11378,#1847);
#763=LINE('',#11380,#1848);
#764=LINE('',#11382,#1849);
#765=LINE('',#11384,#1850);
#766=LINE('',#11386,#1851);
#767=LINE('',#11388,#1852);
#768=LINE('',#11390,#1853);
#769=LINE('',#11392,#1854);
#770=LINE('',#11394,#1855);
#771=LINE('',#11396,#1856);
#772=LINE('',#11398,#1857);
#773=LINE('',#11400,#1858);
#774=LINE('',#11402,#1859);
#775=LINE('',#11404,#1860);
#776=LINE('',#11406,#1861);
#777=LINE('',#11408,#1862);
#778=LINE('',#11410,#1863);
#779=LINE('',#11412,#1864);
#780=LINE('',#11414,#1865);
#781=LINE('',#11416,#1866);
#782=LINE('',#11418,#1867);
#783=LINE('',#11420,#1868);
#784=LINE('',#11422,#1869);
#785=LINE('',#11424,#1870);
#786=LINE('',#11426,#1871);
#787=LINE('',#11428,#1872);
#788=LINE('',#11430,#1873);
#789=LINE('',#11432,#1874);
#790=LINE('',#11434,#1875);
#791=LINE('',#11436,#1876);
#792=LINE('',#11438,#1877);
#793=LINE('',#11440,#1878);
#794=LINE('',#11442,#1879);
#795=LINE('',#11444,#1880);
#796=LINE('',#11446,#1881);
#797=LINE('',#11448,#1882);
#798=LINE('',#11450,#1883);
#799=LINE('',#11452,#1884);
#800=LINE('',#11454,#1885);
#801=LINE('',#11456,#1886);
#802=LINE('',#11458,#1887);
#803=LINE('',#11460,#1888);
#804=LINE('',#11462,#1889);
#805=LINE('',#11464,#1890);
#806=LINE('',#11466,#1891);
#807=LINE('',#11468,#1892);
#808=LINE('',#11470,#1893);
#809=LINE('',#11472,#1894);
#810=LINE('',#11474,#1895);
#811=LINE('',#11476,#1896);
#812=LINE('',#11478,#1897);
#813=LINE('',#11480,#1898);
#814=LINE('',#11482,#1899);
#815=LINE('',#11484,#1900);
#816=LINE('',#11486,#1901);
#817=LINE('',#11488,#1902);
#818=LINE('',#11490,#1903);
#819=LINE('',#11492,#1904);
#820=LINE('',#11494,#1905);
#821=LINE('',#11496,#1906);
#822=LINE('',#11498,#1907);
#823=LINE('',#11500,#1908);
#824=LINE('',#11502,#1909);
#825=LINE('',#11504,#1910);
#826=LINE('',#11506,#1911);
#827=LINE('',#11508,#1912);
#828=LINE('',#11510,#1913);
#829=LINE('',#11512,#1914);
#830=LINE('',#11514,#1915);
#831=LINE('',#11516,#1916);
#832=LINE('',#11518,#1917);
#833=LINE('',#11520,#1918);
#834=LINE('',#11522,#1919);
#835=LINE('',#11524,#1920);
#836=LINE('',#11526,#1921);
#837=LINE('',#11528,#1922);
#838=LINE('',#11530,#1923);
#839=LINE('',#11532,#1924);
#840=LINE('',#11534,#1925);
#841=LINE('',#11536,#1926);
#842=LINE('',#11538,#1927);
#843=LINE('',#11540,#1928);
#844=LINE('',#11542,#1929);
#845=LINE('',#11544,#1930);
#846=LINE('',#11546,#1931);
#847=LINE('',#11548,#1932);
#848=LINE('',#11550,#1933);
#849=LINE('',#11552,#1934);
#850=LINE('',#11554,#1935);
#851=LINE('',#11556,#1936);
#852=LINE('',#11558,#1937);
#853=LINE('',#11560,#1938);
#854=LINE('',#11562,#1939);
#855=LINE('',#11564,#1940);
#856=LINE('',#11566,#1941);
#857=LINE('',#11568,#1942);
#858=LINE('',#11570,#1943);
#859=LINE('',#11572,#1944);
#860=LINE('',#11574,#1945);
#861=LINE('',#11576,#1946);
#862=LINE('',#11578,#1947);
#863=LINE('',#11580,#1948);
#864=LINE('',#11582,#1949);
#865=LINE('',#11584,#1950);
#866=LINE('',#11586,#1951);
#867=LINE('',#11588,#1952);
#868=LINE('',#11590,#1953);
#869=LINE('',#11592,#1954);
#870=LINE('',#11594,#1955);
#871=LINE('',#11596,#1956);
#872=LINE('',#11598,#1957);
#873=LINE('',#11600,#1958);
#874=LINE('',#11602,#1959);
#875=LINE('',#11604,#1960);
#876=LINE('',#11606,#1961);
#877=LINE('',#11608,#1962);
#878=LINE('',#11610,#1963);
#879=LINE('',#11612,#1964);
#880=LINE('',#11614,#1965);
#881=LINE('',#11616,#1966);
#882=LINE('',#11618,#1967);
#883=LINE('',#11620,#1968);
#884=LINE('',#11622,#1969);
#885=LINE('',#11624,#1970);
#886=LINE('',#11626,#1971);
#887=LINE('',#11628,#1972);
#888=LINE('',#11630,#1973);
#889=LINE('',#11632,#1974);
#890=LINE('',#11634,#1975);
#891=LINE('',#11636,#1976);
#892=LINE('',#11638,#1977);
#893=LINE('',#11640,#1978);
#894=LINE('',#11642,#1979);
#895=LINE('',#11644,#1980);
#896=LINE('',#11646,#1981);
#897=LINE('',#11648,#1982);
#898=LINE('',#11650,#1983);
#899=LINE('',#11652,#1984);
#900=LINE('',#11654,#1985);
#901=LINE('',#11656,#1986);
#902=LINE('',#11658,#1987);
#903=LINE('',#11660,#1988);
#904=LINE('',#11662,#1989);
#905=LINE('',#11664,#1990);
#906=LINE('',#11666,#1991);
#907=LINE('',#11668,#1992);
#908=LINE('',#11670,#1993);
#909=LINE('',#11672,#1994);
#910=LINE('',#11674,#1995);
#911=LINE('',#11676,#1996);
#912=LINE('',#11678,#1997);
#913=LINE('',#11680,#1998);
#914=LINE('',#11682,#1999);
#915=LINE('',#11684,#2000);
#916=LINE('',#11686,#2001);
#917=LINE('',#11688,#2002);
#918=LINE('',#11690,#2003);
#919=LINE('',#11692,#2004);
#920=LINE('',#11694,#2005);
#921=LINE('',#11696,#2006);
#922=LINE('',#11698,#2007);
#923=LINE('',#11700,#2008);
#924=LINE('',#11702,#2009);
#925=LINE('',#11704,#2010);
#926=LINE('',#11706,#2011);
#927=LINE('',#11708,#2012);
#928=LINE('',#11710,#2013);
#929=LINE('',#11712,#2014);
#930=LINE('',#11714,#2015);
#931=LINE('',#11716,#2016);
#932=LINE('',#11718,#2017);
#933=LINE('',#11720,#2018);
#934=LINE('',#11722,#2019);
#935=LINE('',#11724,#2020);
#936=LINE('',#11726,#2021);
#937=LINE('',#11728,#2022);
#938=LINE('',#11730,#2023);
#939=LINE('',#11732,#2024);
#940=LINE('',#11734,#2025);
#941=LINE('',#11736,#2026);
#942=LINE('',#11738,#2027);
#943=LINE('',#11740,#2028);
#944=LINE('',#11742,#2029);
#945=LINE('',#11744,#2030);
#946=LINE('',#11746,#2031);
#947=LINE('',#11748,#2032);
#948=LINE('',#11750,#2033);
#949=LINE('',#11752,#2034);
#950=LINE('',#11754,#2035);
#951=LINE('',#11756,#2036);
#952=LINE('',#11758,#2037);
#953=LINE('',#11760,#2038);
#954=LINE('',#11762,#2039);
#955=LINE('',#11764,#2040);
#956=LINE('',#11766,#2041);
#957=LINE('',#11768,#2042);
#958=LINE('',#11770,#2043);
#959=LINE('',#11772,#2044);
#960=LINE('',#11774,#2045);
#961=LINE('',#11776,#2046);
#962=LINE('',#11778,#2047);
#963=LINE('',#11780,#2048);
#964=LINE('',#11782,#2049);
#965=LINE('',#11784,#2050);
#966=LINE('',#11786,#2051);
#967=LINE('',#11788,#2052);
#968=LINE('',#11790,#2053);
#969=LINE('',#11792,#2054);
#970=LINE('',#11794,#2055);
#971=LINE('',#11796,#2056);
#972=LINE('',#11798,#2057);
#973=LINE('',#11800,#2058);
#974=LINE('',#11802,#2059);
#975=LINE('',#11804,#2060);
#976=LINE('',#11806,#2061);
#977=LINE('',#11808,#2062);
#978=LINE('',#11810,#2063);
#979=LINE('',#11812,#2064);
#980=LINE('',#11814,#2065);
#981=LINE('',#11816,#2066);
#982=LINE('',#11818,#2067);
#983=LINE('',#11820,#2068);
#984=LINE('',#11822,#2069);
#985=LINE('',#11824,#2070);
#986=LINE('',#11826,#2071);
#987=LINE('',#11828,#2072);
#988=LINE('',#11830,#2073);
#989=LINE('',#11832,#2074);
#990=LINE('',#11834,#2075);
#991=LINE('',#11835,#2076);
#992=LINE('',#11837,#2077);
#993=LINE('',#11839,#2078);
#994=LINE('',#11841,#2079);
#995=LINE('',#11843,#2080);
#996=LINE('',#11845,#2081);
#997=LINE('',#11847,#2082);
#998=LINE('',#11849,#2083);
#999=LINE('',#11851,#2084);
#1000=LINE('',#11853,#2085);
#1001=LINE('',#11855,#2086);
#1002=LINE('',#11857,#2087);
#1003=LINE('',#11859,#2088);
#1004=LINE('',#11861,#2089);
#1005=LINE('',#11863,#2090);
#1006=LINE('',#11865,#2091);
#1007=LINE('',#11867,#2092);
#1008=LINE('',#11869,#2093);
#1009=LINE('',#11871,#2094);
#1010=LINE('',#11873,#2095);
#1011=LINE('',#11875,#2096);
#1012=LINE('',#11877,#2097);
#1013=LINE('',#11879,#2098);
#1014=LINE('',#11881,#2099);
#1015=LINE('',#11883,#2100);
#1016=LINE('',#11885,#2101);
#1017=LINE('',#11887,#2102);
#1018=LINE('',#11889,#2103);
#1019=LINE('',#11891,#2104);
#1020=LINE('',#11893,#2105);
#1021=LINE('',#11895,#2106);
#1022=LINE('',#11897,#2107);
#1023=LINE('',#11899,#2108);
#1024=LINE('',#11901,#2109);
#1025=LINE('',#11903,#2110);
#1026=LINE('',#11905,#2111);
#1027=LINE('',#11907,#2112);
#1028=LINE('',#11909,#2113);
#1029=LINE('',#11911,#2114);
#1030=LINE('',#11913,#2115);
#1031=LINE('',#11915,#2116);
#1032=LINE('',#11917,#2117);
#1033=LINE('',#11919,#2118);
#1034=LINE('',#11921,#2119);
#1035=LINE('',#11923,#2120);
#1036=LINE('',#11925,#2121);
#1037=LINE('',#11927,#2122);
#1038=LINE('',#11929,#2123);
#1039=LINE('',#11931,#2124);
#1040=LINE('',#11933,#2125);
#1041=LINE('',#11935,#2126);
#1042=LINE('',#11937,#2127);
#1043=LINE('',#11939,#2128);
#1044=LINE('',#11941,#2129);
#1045=LINE('',#11943,#2130);
#1046=LINE('',#11945,#2131);
#1047=LINE('',#11947,#2132);
#1048=LINE('',#11949,#2133);
#1049=LINE('',#11951,#2134);
#1050=LINE('',#11953,#2135);
#1051=LINE('',#11955,#2136);
#1052=LINE('',#11957,#2137);
#1053=LINE('',#11959,#2138);
#1054=LINE('',#11961,#2139);
#1055=LINE('',#11963,#2140);
#1056=LINE('',#11965,#2141);
#1057=LINE('',#11967,#2142);
#1058=LINE('',#11969,#2143);
#1059=LINE('',#11971,#2144);
#1060=LINE('',#11973,#2145);
#1061=LINE('',#11975,#2146);
#1062=LINE('',#11977,#2147);
#1063=LINE('',#11979,#2148);
#1064=LINE('',#11981,#2149);
#1065=LINE('',#11983,#2150);
#1066=LINE('',#11985,#2151);
#1067=LINE('',#11987,#2152);
#1068=LINE('',#11989,#2153);
#1069=LINE('',#11991,#2154);
#1070=LINE('',#11993,#2155);
#1071=LINE('',#11995,#2156);
#1072=LINE('',#11997,#2157);
#1073=LINE('',#11999,#2158);
#1074=LINE('',#12001,#2159);
#1075=LINE('',#12003,#2160);
#1076=LINE('',#12005,#2161);
#1077=LINE('',#12007,#2162);
#1078=LINE('',#12009,#2163);
#1079=LINE('',#12011,#2164);
#1080=LINE('',#12013,#2165);
#1081=LINE('',#12015,#2166);
#1082=LINE('',#12017,#2167);
#1083=LINE('',#12021,#2168);
#1084=LINE('',#12024,#2169);
#1085=LINE('',#12026,#2170);
#1086=LINE('',#12028,#2171);
#1087=LINE('',#12030,#2172);
#1088=LINE('',#12031,#2173);
#1089=LINE('',#12033,#2174);
#1090=LINE('',#12035,#2175);
#1091=LINE('',#12037,#2176);
#1092=LINE('',#12039,#2177);
#1093=LINE('',#12040,#2178);
#1094=LINE('',#12042,#2179);
#1095=LINE('',#12044,#2180);
#1096=LINE('',#12045,#2181);
#1097=LINE('',#12048,#2182);
#1098=LINE('',#12059,#2183);
#1099=VECTOR('',#8051,1.);
#1100=VECTOR('',#8052,1.);
#1101=VECTOR('',#8053,1.);
#1102=VECTOR('',#8054,1.);
#1103=VECTOR('',#8055,1.);
#1104=VECTOR('',#8056,1.);
#1105=VECTOR('',#8057,1.);
#1106=VECTOR('',#8058,1.);
#1107=VECTOR('',#8059,1.);
#1108=VECTOR('',#8060,1.);
#1109=VECTOR('',#8061,1.);
#1110=VECTOR('',#8062,1.);
#1111=VECTOR('',#8063,1.);
#1112=VECTOR('',#8064,1.);
#1113=VECTOR('',#8065,1.);
#1114=VECTOR('',#8066,1.);
#1115=VECTOR('',#8067,1.);
#1116=VECTOR('',#8068,1.);
#1117=VECTOR('',#8069,1.);
#1118=VECTOR('',#8070,1.);
#1119=VECTOR('',#8071,1.);
#1120=VECTOR('',#8072,1.);
#1121=VECTOR('',#8073,1.);
#1122=VECTOR('',#8074,1.);
#1123=VECTOR('',#8075,1.);
#1124=VECTOR('',#8076,1.);
#1125=VECTOR('',#8077,1.);
#1126=VECTOR('',#8078,1.);
#1127=VECTOR('',#8079,1.);
#1128=VECTOR('',#8080,1.);
#1129=VECTOR('',#8081,1.);
#1130=VECTOR('',#8082,1.);
#1131=VECTOR('',#8083,1.);
#1132=VECTOR('',#8084,1.);
#1133=VECTOR('',#8085,1.);
#1134=VECTOR('',#8086,1.);
#1135=VECTOR('',#8087,1.);
#1136=VECTOR('',#8088,1.);
#1137=VECTOR('',#8089,1.);
#1138=VECTOR('',#8090,1.);
#1139=VECTOR('',#8091,1.);
#1140=VECTOR('',#8092,1.);
#1141=VECTOR('',#8093,1.);
#1142=VECTOR('',#8094,1.);
#1143=VECTOR('',#8095,1.);
#1144=VECTOR('',#8096,1.);
#1145=VECTOR('',#8097,1.);
#1146=VECTOR('',#8098,1.);
#1147=VECTOR('',#8099,1.);
#1148=VECTOR('',#8100,1.);
#1149=VECTOR('',#8101,1.);
#1150=VECTOR('',#8102,1.);
#1151=VECTOR('',#8103,1.);
#1152=VECTOR('',#8104,1.);
#1153=VECTOR('',#8105,1.);
#1154=VECTOR('',#8106,1.);
#1155=VECTOR('',#8107,1.);
#1156=VECTOR('',#8108,1.);
#1157=VECTOR('',#8109,1.);
#1158=VECTOR('',#8110,1.);
#1159=VECTOR('',#8111,1.);
#1160=VECTOR('',#8112,1.);
#1161=VECTOR('',#8113,1.);
#1162=VECTOR('',#8114,1.);
#1163=VECTOR('',#8115,1.);
#1164=VECTOR('',#8116,1.);
#1165=VECTOR('',#8117,1.);
#1166=VECTOR('',#8118,1.);
#1167=VECTOR('',#8119,1.);
#1168=VECTOR('',#8120,1.);
#1169=VECTOR('',#8121,1.);
#1170=VECTOR('',#8122,1.);
#1171=VECTOR('',#8123,1.);
#1172=VECTOR('',#8124,1.);
#1173=VECTOR('',#8125,1.);
#1174=VECTOR('',#8126,1.);
#1175=VECTOR('',#8127,1.);
#1176=VECTOR('',#8128,1.);
#1177=VECTOR('',#8129,1.);
#1178=VECTOR('',#8130,1.);
#1179=VECTOR('',#8131,1.);
#1180=VECTOR('',#8132,1.);
#1181=VECTOR('',#8133,1.);
#1182=VECTOR('',#8134,1.);
#1183=VECTOR('',#8135,1.);
#1184=VECTOR('',#8136,1.);
#1185=VECTOR('',#8137,1.);
#1186=VECTOR('',#8138,1.);
#1187=VECTOR('',#8139,1.);
#1188=VECTOR('',#8140,1.);
#1189=VECTOR('',#8141,1.);
#1190=VECTOR('',#8142,1.);
#1191=VECTOR('',#8143,1.);
#1192=VECTOR('',#8144,1.);
#1193=VECTOR('',#8145,1.);
#1194=VECTOR('',#8146,1.);
#1195=VECTOR('',#8147,1.);
#1196=VECTOR('',#8148,1.);
#1197=VECTOR('',#8149,1.);
#1198=VECTOR('',#8150,1.);
#1199=VECTOR('',#8151,1.);
#1200=VECTOR('',#8152,1.);
#1201=VECTOR('',#8153,1.);
#1202=VECTOR('',#8154,1.);
#1203=VECTOR('',#8155,1.);
#1204=VECTOR('',#8156,1.);
#1205=VECTOR('',#8157,1.);
#1206=VECTOR('',#8158,1.);
#1207=VECTOR('',#8159,1.);
#1208=VECTOR('',#8160,1.);
#1209=VECTOR('',#8161,1.);
#1210=VECTOR('',#8162,1.);
#1211=VECTOR('',#8163,1.);
#1212=VECTOR('',#8164,1.);
#1213=VECTOR('',#8165,1.);
#1214=VECTOR('',#8166,1.);
#1215=VECTOR('',#8167,1.);
#1216=VECTOR('',#8168,1.);
#1217=VECTOR('',#8169,1.);
#1218=VECTOR('',#8170,1.);
#1219=VECTOR('',#8171,1.);
#1220=VECTOR('',#8172,1.);
#1221=VECTOR('',#8173,1.);
#1222=VECTOR('',#8174,1.);
#1223=VECTOR('',#8175,1.);
#1224=VECTOR('',#8176,1.);
#1225=VECTOR('',#8177,1.);
#1226=VECTOR('',#8178,1.);
#1227=VECTOR('',#8179,1.);
#1228=VECTOR('',#8180,1.);
#1229=VECTOR('',#8181,1.);
#1230=VECTOR('',#8182,1.);
#1231=VECTOR('',#8183,1.);
#1232=VECTOR('',#8184,1.);
#1233=VECTOR('',#8185,1.);
#1234=VECTOR('',#8186,1.);
#1235=VECTOR('',#8187,1.);
#1236=VECTOR('',#8188,1.);
#1237=VECTOR('',#8189,1.);
#1238=VECTOR('',#8190,1.);
#1239=VECTOR('',#8191,1.);
#1240=VECTOR('',#8192,1.);
#1241=VECTOR('',#8193,1.);
#1242=VECTOR('',#8194,1.);
#1243=VECTOR('',#8195,1.);
#1244=VECTOR('',#8196,1.);
#1245=VECTOR('',#8197,1.);
#1246=VECTOR('',#8198,1.);
#1247=VECTOR('',#8199,1.);
#1248=VECTOR('',#8200,1.);
#1249=VECTOR('',#8201,1.);
#1250=VECTOR('',#8202,1.);
#1251=VECTOR('',#8203,1.);
#1252=VECTOR('',#8204,1.);
#1253=VECTOR('',#8205,1.);
#1254=VECTOR('',#8206,1.);
#1255=VECTOR('',#8207,1.);
#1256=VECTOR('',#8208,1.);
#1257=VECTOR('',#8209,1.);
#1258=VECTOR('',#8210,1.);
#1259=VECTOR('',#8211,1.);
#1260=VECTOR('',#8212,1.);
#1261=VECTOR('',#8213,1.);
#1262=VECTOR('',#8214,1.);
#1263=VECTOR('',#8215,1.);
#1264=VECTOR('',#8216,1.);
#1265=VECTOR('',#8217,1.);
#1266=VECTOR('',#8218,1.);
#1267=VECTOR('',#8219,1.);
#1268=VECTOR('',#8220,1.);
#1269=VECTOR('',#8221,1.);
#1270=VECTOR('',#8222,1.);
#1271=VECTOR('',#8223,1.);
#1272=VECTOR('',#8224,1.);
#1273=VECTOR('',#8225,1.);
#1274=VECTOR('',#8226,1.);
#1275=VECTOR('',#8227,1.);
#1276=VECTOR('',#8228,1.);
#1277=VECTOR('',#8229,1.);
#1278=VECTOR('',#8230,1.);
#1279=VECTOR('',#8231,1.);
#1280=VECTOR('',#8232,1.);
#1281=VECTOR('',#8233,1.);
#1282=VECTOR('',#8234,1.);
#1283=VECTOR('',#8235,1.);
#1284=VECTOR('',#8236,1.);
#1285=VECTOR('',#8237,1.);
#1286=VECTOR('',#8238,1.);
#1287=VECTOR('',#8239,1.);
#1288=VECTOR('',#8240,1.);
#1289=VECTOR('',#8241,1.);
#1290=VECTOR('',#8242,1.);
#1291=VECTOR('',#8243,1.);
#1292=VECTOR('',#8244,1.);
#1293=VECTOR('',#8245,1.);
#1294=VECTOR('',#8246,1.);
#1295=VECTOR('',#8247,1.);
#1296=VECTOR('',#8248,1.);
#1297=VECTOR('',#8249,1.);
#1298=VECTOR('',#8250,1.);
#1299=VECTOR('',#8251,1.);
#1300=VECTOR('',#8252,1.);
#1301=VECTOR('',#8253,1.);
#1302=VECTOR('',#8254,1.);
#1303=VECTOR('',#8255,1.);
#1304=VECTOR('',#8256,1.);
#1305=VECTOR('',#8257,1.);
#1306=VECTOR('',#8258,1.);
#1307=VECTOR('',#8259,1.);
#1308=VECTOR('',#8260,1.);
#1309=VECTOR('',#8261,1.);
#1310=VECTOR('',#8262,1.);
#1311=VECTOR('',#8263,1.);
#1312=VECTOR('',#8264,1.);
#1313=VECTOR('',#8265,1.);
#1314=VECTOR('',#8266,1.);
#1315=VECTOR('',#8267,1.);
#1316=VECTOR('',#8268,1.);
#1317=VECTOR('',#8269,1.);
#1318=VECTOR('',#8270,1.);
#1319=VECTOR('',#8271,1.);
#1320=VECTOR('',#8272,1.);
#1321=VECTOR('',#8273,1.);
#1322=VECTOR('',#8278,1.);
#1323=VECTOR('',#8279,1.);
#1324=VECTOR('',#8280,1.);
#1325=VECTOR('',#8281,1.);
#1326=VECTOR('',#8284,1.);
#1327=VECTOR('',#8285,1.);
#1328=VECTOR('',#8286,1.);
#1329=VECTOR('',#8287,1.);
#1330=VECTOR('',#8288,1.);
#1331=VECTOR('',#8289,1.);
#1332=VECTOR('',#8290,1.);
#1333=VECTOR('',#8291,1.);
#1334=VECTOR('',#8292,1.);
#1335=VECTOR('',#8293,1.);
#1336=VECTOR('',#8294,1.);
#1337=VECTOR('',#8295,1.);
#1338=VECTOR('',#8296,1.);
#1339=VECTOR('',#8297,1.);
#1340=VECTOR('',#8298,1.);
#1341=VECTOR('',#8299,1.);
#1342=VECTOR('',#8300,1.);
#1343=VECTOR('',#8301,1.);
#1344=VECTOR('',#8302,1.);
#1345=VECTOR('',#8303,1.);
#1346=VECTOR('',#8304,1.);
#1347=VECTOR('',#8305,1.);
#1348=VECTOR('',#8306,1.);
#1349=VECTOR('',#8307,1.);
#1350=VECTOR('',#8308,1.);
#1351=VECTOR('',#8309,1.);
#1352=VECTOR('',#8310,1.);
#1353=VECTOR('',#8311,1.);
#1354=VECTOR('',#8312,1.);
#1355=VECTOR('',#8313,1.);
#1356=VECTOR('',#8314,1.);
#1357=VECTOR('',#8315,1.);
#1358=VECTOR('',#8316,1.);
#1359=VECTOR('',#8317,1.);
#1360=VECTOR('',#8318,1.);
#1361=VECTOR('',#8319,1.);
#1362=VECTOR('',#8320,1.);
#1363=VECTOR('',#8321,1.);
#1364=VECTOR('',#8322,1.);
#1365=VECTOR('',#8323,1.);
#1366=VECTOR('',#8324,1.);
#1367=VECTOR('',#8325,1.);
#1368=VECTOR('',#8326,1.);
#1369=VECTOR('',#8327,1.);
#1370=VECTOR('',#8328,1.);
#1371=VECTOR('',#8329,1.);
#1372=VECTOR('',#8330,1.);
#1373=VECTOR('',#8331,1.);
#1374=VECTOR('',#8332,1.);
#1375=VECTOR('',#8333,1.);
#1376=VECTOR('',#8334,1.);
#1377=VECTOR('',#8335,1.);
#1378=VECTOR('',#8336,1.);
#1379=VECTOR('',#8337,1.);
#1380=VECTOR('',#8338,1.);
#1381=VECTOR('',#8339,1.);
#1382=VECTOR('',#8340,1.);
#1383=VECTOR('',#8341,1.);
#1384=VECTOR('',#8342,1.);
#1385=VECTOR('',#8343,1.);
#1386=VECTOR('',#8344,1.);
#1387=VECTOR('',#8345,1.);
#1388=VECTOR('',#8346,1.);
#1389=VECTOR('',#8347,1.);
#1390=VECTOR('',#8348,1.);
#1391=VECTOR('',#8349,1.);
#1392=VECTOR('',#8350,1.);
#1393=VECTOR('',#8351,1.);
#1394=VECTOR('',#8352,1.);
#1395=VECTOR('',#8353,1.);
#1396=VECTOR('',#8354,1.);
#1397=VECTOR('',#8355,1.);
#1398=VECTOR('',#8356,1.);
#1399=VECTOR('',#8357,1.);
#1400=VECTOR('',#8358,1.);
#1401=VECTOR('',#8359,1.);
#1402=VECTOR('',#8360,1.);
#1403=VECTOR('',#8361,1.);
#1404=VECTOR('',#8362,1.);
#1405=VECTOR('',#8363,1.);
#1406=VECTOR('',#8364,1.);
#1407=VECTOR('',#8365,1.);
#1408=VECTOR('',#8366,1.);
#1409=VECTOR('',#8367,1.);
#1410=VECTOR('',#8368,1.);
#1411=VECTOR('',#8369,1.);
#1412=VECTOR('',#8370,1.);
#1413=VECTOR('',#8371,1.);
#1414=VECTOR('',#8372,1.);
#1415=VECTOR('',#8373,1.);
#1416=VECTOR('',#8374,1.);
#1417=VECTOR('',#8375,1.);
#1418=VECTOR('',#8376,1.);
#1419=VECTOR('',#8377,1.);
#1420=VECTOR('',#8378,1.);
#1421=VECTOR('',#8379,1.);
#1422=VECTOR('',#8380,1.);
#1423=VECTOR('',#8381,1.);
#1424=VECTOR('',#8382,1.);
#1425=VECTOR('',#8383,1.);
#1426=VECTOR('',#8384,1.);
#1427=VECTOR('',#8385,1.);
#1428=VECTOR('',#8386,1.);
#1429=VECTOR('',#8387,1.);
#1430=VECTOR('',#8388,1.);
#1431=VECTOR('',#8389,1.);
#1432=VECTOR('',#8390,1.);
#1433=VECTOR('',#8391,1.);
#1434=VECTOR('',#8392,1.);
#1435=VECTOR('',#8393,1.);
#1436=VECTOR('',#8394,1.);
#1437=VECTOR('',#8395,1.);
#1438=VECTOR('',#8396,1.);
#1439=VECTOR('',#8397,1.);
#1440=VECTOR('',#8398,1.);
#1441=VECTOR('',#8399,1.);
#1442=VECTOR('',#8400,1.);
#1443=VECTOR('',#8401,1.);
#1444=VECTOR('',#8402,1.);
#1445=VECTOR('',#8403,1.);
#1446=VECTOR('',#8404,1.);
#1447=VECTOR('',#8405,1.);
#1448=VECTOR('',#8406,1.);
#1449=VECTOR('',#8407,1.);
#1450=VECTOR('',#8408,1.);
#1451=VECTOR('',#8409,1.);
#1452=VECTOR('',#8410,1.);
#1453=VECTOR('',#8411,1.);
#1454=VECTOR('',#8412,1.);
#1455=VECTOR('',#8413,1.);
#1456=VECTOR('',#8414,1.);
#1457=VECTOR('',#8415,1.);
#1458=VECTOR('',#8416,1.);
#1459=VECTOR('',#8417,1.);
#1460=VECTOR('',#8418,1.);
#1461=VECTOR('',#8419,1.);
#1462=VECTOR('',#8420,1.);
#1463=VECTOR('',#8421,1.);
#1464=VECTOR('',#8422,1.);
#1465=VECTOR('',#8423,1.);
#1466=VECTOR('',#8424,1.);
#1467=VECTOR('',#8425,1.);
#1468=VECTOR('',#8426,1.);
#1469=VECTOR('',#8427,1.);
#1470=VECTOR('',#8428,1.);
#1471=VECTOR('',#8429,1.);
#1472=VECTOR('',#8430,1.);
#1473=VECTOR('',#8431,1.);
#1474=VECTOR('',#8432,1.);
#1475=VECTOR('',#8433,1.);
#1476=VECTOR('',#8434,1.);
#1477=VECTOR('',#8435,1.);
#1478=VECTOR('',#8436,1.);
#1479=VECTOR('',#8437,1.);
#1480=VECTOR('',#8438,1.);
#1481=VECTOR('',#8439,1.);
#1482=VECTOR('',#8440,1.);
#1483=VECTOR('',#8441,1.);
#1484=VECTOR('',#8442,1.);
#1485=VECTOR('',#8443,1.);
#1486=VECTOR('',#8444,1.);
#1487=VECTOR('',#8445,1.);
#1488=VECTOR('',#8446,1.);
#1489=VECTOR('',#8447,1.);
#1490=VECTOR('',#8448,1.);
#1491=VECTOR('',#8449,1.);
#1492=VECTOR('',#8450,1.);
#1493=VECTOR('',#8451,1.);
#1494=VECTOR('',#8452,1.);
#1495=VECTOR('',#8453,1.);
#1496=VECTOR('',#8454,1.);
#1497=VECTOR('',#8455,1.);
#1498=VECTOR('',#8456,1.);
#1499=VECTOR('',#8457,1.);
#1500=VECTOR('',#8458,1.);
#1501=VECTOR('',#8459,1.);
#1502=VECTOR('',#8460,1.);
#1503=VECTOR('',#8461,1.);
#1504=VECTOR('',#8462,1.);
#1505=VECTOR('',#8463,1.);
#1506=VECTOR('',#8464,1.);
#1507=VECTOR('',#8465,1.);
#1508=VECTOR('',#8466,1.);
#1509=VECTOR('',#8467,1.);
#1510=VECTOR('',#8468,1.);
#1511=VECTOR('',#8469,1.);
#1512=VECTOR('',#8470,1.);
#1513=VECTOR('',#8471,1.);
#1514=VECTOR('',#8472,1.);
#1515=VECTOR('',#8473,1.);
#1516=VECTOR('',#8474,1.);
#1517=VECTOR('',#8475,1.);
#1518=VECTOR('',#8476,1.);
#1519=VECTOR('',#8477,1.);
#1520=VECTOR('',#8478,1.);
#1521=VECTOR('',#8479,1.);
#1522=VECTOR('',#8480,1.);
#1523=VECTOR('',#8481,1.);
#1524=VECTOR('',#8482,1.);
#1525=VECTOR('',#8483,1.);
#1526=VECTOR('',#8484,1.);
#1527=VECTOR('',#8485,1.);
#1528=VECTOR('',#8486,1.);
#1529=VECTOR('',#8487,1.);
#1530=VECTOR('',#8488,1.);
#1531=VECTOR('',#8489,1.);
#1532=VECTOR('',#8490,1.);
#1533=VECTOR('',#8491,1.);
#1534=VECTOR('',#8492,1.);
#1535=VECTOR('',#8493,1.);
#1536=VECTOR('',#8494,1.);
#1537=VECTOR('',#8495,1.);
#1538=VECTOR('',#8496,1.);
#1539=VECTOR('',#8497,1.);
#1540=VECTOR('',#8498,1.);
#1541=VECTOR('',#8499,1.);
#1542=VECTOR('',#8500,1.);
#1543=VECTOR('',#8501,1.);
#1544=VECTOR('',#8502,1.);
#1545=VECTOR('',#8503,1.);
#1546=VECTOR('',#8504,1.);
#1547=VECTOR('',#8505,1.);
#1548=VECTOR('',#8506,1.);
#1549=VECTOR('',#8507,1.);
#1550=VECTOR('',#8508,1.);
#1551=VECTOR('',#8509,1.);
#1552=VECTOR('',#8510,1.);
#1553=VECTOR('',#8511,1.);
#1554=VECTOR('',#8512,1.);
#1555=VECTOR('',#8513,1.);
#1556=VECTOR('',#8514,1.);
#1557=VECTOR('',#8515,1.);
#1558=VECTOR('',#8516,1.);
#1559=VECTOR('',#8517,1.);
#1560=VECTOR('',#8518,1.);
#1561=VECTOR('',#8519,1.);
#1562=VECTOR('',#8520,1.);
#1563=VECTOR('',#8521,1.);
#1564=VECTOR('',#8522,1.);
#1565=VECTOR('',#8523,1.);
#1566=VECTOR('',#8524,1.);
#1567=VECTOR('',#8525,1.);
#1568=VECTOR('',#8526,1.);
#1569=VECTOR('',#8527,1.);
#1570=VECTOR('',#8528,1.);
#1571=VECTOR('',#8529,1.);
#1572=VECTOR('',#8530,1.);
#1573=VECTOR('',#8531,1.);
#1574=VECTOR('',#8532,1.);
#1575=VECTOR('',#8533,1.);
#1576=VECTOR('',#8534,1.);
#1577=VECTOR('',#8535,1.);
#1578=VECTOR('',#8536,1.);
#1579=VECTOR('',#8537,1.);
#1580=VECTOR('',#8538,1.);
#1581=VECTOR('',#8539,1.);
#1582=VECTOR('',#8540,1.);
#1583=VECTOR('',#8541,1.);
#1584=VECTOR('',#8542,1.);
#1585=VECTOR('',#8543,1.);
#1586=VECTOR('',#8544,1.);
#1587=VECTOR('',#8545,1.);
#1588=VECTOR('',#8546,1.);
#1589=VECTOR('',#8547,1.);
#1590=VECTOR('',#8548,1.);
#1591=VECTOR('',#8549,1.);
#1592=VECTOR('',#8550,1.);
#1593=VECTOR('',#8551,1.);
#1594=VECTOR('',#8552,1.);
#1595=VECTOR('',#8553,1.);
#1596=VECTOR('',#8554,1.);
#1597=VECTOR('',#8555,1.);
#1598=VECTOR('',#8556,1.);
#1599=VECTOR('',#8557,1.);
#1600=VECTOR('',#8558,1.);
#1601=VECTOR('',#8559,1.);
#1602=VECTOR('',#8560,1.);
#1603=VECTOR('',#8561,1.);
#1604=VECTOR('',#8562,1.);
#1605=VECTOR('',#8563,1.);
#1606=VECTOR('',#8564,1.);
#1607=VECTOR('',#8565,1.);
#1608=VECTOR('',#8566,1.);
#1609=VECTOR('',#8567,1.);
#1610=VECTOR('',#8568,1.);
#1611=VECTOR('',#8569,1.);
#1612=VECTOR('',#8570,1.);
#1613=VECTOR('',#8571,1.);
#1614=VECTOR('',#8572,1.);
#1615=VECTOR('',#8573,1.);
#1616=VECTOR('',#8574,1.);
#1617=VECTOR('',#8575,1.);
#1618=VECTOR('',#8576,1.);
#1619=VECTOR('',#8577,1.);
#1620=VECTOR('',#8578,1.);
#1621=VECTOR('',#8579,1.);
#1622=VECTOR('',#8580,1.);
#1623=VECTOR('',#8581,1.);
#1624=VECTOR('',#8582,1.);
#1625=VECTOR('',#8583,1.);
#1626=VECTOR('',#8584,1.);
#1627=VECTOR('',#8585,1.);
#1628=VECTOR('',#8586,1.);
#1629=VECTOR('',#8587,1.);
#1630=VECTOR('',#8588,1.);
#1631=VECTOR('',#8589,1.);
#1632=VECTOR('',#8590,1.);
#1633=VECTOR('',#8591,1.);
#1634=VECTOR('',#8592,1.);
#1635=VECTOR('',#8593,1.);
#1636=VECTOR('',#8594,1.);
#1637=VECTOR('',#8595,1.);
#1638=VECTOR('',#8596,1.);
#1639=VECTOR('',#8597,1.);
#1640=VECTOR('',#8598,1.);
#1641=VECTOR('',#8599,1.);
#1642=VECTOR('',#8600,1.);
#1643=VECTOR('',#8601,1.);
#1644=VECTOR('',#8602,1.);
#1645=VECTOR('',#8603,1.);
#1646=VECTOR('',#8604,1.);
#1647=VECTOR('',#8605,1.);
#1648=VECTOR('',#8606,1.);
#1649=VECTOR('',#8607,1.);
#1650=VECTOR('',#8608,1.);
#1651=VECTOR('',#8609,1.);
#1652=VECTOR('',#8610,1.);
#1653=VECTOR('',#8611,1.);
#1654=VECTOR('',#8612,1.);
#1655=VECTOR('',#8613,1.);
#1656=VECTOR('',#8614,1.);
#1657=VECTOR('',#8615,1.);
#1658=VECTOR('',#8616,1.);
#1659=VECTOR('',#8617,1.);
#1660=VECTOR('',#8618,1.);
#1661=VECTOR('',#8619,1.);
#1662=VECTOR('',#8620,1.);
#1663=VECTOR('',#8621,1.);
#1664=VECTOR('',#8622,1.);
#1665=VECTOR('',#8623,1.);
#1666=VECTOR('',#8624,1.);
#1667=VECTOR('',#8625,1.);
#1668=VECTOR('',#8626,1.);
#1669=VECTOR('',#8627,1.);
#1670=VECTOR('',#8628,1.);
#1671=VECTOR('',#8629,1.);
#1672=VECTOR('',#8630,1.);
#1673=VECTOR('',#8631,1.);
#1674=VECTOR('',#8632,1.);
#1675=VECTOR('',#8635,1.);
#1676=VECTOR('',#8636,1.);
#1677=VECTOR('',#8639,1.);
#1678=VECTOR('',#8640,1.);
#1679=VECTOR('',#8641,1.);
#1680=VECTOR('',#8642,1.);
#1681=VECTOR('',#8645,1.);
#1682=VECTOR('',#8646,1.);
#1683=VECTOR('',#8649,1.);
#1684=VECTOR('',#8650,1.);
#1685=VECTOR('',#8653,1.);
#1686=VECTOR('',#8656,1.);
#1687=VECTOR('',#8659,1.);
#1688=VECTOR('',#8660,1.);
#1689=VECTOR('',#8663,1.);
#1690=VECTOR('',#8666,1.);
#1691=VECTOR('',#8669,1.);
#1692=VECTOR('',#8674,1.);
#1693=VECTOR('',#8677,1.);
#1694=VECTOR('',#8680,1.);
#1695=VECTOR('',#8683,1.);
#1696=VECTOR('',#8686,1.);
#1697=VECTOR('',#8689,1.);
#1698=VECTOR('',#8692,1.);
#1699=VECTOR('',#8695,1.);
#1700=VECTOR('',#8698,1.);
#1701=VECTOR('',#8701,1.);
#1702=VECTOR('',#8704,1.);
#1703=VECTOR('',#8707,1.);
#1704=VECTOR('',#8710,1.);
#1705=VECTOR('',#8713,1.);
#1706=VECTOR('',#8716,1.);
#1707=VECTOR('',#8719,1.);
#1708=VECTOR('',#8722,1.);
#1709=VECTOR('',#8725,1.);
#1710=VECTOR('',#8728,1.);
#1711=VECTOR('',#8731,1.);
#1712=VECTOR('',#8734,1.);
#1713=VECTOR('',#8737,1.);
#1714=VECTOR('',#8740,1.);
#1715=VECTOR('',#8743,1.);
#1716=VECTOR('',#8746,1.);
#1717=VECTOR('',#8749,1.);
#1718=VECTOR('',#8752,1.);
#1719=VECTOR('',#8755,1.);
#1720=VECTOR('',#8758,1.);
#1721=VECTOR('',#8761,1.);
#1722=VECTOR('',#8764,1.);
#1723=VECTOR('',#8767,1.);
#1724=VECTOR('',#8770,1.);
#1725=VECTOR('',#8773,1.);
#1726=VECTOR('',#8776,1.);
#1727=VECTOR('',#8779,1.);
#1728=VECTOR('',#8782,1.);
#1729=VECTOR('',#8785,1.);
#1730=VECTOR('',#8788,1.);
#1731=VECTOR('',#8791,1.);
#1732=VECTOR('',#8794,1.);
#1733=VECTOR('',#8797,1.);
#1734=VECTOR('',#8800,1.);
#1735=VECTOR('',#8803,1.);
#1736=VECTOR('',#8806,1.);
#1737=VECTOR('',#8809,1.);
#1738=VECTOR('',#8812,1.);
#1739=VECTOR('',#8815,1.);
#1740=VECTOR('',#8818,1.);
#1741=VECTOR('',#8821,1.);
#1742=VECTOR('',#8824,1.);
#1743=VECTOR('',#8827,1.);
#1744=VECTOR('',#8830,1.);
#1745=VECTOR('',#8833,1.);
#1746=VECTOR('',#8836,1.);
#1747=VECTOR('',#8839,1.);
#1748=VECTOR('',#8842,1.);
#1749=VECTOR('',#8845,1.);
#1750=VECTOR('',#8848,1.);
#1751=VECTOR('',#8851,1.);
#1752=VECTOR('',#8854,1.);
#1753=VECTOR('',#8857,1.);
#1754=VECTOR('',#8860,1.);
#1755=VECTOR('',#8863,1.);
#1756=VECTOR('',#8866,1.);
#1757=VECTOR('',#8869,1.);
#1758=VECTOR('',#8872,1.);
#1759=VECTOR('',#8875,1.);
#1760=VECTOR('',#8878,1.);
#1761=VECTOR('',#8881,1.);
#1762=VECTOR('',#8884,1.);
#1763=VECTOR('',#8887,1.);
#1764=VECTOR('',#8890,1.);
#1765=VECTOR('',#8893,1.);
#1766=VECTOR('',#8896,1.);
#1767=VECTOR('',#8899,1.);
#1768=VECTOR('',#8902,1.);
#1769=VECTOR('',#8905,1.);
#1770=VECTOR('',#8908,1.);
#1771=VECTOR('',#8911,1.);
#1772=VECTOR('',#8914,1.);
#1773=VECTOR('',#8917,1.);
#1774=VECTOR('',#8920,1.);
#1775=VECTOR('',#8923,1.);
#1776=VECTOR('',#8926,1.);
#1777=VECTOR('',#8929,1.);
#1778=VECTOR('',#8932,1.);
#1779=VECTOR('',#8935,1.);
#1780=VECTOR('',#8938,1.);
#1781=VECTOR('',#8941,1.);
#1782=VECTOR('',#8944,1.);
#1783=VECTOR('',#8947,1.);
#1784=VECTOR('',#8950,1.);
#1785=VECTOR('',#8953,1.);
#1786=VECTOR('',#8956,1.);
#1787=VECTOR('',#8959,1.);
#1788=VECTOR('',#8962,1.);
#1789=VECTOR('',#8965,1.);
#1790=VECTOR('',#8968,1.);
#1791=VECTOR('',#8971,1.);
#1792=VECTOR('',#8974,1.);
#1793=VECTOR('',#8977,1.);
#1794=VECTOR('',#8980,1.);
#1795=VECTOR('',#8983,1.);
#1796=VECTOR('',#8986,1.);
#1797=VECTOR('',#8989,1.);
#1798=VECTOR('',#8992,1.);
#1799=VECTOR('',#8995,1.);
#1800=VECTOR('',#8998,1.);
#1801=VECTOR('',#9001,1.);
#1802=VECTOR('',#9004,1.);
#1803=VECTOR('',#9007,1.);
#1804=VECTOR('',#9010,1.);
#1805=VECTOR('',#9013,1.);
#1806=VECTOR('',#9014,1.);
#1807=VECTOR('',#9017,1.);
#1808=VECTOR('',#9018,1.);
#1809=VECTOR('',#9021,1.);
#1810=VECTOR('',#9022,1.);
#1811=VECTOR('',#9025,1.);
#1812=VECTOR('',#9026,1.);
#1813=VECTOR('',#9029,1.);
#1814=VECTOR('',#9030,1.);
#1815=VECTOR('',#9033,1.);
#1816=VECTOR('',#9034,1.);
#1817=VECTOR('',#9037,1.);
#1818=VECTOR('',#9038,1.);
#1819=VECTOR('',#9041,1.);
#1820=VECTOR('',#9042,1.);
#1821=VECTOR('',#9045,1.);
#1822=VECTOR('',#9046,1.);
#1823=VECTOR('',#9049,1.);
#1824=VECTOR('',#9050,1.);
#1825=VECTOR('',#9053,1.);
#1826=VECTOR('',#9054,1.);
#1827=VECTOR('',#9057,1.);
#1828=VECTOR('',#9058,1.);
#1829=VECTOR('',#9061,1.);
#1830=VECTOR('',#9062,1.);
#1831=VECTOR('',#9065,1.);
#1832=VECTOR('',#9066,1.);
#1833=VECTOR('',#9069,1.);
#1834=VECTOR('',#9070,1.);
#1835=VECTOR('',#9073,1.);
#1836=VECTOR('',#9074,1.);
#1837=VECTOR('',#9077,1.);
#1838=VECTOR('',#9078,1.);
#1839=VECTOR('',#9081,1.);
#1840=VECTOR('',#9082,1.);
#1841=VECTOR('',#9085,1.);
#1842=VECTOR('',#9086,1.);
#1843=VECTOR('',#9089,1.);
#1844=VECTOR('',#9090,1.);
#1845=VECTOR('',#9093,1.);
#1846=VECTOR('',#9094,1.);
#1847=VECTOR('',#9097,1.);
#1848=VECTOR('',#9098,1.);
#1849=VECTOR('',#9101,1.);
#1850=VECTOR('',#9102,1.);
#1851=VECTOR('',#9105,1.);
#1852=VECTOR('',#9106,1.);
#1853=VECTOR('',#9109,1.);
#1854=VECTOR('',#9110,1.);
#1855=VECTOR('',#9113,1.);
#1856=VECTOR('',#9114,1.);
#1857=VECTOR('',#9117,1.);
#1858=VECTOR('',#9118,1.);
#1859=VECTOR('',#9121,1.);
#1860=VECTOR('',#9122,1.);
#1861=VECTOR('',#9125,1.);
#1862=VECTOR('',#9126,1.);
#1863=VECTOR('',#9129,1.);
#1864=VECTOR('',#9130,1.);
#1865=VECTOR('',#9133,1.);
#1866=VECTOR('',#9134,1.);
#1867=VECTOR('',#9137,1.);
#1868=VECTOR('',#9138,1.);
#1869=VECTOR('',#9141,1.);
#1870=VECTOR('',#9142,1.);
#1871=VECTOR('',#9145,1.);
#1872=VECTOR('',#9146,1.);
#1873=VECTOR('',#9149,1.);
#1874=VECTOR('',#9150,1.);
#1875=VECTOR('',#9153,1.);
#1876=VECTOR('',#9154,1.);
#1877=VECTOR('',#9157,1.);
#1878=VECTOR('',#9158,1.);
#1879=VECTOR('',#9161,1.);
#1880=VECTOR('',#9162,1.);
#1881=VECTOR('',#9165,1.);
#1882=VECTOR('',#9166,1.);
#1883=VECTOR('',#9169,1.);
#1884=VECTOR('',#9170,1.);
#1885=VECTOR('',#9173,1.);
#1886=VECTOR('',#9174,1.);
#1887=VECTOR('',#9177,1.);
#1888=VECTOR('',#9178,1.);
#1889=VECTOR('',#9181,1.);
#1890=VECTOR('',#9182,1.);
#1891=VECTOR('',#9185,1.);
#1892=VECTOR('',#9186,1.);
#1893=VECTOR('',#9189,1.);
#1894=VECTOR('',#9190,1.);
#1895=VECTOR('',#9193,1.);
#1896=VECTOR('',#9194,1.);
#1897=VECTOR('',#9197,1.);
#1898=VECTOR('',#9198,1.);
#1899=VECTOR('',#9201,1.);
#1900=VECTOR('',#9202,1.);
#1901=VECTOR('',#9205,1.);
#1902=VECTOR('',#9206,1.);
#1903=VECTOR('',#9209,1.);
#1904=VECTOR('',#9210,1.);
#1905=VECTOR('',#9213,1.);
#1906=VECTOR('',#9214,1.);
#1907=VECTOR('',#9217,1.);
#1908=VECTOR('',#9218,1.);
#1909=VECTOR('',#9221,1.);
#1910=VECTOR('',#9222,1.);
#1911=VECTOR('',#9225,1.);
#1912=VECTOR('',#9226,1.);
#1913=VECTOR('',#9229,1.);
#1914=VECTOR('',#9230,1.);
#1915=VECTOR('',#9233,1.);
#1916=VECTOR('',#9234,1.);
#1917=VECTOR('',#9237,1.);
#1918=VECTOR('',#9238,1.);
#1919=VECTOR('',#9241,1.);
#1920=VECTOR('',#9242,1.);
#1921=VECTOR('',#9245,1.);
#1922=VECTOR('',#9246,1.);
#1923=VECTOR('',#9249,1.);
#1924=VECTOR('',#9250,1.);
#1925=VECTOR('',#9253,1.);
#1926=VECTOR('',#9254,1.);
#1927=VECTOR('',#9257,1.);
#1928=VECTOR('',#9258,1.);
#1929=VECTOR('',#9261,1.);
#1930=VECTOR('',#9262,1.);
#1931=VECTOR('',#9265,1.);
#1932=VECTOR('',#9266,1.);
#1933=VECTOR('',#9269,1.);
#1934=VECTOR('',#9270,1.);
#1935=VECTOR('',#9273,1.);
#1936=VECTOR('',#9274,1.);
#1937=VECTOR('',#9277,1.);
#1938=VECTOR('',#9278,1.);
#1939=VECTOR('',#9281,1.);
#1940=VECTOR('',#9282,1.);
#1941=VECTOR('',#9285,1.);
#1942=VECTOR('',#9286,1.);
#1943=VECTOR('',#9289,1.);
#1944=VECTOR('',#9290,1.);
#1945=VECTOR('',#9293,1.);
#1946=VECTOR('',#9294,1.);
#1947=VECTOR('',#9297,1.);
#1948=VECTOR('',#9298,1.);
#1949=VECTOR('',#9301,1.);
#1950=VECTOR('',#9302,1.);
#1951=VECTOR('',#9305,1.);
#1952=VECTOR('',#9306,1.);
#1953=VECTOR('',#9309,1.);
#1954=VECTOR('',#9310,1.);
#1955=VECTOR('',#9313,1.);
#1956=VECTOR('',#9314,1.);
#1957=VECTOR('',#9317,1.);
#1958=VECTOR('',#9318,1.);
#1959=VECTOR('',#9321,1.);
#1960=VECTOR('',#9322,1.);
#1961=VECTOR('',#9325,1.);
#1962=VECTOR('',#9326,1.);
#1963=VECTOR('',#9329,1.);
#1964=VECTOR('',#9330,1.);
#1965=VECTOR('',#9333,1.);
#1966=VECTOR('',#9334,1.);
#1967=VECTOR('',#9337,1.);
#1968=VECTOR('',#9338,1.);
#1969=VECTOR('',#9341,1.);
#1970=VECTOR('',#9342,1.);
#1971=VECTOR('',#9345,1.);
#1972=VECTOR('',#9346,1.);
#1973=VECTOR('',#9349,1.);
#1974=VECTOR('',#9350,1.);
#1975=VECTOR('',#9353,1.);
#1976=VECTOR('',#9354,1.);
#1977=VECTOR('',#9357,1.);
#1978=VECTOR('',#9358,1.);
#1979=VECTOR('',#9361,1.);
#1980=VECTOR('',#9362,1.);
#1981=VECTOR('',#9365,1.);
#1982=VECTOR('',#9366,1.);
#1983=VECTOR('',#9369,1.);
#1984=VECTOR('',#9370,1.);
#1985=VECTOR('',#9373,1.);
#1986=VECTOR('',#9374,1.);
#1987=VECTOR('',#9377,1.);
#1988=VECTOR('',#9378,1.);
#1989=VECTOR('',#9381,1.);
#1990=VECTOR('',#9382,1.);
#1991=VECTOR('',#9385,1.);
#1992=VECTOR('',#9386,1.);
#1993=VECTOR('',#9389,1.);
#1994=VECTOR('',#9390,1.);
#1995=VECTOR('',#9393,1.);
#1996=VECTOR('',#9394,1.);
#1997=VECTOR('',#9397,1.);
#1998=VECTOR('',#9398,1.);
#1999=VECTOR('',#9401,1.);
#2000=VECTOR('',#9402,1.);
#2001=VECTOR('',#9405,1.);
#2002=VECTOR('',#9406,1.);
#2003=VECTOR('',#9409,1.);
#2004=VECTOR('',#9410,1.);
#2005=VECTOR('',#9413,1.);
#2006=VECTOR('',#9414,1.);
#2007=VECTOR('',#9417,1.);
#2008=VECTOR('',#9418,1.);
#2009=VECTOR('',#9421,1.);
#2010=VECTOR('',#9422,1.);
#2011=VECTOR('',#9425,1.);
#2012=VECTOR('',#9426,1.);
#2013=VECTOR('',#9429,1.);
#2014=VECTOR('',#9430,1.);
#2015=VECTOR('',#9433,1.);
#2016=VECTOR('',#9434,1.);
#2017=VECTOR('',#9437,1.);
#2018=VECTOR('',#9438,1.);
#2019=VECTOR('',#9441,1.);
#2020=VECTOR('',#9442,1.);
#2021=VECTOR('',#9445,1.);
#2022=VECTOR('',#9446,1.);
#2023=VECTOR('',#9449,1.);
#2024=VECTOR('',#9450,1.);
#2025=VECTOR('',#9453,1.);
#2026=VECTOR('',#9454,1.);
#2027=VECTOR('',#9457,1.);
#2028=VECTOR('',#9458,1.);
#2029=VECTOR('',#9461,1.);
#2030=VECTOR('',#9462,1.);
#2031=VECTOR('',#9465,1.);
#2032=VECTOR('',#9466,1.);
#2033=VECTOR('',#9469,1.);
#2034=VECTOR('',#9470,1.);
#2035=VECTOR('',#9473,1.);
#2036=VECTOR('',#9474,1.);
#2037=VECTOR('',#9477,1.);
#2038=VECTOR('',#9478,1.);
#2039=VECTOR('',#9481,1.);
#2040=VECTOR('',#9482,1.);
#2041=VECTOR('',#9485,1.);
#2042=VECTOR('',#9486,1.);
#2043=VECTOR('',#9489,1.);
#2044=VECTOR('',#9490,1.);
#2045=VECTOR('',#9493,1.);
#2046=VECTOR('',#9494,1.);
#2047=VECTOR('',#9497,1.);
#2048=VECTOR('',#9498,1.);
#2049=VECTOR('',#9501,1.);
#2050=VECTOR('',#9502,1.);
#2051=VECTOR('',#9505,1.);
#2052=VECTOR('',#9506,1.);
#2053=VECTOR('',#9509,1.);
#2054=VECTOR('',#9510,1.);
#2055=VECTOR('',#9513,1.);
#2056=VECTOR('',#9514,1.);
#2057=VECTOR('',#9517,1.);
#2058=VECTOR('',#9518,1.);
#2059=VECTOR('',#9521,1.);
#2060=VECTOR('',#9522,1.);
#2061=VECTOR('',#9525,1.);
#2062=VECTOR('',#9526,1.);
#2063=VECTOR('',#9529,1.);
#2064=VECTOR('',#9530,1.);
#2065=VECTOR('',#9533,1.);
#2066=VECTOR('',#9534,1.);
#2067=VECTOR('',#9537,1.);
#2068=VECTOR('',#9538,1.);
#2069=VECTOR('',#9541,1.);
#2070=VECTOR('',#9542,1.);
#2071=VECTOR('',#9545,1.);
#2072=VECTOR('',#9546,1.);
#2073=VECTOR('',#9549,1.);
#2074=VECTOR('',#9550,1.);
#2075=VECTOR('',#9553,1.);
#2076=VECTOR('',#9554,1.);
#2077=VECTOR('',#9555,1.);
#2078=VECTOR('',#9558,1.);
#2079=VECTOR('',#9561,1.);
#2080=VECTOR('',#9564,1.);
#2081=VECTOR('',#9567,1.);
#2082=VECTOR('',#9570,1.);
#2083=VECTOR('',#9573,1.);
#2084=VECTOR('',#9576,1.);
#2085=VECTOR('',#9579,1.);
#2086=VECTOR('',#9582,1.);
#2087=VECTOR('',#9585,1.);
#2088=VECTOR('',#9588,1.);
#2089=VECTOR('',#9591,1.);
#2090=VECTOR('',#9594,1.);
#2091=VECTOR('',#9597,1.);
#2092=VECTOR('',#9600,1.);
#2093=VECTOR('',#9603,1.);
#2094=VECTOR('',#9606,1.);
#2095=VECTOR('',#9609,1.);
#2096=VECTOR('',#9612,1.);
#2097=VECTOR('',#9615,1.);
#2098=VECTOR('',#9618,1.);
#2099=VECTOR('',#9621,1.);
#2100=VECTOR('',#9624,1.);
#2101=VECTOR('',#9627,1.);
#2102=VECTOR('',#9630,1.);
#2103=VECTOR('',#9633,1.);
#2104=VECTOR('',#9636,1.);
#2105=VECTOR('',#9639,1.);
#2106=VECTOR('',#9642,1.);
#2107=VECTOR('',#9645,1.);
#2108=VECTOR('',#9648,1.);
#2109=VECTOR('',#9651,1.);
#2110=VECTOR('',#9654,1.);
#2111=VECTOR('',#9657,1.);
#2112=VECTOR('',#9660,1.);
#2113=VECTOR('',#9663,1.);
#2114=VECTOR('',#9666,1.);
#2115=VECTOR('',#9669,1.);
#2116=VECTOR('',#9672,1.);
#2117=VECTOR('',#9675,1.);
#2118=VECTOR('',#9678,1.);
#2119=VECTOR('',#9681,1.);
#2120=VECTOR('',#9684,1.);
#2121=VECTOR('',#9687,1.);
#2122=VECTOR('',#9690,1.);
#2123=VECTOR('',#9693,1.);
#2124=VECTOR('',#9696,1.);
#2125=VECTOR('',#9699,1.);
#2126=VECTOR('',#9702,1.);
#2127=VECTOR('',#9705,1.);
#2128=VECTOR('',#9708,1.);
#2129=VECTOR('',#9711,1.);
#2130=VECTOR('',#9714,1.);
#2131=VECTOR('',#9717,1.);
#2132=VECTOR('',#9720,1.);
#2133=VECTOR('',#9723,1.);
#2134=VECTOR('',#9726,1.);
#2135=VECTOR('',#9729,1.);
#2136=VECTOR('',#9732,1.);
#2137=VECTOR('',#9735,1.);
#2138=VECTOR('',#9738,1.);
#2139=VECTOR('',#9741,1.);
#2140=VECTOR('',#9744,1.);
#2141=VECTOR('',#9747,1.);
#2142=VECTOR('',#9750,1.);
#2143=VECTOR('',#9753,1.);
#2144=VECTOR('',#9756,1.);
#2145=VECTOR('',#9759,1.);
#2146=VECTOR('',#9762,1.);
#2147=VECTOR('',#9765,1.);
#2148=VECTOR('',#9768,1.);
#2149=VECTOR('',#9771,1.);
#2150=VECTOR('',#9774,1.);
#2151=VECTOR('',#9777,1.);
#2152=VECTOR('',#9780,1.);
#2153=VECTOR('',#9783,1.);
#2154=VECTOR('',#9786,1.);
#2155=VECTOR('',#9789,1.);
#2156=VECTOR('',#9792,1.);
#2157=VECTOR('',#9795,1.);
#2158=VECTOR('',#9798,1.);
#2159=VECTOR('',#9801,1.);
#2160=VECTOR('',#9804,1.);
#2161=VECTOR('',#9807,1.);
#2162=VECTOR('',#9810,1.);
#2163=VECTOR('',#9813,1.);
#2164=VECTOR('',#9816,1.);
#2165=VECTOR('',#9819,1.);
#2166=VECTOR('',#9822,1.);
#2167=VECTOR('',#9825,1.);
#2168=VECTOR('',#9832,1.);
#2169=VECTOR('',#9833,1.);
#2170=VECTOR('',#9834,1.);
#2171=VECTOR('',#9835,1.);
#2172=VECTOR('',#9836,1.);
#2173=VECTOR('',#9837,1.);
#2174=VECTOR('',#9838,1.);
#2175=VECTOR('',#9841,1.);
#2176=VECTOR('',#9844,1.);
#2177=VECTOR('',#9845,1.);
#2178=VECTOR('',#9846,1.);
#2179=VECTOR('',#9849,1.);
#2180=VECTOR('',#9850,1.);
#2181=VECTOR('',#9851,1.);
#2182=VECTOR('',#9856,1.);
#2183=VECTOR('',#9873,1.);
#2184=ORIENTED_EDGE('',*,*,#4362,.F.);
#2185=ORIENTED_EDGE('',*,*,#4363,.T.);
#2186=ORIENTED_EDGE('',*,*,#4364,.T.);
#2187=ORIENTED_EDGE('',*,*,#4365,.F.);
#2188=ORIENTED_EDGE('',*,*,#4366,.F.);
#2189=ORIENTED_EDGE('',*,*,#4367,.F.);
#2190=ORIENTED_EDGE('',*,*,#4368,.T.);
#2191=ORIENTED_EDGE('',*,*,#4369,.F.);
#2192=ORIENTED_EDGE('',*,*,#4370,.F.);
#2193=ORIENTED_EDGE('',*,*,#4371,.T.);
#2194=ORIENTED_EDGE('',*,*,#4372,.T.);
#2195=ORIENTED_EDGE('',*,*,#4373,.F.);
#2196=ORIENTED_EDGE('',*,*,#4374,.F.);
#2197=ORIENTED_EDGE('',*,*,#4375,.T.);
#2198=ORIENTED_EDGE('',*,*,#4376,.T.);
#2199=ORIENTED_EDGE('',*,*,#4377,.F.);
#2200=ORIENTED_EDGE('',*,*,#4378,.F.);
#2201=ORIENTED_EDGE('',*,*,#4379,.T.);
#2202=ORIENTED_EDGE('',*,*,#4380,.T.);
#2203=ORIENTED_EDGE('',*,*,#4381,.F.);
#2204=ORIENTED_EDGE('',*,*,#4382,.F.);
#2205=ORIENTED_EDGE('',*,*,#4383,.T.);
#2206=ORIENTED_EDGE('',*,*,#4384,.T.);
#2207=ORIENTED_EDGE('',*,*,#4385,.F.);
#2208=ORIENTED_EDGE('',*,*,#4386,.F.);
#2209=ORIENTED_EDGE('',*,*,#4387,.T.);
#2210=ORIENTED_EDGE('',*,*,#4388,.T.);
#2211=ORIENTED_EDGE('',*,*,#4389,.F.);
#2212=ORIENTED_EDGE('',*,*,#4390,.F.);
#2213=ORIENTED_EDGE('',*,*,#4391,.T.);
#2214=ORIENTED_EDGE('',*,*,#4392,.T.);
#2215=ORIENTED_EDGE('',*,*,#4393,.F.);
#2216=ORIENTED_EDGE('',*,*,#4394,.F.);
#2217=ORIENTED_EDGE('',*,*,#4395,.T.);
#2218=ORIENTED_EDGE('',*,*,#4396,.T.);
#2219=ORIENTED_EDGE('',*,*,#4397,.F.);
#2220=ORIENTED_EDGE('',*,*,#4398,.F.);
#2221=ORIENTED_EDGE('',*,*,#4399,.T.);
#2222=ORIENTED_EDGE('',*,*,#4400,.T.);
#2223=ORIENTED_EDGE('',*,*,#4401,.F.);
#2224=ORIENTED_EDGE('',*,*,#4402,.F.);
#2225=ORIENTED_EDGE('',*,*,#4403,.T.);
#2226=ORIENTED_EDGE('',*,*,#4404,.T.);
#2227=ORIENTED_EDGE('',*,*,#4405,.F.);
#2228=ORIENTED_EDGE('',*,*,#4406,.F.);
#2229=ORIENTED_EDGE('',*,*,#4407,.T.);
#2230=ORIENTED_EDGE('',*,*,#4408,.T.);
#2231=ORIENTED_EDGE('',*,*,#4409,.F.);
#2232=ORIENTED_EDGE('',*,*,#4410,.F.);
#2233=ORIENTED_EDGE('',*,*,#4411,.T.);
#2234=ORIENTED_EDGE('',*,*,#4412,.T.);
#2235=ORIENTED_EDGE('',*,*,#4413,.F.);
#2236=ORIENTED_EDGE('',*,*,#4414,.F.);
#2237=ORIENTED_EDGE('',*,*,#4415,.T.);
#2238=ORIENTED_EDGE('',*,*,#4416,.T.);
#2239=ORIENTED_EDGE('',*,*,#4417,.F.);
#2240=ORIENTED_EDGE('',*,*,#4418,.F.);
#2241=ORIENTED_EDGE('',*,*,#4419,.T.);
#2242=ORIENTED_EDGE('',*,*,#4420,.T.);
#2243=ORIENTED_EDGE('',*,*,#4421,.F.);
#2244=ORIENTED_EDGE('',*,*,#4422,.F.);
#2245=ORIENTED_EDGE('',*,*,#4423,.T.);
#2246=ORIENTED_EDGE('',*,*,#4424,.T.);
#2247=ORIENTED_EDGE('',*,*,#4425,.F.);
#2248=ORIENTED_EDGE('',*,*,#4426,.F.);
#2249=ORIENTED_EDGE('',*,*,#4427,.T.);
#2250=ORIENTED_EDGE('',*,*,#4428,.T.);
#2251=ORIENTED_EDGE('',*,*,#4429,.F.);
#2252=ORIENTED_EDGE('',*,*,#4430,.F.);
#2253=ORIENTED_EDGE('',*,*,#4431,.T.);
#2254=ORIENTED_EDGE('',*,*,#4432,.T.);
#2255=ORIENTED_EDGE('',*,*,#4433,.F.);
#2256=ORIENTED_EDGE('',*,*,#4434,.F.);
#2257=ORIENTED_EDGE('',*,*,#4435,.T.);
#2258=ORIENTED_EDGE('',*,*,#4436,.T.);
#2259=ORIENTED_EDGE('',*,*,#4437,.F.);
#2260=ORIENTED_EDGE('',*,*,#4438,.F.);
#2261=ORIENTED_EDGE('',*,*,#4439,.T.);
#2262=ORIENTED_EDGE('',*,*,#4440,.T.);
#2263=ORIENTED_EDGE('',*,*,#4441,.F.);
#2264=ORIENTED_EDGE('',*,*,#4442,.F.);
#2265=ORIENTED_EDGE('',*,*,#4443,.T.);
#2266=ORIENTED_EDGE('',*,*,#4444,.T.);
#2267=ORIENTED_EDGE('',*,*,#4445,.F.);
#2268=ORIENTED_EDGE('',*,*,#4446,.F.);
#2269=ORIENTED_EDGE('',*,*,#4447,.T.);
#2270=ORIENTED_EDGE('',*,*,#4448,.T.);
#2271=ORIENTED_EDGE('',*,*,#4449,.F.);
#2272=ORIENTED_EDGE('',*,*,#4450,.F.);
#2273=ORIENTED_EDGE('',*,*,#4451,.T.);
#2274=ORIENTED_EDGE('',*,*,#4452,.T.);
#2275=ORIENTED_EDGE('',*,*,#4453,.F.);
#2276=ORIENTED_EDGE('',*,*,#4454,.F.);
#2277=ORIENTED_EDGE('',*,*,#4455,.T.);
#2278=ORIENTED_EDGE('',*,*,#4456,.T.);
#2279=ORIENTED_EDGE('',*,*,#4457,.F.);
#2280=ORIENTED_EDGE('',*,*,#4458,.F.);
#2281=ORIENTED_EDGE('',*,*,#4459,.T.);
#2282=ORIENTED_EDGE('',*,*,#4460,.T.);
#2283=ORIENTED_EDGE('',*,*,#4461,.F.);
#2284=ORIENTED_EDGE('',*,*,#4462,.F.);
#2285=ORIENTED_EDGE('',*,*,#4463,.T.);
#2286=ORIENTED_EDGE('',*,*,#4464,.T.);
#2287=ORIENTED_EDGE('',*,*,#4465,.F.);
#2288=ORIENTED_EDGE('',*,*,#4466,.T.);
#2289=ORIENTED_EDGE('',*,*,#4467,.T.);
#2290=ORIENTED_EDGE('',*,*,#4468,.F.);
#2291=ORIENTED_EDGE('',*,*,#4469,.F.);
#2292=ORIENTED_EDGE('',*,*,#4470,.F.);
#2293=ORIENTED_EDGE('',*,*,#4471,.F.);
#2294=ORIENTED_EDGE('',*,*,#4472,.F.);
#2295=ORIENTED_EDGE('',*,*,#4473,.T.);
#2296=ORIENTED_EDGE('',*,*,#4474,.T.);
#2297=ORIENTED_EDGE('',*,*,#4475,.F.);
#2298=ORIENTED_EDGE('',*,*,#4476,.F.);
#2299=ORIENTED_EDGE('',*,*,#4477,.T.);
#2300=ORIENTED_EDGE('',*,*,#4478,.T.);
#2301=ORIENTED_EDGE('',*,*,#4479,.F.);
#2302=ORIENTED_EDGE('',*,*,#4480,.F.);
#2303=ORIENTED_EDGE('',*,*,#4481,.T.);
#2304=ORIENTED_EDGE('',*,*,#4482,.T.);
#2305=ORIENTED_EDGE('',*,*,#4483,.F.);
#2306=ORIENTED_EDGE('',*,*,#4484,.F.);
#2307=ORIENTED_EDGE('',*,*,#4485,.T.);
#2308=ORIENTED_EDGE('',*,*,#4486,.T.);
#2309=ORIENTED_EDGE('',*,*,#4487,.F.);
#2310=ORIENTED_EDGE('',*,*,#4488,.F.);
#2311=ORIENTED_EDGE('',*,*,#4489,.T.);
#2312=ORIENTED_EDGE('',*,*,#4490,.T.);
#2313=ORIENTED_EDGE('',*,*,#4491,.F.);
#2314=ORIENTED_EDGE('',*,*,#4492,.F.);
#2315=ORIENTED_EDGE('',*,*,#4493,.T.);
#2316=ORIENTED_EDGE('',*,*,#4494,.T.);
#2317=ORIENTED_EDGE('',*,*,#4495,.F.);
#2318=ORIENTED_EDGE('',*,*,#4496,.F.);
#2319=ORIENTED_EDGE('',*,*,#4497,.T.);
#2320=ORIENTED_EDGE('',*,*,#4498,.T.);
#2321=ORIENTED_EDGE('',*,*,#4499,.F.);
#2322=ORIENTED_EDGE('',*,*,#4500,.F.);
#2323=ORIENTED_EDGE('',*,*,#4501,.T.);
#2324=ORIENTED_EDGE('',*,*,#4502,.T.);
#2325=ORIENTED_EDGE('',*,*,#4503,.F.);
#2326=ORIENTED_EDGE('',*,*,#4504,.F.);
#2327=ORIENTED_EDGE('',*,*,#4505,.T.);
#2328=ORIENTED_EDGE('',*,*,#4506,.T.);
#2329=ORIENTED_EDGE('',*,*,#4507,.F.);
#2330=ORIENTED_EDGE('',*,*,#4508,.F.);
#2331=ORIENTED_EDGE('',*,*,#4509,.T.);
#2332=ORIENTED_EDGE('',*,*,#4510,.T.);
#2333=ORIENTED_EDGE('',*,*,#4511,.F.);
#2334=ORIENTED_EDGE('',*,*,#4512,.F.);
#2335=ORIENTED_EDGE('',*,*,#4513,.T.);
#2336=ORIENTED_EDGE('',*,*,#4514,.T.);
#2337=ORIENTED_EDGE('',*,*,#4515,.F.);
#2338=ORIENTED_EDGE('',*,*,#4516,.F.);
#2339=ORIENTED_EDGE('',*,*,#4517,.T.);
#2340=ORIENTED_EDGE('',*,*,#4518,.T.);
#2341=ORIENTED_EDGE('',*,*,#4519,.F.);
#2342=ORIENTED_EDGE('',*,*,#4520,.F.);
#2343=ORIENTED_EDGE('',*,*,#4521,.T.);
#2344=ORIENTED_EDGE('',*,*,#4522,.T.);
#2345=ORIENTED_EDGE('',*,*,#4523,.F.);
#2346=ORIENTED_EDGE('',*,*,#4524,.F.);
#2347=ORIENTED_EDGE('',*,*,#4525,.T.);
#2348=ORIENTED_EDGE('',*,*,#4526,.T.);
#2349=ORIENTED_EDGE('',*,*,#4527,.F.);
#2350=ORIENTED_EDGE('',*,*,#4528,.F.);
#2351=ORIENTED_EDGE('',*,*,#4529,.T.);
#2352=ORIENTED_EDGE('',*,*,#4530,.T.);
#2353=ORIENTED_EDGE('',*,*,#4531,.F.);
#2354=ORIENTED_EDGE('',*,*,#4532,.F.);
#2355=ORIENTED_EDGE('',*,*,#4533,.T.);
#2356=ORIENTED_EDGE('',*,*,#4534,.T.);
#2357=ORIENTED_EDGE('',*,*,#4535,.F.);
#2358=ORIENTED_EDGE('',*,*,#4536,.F.);
#2359=ORIENTED_EDGE('',*,*,#4537,.T.);
#2360=ORIENTED_EDGE('',*,*,#4538,.T.);
#2361=ORIENTED_EDGE('',*,*,#4539,.F.);
#2362=ORIENTED_EDGE('',*,*,#4540,.F.);
#2363=ORIENTED_EDGE('',*,*,#4541,.T.);
#2364=ORIENTED_EDGE('',*,*,#4542,.T.);
#2365=ORIENTED_EDGE('',*,*,#4543,.F.);
#2366=ORIENTED_EDGE('',*,*,#4544,.F.);
#2367=ORIENTED_EDGE('',*,*,#4545,.T.);
#2368=ORIENTED_EDGE('',*,*,#4546,.T.);
#2369=ORIENTED_EDGE('',*,*,#4547,.F.);
#2370=ORIENTED_EDGE('',*,*,#4548,.F.);
#2371=ORIENTED_EDGE('',*,*,#4549,.T.);
#2372=ORIENTED_EDGE('',*,*,#4550,.T.);
#2373=ORIENTED_EDGE('',*,*,#4551,.F.);
#2374=ORIENTED_EDGE('',*,*,#4552,.F.);
#2375=ORIENTED_EDGE('',*,*,#4553,.T.);
#2376=ORIENTED_EDGE('',*,*,#4554,.T.);
#2377=ORIENTED_EDGE('',*,*,#4555,.F.);
#2378=ORIENTED_EDGE('',*,*,#4556,.F.);
#2379=ORIENTED_EDGE('',*,*,#4557,.T.);
#2380=ORIENTED_EDGE('',*,*,#4558,.T.);
#2381=ORIENTED_EDGE('',*,*,#4559,.F.);
#2382=ORIENTED_EDGE('',*,*,#4560,.F.);
#2383=ORIENTED_EDGE('',*,*,#4561,.T.);
#2384=ORIENTED_EDGE('',*,*,#4562,.T.);
#2385=ORIENTED_EDGE('',*,*,#4563,.F.);
#2386=ORIENTED_EDGE('',*,*,#4564,.F.);
#2387=ORIENTED_EDGE('',*,*,#4565,.T.);
#2388=ORIENTED_EDGE('',*,*,#4566,.T.);
#2389=ORIENTED_EDGE('',*,*,#4567,.F.);
#2390=ORIENTED_EDGE('',*,*,#4568,.F.);
#2391=ORIENTED_EDGE('',*,*,#4569,.T.);
#2392=ORIENTED_EDGE('',*,*,#4570,.T.);
#2393=ORIENTED_EDGE('',*,*,#4571,.F.);
#2394=ORIENTED_EDGE('',*,*,#4572,.F.);
#2395=ORIENTED_EDGE('',*,*,#4573,.T.);
#2396=ORIENTED_EDGE('',*,*,#4574,.T.);
#2397=ORIENTED_EDGE('',*,*,#4575,.F.);
#2398=ORIENTED_EDGE('',*,*,#4576,.F.);
#2399=ORIENTED_EDGE('',*,*,#4577,.T.);
#2400=ORIENTED_EDGE('',*,*,#4578,.T.);
#2401=ORIENTED_EDGE('',*,*,#4579,.F.);
#2402=ORIENTED_EDGE('',*,*,#4580,.F.);
#2403=ORIENTED_EDGE('',*,*,#4581,.T.);
#2404=ORIENTED_EDGE('',*,*,#4582,.T.);
#2405=ORIENTED_EDGE('',*,*,#4583,.F.);
#2406=ORIENTED_EDGE('',*,*,#4584,.T.);
#2407=ORIENTED_EDGE('',*,*,#4585,.T.);
#2408=ORIENTED_EDGE('',*,*,#4586,.T.);
#2409=ORIENTED_EDGE('',*,*,#4587,.F.);
#2410=ORIENTED_EDGE('',*,*,#4588,.F.);
#2411=ORIENTED_EDGE('',*,*,#4589,.T.);
#2412=ORIENTED_EDGE('',*,*,#4590,.T.);
#2413=ORIENTED_EDGE('',*,*,#4591,.F.);
#2414=ORIENTED_EDGE('',*,*,#4592,.T.);
#2415=ORIENTED_EDGE('',*,*,#4593,.F.);
#2416=ORIENTED_EDGE('',*,*,#4594,.F.);
#2417=ORIENTED_EDGE('',*,*,#4595,.T.);
#2418=ORIENTED_EDGE('',*,*,#4596,.T.);
#2419=ORIENTED_EDGE('',*,*,#4597,.F.);
#2420=ORIENTED_EDGE('',*,*,#4598,.F.);
#2421=ORIENTED_EDGE('',*,*,#4599,.T.);
#2422=ORIENTED_EDGE('',*,*,#4600,.T.);
#2423=ORIENTED_EDGE('',*,*,#4601,.F.);
#2424=ORIENTED_EDGE('',*,*,#4602,.F.);
#2425=ORIENTED_EDGE('',*,*,#4603,.T.);
#2426=ORIENTED_EDGE('',*,*,#4604,.T.);
#2427=ORIENTED_EDGE('',*,*,#4605,.F.);
#2428=ORIENTED_EDGE('',*,*,#4606,.F.);
#2429=ORIENTED_EDGE('',*,*,#4607,.T.);
#2430=ORIENTED_EDGE('',*,*,#4608,.T.);
#2431=ORIENTED_EDGE('',*,*,#4609,.F.);
#2432=ORIENTED_EDGE('',*,*,#4610,.F.);
#2433=ORIENTED_EDGE('',*,*,#4611,.T.);
#2434=ORIENTED_EDGE('',*,*,#4612,.T.);
#2435=ORIENTED_EDGE('',*,*,#4613,.F.);
#2436=ORIENTED_EDGE('',*,*,#4614,.F.);
#2437=ORIENTED_EDGE('',*,*,#4615,.T.);
#2438=ORIENTED_EDGE('',*,*,#4616,.T.);
#2439=ORIENTED_EDGE('',*,*,#4617,.F.);
#2440=ORIENTED_EDGE('',*,*,#4618,.F.);
#2441=ORIENTED_EDGE('',*,*,#4619,.T.);
#2442=ORIENTED_EDGE('',*,*,#4620,.T.);
#2443=ORIENTED_EDGE('',*,*,#4621,.F.);
#2444=ORIENTED_EDGE('',*,*,#4622,.F.);
#2445=ORIENTED_EDGE('',*,*,#4623,.T.);
#2446=ORIENTED_EDGE('',*,*,#4624,.T.);
#2447=ORIENTED_EDGE('',*,*,#4625,.F.);
#2448=ORIENTED_EDGE('',*,*,#4626,.F.);
#2449=ORIENTED_EDGE('',*,*,#4627,.T.);
#2450=ORIENTED_EDGE('',*,*,#4628,.T.);
#2451=ORIENTED_EDGE('',*,*,#4629,.F.);
#2452=ORIENTED_EDGE('',*,*,#4630,.F.);
#2453=ORIENTED_EDGE('',*,*,#4631,.T.);
#2454=ORIENTED_EDGE('',*,*,#4632,.T.);
#2455=ORIENTED_EDGE('',*,*,#4633,.F.);
#2456=ORIENTED_EDGE('',*,*,#4634,.F.);
#2457=ORIENTED_EDGE('',*,*,#4635,.T.);
#2458=ORIENTED_EDGE('',*,*,#4636,.T.);
#2459=ORIENTED_EDGE('',*,*,#4637,.F.);
#2460=ORIENTED_EDGE('',*,*,#4638,.F.);
#2461=ORIENTED_EDGE('',*,*,#4639,.T.);
#2462=ORIENTED_EDGE('',*,*,#4640,.T.);
#2463=ORIENTED_EDGE('',*,*,#4641,.F.);
#2464=ORIENTED_EDGE('',*,*,#4642,.F.);
#2465=ORIENTED_EDGE('',*,*,#4643,.T.);
#2466=ORIENTED_EDGE('',*,*,#4644,.T.);
#2467=ORIENTED_EDGE('',*,*,#4645,.F.);
#2468=ORIENTED_EDGE('',*,*,#4646,.F.);
#2469=ORIENTED_EDGE('',*,*,#4647,.T.);
#2470=ORIENTED_EDGE('',*,*,#4648,.T.);
#2471=ORIENTED_EDGE('',*,*,#4649,.F.);
#2472=ORIENTED_EDGE('',*,*,#4650,.F.);
#2473=ORIENTED_EDGE('',*,*,#4651,.T.);
#2474=ORIENTED_EDGE('',*,*,#4652,.T.);
#2475=ORIENTED_EDGE('',*,*,#4653,.F.);
#2476=ORIENTED_EDGE('',*,*,#4654,.F.);
#2477=ORIENTED_EDGE('',*,*,#4655,.T.);
#2478=ORIENTED_EDGE('',*,*,#4656,.T.);
#2479=ORIENTED_EDGE('',*,*,#4657,.F.);
#2480=ORIENTED_EDGE('',*,*,#4658,.F.);
#2481=ORIENTED_EDGE('',*,*,#4659,.T.);
#2482=ORIENTED_EDGE('',*,*,#4660,.T.);
#2483=ORIENTED_EDGE('',*,*,#4661,.F.);
#2484=ORIENTED_EDGE('',*,*,#4662,.F.);
#2485=ORIENTED_EDGE('',*,*,#4663,.T.);
#2486=ORIENTED_EDGE('',*,*,#4664,.T.);
#2487=ORIENTED_EDGE('',*,*,#4665,.F.);
#2488=ORIENTED_EDGE('',*,*,#4666,.F.);
#2489=ORIENTED_EDGE('',*,*,#4667,.T.);
#2490=ORIENTED_EDGE('',*,*,#4668,.T.);
#2491=ORIENTED_EDGE('',*,*,#4669,.F.);
#2492=ORIENTED_EDGE('',*,*,#4670,.F.);
#2493=ORIENTED_EDGE('',*,*,#4671,.T.);
#2494=ORIENTED_EDGE('',*,*,#4672,.T.);
#2495=ORIENTED_EDGE('',*,*,#4673,.F.);
#2496=ORIENTED_EDGE('',*,*,#4674,.F.);
#2497=ORIENTED_EDGE('',*,*,#4675,.T.);
#2498=ORIENTED_EDGE('',*,*,#4676,.T.);
#2499=ORIENTED_EDGE('',*,*,#4677,.F.);
#2500=ORIENTED_EDGE('',*,*,#4678,.F.);
#2501=ORIENTED_EDGE('',*,*,#4679,.T.);
#2502=ORIENTED_EDGE('',*,*,#4680,.T.);
#2503=ORIENTED_EDGE('',*,*,#4681,.F.);
#2504=ORIENTED_EDGE('',*,*,#4682,.F.);
#2505=ORIENTED_EDGE('',*,*,#4683,.T.);
#2506=ORIENTED_EDGE('',*,*,#4684,.T.);
#2507=ORIENTED_EDGE('',*,*,#4685,.F.);
#2508=ORIENTED_EDGE('',*,*,#4686,.F.);
#2509=ORIENTED_EDGE('',*,*,#4687,.T.);
#2510=ORIENTED_EDGE('',*,*,#4688,.T.);
#2511=ORIENTED_EDGE('',*,*,#4689,.F.);
#2512=ORIENTED_EDGE('',*,*,#4690,.F.);
#2513=ORIENTED_EDGE('',*,*,#4691,.T.);
#2514=ORIENTED_EDGE('',*,*,#4692,.T.);
#2515=ORIENTED_EDGE('',*,*,#4693,.F.);
#2516=ORIENTED_EDGE('',*,*,#4694,.F.);
#2517=ORIENTED_EDGE('',*,*,#4695,.T.);
#2518=ORIENTED_EDGE('',*,*,#4696,.T.);
#2519=ORIENTED_EDGE('',*,*,#4697,.F.);
#2520=ORIENTED_EDGE('',*,*,#4698,.F.);
#2521=ORIENTED_EDGE('',*,*,#4699,.T.);
#2522=ORIENTED_EDGE('',*,*,#4700,.T.);
#2523=ORIENTED_EDGE('',*,*,#4701,.F.);
#2524=ORIENTED_EDGE('',*,*,#4702,.F.);
#2525=ORIENTED_EDGE('',*,*,#4703,.T.);
#2526=ORIENTED_EDGE('',*,*,#4704,.T.);
#2527=ORIENTED_EDGE('',*,*,#4705,.F.);
#2528=ORIENTED_EDGE('',*,*,#4706,.F.);
#2529=ORIENTED_EDGE('',*,*,#4707,.T.);
#2530=ORIENTED_EDGE('',*,*,#4708,.T.);
#2531=ORIENTED_EDGE('',*,*,#4709,.F.);
#2532=ORIENTED_EDGE('',*,*,#4710,.F.);
#2533=ORIENTED_EDGE('',*,*,#4711,.T.);
#2534=ORIENTED_EDGE('',*,*,#4712,.T.);
#2535=ORIENTED_EDGE('',*,*,#4713,.F.);
#2536=ORIENTED_EDGE('',*,*,#4714,.F.);
#2537=ORIENTED_EDGE('',*,*,#4715,.T.);
#2538=ORIENTED_EDGE('',*,*,#4716,.T.);
#2539=ORIENTED_EDGE('',*,*,#4717,.F.);
#2540=ORIENTED_EDGE('',*,*,#4718,.F.);
#2541=ORIENTED_EDGE('',*,*,#4719,.T.);
#2542=ORIENTED_EDGE('',*,*,#4720,.T.);
#2543=ORIENTED_EDGE('',*,*,#4721,.F.);
#2544=ORIENTED_EDGE('',*,*,#4722,.F.);
#2545=ORIENTED_EDGE('',*,*,#4723,.T.);
#2546=ORIENTED_EDGE('',*,*,#4724,.T.);
#2547=ORIENTED_EDGE('',*,*,#4725,.F.);
#2548=ORIENTED_EDGE('',*,*,#4726,.F.);
#2549=ORIENTED_EDGE('',*,*,#4727,.T.);
#2550=ORIENTED_EDGE('',*,*,#4728,.T.);
#2551=ORIENTED_EDGE('',*,*,#4729,.F.);
#2552=ORIENTED_EDGE('',*,*,#4730,.F.);
#2553=ORIENTED_EDGE('',*,*,#4731,.T.);
#2554=ORIENTED_EDGE('',*,*,#4732,.T.);
#2555=ORIENTED_EDGE('',*,*,#4733,.F.);
#2556=ORIENTED_EDGE('',*,*,#4734,.F.);
#2557=ORIENTED_EDGE('',*,*,#4735,.T.);
#2558=ORIENTED_EDGE('',*,*,#4736,.T.);
#2559=ORIENTED_EDGE('',*,*,#4737,.F.);
#2560=ORIENTED_EDGE('',*,*,#4738,.F.);
#2561=ORIENTED_EDGE('',*,*,#4739,.T.);
#2562=ORIENTED_EDGE('',*,*,#4740,.T.);
#2563=ORIENTED_EDGE('',*,*,#4741,.F.);
#2564=ORIENTED_EDGE('',*,*,#4742,.F.);
#2565=ORIENTED_EDGE('',*,*,#4743,.T.);
#2566=ORIENTED_EDGE('',*,*,#4744,.T.);
#2567=ORIENTED_EDGE('',*,*,#4745,.F.);
#2568=ORIENTED_EDGE('',*,*,#4746,.F.);
#2569=ORIENTED_EDGE('',*,*,#4747,.T.);
#2570=ORIENTED_EDGE('',*,*,#4748,.T.);
#2571=ORIENTED_EDGE('',*,*,#4749,.F.);
#2572=ORIENTED_EDGE('',*,*,#4750,.F.);
#2573=ORIENTED_EDGE('',*,*,#4751,.T.);
#2574=ORIENTED_EDGE('',*,*,#4752,.T.);
#2575=ORIENTED_EDGE('',*,*,#4753,.F.);
#2576=ORIENTED_EDGE('',*,*,#4754,.F.);
#2577=ORIENTED_EDGE('',*,*,#4755,.T.);
#2578=ORIENTED_EDGE('',*,*,#4756,.T.);
#2579=ORIENTED_EDGE('',*,*,#4757,.F.);
#2580=ORIENTED_EDGE('',*,*,#4758,.F.);
#2581=ORIENTED_EDGE('',*,*,#4759,.T.);
#2582=ORIENTED_EDGE('',*,*,#4760,.T.);
#2583=ORIENTED_EDGE('',*,*,#4761,.F.);
#2584=ORIENTED_EDGE('',*,*,#4762,.F.);
#2585=ORIENTED_EDGE('',*,*,#4763,.T.);
#2586=ORIENTED_EDGE('',*,*,#4764,.T.);
#2587=ORIENTED_EDGE('',*,*,#4765,.F.);
#2588=ORIENTED_EDGE('',*,*,#4766,.F.);
#2589=ORIENTED_EDGE('',*,*,#4767,.T.);
#2590=ORIENTED_EDGE('',*,*,#4768,.T.);
#2591=ORIENTED_EDGE('',*,*,#4769,.F.);
#2592=ORIENTED_EDGE('',*,*,#4770,.F.);
#2593=ORIENTED_EDGE('',*,*,#4771,.T.);
#2594=ORIENTED_EDGE('',*,*,#4772,.T.);
#2595=ORIENTED_EDGE('',*,*,#4773,.F.);
#2596=ORIENTED_EDGE('',*,*,#4774,.F.);
#2597=ORIENTED_EDGE('',*,*,#4775,.T.);
#2598=ORIENTED_EDGE('',*,*,#4776,.T.);
#2599=ORIENTED_EDGE('',*,*,#4777,.F.);
#2600=ORIENTED_EDGE('',*,*,#4778,.F.);
#2601=ORIENTED_EDGE('',*,*,#4779,.T.);
#2602=ORIENTED_EDGE('',*,*,#4780,.T.);
#2603=ORIENTED_EDGE('',*,*,#4781,.F.);
#2604=ORIENTED_EDGE('',*,*,#4782,.F.);
#2605=ORIENTED_EDGE('',*,*,#4783,.T.);
#2606=ORIENTED_EDGE('',*,*,#4784,.T.);
#2607=ORIENTED_EDGE('',*,*,#4785,.F.);
#2608=ORIENTED_EDGE('',*,*,#4786,.F.);
#2609=ORIENTED_EDGE('',*,*,#4787,.T.);
#2610=ORIENTED_EDGE('',*,*,#4788,.T.);
#2611=ORIENTED_EDGE('',*,*,#4789,.F.);
#2612=ORIENTED_EDGE('',*,*,#4790,.F.);
#2613=ORIENTED_EDGE('',*,*,#4791,.T.);
#2614=ORIENTED_EDGE('',*,*,#4792,.T.);
#2615=ORIENTED_EDGE('',*,*,#4793,.F.);
#2616=ORIENTED_EDGE('',*,*,#4794,.F.);
#2617=ORIENTED_EDGE('',*,*,#4795,.T.);
#2618=ORIENTED_EDGE('',*,*,#4796,.T.);
#2619=ORIENTED_EDGE('',*,*,#4797,.F.);
#2620=ORIENTED_EDGE('',*,*,#4798,.F.);
#2621=ORIENTED_EDGE('',*,*,#4799,.T.);
#2622=ORIENTED_EDGE('',*,*,#4800,.T.);
#2623=ORIENTED_EDGE('',*,*,#4801,.F.);
#2624=ORIENTED_EDGE('',*,*,#4802,.F.);
#2625=ORIENTED_EDGE('',*,*,#4803,.T.);
#2626=ORIENTED_EDGE('',*,*,#4804,.T.);
#2627=ORIENTED_EDGE('',*,*,#4805,.F.);
#2628=ORIENTED_EDGE('',*,*,#4806,.F.);
#2629=ORIENTED_EDGE('',*,*,#4807,.T.);
#2630=ORIENTED_EDGE('',*,*,#4808,.T.);
#2631=ORIENTED_EDGE('',*,*,#4809,.F.);
#2632=ORIENTED_EDGE('',*,*,#4810,.F.);
#2633=ORIENTED_EDGE('',*,*,#4811,.T.);
#2634=ORIENTED_EDGE('',*,*,#4812,.T.);
#2635=ORIENTED_EDGE('',*,*,#4813,.F.);
#2636=ORIENTED_EDGE('',*,*,#4814,.F.);
#2637=ORIENTED_EDGE('',*,*,#4815,.T.);
#2638=ORIENTED_EDGE('',*,*,#4816,.T.);
#2639=ORIENTED_EDGE('',*,*,#4817,.F.);
#2640=ORIENTED_EDGE('',*,*,#4818,.F.);
#2641=ORIENTED_EDGE('',*,*,#4819,.T.);
#2642=ORIENTED_EDGE('',*,*,#4820,.T.);
#2643=ORIENTED_EDGE('',*,*,#4821,.F.);
#2644=ORIENTED_EDGE('',*,*,#4822,.F.);
#2645=ORIENTED_EDGE('',*,*,#4823,.T.);
#2646=ORIENTED_EDGE('',*,*,#4824,.T.);
#2647=ORIENTED_EDGE('',*,*,#4825,.F.);
#2648=ORIENTED_EDGE('',*,*,#4826,.F.);
#2649=ORIENTED_EDGE('',*,*,#4827,.T.);
#2650=ORIENTED_EDGE('',*,*,#4828,.T.);
#2651=ORIENTED_EDGE('',*,*,#4829,.F.);
#2652=ORIENTED_EDGE('',*,*,#4830,.F.);
#2653=ORIENTED_EDGE('',*,*,#4831,.T.);
#2654=ORIENTED_EDGE('',*,*,#4832,.T.);
#2655=ORIENTED_EDGE('',*,*,#4833,.F.);
#2656=ORIENTED_EDGE('',*,*,#4834,.F.);
#2657=ORIENTED_EDGE('',*,*,#4835,.T.);
#2658=ORIENTED_EDGE('',*,*,#4836,.T.);
#2659=ORIENTED_EDGE('',*,*,#4837,.F.);
#2660=ORIENTED_EDGE('',*,*,#4838,.F.);
#2661=ORIENTED_EDGE('',*,*,#4839,.T.);
#2662=ORIENTED_EDGE('',*,*,#4840,.T.);
#2663=ORIENTED_EDGE('',*,*,#4841,.F.);
#2664=ORIENTED_EDGE('',*,*,#4842,.F.);
#2665=ORIENTED_EDGE('',*,*,#4843,.T.);
#2666=ORIENTED_EDGE('',*,*,#4844,.T.);
#2667=ORIENTED_EDGE('',*,*,#4845,.F.);
#2668=ORIENTED_EDGE('',*,*,#4846,.F.);
#2669=ORIENTED_EDGE('',*,*,#4847,.T.);
#2670=ORIENTED_EDGE('',*,*,#4848,.T.);
#2671=ORIENTED_EDGE('',*,*,#4849,.F.);
#2672=ORIENTED_EDGE('',*,*,#4850,.F.);
#2673=ORIENTED_EDGE('',*,*,#4851,.T.);
#2674=ORIENTED_EDGE('',*,*,#4852,.T.);
#2675=ORIENTED_EDGE('',*,*,#4853,.F.);
#2676=ORIENTED_EDGE('',*,*,#4854,.F.);
#2677=ORIENTED_EDGE('',*,*,#4855,.T.);
#2678=ORIENTED_EDGE('',*,*,#4856,.T.);
#2679=ORIENTED_EDGE('',*,*,#4857,.F.);
#2680=ORIENTED_EDGE('',*,*,#4858,.F.);
#2681=ORIENTED_EDGE('',*,*,#4859,.T.);
#2682=ORIENTED_EDGE('',*,*,#4860,.T.);
#2683=ORIENTED_EDGE('',*,*,#4861,.F.);
#2684=ORIENTED_EDGE('',*,*,#4862,.F.);
#2685=ORIENTED_EDGE('',*,*,#4863,.T.);
#2686=ORIENTED_EDGE('',*,*,#4864,.T.);
#2687=ORIENTED_EDGE('',*,*,#4865,.F.);
#2688=ORIENTED_EDGE('',*,*,#4866,.F.);
#2689=ORIENTED_EDGE('',*,*,#4867,.T.);
#2690=ORIENTED_EDGE('',*,*,#4868,.T.);
#2691=ORIENTED_EDGE('',*,*,#4869,.F.);
#2692=ORIENTED_EDGE('',*,*,#4870,.F.);
#2693=ORIENTED_EDGE('',*,*,#4871,.T.);
#2694=ORIENTED_EDGE('',*,*,#4872,.T.);
#2695=ORIENTED_EDGE('',*,*,#4873,.F.);
#2696=ORIENTED_EDGE('',*,*,#4874,.F.);
#2697=ORIENTED_EDGE('',*,*,#4875,.T.);
#2698=ORIENTED_EDGE('',*,*,#4876,.T.);
#2699=ORIENTED_EDGE('',*,*,#4877,.F.);
#2700=ORIENTED_EDGE('',*,*,#4878,.F.);
#2701=ORIENTED_EDGE('',*,*,#4879,.T.);
#2702=ORIENTED_EDGE('',*,*,#4880,.T.);
#2703=ORIENTED_EDGE('',*,*,#4881,.F.);
#2704=ORIENTED_EDGE('',*,*,#4882,.F.);
#2705=ORIENTED_EDGE('',*,*,#4883,.T.);
#2706=ORIENTED_EDGE('',*,*,#4884,.T.);
#2707=ORIENTED_EDGE('',*,*,#4885,.F.);
#2708=ORIENTED_EDGE('',*,*,#4886,.F.);
#2709=ORIENTED_EDGE('',*,*,#4887,.T.);
#2710=ORIENTED_EDGE('',*,*,#4888,.T.);
#2711=ORIENTED_EDGE('',*,*,#4889,.F.);
#2712=ORIENTED_EDGE('',*,*,#4890,.F.);
#2713=ORIENTED_EDGE('',*,*,#4891,.T.);
#2714=ORIENTED_EDGE('',*,*,#4892,.T.);
#2715=ORIENTED_EDGE('',*,*,#4893,.F.);
#2716=ORIENTED_EDGE('',*,*,#4894,.F.);
#2717=ORIENTED_EDGE('',*,*,#4895,.T.);
#2718=ORIENTED_EDGE('',*,*,#4896,.T.);
#2719=ORIENTED_EDGE('',*,*,#4897,.F.);
#2720=ORIENTED_EDGE('',*,*,#4898,.F.);
#2721=ORIENTED_EDGE('',*,*,#4899,.T.);
#2722=ORIENTED_EDGE('',*,*,#4900,.T.);
#2723=ORIENTED_EDGE('',*,*,#4901,.F.);
#2724=ORIENTED_EDGE('',*,*,#4902,.F.);
#2725=ORIENTED_EDGE('',*,*,#4903,.T.);
#2726=ORIENTED_EDGE('',*,*,#4904,.T.);
#2727=ORIENTED_EDGE('',*,*,#4905,.F.);
#2728=ORIENTED_EDGE('',*,*,#4906,.F.);
#2729=ORIENTED_EDGE('',*,*,#4907,.T.);
#2730=ORIENTED_EDGE('',*,*,#4908,.T.);
#2731=ORIENTED_EDGE('',*,*,#4909,.F.);
#2732=ORIENTED_EDGE('',*,*,#4910,.F.);
#2733=ORIENTED_EDGE('',*,*,#4911,.T.);
#2734=ORIENTED_EDGE('',*,*,#4912,.T.);
#2735=ORIENTED_EDGE('',*,*,#4913,.F.);
#2736=ORIENTED_EDGE('',*,*,#4914,.F.);
#2737=ORIENTED_EDGE('',*,*,#4915,.T.);
#2738=ORIENTED_EDGE('',*,*,#4916,.T.);
#2739=ORIENTED_EDGE('',*,*,#4917,.F.);
#2740=ORIENTED_EDGE('',*,*,#4918,.F.);
#2741=ORIENTED_EDGE('',*,*,#4919,.T.);
#2742=ORIENTED_EDGE('',*,*,#4920,.T.);
#2743=ORIENTED_EDGE('',*,*,#4921,.F.);
#2744=ORIENTED_EDGE('',*,*,#4922,.F.);
#2745=ORIENTED_EDGE('',*,*,#4923,.T.);
#2746=ORIENTED_EDGE('',*,*,#4924,.T.);
#2747=ORIENTED_EDGE('',*,*,#4925,.F.);
#2748=ORIENTED_EDGE('',*,*,#4926,.F.);
#2749=ORIENTED_EDGE('',*,*,#4927,.T.);
#2750=ORIENTED_EDGE('',*,*,#4928,.T.);
#2751=ORIENTED_EDGE('',*,*,#4929,.F.);
#2752=ORIENTED_EDGE('',*,*,#4930,.F.);
#2753=ORIENTED_EDGE('',*,*,#4931,.T.);
#2754=ORIENTED_EDGE('',*,*,#4932,.T.);
#2755=ORIENTED_EDGE('',*,*,#4933,.F.);
#2756=ORIENTED_EDGE('',*,*,#4934,.F.);
#2757=ORIENTED_EDGE('',*,*,#4935,.T.);
#2758=ORIENTED_EDGE('',*,*,#4936,.T.);
#2759=ORIENTED_EDGE('',*,*,#4937,.T.);
#2760=ORIENTED_EDGE('',*,*,#4938,.T.);
#2761=ORIENTED_EDGE('',*,*,#4588,.T.);
#2762=ORIENTED_EDGE('',*,*,#4939,.F.);
#2763=ORIENTED_EDGE('',*,*,#4940,.T.);
#2764=ORIENTED_EDGE('',*,*,#4466,.F.);
#2765=ORIENTED_EDGE('',*,*,#4941,.T.);
#2766=ORIENTED_EDGE('',*,*,#4591,.T.);
#2767=ORIENTED_EDGE('',*,*,#4942,.T.);
#2768=ORIENTED_EDGE('',*,*,#4943,.F.);
#2769=ORIENTED_EDGE('',*,*,#4944,.F.);
#2770=ORIENTED_EDGE('',*,*,#4945,.T.);
#2771=ORIENTED_EDGE('',*,*,#4946,.T.);
#2772=ORIENTED_EDGE('',*,*,#4590,.F.);
#2773=ORIENTED_EDGE('',*,*,#4947,.F.);
#2774=ORIENTED_EDGE('',*,*,#4943,.T.);
#2775=ORIENTED_EDGE('',*,*,#4948,.F.);
#2776=ORIENTED_EDGE('',*,*,#4469,.T.);
#2777=ORIENTED_EDGE('',*,*,#4949,.T.);
#2778=ORIENTED_EDGE('',*,*,#4944,.T.);
#2779=ORIENTED_EDGE('',*,*,#4947,.T.);
#2780=ORIENTED_EDGE('',*,*,#4589,.F.);
#2781=ORIENTED_EDGE('',*,*,#4938,.F.);
#2782=ORIENTED_EDGE('',*,*,#4587,.T.);
#2783=ORIENTED_EDGE('',*,*,#4946,.F.);
#2784=ORIENTED_EDGE('',*,*,#4942,.F.);
#2785=ORIENTED_EDGE('',*,*,#4950,.F.);
#2786=ORIENTED_EDGE('',*,*,#4467,.F.);
#2787=ORIENTED_EDGE('',*,*,#4940,.F.);
#2788=ORIENTED_EDGE('',*,*,#4939,.T.);
#2789=ORIENTED_EDGE('',*,*,#4941,.F.);
#2790=ORIENTED_EDGE('',*,*,#4465,.T.);
#2791=ORIENTED_EDGE('',*,*,#4951,.T.);
#2792=ORIENTED_EDGE('',*,*,#4592,.F.);
#2793=ORIENTED_EDGE('',*,*,#4597,.T.);
#2794=ORIENTED_EDGE('',*,*,#4952,.F.);
#2795=ORIENTED_EDGE('',*,*,#4460,.F.);
#2796=ORIENTED_EDGE('',*,*,#4953,.T.);
#2797=ORIENTED_EDGE('',*,*,#4596,.F.);
#2798=ORIENTED_EDGE('',*,*,#4954,.F.);
#2799=ORIENTED_EDGE('',*,*,#4461,.T.);
#2800=ORIENTED_EDGE('',*,*,#4952,.T.);
#2801=ORIENTED_EDGE('',*,*,#4595,.F.);
#2802=ORIENTED_EDGE('',*,*,#4955,.F.);
#2803=ORIENTED_EDGE('',*,*,#4462,.T.);
#2804=ORIENTED_EDGE('',*,*,#4954,.T.);
#2805=ORIENTED_EDGE('',*,*,#4594,.T.);
#2806=ORIENTED_EDGE('',*,*,#4956,.F.);
#2807=ORIENTED_EDGE('',*,*,#4463,.F.);
#2808=ORIENTED_EDGE('',*,*,#4955,.T.);
#2809=ORIENTED_EDGE('',*,*,#4593,.T.);
#2810=ORIENTED_EDGE('',*,*,#4951,.F.);
#2811=ORIENTED_EDGE('',*,*,#4464,.F.);
#2812=ORIENTED_EDGE('',*,*,#4956,.T.);
#2813=ORIENTED_EDGE('',*,*,#4957,.F.);
#2814=ORIENTED_EDGE('',*,*,#4470,.T.);
#2815=ORIENTED_EDGE('',*,*,#4948,.T.);
#2816=ORIENTED_EDGE('',*,*,#4937,.F.);
#2817=ORIENTED_EDGE('',*,*,#4936,.F.);
#2818=ORIENTED_EDGE('',*,*,#4958,.F.);
#2819=ORIENTED_EDGE('',*,*,#4471,.T.);
#2820=ORIENTED_EDGE('',*,*,#4957,.T.);
#2821=ORIENTED_EDGE('',*,*,#4935,.F.);
#2822=ORIENTED_EDGE('',*,*,#4959,.F.);
#2823=ORIENTED_EDGE('',*,*,#4472,.T.);
#2824=ORIENTED_EDGE('',*,*,#4958,.T.);
#2825=ORIENTED_EDGE('',*,*,#4934,.T.);
#2826=ORIENTED_EDGE('',*,*,#4960,.F.);
#2827=ORIENTED_EDGE('',*,*,#4473,.F.);
#2828=ORIENTED_EDGE('',*,*,#4959,.T.);
#2829=ORIENTED_EDGE('',*,*,#4933,.T.);
#2830=ORIENTED_EDGE('',*,*,#4961,.F.);
#2831=ORIENTED_EDGE('',*,*,#4474,.F.);
#2832=ORIENTED_EDGE('',*,*,#4960,.T.);
#2833=ORIENTED_EDGE('',*,*,#4932,.F.);
#2834=ORIENTED_EDGE('',*,*,#4962,.F.);
#2835=ORIENTED_EDGE('',*,*,#4475,.T.);
#2836=ORIENTED_EDGE('',*,*,#4961,.T.);
#2837=ORIENTED_EDGE('',*,*,#4931,.F.);
#2838=ORIENTED_EDGE('',*,*,#4963,.F.);
#2839=ORIENTED_EDGE('',*,*,#4476,.T.);
#2840=ORIENTED_EDGE('',*,*,#4962,.T.);
#2841=ORIENTED_EDGE('',*,*,#4930,.T.);
#2842=ORIENTED_EDGE('',*,*,#4964,.F.);
#2843=ORIENTED_EDGE('',*,*,#4477,.F.);
#2844=ORIENTED_EDGE('',*,*,#4963,.T.);
#2845=ORIENTED_EDGE('',*,*,#4929,.T.);
#2846=ORIENTED_EDGE('',*,*,#4965,.F.);
#2847=ORIENTED_EDGE('',*,*,#4478,.F.);
#2848=ORIENTED_EDGE('',*,*,#4964,.T.);
#2849=ORIENTED_EDGE('',*,*,#4928,.F.);
#2850=ORIENTED_EDGE('',*,*,#4966,.F.);
#2851=ORIENTED_EDGE('',*,*,#4479,.T.);
#2852=ORIENTED_EDGE('',*,*,#4965,.T.);
#2853=ORIENTED_EDGE('',*,*,#4927,.F.);
#2854=ORIENTED_EDGE('',*,*,#4967,.F.);
#2855=ORIENTED_EDGE('',*,*,#4480,.T.);
#2856=ORIENTED_EDGE('',*,*,#4966,.T.);
#2857=ORIENTED_EDGE('',*,*,#4926,.T.);
#2858=ORIENTED_EDGE('',*,*,#4968,.F.);
#2859=ORIENTED_EDGE('',*,*,#4481,.F.);
#2860=ORIENTED_EDGE('',*,*,#4967,.T.);
#2861=ORIENTED_EDGE('',*,*,#4925,.T.);
#2862=ORIENTED_EDGE('',*,*,#4969,.F.);
#2863=ORIENTED_EDGE('',*,*,#4482,.F.);
#2864=ORIENTED_EDGE('',*,*,#4968,.T.);
#2865=ORIENTED_EDGE('',*,*,#4924,.F.);
#2866=ORIENTED_EDGE('',*,*,#4970,.F.);
#2867=ORIENTED_EDGE('',*,*,#4483,.T.);
#2868=ORIENTED_EDGE('',*,*,#4969,.T.);
#2869=ORIENTED_EDGE('',*,*,#4923,.F.);
#2870=ORIENTED_EDGE('',*,*,#4971,.F.);
#2871=ORIENTED_EDGE('',*,*,#4484,.T.);
#2872=ORIENTED_EDGE('',*,*,#4970,.T.);
#2873=ORIENTED_EDGE('',*,*,#4922,.T.);
#2874=ORIENTED_EDGE('',*,*,#4972,.F.);
#2875=ORIENTED_EDGE('',*,*,#4485,.F.);
#2876=ORIENTED_EDGE('',*,*,#4971,.T.);
#2877=ORIENTED_EDGE('',*,*,#4921,.T.);
#2878=ORIENTED_EDGE('',*,*,#4973,.F.);
#2879=ORIENTED_EDGE('',*,*,#4486,.F.);
#2880=ORIENTED_EDGE('',*,*,#4972,.T.);
#2881=ORIENTED_EDGE('',*,*,#4920,.F.);
#2882=ORIENTED_EDGE('',*,*,#4974,.F.);
#2883=ORIENTED_EDGE('',*,*,#4487,.T.);
#2884=ORIENTED_EDGE('',*,*,#4973,.T.);
#2885=ORIENTED_EDGE('',*,*,#4919,.F.);
#2886=ORIENTED_EDGE('',*,*,#4975,.F.);
#2887=ORIENTED_EDGE('',*,*,#4488,.T.);
#2888=ORIENTED_EDGE('',*,*,#4974,.T.);
#2889=ORIENTED_EDGE('',*,*,#4918,.T.);
#2890=ORIENTED_EDGE('',*,*,#4976,.F.);
#2891=ORIENTED_EDGE('',*,*,#4489,.F.);
#2892=ORIENTED_EDGE('',*,*,#4975,.T.);
#2893=ORIENTED_EDGE('',*,*,#4917,.T.);
#2894=ORIENTED_EDGE('',*,*,#4977,.F.);
#2895=ORIENTED_EDGE('',*,*,#4490,.F.);
#2896=ORIENTED_EDGE('',*,*,#4976,.T.);
#2897=ORIENTED_EDGE('',*,*,#4916,.F.);
#2898=ORIENTED_EDGE('',*,*,#4978,.F.);
#2899=ORIENTED_EDGE('',*,*,#4491,.T.);
#2900=ORIENTED_EDGE('',*,*,#4977,.T.);
#2901=ORIENTED_EDGE('',*,*,#4915,.F.);
#2902=ORIENTED_EDGE('',*,*,#4979,.F.);
#2903=ORIENTED_EDGE('',*,*,#4492,.T.);
#2904=ORIENTED_EDGE('',*,*,#4978,.T.);
#2905=ORIENTED_EDGE('',*,*,#4914,.T.);
#2906=ORIENTED_EDGE('',*,*,#4980,.F.);
#2907=ORIENTED_EDGE('',*,*,#4493,.F.);
#2908=ORIENTED_EDGE('',*,*,#4979,.T.);
#2909=ORIENTED_EDGE('',*,*,#4913,.T.);
#2910=ORIENTED_EDGE('',*,*,#4981,.F.);
#2911=ORIENTED_EDGE('',*,*,#4494,.F.);
#2912=ORIENTED_EDGE('',*,*,#4980,.T.);
#2913=ORIENTED_EDGE('',*,*,#4912,.F.);
#2914=ORIENTED_EDGE('',*,*,#4982,.F.);
#2915=ORIENTED_EDGE('',*,*,#4495,.T.);
#2916=ORIENTED_EDGE('',*,*,#4981,.T.);
#2917=ORIENTED_EDGE('',*,*,#4911,.F.);
#2918=ORIENTED_EDGE('',*,*,#4983,.F.);
#2919=ORIENTED_EDGE('',*,*,#4496,.T.);
#2920=ORIENTED_EDGE('',*,*,#4982,.T.);
#2921=ORIENTED_EDGE('',*,*,#4910,.T.);
#2922=ORIENTED_EDGE('',*,*,#4984,.F.);
#2923=ORIENTED_EDGE('',*,*,#4497,.F.);
#2924=ORIENTED_EDGE('',*,*,#4983,.T.);
#2925=ORIENTED_EDGE('',*,*,#4909,.T.);
#2926=ORIENTED_EDGE('',*,*,#4985,.F.);
#2927=ORIENTED_EDGE('',*,*,#4498,.F.);
#2928=ORIENTED_EDGE('',*,*,#4984,.T.);
#2929=ORIENTED_EDGE('',*,*,#4908,.F.);
#2930=ORIENTED_EDGE('',*,*,#4986,.F.);
#2931=ORIENTED_EDGE('',*,*,#4499,.T.);
#2932=ORIENTED_EDGE('',*,*,#4985,.T.);
#2933=ORIENTED_EDGE('',*,*,#4907,.F.);
#2934=ORIENTED_EDGE('',*,*,#4987,.F.);
#2935=ORIENTED_EDGE('',*,*,#4500,.T.);
#2936=ORIENTED_EDGE('',*,*,#4986,.T.);
#2937=ORIENTED_EDGE('',*,*,#4906,.T.);
#2938=ORIENTED_EDGE('',*,*,#4988,.F.);
#2939=ORIENTED_EDGE('',*,*,#4501,.F.);
#2940=ORIENTED_EDGE('',*,*,#4987,.T.);
#2941=ORIENTED_EDGE('',*,*,#4905,.T.);
#2942=ORIENTED_EDGE('',*,*,#4989,.F.);
#2943=ORIENTED_EDGE('',*,*,#4502,.F.);
#2944=ORIENTED_EDGE('',*,*,#4988,.T.);
#2945=ORIENTED_EDGE('',*,*,#4904,.F.);
#2946=ORIENTED_EDGE('',*,*,#4990,.F.);
#2947=ORIENTED_EDGE('',*,*,#4503,.T.);
#2948=ORIENTED_EDGE('',*,*,#4989,.T.);
#2949=ORIENTED_EDGE('',*,*,#4903,.F.);
#2950=ORIENTED_EDGE('',*,*,#4991,.F.);
#2951=ORIENTED_EDGE('',*,*,#4504,.T.);
#2952=ORIENTED_EDGE('',*,*,#4990,.T.);
#2953=ORIENTED_EDGE('',*,*,#4902,.T.);
#2954=ORIENTED_EDGE('',*,*,#4992,.F.);
#2955=ORIENTED_EDGE('',*,*,#4505,.F.);
#2956=ORIENTED_EDGE('',*,*,#4991,.T.);
#2957=ORIENTED_EDGE('',*,*,#4901,.T.);
#2958=ORIENTED_EDGE('',*,*,#4993,.F.);
#2959=ORIENTED_EDGE('',*,*,#4506,.F.);
#2960=ORIENTED_EDGE('',*,*,#4992,.T.);
#2961=ORIENTED_EDGE('',*,*,#4900,.F.);
#2962=ORIENTED_EDGE('',*,*,#4994,.F.);
#2963=ORIENTED_EDGE('',*,*,#4507,.T.);
#2964=ORIENTED_EDGE('',*,*,#4993,.T.);
#2965=ORIENTED_EDGE('',*,*,#4899,.F.);
#2966=ORIENTED_EDGE('',*,*,#4995,.F.);
#2967=ORIENTED_EDGE('',*,*,#4508,.T.);
#2968=ORIENTED_EDGE('',*,*,#4994,.T.);
#2969=ORIENTED_EDGE('',*,*,#4898,.T.);
#2970=ORIENTED_EDGE('',*,*,#4996,.F.);
#2971=ORIENTED_EDGE('',*,*,#4509,.F.);
#2972=ORIENTED_EDGE('',*,*,#4995,.T.);
#2973=ORIENTED_EDGE('',*,*,#4897,.T.);
#2974=ORIENTED_EDGE('',*,*,#4997,.F.);
#2975=ORIENTED_EDGE('',*,*,#4510,.F.);
#2976=ORIENTED_EDGE('',*,*,#4996,.T.);
#2977=ORIENTED_EDGE('',*,*,#4896,.F.);
#2978=ORIENTED_EDGE('',*,*,#4998,.F.);
#2979=ORIENTED_EDGE('',*,*,#4511,.T.);
#2980=ORIENTED_EDGE('',*,*,#4997,.T.);
#2981=ORIENTED_EDGE('',*,*,#4895,.F.);
#2982=ORIENTED_EDGE('',*,*,#4999,.F.);
#2983=ORIENTED_EDGE('',*,*,#4512,.T.);
#2984=ORIENTED_EDGE('',*,*,#4998,.T.);
#2985=ORIENTED_EDGE('',*,*,#4894,.T.);
#2986=ORIENTED_EDGE('',*,*,#5000,.F.);
#2987=ORIENTED_EDGE('',*,*,#4513,.F.);
#2988=ORIENTED_EDGE('',*,*,#4999,.T.);
#2989=ORIENTED_EDGE('',*,*,#4893,.T.);
#2990=ORIENTED_EDGE('',*,*,#5001,.F.);
#2991=ORIENTED_EDGE('',*,*,#4514,.F.);
#2992=ORIENTED_EDGE('',*,*,#5000,.T.);
#2993=ORIENTED_EDGE('',*,*,#4892,.F.);
#2994=ORIENTED_EDGE('',*,*,#5002,.F.);
#2995=ORIENTED_EDGE('',*,*,#4515,.T.);
#2996=ORIENTED_EDGE('',*,*,#5001,.T.);
#2997=ORIENTED_EDGE('',*,*,#4891,.F.);
#2998=ORIENTED_EDGE('',*,*,#5003,.F.);
#2999=ORIENTED_EDGE('',*,*,#4516,.T.);
#3000=ORIENTED_EDGE('',*,*,#5002,.T.);
#3001=ORIENTED_EDGE('',*,*,#4890,.T.);
#3002=ORIENTED_EDGE('',*,*,#5004,.F.);
#3003=ORIENTED_EDGE('',*,*,#4517,.F.);
#3004=ORIENTED_EDGE('',*,*,#5003,.T.);
#3005=ORIENTED_EDGE('',*,*,#4889,.T.);
#3006=ORIENTED_EDGE('',*,*,#5005,.F.);
#3007=ORIENTED_EDGE('',*,*,#4518,.F.);
#3008=ORIENTED_EDGE('',*,*,#5004,.T.);
#3009=ORIENTED_EDGE('',*,*,#4888,.F.);
#3010=ORIENTED_EDGE('',*,*,#5006,.F.);
#3011=ORIENTED_EDGE('',*,*,#4519,.T.);
#3012=ORIENTED_EDGE('',*,*,#5005,.T.);
#3013=ORIENTED_EDGE('',*,*,#4887,.F.);
#3014=ORIENTED_EDGE('',*,*,#5007,.F.);
#3015=ORIENTED_EDGE('',*,*,#4520,.T.);
#3016=ORIENTED_EDGE('',*,*,#5006,.T.);
#3017=ORIENTED_EDGE('',*,*,#4886,.T.);
#3018=ORIENTED_EDGE('',*,*,#5008,.F.);
#3019=ORIENTED_EDGE('',*,*,#4521,.F.);
#3020=ORIENTED_EDGE('',*,*,#5007,.T.);
#3021=ORIENTED_EDGE('',*,*,#4885,.T.);
#3022=ORIENTED_EDGE('',*,*,#5009,.F.);
#3023=ORIENTED_EDGE('',*,*,#4522,.F.);
#3024=ORIENTED_EDGE('',*,*,#5008,.T.);
#3025=ORIENTED_EDGE('',*,*,#4884,.F.);
#3026=ORIENTED_EDGE('',*,*,#5010,.F.);
#3027=ORIENTED_EDGE('',*,*,#4523,.T.);
#3028=ORIENTED_EDGE('',*,*,#5009,.T.);
#3029=ORIENTED_EDGE('',*,*,#4883,.F.);
#3030=ORIENTED_EDGE('',*,*,#5011,.F.);
#3031=ORIENTED_EDGE('',*,*,#4524,.T.);
#3032=ORIENTED_EDGE('',*,*,#5010,.T.);
#3033=ORIENTED_EDGE('',*,*,#4882,.T.);
#3034=ORIENTED_EDGE('',*,*,#5012,.F.);
#3035=ORIENTED_EDGE('',*,*,#4525,.F.);
#3036=ORIENTED_EDGE('',*,*,#5011,.T.);
#3037=ORIENTED_EDGE('',*,*,#4881,.T.);
#3038=ORIENTED_EDGE('',*,*,#5013,.F.);
#3039=ORIENTED_EDGE('',*,*,#4526,.F.);
#3040=ORIENTED_EDGE('',*,*,#5012,.T.);
#3041=ORIENTED_EDGE('',*,*,#4880,.F.);
#3042=ORIENTED_EDGE('',*,*,#5014,.F.);
#3043=ORIENTED_EDGE('',*,*,#4527,.T.);
#3044=ORIENTED_EDGE('',*,*,#5013,.T.);
#3045=ORIENTED_EDGE('',*,*,#4879,.F.);
#3046=ORIENTED_EDGE('',*,*,#5015,.F.);
#3047=ORIENTED_EDGE('',*,*,#4528,.T.);
#3048=ORIENTED_EDGE('',*,*,#5014,.T.);
#3049=ORIENTED_EDGE('',*,*,#4878,.T.);
#3050=ORIENTED_EDGE('',*,*,#5016,.F.);
#3051=ORIENTED_EDGE('',*,*,#4529,.F.);
#3052=ORIENTED_EDGE('',*,*,#5015,.T.);
#3053=ORIENTED_EDGE('',*,*,#4877,.T.);
#3054=ORIENTED_EDGE('',*,*,#5017,.F.);
#3055=ORIENTED_EDGE('',*,*,#4530,.F.);
#3056=ORIENTED_EDGE('',*,*,#5016,.T.);
#3057=ORIENTED_EDGE('',*,*,#4876,.F.);
#3058=ORIENTED_EDGE('',*,*,#5018,.F.);
#3059=ORIENTED_EDGE('',*,*,#4531,.T.);
#3060=ORIENTED_EDGE('',*,*,#5017,.T.);
#3061=ORIENTED_EDGE('',*,*,#4875,.F.);
#3062=ORIENTED_EDGE('',*,*,#5019,.F.);
#3063=ORIENTED_EDGE('',*,*,#4532,.T.);
#3064=ORIENTED_EDGE('',*,*,#5018,.T.);
#3065=ORIENTED_EDGE('',*,*,#4874,.T.);
#3066=ORIENTED_EDGE('',*,*,#5020,.F.);
#3067=ORIENTED_EDGE('',*,*,#4533,.F.);
#3068=ORIENTED_EDGE('',*,*,#5019,.T.);
#3069=ORIENTED_EDGE('',*,*,#4873,.T.);
#3070=ORIENTED_EDGE('',*,*,#5021,.F.);
#3071=ORIENTED_EDGE('',*,*,#4534,.F.);
#3072=ORIENTED_EDGE('',*,*,#5020,.T.);
#3073=ORIENTED_EDGE('',*,*,#4872,.F.);
#3074=ORIENTED_EDGE('',*,*,#5022,.F.);
#3075=ORIENTED_EDGE('',*,*,#4535,.T.);
#3076=ORIENTED_EDGE('',*,*,#5021,.T.);
#3077=ORIENTED_EDGE('',*,*,#4871,.F.);
#3078=ORIENTED_EDGE('',*,*,#5023,.F.);
#3079=ORIENTED_EDGE('',*,*,#4536,.T.);
#3080=ORIENTED_EDGE('',*,*,#5022,.T.);
#3081=ORIENTED_EDGE('',*,*,#4870,.T.);
#3082=ORIENTED_EDGE('',*,*,#5024,.F.);
#3083=ORIENTED_EDGE('',*,*,#4537,.F.);
#3084=ORIENTED_EDGE('',*,*,#5023,.T.);
#3085=ORIENTED_EDGE('',*,*,#4869,.T.);
#3086=ORIENTED_EDGE('',*,*,#5025,.F.);
#3087=ORIENTED_EDGE('',*,*,#4538,.F.);
#3088=ORIENTED_EDGE('',*,*,#5024,.T.);
#3089=ORIENTED_EDGE('',*,*,#4868,.F.);
#3090=ORIENTED_EDGE('',*,*,#5026,.F.);
#3091=ORIENTED_EDGE('',*,*,#4539,.T.);
#3092=ORIENTED_EDGE('',*,*,#5025,.T.);
#3093=ORIENTED_EDGE('',*,*,#4867,.F.);
#3094=ORIENTED_EDGE('',*,*,#5027,.F.);
#3095=ORIENTED_EDGE('',*,*,#4540,.T.);
#3096=ORIENTED_EDGE('',*,*,#5026,.T.);
#3097=ORIENTED_EDGE('',*,*,#4866,.T.);
#3098=ORIENTED_EDGE('',*,*,#5028,.F.);
#3099=ORIENTED_EDGE('',*,*,#4541,.F.);
#3100=ORIENTED_EDGE('',*,*,#5027,.T.);
#3101=ORIENTED_EDGE('',*,*,#4865,.T.);
#3102=ORIENTED_EDGE('',*,*,#5029,.F.);
#3103=ORIENTED_EDGE('',*,*,#4542,.F.);
#3104=ORIENTED_EDGE('',*,*,#5028,.T.);
#3105=ORIENTED_EDGE('',*,*,#4864,.F.);
#3106=ORIENTED_EDGE('',*,*,#5030,.F.);
#3107=ORIENTED_EDGE('',*,*,#4543,.T.);
#3108=ORIENTED_EDGE('',*,*,#5029,.T.);
#3109=ORIENTED_EDGE('',*,*,#4863,.F.);
#3110=ORIENTED_EDGE('',*,*,#5031,.F.);
#3111=ORIENTED_EDGE('',*,*,#4544,.T.);
#3112=ORIENTED_EDGE('',*,*,#5030,.T.);
#3113=ORIENTED_EDGE('',*,*,#4862,.T.);
#3114=ORIENTED_EDGE('',*,*,#5032,.F.);
#3115=ORIENTED_EDGE('',*,*,#4545,.F.);
#3116=ORIENTED_EDGE('',*,*,#5031,.T.);
#3117=ORIENTED_EDGE('',*,*,#4861,.T.);
#3118=ORIENTED_EDGE('',*,*,#5033,.F.);
#3119=ORIENTED_EDGE('',*,*,#4546,.F.);
#3120=ORIENTED_EDGE('',*,*,#5032,.T.);
#3121=ORIENTED_EDGE('',*,*,#4860,.F.);
#3122=ORIENTED_EDGE('',*,*,#5034,.F.);
#3123=ORIENTED_EDGE('',*,*,#4547,.T.);
#3124=ORIENTED_EDGE('',*,*,#5033,.T.);
#3125=ORIENTED_EDGE('',*,*,#4859,.F.);
#3126=ORIENTED_EDGE('',*,*,#5035,.F.);
#3127=ORIENTED_EDGE('',*,*,#4548,.T.);
#3128=ORIENTED_EDGE('',*,*,#5034,.T.);
#3129=ORIENTED_EDGE('',*,*,#4858,.T.);
#3130=ORIENTED_EDGE('',*,*,#5036,.F.);
#3131=ORIENTED_EDGE('',*,*,#4549,.F.);
#3132=ORIENTED_EDGE('',*,*,#5035,.T.);
#3133=ORIENTED_EDGE('',*,*,#4857,.T.);
#3134=ORIENTED_EDGE('',*,*,#5037,.F.);
#3135=ORIENTED_EDGE('',*,*,#4550,.F.);
#3136=ORIENTED_EDGE('',*,*,#5036,.T.);
#3137=ORIENTED_EDGE('',*,*,#4856,.F.);
#3138=ORIENTED_EDGE('',*,*,#5038,.F.);
#3139=ORIENTED_EDGE('',*,*,#4551,.T.);
#3140=ORIENTED_EDGE('',*,*,#5037,.T.);
#3141=ORIENTED_EDGE('',*,*,#4855,.F.);
#3142=ORIENTED_EDGE('',*,*,#5039,.F.);
#3143=ORIENTED_EDGE('',*,*,#4552,.T.);
#3144=ORIENTED_EDGE('',*,*,#5038,.T.);
#3145=ORIENTED_EDGE('',*,*,#4854,.T.);
#3146=ORIENTED_EDGE('',*,*,#5040,.F.);
#3147=ORIENTED_EDGE('',*,*,#4553,.F.);
#3148=ORIENTED_EDGE('',*,*,#5039,.T.);
#3149=ORIENTED_EDGE('',*,*,#4853,.T.);
#3150=ORIENTED_EDGE('',*,*,#5041,.F.);
#3151=ORIENTED_EDGE('',*,*,#4554,.F.);
#3152=ORIENTED_EDGE('',*,*,#5040,.T.);
#3153=ORIENTED_EDGE('',*,*,#4852,.F.);
#3154=ORIENTED_EDGE('',*,*,#5042,.F.);
#3155=ORIENTED_EDGE('',*,*,#4555,.T.);
#3156=ORIENTED_EDGE('',*,*,#5041,.T.);
#3157=ORIENTED_EDGE('',*,*,#4851,.F.);
#3158=ORIENTED_EDGE('',*,*,#5043,.F.);
#3159=ORIENTED_EDGE('',*,*,#4556,.T.);
#3160=ORIENTED_EDGE('',*,*,#5042,.T.);
#3161=ORIENTED_EDGE('',*,*,#4850,.T.);
#3162=ORIENTED_EDGE('',*,*,#5044,.F.);
#3163=ORIENTED_EDGE('',*,*,#4557,.F.);
#3164=ORIENTED_EDGE('',*,*,#5043,.T.);
#3165=ORIENTED_EDGE('',*,*,#4849,.T.);
#3166=ORIENTED_EDGE('',*,*,#5045,.F.);
#3167=ORIENTED_EDGE('',*,*,#4558,.F.);
#3168=ORIENTED_EDGE('',*,*,#5044,.T.);
#3169=ORIENTED_EDGE('',*,*,#4848,.F.);
#3170=ORIENTED_EDGE('',*,*,#5046,.F.);
#3171=ORIENTED_EDGE('',*,*,#4559,.T.);
#3172=ORIENTED_EDGE('',*,*,#5045,.T.);
#3173=ORIENTED_EDGE('',*,*,#4847,.F.);
#3174=ORIENTED_EDGE('',*,*,#5047,.F.);
#3175=ORIENTED_EDGE('',*,*,#4560,.T.);
#3176=ORIENTED_EDGE('',*,*,#5046,.T.);
#3177=ORIENTED_EDGE('',*,*,#4846,.T.);
#3178=ORIENTED_EDGE('',*,*,#5048,.F.);
#3179=ORIENTED_EDGE('',*,*,#4561,.F.);
#3180=ORIENTED_EDGE('',*,*,#5047,.T.);
#3181=ORIENTED_EDGE('',*,*,#4845,.T.);
#3182=ORIENTED_EDGE('',*,*,#5049,.F.);
#3183=ORIENTED_EDGE('',*,*,#4562,.F.);
#3184=ORIENTED_EDGE('',*,*,#5048,.T.);
#3185=ORIENTED_EDGE('',*,*,#4844,.F.);
#3186=ORIENTED_EDGE('',*,*,#5050,.F.);
#3187=ORIENTED_EDGE('',*,*,#4563,.T.);
#3188=ORIENTED_EDGE('',*,*,#5049,.T.);
#3189=ORIENTED_EDGE('',*,*,#4843,.F.);
#3190=ORIENTED_EDGE('',*,*,#5051,.F.);
#3191=ORIENTED_EDGE('',*,*,#4564,.T.);
#3192=ORIENTED_EDGE('',*,*,#5050,.T.);
#3193=ORIENTED_EDGE('',*,*,#4842,.T.);
#3194=ORIENTED_EDGE('',*,*,#5052,.F.);
#3195=ORIENTED_EDGE('',*,*,#4565,.F.);
#3196=ORIENTED_EDGE('',*,*,#5051,.T.);
#3197=ORIENTED_EDGE('',*,*,#4841,.T.);
#3198=ORIENTED_EDGE('',*,*,#5053,.F.);
#3199=ORIENTED_EDGE('',*,*,#4566,.F.);
#3200=ORIENTED_EDGE('',*,*,#5052,.T.);
#3201=ORIENTED_EDGE('',*,*,#4840,.F.);
#3202=ORIENTED_EDGE('',*,*,#5054,.F.);
#3203=ORIENTED_EDGE('',*,*,#4567,.T.);
#3204=ORIENTED_EDGE('',*,*,#5053,.T.);
#3205=ORIENTED_EDGE('',*,*,#4839,.F.);
#3206=ORIENTED_EDGE('',*,*,#5055,.F.);
#3207=ORIENTED_EDGE('',*,*,#4568,.T.);
#3208=ORIENTED_EDGE('',*,*,#5054,.T.);
#3209=ORIENTED_EDGE('',*,*,#4838,.T.);
#3210=ORIENTED_EDGE('',*,*,#5056,.F.);
#3211=ORIENTED_EDGE('',*,*,#4569,.F.);
#3212=ORIENTED_EDGE('',*,*,#5055,.T.);
#3213=ORIENTED_EDGE('',*,*,#4837,.T.);
#3214=ORIENTED_EDGE('',*,*,#5057,.F.);
#3215=ORIENTED_EDGE('',*,*,#4570,.F.);
#3216=ORIENTED_EDGE('',*,*,#5056,.T.);
#3217=ORIENTED_EDGE('',*,*,#4836,.F.);
#3218=ORIENTED_EDGE('',*,*,#5058,.F.);
#3219=ORIENTED_EDGE('',*,*,#4571,.T.);
#3220=ORIENTED_EDGE('',*,*,#5057,.T.);
#3221=ORIENTED_EDGE('',*,*,#4835,.F.);
#3222=ORIENTED_EDGE('',*,*,#5059,.F.);
#3223=ORIENTED_EDGE('',*,*,#4572,.T.);
#3224=ORIENTED_EDGE('',*,*,#5058,.T.);
#3225=ORIENTED_EDGE('',*,*,#4834,.T.);
#3226=ORIENTED_EDGE('',*,*,#5060,.F.);
#3227=ORIENTED_EDGE('',*,*,#4573,.F.);
#3228=ORIENTED_EDGE('',*,*,#5059,.T.);
#3229=ORIENTED_EDGE('',*,*,#4833,.T.);
#3230=ORIENTED_EDGE('',*,*,#5061,.F.);
#3231=ORIENTED_EDGE('',*,*,#4574,.F.);
#3232=ORIENTED_EDGE('',*,*,#5060,.T.);
#3233=ORIENTED_EDGE('',*,*,#4832,.F.);
#3234=ORIENTED_EDGE('',*,*,#5062,.F.);
#3235=ORIENTED_EDGE('',*,*,#4575,.T.);
#3236=ORIENTED_EDGE('',*,*,#5061,.T.);
#3237=ORIENTED_EDGE('',*,*,#4831,.F.);
#3238=ORIENTED_EDGE('',*,*,#5063,.F.);
#3239=ORIENTED_EDGE('',*,*,#4576,.T.);
#3240=ORIENTED_EDGE('',*,*,#5062,.T.);
#3241=ORIENTED_EDGE('',*,*,#4830,.T.);
#3242=ORIENTED_EDGE('',*,*,#5064,.F.);
#3243=ORIENTED_EDGE('',*,*,#4577,.F.);
#3244=ORIENTED_EDGE('',*,*,#5063,.T.);
#3245=ORIENTED_EDGE('',*,*,#4829,.T.);
#3246=ORIENTED_EDGE('',*,*,#5065,.F.);
#3247=ORIENTED_EDGE('',*,*,#4578,.F.);
#3248=ORIENTED_EDGE('',*,*,#5064,.T.);
#3249=ORIENTED_EDGE('',*,*,#4828,.F.);
#3250=ORIENTED_EDGE('',*,*,#5066,.F.);
#3251=ORIENTED_EDGE('',*,*,#4579,.T.);
#3252=ORIENTED_EDGE('',*,*,#5065,.T.);
#3253=ORIENTED_EDGE('',*,*,#4827,.F.);
#3254=ORIENTED_EDGE('',*,*,#5067,.F.);
#3255=ORIENTED_EDGE('',*,*,#4580,.T.);
#3256=ORIENTED_EDGE('',*,*,#5066,.T.);
#3257=ORIENTED_EDGE('',*,*,#4826,.T.);
#3258=ORIENTED_EDGE('',*,*,#5068,.F.);
#3259=ORIENTED_EDGE('',*,*,#4581,.F.);
#3260=ORIENTED_EDGE('',*,*,#5067,.T.);
#3261=ORIENTED_EDGE('',*,*,#4825,.T.);
#3262=ORIENTED_EDGE('',*,*,#5069,.F.);
#3263=ORIENTED_EDGE('',*,*,#4582,.F.);
#3264=ORIENTED_EDGE('',*,*,#5068,.T.);
#3265=ORIENTED_EDGE('',*,*,#4824,.F.);
#3266=ORIENTED_EDGE('',*,*,#5070,.F.);
#3267=ORIENTED_EDGE('',*,*,#5071,.F.);
#3268=ORIENTED_EDGE('',*,*,#4583,.T.);
#3269=ORIENTED_EDGE('',*,*,#5069,.T.);
#3270=ORIENTED_EDGE('',*,*,#4823,.F.);
#3271=ORIENTED_EDGE('',*,*,#5072,.F.);
#3272=ORIENTED_EDGE('',*,*,#5073,.T.);
#3273=ORIENTED_EDGE('',*,*,#5070,.T.);
#3274=ORIENTED_EDGE('',*,*,#4822,.T.);
#3275=ORIENTED_EDGE('',*,*,#5074,.F.);
#3276=ORIENTED_EDGE('',*,*,#5075,.F.);
#3277=ORIENTED_EDGE('',*,*,#5072,.T.);
#3278=ORIENTED_EDGE('',*,*,#4821,.T.);
#3279=ORIENTED_EDGE('',*,*,#5076,.F.);
#3280=ORIENTED_EDGE('',*,*,#5077,.F.);
#3281=ORIENTED_EDGE('',*,*,#5074,.T.);
#3282=ORIENTED_EDGE('',*,*,#4820,.F.);
#3283=ORIENTED_EDGE('',*,*,#5078,.F.);
#3284=ORIENTED_EDGE('',*,*,#5079,.T.);
#3285=ORIENTED_EDGE('',*,*,#5076,.T.);
#3286=ORIENTED_EDGE('',*,*,#4819,.F.);
#3287=ORIENTED_EDGE('',*,*,#5080,.F.);
#3288=ORIENTED_EDGE('',*,*,#5081,.T.);
#3289=ORIENTED_EDGE('',*,*,#5078,.T.);
#3290=ORIENTED_EDGE('',*,*,#4818,.T.);
#3291=ORIENTED_EDGE('',*,*,#5082,.F.);
#3292=ORIENTED_EDGE('',*,*,#5083,.F.);
#3293=ORIENTED_EDGE('',*,*,#5080,.T.);
#3294=ORIENTED_EDGE('',*,*,#4817,.T.);
#3295=ORIENTED_EDGE('',*,*,#5084,.F.);
#3296=ORIENTED_EDGE('',*,*,#5085,.F.);
#3297=ORIENTED_EDGE('',*,*,#5082,.T.);
#3298=ORIENTED_EDGE('',*,*,#4816,.F.);
#3299=ORIENTED_EDGE('',*,*,#5086,.F.);
#3300=ORIENTED_EDGE('',*,*,#5087,.T.);
#3301=ORIENTED_EDGE('',*,*,#5084,.T.);
#3302=ORIENTED_EDGE('',*,*,#4815,.F.);
#3303=ORIENTED_EDGE('',*,*,#5088,.F.);
#3304=ORIENTED_EDGE('',*,*,#5089,.T.);
#3305=ORIENTED_EDGE('',*,*,#5086,.T.);
#3306=ORIENTED_EDGE('',*,*,#4814,.T.);
#3307=ORIENTED_EDGE('',*,*,#5090,.F.);
#3308=ORIENTED_EDGE('',*,*,#5091,.F.);
#3309=ORIENTED_EDGE('',*,*,#5088,.T.);
#3310=ORIENTED_EDGE('',*,*,#4813,.T.);
#3311=ORIENTED_EDGE('',*,*,#5092,.F.);
#3312=ORIENTED_EDGE('',*,*,#5093,.F.);
#3313=ORIENTED_EDGE('',*,*,#5090,.T.);
#3314=ORIENTED_EDGE('',*,*,#4812,.F.);
#3315=ORIENTED_EDGE('',*,*,#5094,.F.);
#3316=ORIENTED_EDGE('',*,*,#5095,.T.);
#3317=ORIENTED_EDGE('',*,*,#5092,.T.);
#3318=ORIENTED_EDGE('',*,*,#4811,.F.);
#3319=ORIENTED_EDGE('',*,*,#5096,.F.);
#3320=ORIENTED_EDGE('',*,*,#5097,.T.);
#3321=ORIENTED_EDGE('',*,*,#5094,.T.);
#3322=ORIENTED_EDGE('',*,*,#4810,.T.);
#3323=ORIENTED_EDGE('',*,*,#5098,.F.);
#3324=ORIENTED_EDGE('',*,*,#5099,.F.);
#3325=ORIENTED_EDGE('',*,*,#5096,.T.);
#3326=ORIENTED_EDGE('',*,*,#4809,.T.);
#3327=ORIENTED_EDGE('',*,*,#5100,.F.);
#3328=ORIENTED_EDGE('',*,*,#5101,.F.);
#3329=ORIENTED_EDGE('',*,*,#5098,.T.);
#3330=ORIENTED_EDGE('',*,*,#4808,.F.);
#3331=ORIENTED_EDGE('',*,*,#5102,.F.);
#3332=ORIENTED_EDGE('',*,*,#5103,.T.);
#3333=ORIENTED_EDGE('',*,*,#5100,.T.);
#3334=ORIENTED_EDGE('',*,*,#4807,.F.);
#3335=ORIENTED_EDGE('',*,*,#5104,.F.);
#3336=ORIENTED_EDGE('',*,*,#5105,.T.);
#3337=ORIENTED_EDGE('',*,*,#5102,.T.);
#3338=ORIENTED_EDGE('',*,*,#4806,.T.);
#3339=ORIENTED_EDGE('',*,*,#5106,.F.);
#3340=ORIENTED_EDGE('',*,*,#5107,.F.);
#3341=ORIENTED_EDGE('',*,*,#5104,.T.);
#3342=ORIENTED_EDGE('',*,*,#4805,.T.);
#3343=ORIENTED_EDGE('',*,*,#5108,.F.);
#3344=ORIENTED_EDGE('',*,*,#5109,.F.);
#3345=ORIENTED_EDGE('',*,*,#5106,.T.);
#3346=ORIENTED_EDGE('',*,*,#4804,.F.);
#3347=ORIENTED_EDGE('',*,*,#5110,.F.);
#3348=ORIENTED_EDGE('',*,*,#5111,.T.);
#3349=ORIENTED_EDGE('',*,*,#5108,.T.);
#3350=ORIENTED_EDGE('',*,*,#4803,.F.);
#3351=ORIENTED_EDGE('',*,*,#5112,.F.);
#3352=ORIENTED_EDGE('',*,*,#5113,.T.);
#3353=ORIENTED_EDGE('',*,*,#5110,.T.);
#3354=ORIENTED_EDGE('',*,*,#4802,.T.);
#3355=ORIENTED_EDGE('',*,*,#5114,.F.);
#3356=ORIENTED_EDGE('',*,*,#5115,.F.);
#3357=ORIENTED_EDGE('',*,*,#5112,.T.);
#3358=ORIENTED_EDGE('',*,*,#4801,.T.);
#3359=ORIENTED_EDGE('',*,*,#5116,.F.);
#3360=ORIENTED_EDGE('',*,*,#5117,.F.);
#3361=ORIENTED_EDGE('',*,*,#5114,.T.);
#3362=ORIENTED_EDGE('',*,*,#4800,.F.);
#3363=ORIENTED_EDGE('',*,*,#5118,.F.);
#3364=ORIENTED_EDGE('',*,*,#5119,.T.);
#3365=ORIENTED_EDGE('',*,*,#5116,.T.);
#3366=ORIENTED_EDGE('',*,*,#4799,.F.);
#3367=ORIENTED_EDGE('',*,*,#5120,.F.);
#3368=ORIENTED_EDGE('',*,*,#5121,.T.);
#3369=ORIENTED_EDGE('',*,*,#5118,.T.);
#3370=ORIENTED_EDGE('',*,*,#4798,.T.);
#3371=ORIENTED_EDGE('',*,*,#5122,.F.);
#3372=ORIENTED_EDGE('',*,*,#5123,.F.);
#3373=ORIENTED_EDGE('',*,*,#5120,.T.);
#3374=ORIENTED_EDGE('',*,*,#4797,.T.);
#3375=ORIENTED_EDGE('',*,*,#5124,.F.);
#3376=ORIENTED_EDGE('',*,*,#5125,.F.);
#3377=ORIENTED_EDGE('',*,*,#5122,.T.);
#3378=ORIENTED_EDGE('',*,*,#4796,.F.);
#3379=ORIENTED_EDGE('',*,*,#5126,.F.);
#3380=ORIENTED_EDGE('',*,*,#5127,.T.);
#3381=ORIENTED_EDGE('',*,*,#5124,.T.);
#3382=ORIENTED_EDGE('',*,*,#4795,.F.);
#3383=ORIENTED_EDGE('',*,*,#5128,.F.);
#3384=ORIENTED_EDGE('',*,*,#5129,.T.);
#3385=ORIENTED_EDGE('',*,*,#5126,.T.);
#3386=ORIENTED_EDGE('',*,*,#4794,.T.);
#3387=ORIENTED_EDGE('',*,*,#5130,.F.);
#3388=ORIENTED_EDGE('',*,*,#5131,.F.);
#3389=ORIENTED_EDGE('',*,*,#5128,.T.);
#3390=ORIENTED_EDGE('',*,*,#4793,.T.);
#3391=ORIENTED_EDGE('',*,*,#5132,.F.);
#3392=ORIENTED_EDGE('',*,*,#5133,.F.);
#3393=ORIENTED_EDGE('',*,*,#5130,.T.);
#3394=ORIENTED_EDGE('',*,*,#4792,.F.);
#3395=ORIENTED_EDGE('',*,*,#5134,.F.);
#3396=ORIENTED_EDGE('',*,*,#5135,.T.);
#3397=ORIENTED_EDGE('',*,*,#5132,.T.);
#3398=ORIENTED_EDGE('',*,*,#4791,.F.);
#3399=ORIENTED_EDGE('',*,*,#5136,.F.);
#3400=ORIENTED_EDGE('',*,*,#5137,.T.);
#3401=ORIENTED_EDGE('',*,*,#5134,.T.);
#3402=ORIENTED_EDGE('',*,*,#4790,.T.);
#3403=ORIENTED_EDGE('',*,*,#5138,.F.);
#3404=ORIENTED_EDGE('',*,*,#5139,.F.);
#3405=ORIENTED_EDGE('',*,*,#5136,.T.);
#3406=ORIENTED_EDGE('',*,*,#4789,.T.);
#3407=ORIENTED_EDGE('',*,*,#5140,.F.);
#3408=ORIENTED_EDGE('',*,*,#5141,.F.);
#3409=ORIENTED_EDGE('',*,*,#5138,.T.);
#3410=ORIENTED_EDGE('',*,*,#4788,.F.);
#3411=ORIENTED_EDGE('',*,*,#5142,.F.);
#3412=ORIENTED_EDGE('',*,*,#5143,.T.);
#3413=ORIENTED_EDGE('',*,*,#5140,.T.);
#3414=ORIENTED_EDGE('',*,*,#4787,.F.);
#3415=ORIENTED_EDGE('',*,*,#5144,.F.);
#3416=ORIENTED_EDGE('',*,*,#5145,.T.);
#3417=ORIENTED_EDGE('',*,*,#5142,.T.);
#3418=ORIENTED_EDGE('',*,*,#4786,.T.);
#3419=ORIENTED_EDGE('',*,*,#5146,.F.);
#3420=ORIENTED_EDGE('',*,*,#5147,.F.);
#3421=ORIENTED_EDGE('',*,*,#5144,.T.);
#3422=ORIENTED_EDGE('',*,*,#4785,.T.);
#3423=ORIENTED_EDGE('',*,*,#5148,.F.);
#3424=ORIENTED_EDGE('',*,*,#5149,.F.);
#3425=ORIENTED_EDGE('',*,*,#5146,.T.);
#3426=ORIENTED_EDGE('',*,*,#4784,.F.);
#3427=ORIENTED_EDGE('',*,*,#5150,.F.);
#3428=ORIENTED_EDGE('',*,*,#5151,.T.);
#3429=ORIENTED_EDGE('',*,*,#5148,.T.);
#3430=ORIENTED_EDGE('',*,*,#4783,.F.);
#3431=ORIENTED_EDGE('',*,*,#5152,.F.);
#3432=ORIENTED_EDGE('',*,*,#5153,.T.);
#3433=ORIENTED_EDGE('',*,*,#5150,.T.);
#3434=ORIENTED_EDGE('',*,*,#4782,.T.);
#3435=ORIENTED_EDGE('',*,*,#5154,.F.);
#3436=ORIENTED_EDGE('',*,*,#5155,.F.);
#3437=ORIENTED_EDGE('',*,*,#5152,.T.);
#3438=ORIENTED_EDGE('',*,*,#4781,.T.);
#3439=ORIENTED_EDGE('',*,*,#5156,.F.);
#3440=ORIENTED_EDGE('',*,*,#5157,.F.);
#3441=ORIENTED_EDGE('',*,*,#5154,.T.);
#3442=ORIENTED_EDGE('',*,*,#4780,.F.);
#3443=ORIENTED_EDGE('',*,*,#5158,.F.);
#3444=ORIENTED_EDGE('',*,*,#5159,.T.);
#3445=ORIENTED_EDGE('',*,*,#5156,.T.);
#3446=ORIENTED_EDGE('',*,*,#4779,.F.);
#3447=ORIENTED_EDGE('',*,*,#5160,.F.);
#3448=ORIENTED_EDGE('',*,*,#5161,.T.);
#3449=ORIENTED_EDGE('',*,*,#5158,.T.);
#3450=ORIENTED_EDGE('',*,*,#4778,.T.);
#3451=ORIENTED_EDGE('',*,*,#5162,.F.);
#3452=ORIENTED_EDGE('',*,*,#5163,.F.);
#3453=ORIENTED_EDGE('',*,*,#5160,.T.);
#3454=ORIENTED_EDGE('',*,*,#4777,.T.);
#3455=ORIENTED_EDGE('',*,*,#5164,.F.);
#3456=ORIENTED_EDGE('',*,*,#5165,.F.);
#3457=ORIENTED_EDGE('',*,*,#5162,.T.);
#3458=ORIENTED_EDGE('',*,*,#4776,.F.);
#3459=ORIENTED_EDGE('',*,*,#5166,.F.);
#3460=ORIENTED_EDGE('',*,*,#5167,.T.);
#3461=ORIENTED_EDGE('',*,*,#5164,.T.);
#3462=ORIENTED_EDGE('',*,*,#4775,.F.);
#3463=ORIENTED_EDGE('',*,*,#5168,.F.);
#3464=ORIENTED_EDGE('',*,*,#5169,.T.);
#3465=ORIENTED_EDGE('',*,*,#5166,.T.);
#3466=ORIENTED_EDGE('',*,*,#4774,.T.);
#3467=ORIENTED_EDGE('',*,*,#5170,.F.);
#3468=ORIENTED_EDGE('',*,*,#5171,.F.);
#3469=ORIENTED_EDGE('',*,*,#5168,.T.);
#3470=ORIENTED_EDGE('',*,*,#4773,.T.);
#3471=ORIENTED_EDGE('',*,*,#5172,.F.);
#3472=ORIENTED_EDGE('',*,*,#5173,.F.);
#3473=ORIENTED_EDGE('',*,*,#5170,.T.);
#3474=ORIENTED_EDGE('',*,*,#4772,.F.);
#3475=ORIENTED_EDGE('',*,*,#5174,.F.);
#3476=ORIENTED_EDGE('',*,*,#5175,.T.);
#3477=ORIENTED_EDGE('',*,*,#5172,.T.);
#3478=ORIENTED_EDGE('',*,*,#4771,.F.);
#3479=ORIENTED_EDGE('',*,*,#5176,.F.);
#3480=ORIENTED_EDGE('',*,*,#5177,.T.);
#3481=ORIENTED_EDGE('',*,*,#5174,.T.);
#3482=ORIENTED_EDGE('',*,*,#4770,.T.);
#3483=ORIENTED_EDGE('',*,*,#5178,.F.);
#3484=ORIENTED_EDGE('',*,*,#5179,.F.);
#3485=ORIENTED_EDGE('',*,*,#5176,.T.);
#3486=ORIENTED_EDGE('',*,*,#4769,.T.);
#3487=ORIENTED_EDGE('',*,*,#5180,.F.);
#3488=ORIENTED_EDGE('',*,*,#5181,.F.);
#3489=ORIENTED_EDGE('',*,*,#5178,.T.);
#3490=ORIENTED_EDGE('',*,*,#4768,.F.);
#3491=ORIENTED_EDGE('',*,*,#5182,.F.);
#3492=ORIENTED_EDGE('',*,*,#5183,.T.);
#3493=ORIENTED_EDGE('',*,*,#5180,.T.);
#3494=ORIENTED_EDGE('',*,*,#4767,.F.);
#3495=ORIENTED_EDGE('',*,*,#5184,.F.);
#3496=ORIENTED_EDGE('',*,*,#5185,.T.);
#3497=ORIENTED_EDGE('',*,*,#5182,.T.);
#3498=ORIENTED_EDGE('',*,*,#4766,.T.);
#3499=ORIENTED_EDGE('',*,*,#5186,.F.);
#3500=ORIENTED_EDGE('',*,*,#5187,.F.);
#3501=ORIENTED_EDGE('',*,*,#5184,.T.);
#3502=ORIENTED_EDGE('',*,*,#4765,.T.);
#3503=ORIENTED_EDGE('',*,*,#5188,.F.);
#3504=ORIENTED_EDGE('',*,*,#5189,.F.);
#3505=ORIENTED_EDGE('',*,*,#5186,.T.);
#3506=ORIENTED_EDGE('',*,*,#4764,.F.);
#3507=ORIENTED_EDGE('',*,*,#5190,.F.);
#3508=ORIENTED_EDGE('',*,*,#5191,.T.);
#3509=ORIENTED_EDGE('',*,*,#5188,.T.);
#3510=ORIENTED_EDGE('',*,*,#4763,.F.);
#3511=ORIENTED_EDGE('',*,*,#5192,.F.);
#3512=ORIENTED_EDGE('',*,*,#5193,.T.);
#3513=ORIENTED_EDGE('',*,*,#5190,.T.);
#3514=ORIENTED_EDGE('',*,*,#4762,.T.);
#3515=ORIENTED_EDGE('',*,*,#5194,.F.);
#3516=ORIENTED_EDGE('',*,*,#5195,.F.);
#3517=ORIENTED_EDGE('',*,*,#5192,.T.);
#3518=ORIENTED_EDGE('',*,*,#4761,.T.);
#3519=ORIENTED_EDGE('',*,*,#5196,.F.);
#3520=ORIENTED_EDGE('',*,*,#5197,.F.);
#3521=ORIENTED_EDGE('',*,*,#5194,.T.);
#3522=ORIENTED_EDGE('',*,*,#4760,.F.);
#3523=ORIENTED_EDGE('',*,*,#5198,.F.);
#3524=ORIENTED_EDGE('',*,*,#5199,.T.);
#3525=ORIENTED_EDGE('',*,*,#5196,.T.);
#3526=ORIENTED_EDGE('',*,*,#4759,.F.);
#3527=ORIENTED_EDGE('',*,*,#5200,.F.);
#3528=ORIENTED_EDGE('',*,*,#5201,.T.);
#3529=ORIENTED_EDGE('',*,*,#5198,.T.);
#3530=ORIENTED_EDGE('',*,*,#4758,.T.);
#3531=ORIENTED_EDGE('',*,*,#5202,.F.);
#3532=ORIENTED_EDGE('',*,*,#5203,.F.);
#3533=ORIENTED_EDGE('',*,*,#5200,.T.);
#3534=ORIENTED_EDGE('',*,*,#4757,.T.);
#3535=ORIENTED_EDGE('',*,*,#5204,.F.);
#3536=ORIENTED_EDGE('',*,*,#5205,.F.);
#3537=ORIENTED_EDGE('',*,*,#5202,.T.);
#3538=ORIENTED_EDGE('',*,*,#4756,.F.);
#3539=ORIENTED_EDGE('',*,*,#5206,.F.);
#3540=ORIENTED_EDGE('',*,*,#5207,.T.);
#3541=ORIENTED_EDGE('',*,*,#5204,.T.);
#3542=ORIENTED_EDGE('',*,*,#4755,.F.);
#3543=ORIENTED_EDGE('',*,*,#5208,.F.);
#3544=ORIENTED_EDGE('',*,*,#5209,.T.);
#3545=ORIENTED_EDGE('',*,*,#5206,.T.);
#3546=ORIENTED_EDGE('',*,*,#4754,.T.);
#3547=ORIENTED_EDGE('',*,*,#5210,.F.);
#3548=ORIENTED_EDGE('',*,*,#5211,.F.);
#3549=ORIENTED_EDGE('',*,*,#5208,.T.);
#3550=ORIENTED_EDGE('',*,*,#4753,.T.);
#3551=ORIENTED_EDGE('',*,*,#5212,.F.);
#3552=ORIENTED_EDGE('',*,*,#5213,.F.);
#3553=ORIENTED_EDGE('',*,*,#5210,.T.);
#3554=ORIENTED_EDGE('',*,*,#4752,.F.);
#3555=ORIENTED_EDGE('',*,*,#5214,.F.);
#3556=ORIENTED_EDGE('',*,*,#5215,.T.);
#3557=ORIENTED_EDGE('',*,*,#5212,.T.);
#3558=ORIENTED_EDGE('',*,*,#4751,.F.);
#3559=ORIENTED_EDGE('',*,*,#5216,.F.);
#3560=ORIENTED_EDGE('',*,*,#5217,.T.);
#3561=ORIENTED_EDGE('',*,*,#5214,.T.);
#3562=ORIENTED_EDGE('',*,*,#4750,.T.);
#3563=ORIENTED_EDGE('',*,*,#5218,.F.);
#3564=ORIENTED_EDGE('',*,*,#5219,.F.);
#3565=ORIENTED_EDGE('',*,*,#5216,.T.);
#3566=ORIENTED_EDGE('',*,*,#4749,.T.);
#3567=ORIENTED_EDGE('',*,*,#5220,.F.);
#3568=ORIENTED_EDGE('',*,*,#5221,.F.);
#3569=ORIENTED_EDGE('',*,*,#5218,.T.);
#3570=ORIENTED_EDGE('',*,*,#4748,.F.);
#3571=ORIENTED_EDGE('',*,*,#5222,.F.);
#3572=ORIENTED_EDGE('',*,*,#5223,.T.);
#3573=ORIENTED_EDGE('',*,*,#5220,.T.);
#3574=ORIENTED_EDGE('',*,*,#4747,.F.);
#3575=ORIENTED_EDGE('',*,*,#5224,.F.);
#3576=ORIENTED_EDGE('',*,*,#5225,.T.);
#3577=ORIENTED_EDGE('',*,*,#5222,.T.);
#3578=ORIENTED_EDGE('',*,*,#4746,.T.);
#3579=ORIENTED_EDGE('',*,*,#5226,.F.);
#3580=ORIENTED_EDGE('',*,*,#5227,.F.);
#3581=ORIENTED_EDGE('',*,*,#5224,.T.);
#3582=ORIENTED_EDGE('',*,*,#4745,.T.);
#3583=ORIENTED_EDGE('',*,*,#5228,.F.);
#3584=ORIENTED_EDGE('',*,*,#5229,.F.);
#3585=ORIENTED_EDGE('',*,*,#5226,.T.);
#3586=ORIENTED_EDGE('',*,*,#4744,.F.);
#3587=ORIENTED_EDGE('',*,*,#5230,.F.);
#3588=ORIENTED_EDGE('',*,*,#5231,.T.);
#3589=ORIENTED_EDGE('',*,*,#5228,.T.);
#3590=ORIENTED_EDGE('',*,*,#4743,.F.);
#3591=ORIENTED_EDGE('',*,*,#5232,.F.);
#3592=ORIENTED_EDGE('',*,*,#5233,.T.);
#3593=ORIENTED_EDGE('',*,*,#5230,.T.);
#3594=ORIENTED_EDGE('',*,*,#4742,.T.);
#3595=ORIENTED_EDGE('',*,*,#5234,.F.);
#3596=ORIENTED_EDGE('',*,*,#5235,.F.);
#3597=ORIENTED_EDGE('',*,*,#5232,.T.);
#3598=ORIENTED_EDGE('',*,*,#4741,.T.);
#3599=ORIENTED_EDGE('',*,*,#5236,.F.);
#3600=ORIENTED_EDGE('',*,*,#5237,.F.);
#3601=ORIENTED_EDGE('',*,*,#5234,.T.);
#3602=ORIENTED_EDGE('',*,*,#4740,.F.);
#3603=ORIENTED_EDGE('',*,*,#5238,.F.);
#3604=ORIENTED_EDGE('',*,*,#5239,.T.);
#3605=ORIENTED_EDGE('',*,*,#5236,.T.);
#3606=ORIENTED_EDGE('',*,*,#4739,.F.);
#3607=ORIENTED_EDGE('',*,*,#5240,.F.);
#3608=ORIENTED_EDGE('',*,*,#5241,.T.);
#3609=ORIENTED_EDGE('',*,*,#5238,.T.);
#3610=ORIENTED_EDGE('',*,*,#4738,.T.);
#3611=ORIENTED_EDGE('',*,*,#5242,.F.);
#3612=ORIENTED_EDGE('',*,*,#5243,.F.);
#3613=ORIENTED_EDGE('',*,*,#5240,.T.);
#3614=ORIENTED_EDGE('',*,*,#4737,.T.);
#3615=ORIENTED_EDGE('',*,*,#5244,.F.);
#3616=ORIENTED_EDGE('',*,*,#5245,.F.);
#3617=ORIENTED_EDGE('',*,*,#5242,.T.);
#3618=ORIENTED_EDGE('',*,*,#4736,.F.);
#3619=ORIENTED_EDGE('',*,*,#5246,.F.);
#3620=ORIENTED_EDGE('',*,*,#5247,.T.);
#3621=ORIENTED_EDGE('',*,*,#5244,.T.);
#3622=ORIENTED_EDGE('',*,*,#4735,.F.);
#3623=ORIENTED_EDGE('',*,*,#5248,.F.);
#3624=ORIENTED_EDGE('',*,*,#5249,.T.);
#3625=ORIENTED_EDGE('',*,*,#5246,.T.);
#3626=ORIENTED_EDGE('',*,*,#4734,.T.);
#3627=ORIENTED_EDGE('',*,*,#5250,.F.);
#3628=ORIENTED_EDGE('',*,*,#5251,.F.);
#3629=ORIENTED_EDGE('',*,*,#5248,.T.);
#3630=ORIENTED_EDGE('',*,*,#4733,.T.);
#3631=ORIENTED_EDGE('',*,*,#5252,.F.);
#3632=ORIENTED_EDGE('',*,*,#5253,.F.);
#3633=ORIENTED_EDGE('',*,*,#5250,.T.);
#3634=ORIENTED_EDGE('',*,*,#4732,.F.);
#3635=ORIENTED_EDGE('',*,*,#5254,.F.);
#3636=ORIENTED_EDGE('',*,*,#5255,.T.);
#3637=ORIENTED_EDGE('',*,*,#5252,.T.);
#3638=ORIENTED_EDGE('',*,*,#4731,.F.);
#3639=ORIENTED_EDGE('',*,*,#5256,.F.);
#3640=ORIENTED_EDGE('',*,*,#5257,.T.);
#3641=ORIENTED_EDGE('',*,*,#5254,.T.);
#3642=ORIENTED_EDGE('',*,*,#4730,.T.);
#3643=ORIENTED_EDGE('',*,*,#5258,.F.);
#3644=ORIENTED_EDGE('',*,*,#5259,.F.);
#3645=ORIENTED_EDGE('',*,*,#5256,.T.);
#3646=ORIENTED_EDGE('',*,*,#4729,.T.);
#3647=ORIENTED_EDGE('',*,*,#5260,.F.);
#3648=ORIENTED_EDGE('',*,*,#5261,.F.);
#3649=ORIENTED_EDGE('',*,*,#5258,.T.);
#3650=ORIENTED_EDGE('',*,*,#4728,.F.);
#3651=ORIENTED_EDGE('',*,*,#5262,.F.);
#3652=ORIENTED_EDGE('',*,*,#5263,.T.);
#3653=ORIENTED_EDGE('',*,*,#5260,.T.);
#3654=ORIENTED_EDGE('',*,*,#4727,.F.);
#3655=ORIENTED_EDGE('',*,*,#5264,.F.);
#3656=ORIENTED_EDGE('',*,*,#5265,.T.);
#3657=ORIENTED_EDGE('',*,*,#5262,.T.);
#3658=ORIENTED_EDGE('',*,*,#4726,.T.);
#3659=ORIENTED_EDGE('',*,*,#5266,.F.);
#3660=ORIENTED_EDGE('',*,*,#5267,.F.);
#3661=ORIENTED_EDGE('',*,*,#5264,.T.);
#3662=ORIENTED_EDGE('',*,*,#4725,.T.);
#3663=ORIENTED_EDGE('',*,*,#5268,.F.);
#3664=ORIENTED_EDGE('',*,*,#5269,.F.);
#3665=ORIENTED_EDGE('',*,*,#5266,.T.);
#3666=ORIENTED_EDGE('',*,*,#4724,.F.);
#3667=ORIENTED_EDGE('',*,*,#5270,.F.);
#3668=ORIENTED_EDGE('',*,*,#5271,.T.);
#3669=ORIENTED_EDGE('',*,*,#5268,.T.);
#3670=ORIENTED_EDGE('',*,*,#4723,.F.);
#3671=ORIENTED_EDGE('',*,*,#5272,.F.);
#3672=ORIENTED_EDGE('',*,*,#5273,.T.);
#3673=ORIENTED_EDGE('',*,*,#5270,.T.);
#3674=ORIENTED_EDGE('',*,*,#4722,.T.);
#3675=ORIENTED_EDGE('',*,*,#5274,.F.);
#3676=ORIENTED_EDGE('',*,*,#5275,.F.);
#3677=ORIENTED_EDGE('',*,*,#5272,.T.);
#3678=ORIENTED_EDGE('',*,*,#4721,.T.);
#3679=ORIENTED_EDGE('',*,*,#5276,.F.);
#3680=ORIENTED_EDGE('',*,*,#5277,.F.);
#3681=ORIENTED_EDGE('',*,*,#5274,.T.);
#3682=ORIENTED_EDGE('',*,*,#4720,.F.);
#3683=ORIENTED_EDGE('',*,*,#5278,.F.);
#3684=ORIENTED_EDGE('',*,*,#5279,.T.);
#3685=ORIENTED_EDGE('',*,*,#5276,.T.);
#3686=ORIENTED_EDGE('',*,*,#4719,.F.);
#3687=ORIENTED_EDGE('',*,*,#5280,.F.);
#3688=ORIENTED_EDGE('',*,*,#5281,.T.);
#3689=ORIENTED_EDGE('',*,*,#5278,.T.);
#3690=ORIENTED_EDGE('',*,*,#4718,.T.);
#3691=ORIENTED_EDGE('',*,*,#5282,.F.);
#3692=ORIENTED_EDGE('',*,*,#5283,.F.);
#3693=ORIENTED_EDGE('',*,*,#5280,.T.);
#3694=ORIENTED_EDGE('',*,*,#4717,.T.);
#3695=ORIENTED_EDGE('',*,*,#5284,.F.);
#3696=ORIENTED_EDGE('',*,*,#5285,.F.);
#3697=ORIENTED_EDGE('',*,*,#5282,.T.);
#3698=ORIENTED_EDGE('',*,*,#4716,.F.);
#3699=ORIENTED_EDGE('',*,*,#5286,.F.);
#3700=ORIENTED_EDGE('',*,*,#5287,.T.);
#3701=ORIENTED_EDGE('',*,*,#5284,.T.);
#3702=ORIENTED_EDGE('',*,*,#4715,.F.);
#3703=ORIENTED_EDGE('',*,*,#5288,.F.);
#3704=ORIENTED_EDGE('',*,*,#5289,.T.);
#3705=ORIENTED_EDGE('',*,*,#5286,.T.);
#3706=ORIENTED_EDGE('',*,*,#4714,.T.);
#3707=ORIENTED_EDGE('',*,*,#5290,.F.);
#3708=ORIENTED_EDGE('',*,*,#5291,.F.);
#3709=ORIENTED_EDGE('',*,*,#5288,.T.);
#3710=ORIENTED_EDGE('',*,*,#4713,.T.);
#3711=ORIENTED_EDGE('',*,*,#5292,.F.);
#3712=ORIENTED_EDGE('',*,*,#5293,.F.);
#3713=ORIENTED_EDGE('',*,*,#5290,.T.);
#3714=ORIENTED_EDGE('',*,*,#4712,.F.);
#3715=ORIENTED_EDGE('',*,*,#5294,.F.);
#3716=ORIENTED_EDGE('',*,*,#5295,.T.);
#3717=ORIENTED_EDGE('',*,*,#5292,.T.);
#3718=ORIENTED_EDGE('',*,*,#4711,.F.);
#3719=ORIENTED_EDGE('',*,*,#5296,.F.);
#3720=ORIENTED_EDGE('',*,*,#5297,.T.);
#3721=ORIENTED_EDGE('',*,*,#5294,.T.);
#3722=ORIENTED_EDGE('',*,*,#4710,.T.);
#3723=ORIENTED_EDGE('',*,*,#5298,.F.);
#3724=ORIENTED_EDGE('',*,*,#5299,.F.);
#3725=ORIENTED_EDGE('',*,*,#5296,.T.);
#3726=ORIENTED_EDGE('',*,*,#4709,.T.);
#3727=ORIENTED_EDGE('',*,*,#5300,.F.);
#3728=ORIENTED_EDGE('',*,*,#5301,.F.);
#3729=ORIENTED_EDGE('',*,*,#5298,.T.);
#3730=ORIENTED_EDGE('',*,*,#4708,.F.);
#3731=ORIENTED_EDGE('',*,*,#5302,.F.);
#3732=ORIENTED_EDGE('',*,*,#5303,.T.);
#3733=ORIENTED_EDGE('',*,*,#5300,.T.);
#3734=ORIENTED_EDGE('',*,*,#4707,.F.);
#3735=ORIENTED_EDGE('',*,*,#5304,.F.);
#3736=ORIENTED_EDGE('',*,*,#5305,.T.);
#3737=ORIENTED_EDGE('',*,*,#5302,.T.);
#3738=ORIENTED_EDGE('',*,*,#4706,.T.);
#3739=ORIENTED_EDGE('',*,*,#5306,.F.);
#3740=ORIENTED_EDGE('',*,*,#5307,.F.);
#3741=ORIENTED_EDGE('',*,*,#5304,.T.);
#3742=ORIENTED_EDGE('',*,*,#4705,.T.);
#3743=ORIENTED_EDGE('',*,*,#5308,.F.);
#3744=ORIENTED_EDGE('',*,*,#5309,.F.);
#3745=ORIENTED_EDGE('',*,*,#5306,.T.);
#3746=ORIENTED_EDGE('',*,*,#4704,.F.);
#3747=ORIENTED_EDGE('',*,*,#5310,.F.);
#3748=ORIENTED_EDGE('',*,*,#5311,.T.);
#3749=ORIENTED_EDGE('',*,*,#5308,.T.);
#3750=ORIENTED_EDGE('',*,*,#4703,.F.);
#3751=ORIENTED_EDGE('',*,*,#5312,.F.);
#3752=ORIENTED_EDGE('',*,*,#5313,.T.);
#3753=ORIENTED_EDGE('',*,*,#5310,.T.);
#3754=ORIENTED_EDGE('',*,*,#4702,.T.);
#3755=ORIENTED_EDGE('',*,*,#5314,.F.);
#3756=ORIENTED_EDGE('',*,*,#5315,.F.);
#3757=ORIENTED_EDGE('',*,*,#5312,.T.);
#3758=ORIENTED_EDGE('',*,*,#4701,.T.);
#3759=ORIENTED_EDGE('',*,*,#5316,.F.);
#3760=ORIENTED_EDGE('',*,*,#5317,.F.);
#3761=ORIENTED_EDGE('',*,*,#5314,.T.);
#3762=ORIENTED_EDGE('',*,*,#4700,.F.);
#3763=ORIENTED_EDGE('',*,*,#5318,.F.);
#3764=ORIENTED_EDGE('',*,*,#5319,.T.);
#3765=ORIENTED_EDGE('',*,*,#5316,.T.);
#3766=ORIENTED_EDGE('',*,*,#4699,.F.);
#3767=ORIENTED_EDGE('',*,*,#5320,.F.);
#3768=ORIENTED_EDGE('',*,*,#5321,.T.);
#3769=ORIENTED_EDGE('',*,*,#5318,.T.);
#3770=ORIENTED_EDGE('',*,*,#4698,.T.);
#3771=ORIENTED_EDGE('',*,*,#5322,.F.);
#3772=ORIENTED_EDGE('',*,*,#5323,.F.);
#3773=ORIENTED_EDGE('',*,*,#5320,.T.);
#3774=ORIENTED_EDGE('',*,*,#4697,.T.);
#3775=ORIENTED_EDGE('',*,*,#5324,.F.);
#3776=ORIENTED_EDGE('',*,*,#5325,.F.);
#3777=ORIENTED_EDGE('',*,*,#5322,.T.);
#3778=ORIENTED_EDGE('',*,*,#4696,.F.);
#3779=ORIENTED_EDGE('',*,*,#5326,.F.);
#3780=ORIENTED_EDGE('',*,*,#5327,.T.);
#3781=ORIENTED_EDGE('',*,*,#5324,.T.);
#3782=ORIENTED_EDGE('',*,*,#4695,.F.);
#3783=ORIENTED_EDGE('',*,*,#5328,.F.);
#3784=ORIENTED_EDGE('',*,*,#5329,.T.);
#3785=ORIENTED_EDGE('',*,*,#5326,.T.);
#3786=ORIENTED_EDGE('',*,*,#4694,.T.);
#3787=ORIENTED_EDGE('',*,*,#5330,.F.);
#3788=ORIENTED_EDGE('',*,*,#5331,.F.);
#3789=ORIENTED_EDGE('',*,*,#5328,.T.);
#3790=ORIENTED_EDGE('',*,*,#4693,.T.);
#3791=ORIENTED_EDGE('',*,*,#5332,.F.);
#3792=ORIENTED_EDGE('',*,*,#5333,.F.);
#3793=ORIENTED_EDGE('',*,*,#5330,.T.);
#3794=ORIENTED_EDGE('',*,*,#4692,.F.);
#3795=ORIENTED_EDGE('',*,*,#5334,.F.);
#3796=ORIENTED_EDGE('',*,*,#5335,.T.);
#3797=ORIENTED_EDGE('',*,*,#5332,.T.);
#3798=ORIENTED_EDGE('',*,*,#4691,.F.);
#3799=ORIENTED_EDGE('',*,*,#5336,.F.);
#3800=ORIENTED_EDGE('',*,*,#5337,.T.);
#3801=ORIENTED_EDGE('',*,*,#5334,.T.);
#3802=ORIENTED_EDGE('',*,*,#4690,.T.);
#3803=ORIENTED_EDGE('',*,*,#5338,.F.);
#3804=ORIENTED_EDGE('',*,*,#5339,.F.);
#3805=ORIENTED_EDGE('',*,*,#5336,.T.);
#3806=ORIENTED_EDGE('',*,*,#4689,.T.);
#3807=ORIENTED_EDGE('',*,*,#5340,.F.);
#3808=ORIENTED_EDGE('',*,*,#4368,.F.);
#3809=ORIENTED_EDGE('',*,*,#5341,.T.);
#3810=ORIENTED_EDGE('',*,*,#5342,.F.);
#3811=ORIENTED_EDGE('',*,*,#5338,.T.);
#3812=ORIENTED_EDGE('',*,*,#4688,.F.);
#3813=ORIENTED_EDGE('',*,*,#5343,.F.);
#3814=ORIENTED_EDGE('',*,*,#4369,.T.);
#3815=ORIENTED_EDGE('',*,*,#5340,.T.);
#3816=ORIENTED_EDGE('',*,*,#4687,.F.);
#3817=ORIENTED_EDGE('',*,*,#5344,.F.);
#3818=ORIENTED_EDGE('',*,*,#4370,.T.);
#3819=ORIENTED_EDGE('',*,*,#5343,.T.);
#3820=ORIENTED_EDGE('',*,*,#4686,.T.);
#3821=ORIENTED_EDGE('',*,*,#5345,.F.);
#3822=ORIENTED_EDGE('',*,*,#4371,.F.);
#3823=ORIENTED_EDGE('',*,*,#5344,.T.);
#3824=ORIENTED_EDGE('',*,*,#4685,.T.);
#3825=ORIENTED_EDGE('',*,*,#5346,.F.);
#3826=ORIENTED_EDGE('',*,*,#4372,.F.);
#3827=ORIENTED_EDGE('',*,*,#5345,.T.);
#3828=ORIENTED_EDGE('',*,*,#4684,.F.);
#3829=ORIENTED_EDGE('',*,*,#5347,.F.);
#3830=ORIENTED_EDGE('',*,*,#4373,.T.);
#3831=ORIENTED_EDGE('',*,*,#5346,.T.);
#3832=ORIENTED_EDGE('',*,*,#4683,.F.);
#3833=ORIENTED_EDGE('',*,*,#5348,.F.);
#3834=ORIENTED_EDGE('',*,*,#4374,.T.);
#3835=ORIENTED_EDGE('',*,*,#5347,.T.);
#3836=ORIENTED_EDGE('',*,*,#4682,.T.);
#3837=ORIENTED_EDGE('',*,*,#5349,.F.);
#3838=ORIENTED_EDGE('',*,*,#4375,.F.);
#3839=ORIENTED_EDGE('',*,*,#5348,.T.);
#3840=ORIENTED_EDGE('',*,*,#4681,.T.);
#3841=ORIENTED_EDGE('',*,*,#5350,.F.);
#3842=ORIENTED_EDGE('',*,*,#4376,.F.);
#3843=ORIENTED_EDGE('',*,*,#5349,.T.);
#3844=ORIENTED_EDGE('',*,*,#4680,.F.);
#3845=ORIENTED_EDGE('',*,*,#5351,.F.);
#3846=ORIENTED_EDGE('',*,*,#4377,.T.);
#3847=ORIENTED_EDGE('',*,*,#5350,.T.);
#3848=ORIENTED_EDGE('',*,*,#4679,.F.);
#3849=ORIENTED_EDGE('',*,*,#5352,.F.);
#3850=ORIENTED_EDGE('',*,*,#4378,.T.);
#3851=ORIENTED_EDGE('',*,*,#5351,.T.);
#3852=ORIENTED_EDGE('',*,*,#4678,.T.);
#3853=ORIENTED_EDGE('',*,*,#5353,.F.);
#3854=ORIENTED_EDGE('',*,*,#4379,.F.);
#3855=ORIENTED_EDGE('',*,*,#5352,.T.);
#3856=ORIENTED_EDGE('',*,*,#4677,.T.);
#3857=ORIENTED_EDGE('',*,*,#5354,.F.);
#3858=ORIENTED_EDGE('',*,*,#4380,.F.);
#3859=ORIENTED_EDGE('',*,*,#5353,.T.);
#3860=ORIENTED_EDGE('',*,*,#4676,.F.);
#3861=ORIENTED_EDGE('',*,*,#5355,.F.);
#3862=ORIENTED_EDGE('',*,*,#4381,.T.);
#3863=ORIENTED_EDGE('',*,*,#5354,.T.);
#3864=ORIENTED_EDGE('',*,*,#4675,.F.);
#3865=ORIENTED_EDGE('',*,*,#5356,.F.);
#3866=ORIENTED_EDGE('',*,*,#4382,.T.);
#3867=ORIENTED_EDGE('',*,*,#5355,.T.);
#3868=ORIENTED_EDGE('',*,*,#4674,.T.);
#3869=ORIENTED_EDGE('',*,*,#5357,.F.);
#3870=ORIENTED_EDGE('',*,*,#4383,.F.);
#3871=ORIENTED_EDGE('',*,*,#5356,.T.);
#3872=ORIENTED_EDGE('',*,*,#4673,.T.);
#3873=ORIENTED_EDGE('',*,*,#5358,.F.);
#3874=ORIENTED_EDGE('',*,*,#4384,.F.);
#3875=ORIENTED_EDGE('',*,*,#5357,.T.);
#3876=ORIENTED_EDGE('',*,*,#4672,.F.);
#3877=ORIENTED_EDGE('',*,*,#5359,.F.);
#3878=ORIENTED_EDGE('',*,*,#4385,.T.);
#3879=ORIENTED_EDGE('',*,*,#5358,.T.);
#3880=ORIENTED_EDGE('',*,*,#4671,.F.);
#3881=ORIENTED_EDGE('',*,*,#5360,.F.);
#3882=ORIENTED_EDGE('',*,*,#4386,.T.);
#3883=ORIENTED_EDGE('',*,*,#5359,.T.);
#3884=ORIENTED_EDGE('',*,*,#4670,.T.);
#3885=ORIENTED_EDGE('',*,*,#5361,.F.);
#3886=ORIENTED_EDGE('',*,*,#4387,.F.);
#3887=ORIENTED_EDGE('',*,*,#5360,.T.);
#3888=ORIENTED_EDGE('',*,*,#4669,.T.);
#3889=ORIENTED_EDGE('',*,*,#5362,.F.);
#3890=ORIENTED_EDGE('',*,*,#4388,.F.);
#3891=ORIENTED_EDGE('',*,*,#5361,.T.);
#3892=ORIENTED_EDGE('',*,*,#4668,.F.);
#3893=ORIENTED_EDGE('',*,*,#5363,.F.);
#3894=ORIENTED_EDGE('',*,*,#4389,.T.);
#3895=ORIENTED_EDGE('',*,*,#5362,.T.);
#3896=ORIENTED_EDGE('',*,*,#4667,.F.);
#3897=ORIENTED_EDGE('',*,*,#5364,.F.);
#3898=ORIENTED_EDGE('',*,*,#4390,.T.);
#3899=ORIENTED_EDGE('',*,*,#5363,.T.);
#3900=ORIENTED_EDGE('',*,*,#4666,.T.);
#3901=ORIENTED_EDGE('',*,*,#5365,.F.);
#3902=ORIENTED_EDGE('',*,*,#4391,.F.);
#3903=ORIENTED_EDGE('',*,*,#5364,.T.);
#3904=ORIENTED_EDGE('',*,*,#4665,.T.);
#3905=ORIENTED_EDGE('',*,*,#5366,.F.);
#3906=ORIENTED_EDGE('',*,*,#4392,.F.);
#3907=ORIENTED_EDGE('',*,*,#5365,.T.);
#3908=ORIENTED_EDGE('',*,*,#4664,.F.);
#3909=ORIENTED_EDGE('',*,*,#5367,.F.);
#3910=ORIENTED_EDGE('',*,*,#4393,.T.);
#3911=ORIENTED_EDGE('',*,*,#5366,.T.);
#3912=ORIENTED_EDGE('',*,*,#4663,.F.);
#3913=ORIENTED_EDGE('',*,*,#5368,.F.);
#3914=ORIENTED_EDGE('',*,*,#4394,.T.);
#3915=ORIENTED_EDGE('',*,*,#5367,.T.);
#3916=ORIENTED_EDGE('',*,*,#4662,.T.);
#3917=ORIENTED_EDGE('',*,*,#5369,.F.);
#3918=ORIENTED_EDGE('',*,*,#4395,.F.);
#3919=ORIENTED_EDGE('',*,*,#5368,.T.);
#3920=ORIENTED_EDGE('',*,*,#4661,.T.);
#3921=ORIENTED_EDGE('',*,*,#5370,.F.);
#3922=ORIENTED_EDGE('',*,*,#4396,.F.);
#3923=ORIENTED_EDGE('',*,*,#5369,.T.);
#3924=ORIENTED_EDGE('',*,*,#4660,.F.);
#3925=ORIENTED_EDGE('',*,*,#5371,.F.);
#3926=ORIENTED_EDGE('',*,*,#4397,.T.);
#3927=ORIENTED_EDGE('',*,*,#5370,.T.);
#3928=ORIENTED_EDGE('',*,*,#4659,.F.);
#3929=ORIENTED_EDGE('',*,*,#5372,.F.);
#3930=ORIENTED_EDGE('',*,*,#4398,.T.);
#3931=ORIENTED_EDGE('',*,*,#5371,.T.);
#3932=ORIENTED_EDGE('',*,*,#4658,.T.);
#3933=ORIENTED_EDGE('',*,*,#5373,.F.);
#3934=ORIENTED_EDGE('',*,*,#4399,.F.);
#3935=ORIENTED_EDGE('',*,*,#5372,.T.);
#3936=ORIENTED_EDGE('',*,*,#4657,.T.);
#3937=ORIENTED_EDGE('',*,*,#5374,.F.);
#3938=ORIENTED_EDGE('',*,*,#4400,.F.);
#3939=ORIENTED_EDGE('',*,*,#5373,.T.);
#3940=ORIENTED_EDGE('',*,*,#4656,.F.);
#3941=ORIENTED_EDGE('',*,*,#5375,.F.);
#3942=ORIENTED_EDGE('',*,*,#4401,.T.);
#3943=ORIENTED_EDGE('',*,*,#5374,.T.);
#3944=ORIENTED_EDGE('',*,*,#4655,.F.);
#3945=ORIENTED_EDGE('',*,*,#5376,.F.);
#3946=ORIENTED_EDGE('',*,*,#4402,.T.);
#3947=ORIENTED_EDGE('',*,*,#5375,.T.);
#3948=ORIENTED_EDGE('',*,*,#4654,.T.);
#3949=ORIENTED_EDGE('',*,*,#5377,.F.);
#3950=ORIENTED_EDGE('',*,*,#4403,.F.);
#3951=ORIENTED_EDGE('',*,*,#5376,.T.);
#3952=ORIENTED_EDGE('',*,*,#4653,.T.);
#3953=ORIENTED_EDGE('',*,*,#5378,.F.);
#3954=ORIENTED_EDGE('',*,*,#4404,.F.);
#3955=ORIENTED_EDGE('',*,*,#5377,.T.);
#3956=ORIENTED_EDGE('',*,*,#4652,.F.);
#3957=ORIENTED_EDGE('',*,*,#5379,.F.);
#3958=ORIENTED_EDGE('',*,*,#4405,.T.);
#3959=ORIENTED_EDGE('',*,*,#5378,.T.);
#3960=ORIENTED_EDGE('',*,*,#4651,.F.);
#3961=ORIENTED_EDGE('',*,*,#5380,.F.);
#3962=ORIENTED_EDGE('',*,*,#4406,.T.);
#3963=ORIENTED_EDGE('',*,*,#5379,.T.);
#3964=ORIENTED_EDGE('',*,*,#4650,.T.);
#3965=ORIENTED_EDGE('',*,*,#5381,.F.);
#3966=ORIENTED_EDGE('',*,*,#4407,.F.);
#3967=ORIENTED_EDGE('',*,*,#5380,.T.);
#3968=ORIENTED_EDGE('',*,*,#4649,.T.);
#3969=ORIENTED_EDGE('',*,*,#5382,.F.);
#3970=ORIENTED_EDGE('',*,*,#4408,.F.);
#3971=ORIENTED_EDGE('',*,*,#5381,.T.);
#3972=ORIENTED_EDGE('',*,*,#4648,.F.);
#3973=ORIENTED_EDGE('',*,*,#5383,.F.);
#3974=ORIENTED_EDGE('',*,*,#4409,.T.);
#3975=ORIENTED_EDGE('',*,*,#5382,.T.);
#3976=ORIENTED_EDGE('',*,*,#4647,.F.);
#3977=ORIENTED_EDGE('',*,*,#5384,.F.);
#3978=ORIENTED_EDGE('',*,*,#4410,.T.);
#3979=ORIENTED_EDGE('',*,*,#5383,.T.);
#3980=ORIENTED_EDGE('',*,*,#4646,.T.);
#3981=ORIENTED_EDGE('',*,*,#5385,.F.);
#3982=ORIENTED_EDGE('',*,*,#4411,.F.);
#3983=ORIENTED_EDGE('',*,*,#5384,.T.);
#3984=ORIENTED_EDGE('',*,*,#4645,.T.);
#3985=ORIENTED_EDGE('',*,*,#5386,.F.);
#3986=ORIENTED_EDGE('',*,*,#4412,.F.);
#3987=ORIENTED_EDGE('',*,*,#5385,.T.);
#3988=ORIENTED_EDGE('',*,*,#4644,.F.);
#3989=ORIENTED_EDGE('',*,*,#5387,.F.);
#3990=ORIENTED_EDGE('',*,*,#4413,.T.);
#3991=ORIENTED_EDGE('',*,*,#5386,.T.);
#3992=ORIENTED_EDGE('',*,*,#4643,.F.);
#3993=ORIENTED_EDGE('',*,*,#5388,.F.);
#3994=ORIENTED_EDGE('',*,*,#4414,.T.);
#3995=ORIENTED_EDGE('',*,*,#5387,.T.);
#3996=ORIENTED_EDGE('',*,*,#4642,.T.);
#3997=ORIENTED_EDGE('',*,*,#5389,.F.);
#3998=ORIENTED_EDGE('',*,*,#4415,.F.);
#3999=ORIENTED_EDGE('',*,*,#5388,.T.);
#4000=ORIENTED_EDGE('',*,*,#4641,.T.);
#4001=ORIENTED_EDGE('',*,*,#5390,.F.);
#4002=ORIENTED_EDGE('',*,*,#4416,.F.);
#4003=ORIENTED_EDGE('',*,*,#5389,.T.);
#4004=ORIENTED_EDGE('',*,*,#4640,.F.);
#4005=ORIENTED_EDGE('',*,*,#5391,.F.);
#4006=ORIENTED_EDGE('',*,*,#4417,.T.);
#4007=ORIENTED_EDGE('',*,*,#5390,.T.);
#4008=ORIENTED_EDGE('',*,*,#4639,.F.);
#4009=ORIENTED_EDGE('',*,*,#5392,.F.);
#4010=ORIENTED_EDGE('',*,*,#4418,.T.);
#4011=ORIENTED_EDGE('',*,*,#5391,.T.);
#4012=ORIENTED_EDGE('',*,*,#4638,.T.);
#4013=ORIENTED_EDGE('',*,*,#5393,.F.);
#4014=ORIENTED_EDGE('',*,*,#4419,.F.);
#4015=ORIENTED_EDGE('',*,*,#5392,.T.);
#4016=ORIENTED_EDGE('',*,*,#4637,.T.);
#4017=ORIENTED_EDGE('',*,*,#5394,.F.);
#4018=ORIENTED_EDGE('',*,*,#4420,.F.);
#4019=ORIENTED_EDGE('',*,*,#5393,.T.);
#4020=ORIENTED_EDGE('',*,*,#4636,.F.);
#4021=ORIENTED_EDGE('',*,*,#5395,.F.);
#4022=ORIENTED_EDGE('',*,*,#4421,.T.);
#4023=ORIENTED_EDGE('',*,*,#5394,.T.);
#4024=ORIENTED_EDGE('',*,*,#4635,.F.);
#4025=ORIENTED_EDGE('',*,*,#5396,.F.);
#4026=ORIENTED_EDGE('',*,*,#4422,.T.);
#4027=ORIENTED_EDGE('',*,*,#5395,.T.);
#4028=ORIENTED_EDGE('',*,*,#4634,.T.);
#4029=ORIENTED_EDGE('',*,*,#5397,.F.);
#4030=ORIENTED_EDGE('',*,*,#4423,.F.);
#4031=ORIENTED_EDGE('',*,*,#5396,.T.);
#4032=ORIENTED_EDGE('',*,*,#4633,.T.);
#4033=ORIENTED_EDGE('',*,*,#5398,.F.);
#4034=ORIENTED_EDGE('',*,*,#4424,.F.);
#4035=ORIENTED_EDGE('',*,*,#5397,.T.);
#4036=ORIENTED_EDGE('',*,*,#4632,.F.);
#4037=ORIENTED_EDGE('',*,*,#5399,.F.);
#4038=ORIENTED_EDGE('',*,*,#4425,.T.);
#4039=ORIENTED_EDGE('',*,*,#5398,.T.);
#4040=ORIENTED_EDGE('',*,*,#4631,.F.);
#4041=ORIENTED_EDGE('',*,*,#5400,.F.);
#4042=ORIENTED_EDGE('',*,*,#4426,.T.);
#4043=ORIENTED_EDGE('',*,*,#5399,.T.);
#4044=ORIENTED_EDGE('',*,*,#4630,.T.);
#4045=ORIENTED_EDGE('',*,*,#5401,.F.);
#4046=ORIENTED_EDGE('',*,*,#4427,.F.);
#4047=ORIENTED_EDGE('',*,*,#5400,.T.);
#4048=ORIENTED_EDGE('',*,*,#4629,.T.);
#4049=ORIENTED_EDGE('',*,*,#5402,.F.);
#4050=ORIENTED_EDGE('',*,*,#4428,.F.);
#4051=ORIENTED_EDGE('',*,*,#5401,.T.);
#4052=ORIENTED_EDGE('',*,*,#4628,.F.);
#4053=ORIENTED_EDGE('',*,*,#5403,.F.);
#4054=ORIENTED_EDGE('',*,*,#4429,.T.);
#4055=ORIENTED_EDGE('',*,*,#5402,.T.);
#4056=ORIENTED_EDGE('',*,*,#4627,.F.);
#4057=ORIENTED_EDGE('',*,*,#5404,.F.);
#4058=ORIENTED_EDGE('',*,*,#4430,.T.);
#4059=ORIENTED_EDGE('',*,*,#5403,.T.);
#4060=ORIENTED_EDGE('',*,*,#4626,.T.);
#4061=ORIENTED_EDGE('',*,*,#5405,.F.);
#4062=ORIENTED_EDGE('',*,*,#4431,.F.);
#4063=ORIENTED_EDGE('',*,*,#5404,.T.);
#4064=ORIENTED_EDGE('',*,*,#4625,.T.);
#4065=ORIENTED_EDGE('',*,*,#5406,.F.);
#4066=ORIENTED_EDGE('',*,*,#4432,.F.);
#4067=ORIENTED_EDGE('',*,*,#5405,.T.);
#4068=ORIENTED_EDGE('',*,*,#4624,.F.);
#4069=ORIENTED_EDGE('',*,*,#5407,.F.);
#4070=ORIENTED_EDGE('',*,*,#4433,.T.);
#4071=ORIENTED_EDGE('',*,*,#5406,.T.);
#4072=ORIENTED_EDGE('',*,*,#4623,.F.);
#4073=ORIENTED_EDGE('',*,*,#5408,.F.);
#4074=ORIENTED_EDGE('',*,*,#4434,.T.);
#4075=ORIENTED_EDGE('',*,*,#5407,.T.);
#4076=ORIENTED_EDGE('',*,*,#4622,.T.);
#4077=ORIENTED_EDGE('',*,*,#5409,.F.);
#4078=ORIENTED_EDGE('',*,*,#4435,.F.);
#4079=ORIENTED_EDGE('',*,*,#5408,.T.);
#4080=ORIENTED_EDGE('',*,*,#4621,.T.);
#4081=ORIENTED_EDGE('',*,*,#5410,.F.);
#4082=ORIENTED_EDGE('',*,*,#4436,.F.);
#4083=ORIENTED_EDGE('',*,*,#5409,.T.);
#4084=ORIENTED_EDGE('',*,*,#4620,.F.);
#4085=ORIENTED_EDGE('',*,*,#5411,.F.);
#4086=ORIENTED_EDGE('',*,*,#4437,.T.);
#4087=ORIENTED_EDGE('',*,*,#5410,.T.);
#4088=ORIENTED_EDGE('',*,*,#4619,.F.);
#4089=ORIENTED_EDGE('',*,*,#5412,.F.);
#4090=ORIENTED_EDGE('',*,*,#4438,.T.);
#4091=ORIENTED_EDGE('',*,*,#5411,.T.);
#4092=ORIENTED_EDGE('',*,*,#4618,.T.);
#4093=ORIENTED_EDGE('',*,*,#5413,.F.);
#4094=ORIENTED_EDGE('',*,*,#4439,.F.);
#4095=ORIENTED_EDGE('',*,*,#5412,.T.);
#4096=ORIENTED_EDGE('',*,*,#4617,.T.);
#4097=ORIENTED_EDGE('',*,*,#5414,.F.);
#4098=ORIENTED_EDGE('',*,*,#4440,.F.);
#4099=ORIENTED_EDGE('',*,*,#5413,.T.);
#4100=ORIENTED_EDGE('',*,*,#4616,.F.);
#4101=ORIENTED_EDGE('',*,*,#5415,.F.);
#4102=ORIENTED_EDGE('',*,*,#4441,.T.);
#4103=ORIENTED_EDGE('',*,*,#5414,.T.);
#4104=ORIENTED_EDGE('',*,*,#4615,.F.);
#4105=ORIENTED_EDGE('',*,*,#5416,.F.);
#4106=ORIENTED_EDGE('',*,*,#4442,.T.);
#4107=ORIENTED_EDGE('',*,*,#5415,.T.);
#4108=ORIENTED_EDGE('',*,*,#4614,.T.);
#4109=ORIENTED_EDGE('',*,*,#5417,.F.);
#4110=ORIENTED_EDGE('',*,*,#4443,.F.);
#4111=ORIENTED_EDGE('',*,*,#5416,.T.);
#4112=ORIENTED_EDGE('',*,*,#4613,.T.);
#4113=ORIENTED_EDGE('',*,*,#5418,.F.);
#4114=ORIENTED_EDGE('',*,*,#4444,.F.);
#4115=ORIENTED_EDGE('',*,*,#5417,.T.);
#4116=ORIENTED_EDGE('',*,*,#4612,.F.);
#4117=ORIENTED_EDGE('',*,*,#5419,.F.);
#4118=ORIENTED_EDGE('',*,*,#4445,.T.);
#4119=ORIENTED_EDGE('',*,*,#5418,.T.);
#4120=ORIENTED_EDGE('',*,*,#4611,.F.);
#4121=ORIENTED_EDGE('',*,*,#5420,.F.);
#4122=ORIENTED_EDGE('',*,*,#4446,.T.);
#4123=ORIENTED_EDGE('',*,*,#5419,.T.);
#4124=ORIENTED_EDGE('',*,*,#4610,.T.);
#4125=ORIENTED_EDGE('',*,*,#5421,.F.);
#4126=ORIENTED_EDGE('',*,*,#4447,.F.);
#4127=ORIENTED_EDGE('',*,*,#5420,.T.);
#4128=ORIENTED_EDGE('',*,*,#4609,.T.);
#4129=ORIENTED_EDGE('',*,*,#5422,.F.);
#4130=ORIENTED_EDGE('',*,*,#4448,.F.);
#4131=ORIENTED_EDGE('',*,*,#5421,.T.);
#4132=ORIENTED_EDGE('',*,*,#4608,.F.);
#4133=ORIENTED_EDGE('',*,*,#5423,.F.);
#4134=ORIENTED_EDGE('',*,*,#4449,.T.);
#4135=ORIENTED_EDGE('',*,*,#5422,.T.);
#4136=ORIENTED_EDGE('',*,*,#4607,.F.);
#4137=ORIENTED_EDGE('',*,*,#5424,.F.);
#4138=ORIENTED_EDGE('',*,*,#4450,.T.);
#4139=ORIENTED_EDGE('',*,*,#5423,.T.);
#4140=ORIENTED_EDGE('',*,*,#4606,.T.);
#4141=ORIENTED_EDGE('',*,*,#5425,.F.);
#4142=ORIENTED_EDGE('',*,*,#4451,.F.);
#4143=ORIENTED_EDGE('',*,*,#5424,.T.);
#4144=ORIENTED_EDGE('',*,*,#4605,.T.);
#4145=ORIENTED_EDGE('',*,*,#5426,.F.);
#4146=ORIENTED_EDGE('',*,*,#4452,.F.);
#4147=ORIENTED_EDGE('',*,*,#5425,.T.);
#4148=ORIENTED_EDGE('',*,*,#4604,.F.);
#4149=ORIENTED_EDGE('',*,*,#5427,.F.);
#4150=ORIENTED_EDGE('',*,*,#4453,.T.);
#4151=ORIENTED_EDGE('',*,*,#5426,.T.);
#4152=ORIENTED_EDGE('',*,*,#4603,.F.);
#4153=ORIENTED_EDGE('',*,*,#5428,.F.);
#4154=ORIENTED_EDGE('',*,*,#4454,.T.);
#4155=ORIENTED_EDGE('',*,*,#5427,.T.);
#4156=ORIENTED_EDGE('',*,*,#4602,.T.);
#4157=ORIENTED_EDGE('',*,*,#5429,.F.);
#4158=ORIENTED_EDGE('',*,*,#4455,.F.);
#4159=ORIENTED_EDGE('',*,*,#5428,.T.);
#4160=ORIENTED_EDGE('',*,*,#4601,.T.);
#4161=ORIENTED_EDGE('',*,*,#5430,.F.);
#4162=ORIENTED_EDGE('',*,*,#4456,.F.);
#4163=ORIENTED_EDGE('',*,*,#5429,.T.);
#4164=ORIENTED_EDGE('',*,*,#4600,.F.);
#4165=ORIENTED_EDGE('',*,*,#5431,.F.);
#4166=ORIENTED_EDGE('',*,*,#4457,.T.);
#4167=ORIENTED_EDGE('',*,*,#5430,.T.);
#4168=ORIENTED_EDGE('',*,*,#4599,.F.);
#4169=ORIENTED_EDGE('',*,*,#5432,.F.);
#4170=ORIENTED_EDGE('',*,*,#4458,.T.);
#4171=ORIENTED_EDGE('',*,*,#5431,.T.);
#4172=ORIENTED_EDGE('',*,*,#4598,.T.);
#4173=ORIENTED_EDGE('',*,*,#4953,.F.);
#4174=ORIENTED_EDGE('',*,*,#4459,.F.);
#4175=ORIENTED_EDGE('',*,*,#5432,.T.);
#4176=ORIENTED_EDGE('',*,*,#4945,.F.);
#4177=ORIENTED_EDGE('',*,*,#4949,.F.);
#4178=ORIENTED_EDGE('',*,*,#4468,.T.);
#4179=ORIENTED_EDGE('',*,*,#4950,.T.);
#4180=ORIENTED_EDGE('',*,*,#5433,.T.);
#4181=ORIENTED_EDGE('',*,*,#5434,.T.);
#4182=ORIENTED_EDGE('',*,*,#5435,.F.);
#4183=ORIENTED_EDGE('',*,*,#5436,.F.);
#4184=ORIENTED_EDGE('',*,*,#5437,.F.);
#4185=ORIENTED_EDGE('',*,*,#5073,.F.);
#4186=ORIENTED_EDGE('',*,*,#5075,.T.);
#4187=ORIENTED_EDGE('',*,*,#5077,.T.);
#4188=ORIENTED_EDGE('',*,*,#5079,.F.);
#4189=ORIENTED_EDGE('',*,*,#5081,.F.);
#4190=ORIENTED_EDGE('',*,*,#5083,.T.);
#4191=ORIENTED_EDGE('',*,*,#5085,.T.);
#4192=ORIENTED_EDGE('',*,*,#5087,.F.);
#4193=ORIENTED_EDGE('',*,*,#5089,.F.);
#4194=ORIENTED_EDGE('',*,*,#5091,.T.);
#4195=ORIENTED_EDGE('',*,*,#5093,.T.);
#4196=ORIENTED_EDGE('',*,*,#5095,.F.);
#4197=ORIENTED_EDGE('',*,*,#5097,.F.);
#4198=ORIENTED_EDGE('',*,*,#5099,.T.);
#4199=ORIENTED_EDGE('',*,*,#5101,.T.);
#4200=ORIENTED_EDGE('',*,*,#5103,.F.);
#4201=ORIENTED_EDGE('',*,*,#5105,.F.);
#4202=ORIENTED_EDGE('',*,*,#5107,.T.);
#4203=ORIENTED_EDGE('',*,*,#5109,.T.);
#4204=ORIENTED_EDGE('',*,*,#5111,.F.);
#4205=ORIENTED_EDGE('',*,*,#5113,.F.);
#4206=ORIENTED_EDGE('',*,*,#5115,.T.);
#4207=ORIENTED_EDGE('',*,*,#5117,.T.);
#4208=ORIENTED_EDGE('',*,*,#5119,.F.);
#4209=ORIENTED_EDGE('',*,*,#5121,.F.);
#4210=ORIENTED_EDGE('',*,*,#5123,.T.);
#4211=ORIENTED_EDGE('',*,*,#5125,.T.);
#4212=ORIENTED_EDGE('',*,*,#5127,.F.);
#4213=ORIENTED_EDGE('',*,*,#5129,.F.);
#4214=ORIENTED_EDGE('',*,*,#5131,.T.);
#4215=ORIENTED_EDGE('',*,*,#5133,.T.);
#4216=ORIENTED_EDGE('',*,*,#5135,.F.);
#4217=ORIENTED_EDGE('',*,*,#5137,.F.);
#4218=ORIENTED_EDGE('',*,*,#5139,.T.);
#4219=ORIENTED_EDGE('',*,*,#5141,.T.);
#4220=ORIENTED_EDGE('',*,*,#5143,.F.);
#4221=ORIENTED_EDGE('',*,*,#5145,.F.);
#4222=ORIENTED_EDGE('',*,*,#5147,.T.);
#4223=ORIENTED_EDGE('',*,*,#5149,.T.);
#4224=ORIENTED_EDGE('',*,*,#5151,.F.);
#4225=ORIENTED_EDGE('',*,*,#5153,.F.);
#4226=ORIENTED_EDGE('',*,*,#5155,.T.);
#4227=ORIENTED_EDGE('',*,*,#5157,.T.);
#4228=ORIENTED_EDGE('',*,*,#5159,.F.);
#4229=ORIENTED_EDGE('',*,*,#5161,.F.);
#4230=ORIENTED_EDGE('',*,*,#5163,.T.);
#4231=ORIENTED_EDGE('',*,*,#5165,.T.);
#4232=ORIENTED_EDGE('',*,*,#5167,.F.);
#4233=ORIENTED_EDGE('',*,*,#5169,.F.);
#4234=ORIENTED_EDGE('',*,*,#5171,.T.);
#4235=ORIENTED_EDGE('',*,*,#5173,.T.);
#4236=ORIENTED_EDGE('',*,*,#5175,.F.);
#4237=ORIENTED_EDGE('',*,*,#5177,.F.);
#4238=ORIENTED_EDGE('',*,*,#5179,.T.);
#4239=ORIENTED_EDGE('',*,*,#5181,.T.);
#4240=ORIENTED_EDGE('',*,*,#5183,.F.);
#4241=ORIENTED_EDGE('',*,*,#5185,.F.);
#4242=ORIENTED_EDGE('',*,*,#5187,.T.);
#4243=ORIENTED_EDGE('',*,*,#5189,.T.);
#4244=ORIENTED_EDGE('',*,*,#5191,.F.);
#4245=ORIENTED_EDGE('',*,*,#5193,.F.);
#4246=ORIENTED_EDGE('',*,*,#5195,.T.);
#4247=ORIENTED_EDGE('',*,*,#5197,.T.);
#4248=ORIENTED_EDGE('',*,*,#5199,.F.);
#4249=ORIENTED_EDGE('',*,*,#5201,.F.);
#4250=ORIENTED_EDGE('',*,*,#5203,.T.);
#4251=ORIENTED_EDGE('',*,*,#5205,.T.);
#4252=ORIENTED_EDGE('',*,*,#5207,.F.);
#4253=ORIENTED_EDGE('',*,*,#5209,.F.);
#4254=ORIENTED_EDGE('',*,*,#5211,.T.);
#4255=ORIENTED_EDGE('',*,*,#5213,.T.);
#4256=ORIENTED_EDGE('',*,*,#5215,.F.);
#4257=ORIENTED_EDGE('',*,*,#5217,.F.);
#4258=ORIENTED_EDGE('',*,*,#5219,.T.);
#4259=ORIENTED_EDGE('',*,*,#5221,.T.);
#4260=ORIENTED_EDGE('',*,*,#5223,.F.);
#4261=ORIENTED_EDGE('',*,*,#5225,.F.);
#4262=ORIENTED_EDGE('',*,*,#5227,.T.);
#4263=ORIENTED_EDGE('',*,*,#5229,.T.);
#4264=ORIENTED_EDGE('',*,*,#5231,.F.);
#4265=ORIENTED_EDGE('',*,*,#5233,.F.);
#4266=ORIENTED_EDGE('',*,*,#5235,.T.);
#4267=ORIENTED_EDGE('',*,*,#5237,.T.);
#4268=ORIENTED_EDGE('',*,*,#5239,.F.);
#4269=ORIENTED_EDGE('',*,*,#5241,.F.);
#4270=ORIENTED_EDGE('',*,*,#5243,.T.);
#4271=ORIENTED_EDGE('',*,*,#5245,.T.);
#4272=ORIENTED_EDGE('',*,*,#5247,.F.);
#4273=ORIENTED_EDGE('',*,*,#5249,.F.);
#4274=ORIENTED_EDGE('',*,*,#5251,.T.);
#4275=ORIENTED_EDGE('',*,*,#5253,.T.);
#4276=ORIENTED_EDGE('',*,*,#5255,.F.);
#4277=ORIENTED_EDGE('',*,*,#5257,.F.);
#4278=ORIENTED_EDGE('',*,*,#5259,.T.);
#4279=ORIENTED_EDGE('',*,*,#5261,.T.);
#4280=ORIENTED_EDGE('',*,*,#5263,.F.);
#4281=ORIENTED_EDGE('',*,*,#5265,.F.);
#4282=ORIENTED_EDGE('',*,*,#5267,.T.);
#4283=ORIENTED_EDGE('',*,*,#5269,.T.);
#4284=ORIENTED_EDGE('',*,*,#5271,.F.);
#4285=ORIENTED_EDGE('',*,*,#5273,.F.);
#4286=ORIENTED_EDGE('',*,*,#5275,.T.);
#4287=ORIENTED_EDGE('',*,*,#5277,.T.);
#4288=ORIENTED_EDGE('',*,*,#5279,.F.);
#4289=ORIENTED_EDGE('',*,*,#5281,.F.);
#4290=ORIENTED_EDGE('',*,*,#5283,.T.);
#4291=ORIENTED_EDGE('',*,*,#5285,.T.);
#4292=ORIENTED_EDGE('',*,*,#5287,.F.);
#4293=ORIENTED_EDGE('',*,*,#5289,.F.);
#4294=ORIENTED_EDGE('',*,*,#5291,.T.);
#4295=ORIENTED_EDGE('',*,*,#5293,.T.);
#4296=ORIENTED_EDGE('',*,*,#5295,.F.);
#4297=ORIENTED_EDGE('',*,*,#5297,.F.);
#4298=ORIENTED_EDGE('',*,*,#5299,.T.);
#4299=ORIENTED_EDGE('',*,*,#5301,.T.);
#4300=ORIENTED_EDGE('',*,*,#5303,.F.);
#4301=ORIENTED_EDGE('',*,*,#5305,.F.);
#4302=ORIENTED_EDGE('',*,*,#5307,.T.);
#4303=ORIENTED_EDGE('',*,*,#5309,.T.);
#4304=ORIENTED_EDGE('',*,*,#5311,.F.);
#4305=ORIENTED_EDGE('',*,*,#5313,.F.);
#4306=ORIENTED_EDGE('',*,*,#5315,.T.);
#4307=ORIENTED_EDGE('',*,*,#5317,.T.);
#4308=ORIENTED_EDGE('',*,*,#5319,.F.);
#4309=ORIENTED_EDGE('',*,*,#5321,.F.);
#4310=ORIENTED_EDGE('',*,*,#5323,.T.);
#4311=ORIENTED_EDGE('',*,*,#5325,.T.);
#4312=ORIENTED_EDGE('',*,*,#5327,.F.);
#4313=ORIENTED_EDGE('',*,*,#5329,.F.);
#4314=ORIENTED_EDGE('',*,*,#5331,.T.);
#4315=ORIENTED_EDGE('',*,*,#5333,.T.);
#4316=ORIENTED_EDGE('',*,*,#5335,.F.);
#4317=ORIENTED_EDGE('',*,*,#5337,.F.);
#4318=ORIENTED_EDGE('',*,*,#5339,.T.);
#4319=ORIENTED_EDGE('',*,*,#5342,.T.);
#4320=ORIENTED_EDGE('',*,*,#5438,.T.);
#4321=ORIENTED_EDGE('',*,*,#5439,.T.);
#4322=ORIENTED_EDGE('',*,*,#5341,.F.);
#4323=ORIENTED_EDGE('',*,*,#4367,.T.);
#4324=ORIENTED_EDGE('',*,*,#5440,.T.);
#4325=ORIENTED_EDGE('',*,*,#5438,.F.);
#4326=ORIENTED_EDGE('',*,*,#5441,.T.);
#4327=ORIENTED_EDGE('',*,*,#5442,.T.);
#4328=ORIENTED_EDGE('',*,*,#4363,.F.);
#4329=ORIENTED_EDGE('',*,*,#5443,.T.);
#4330=ORIENTED_EDGE('',*,*,#5435,.T.);
#4331=ORIENTED_EDGE('',*,*,#4365,.T.);
#4332=ORIENTED_EDGE('',*,*,#5444,.T.);
#4333=ORIENTED_EDGE('',*,*,#5445,.T.);
#4334=ORIENTED_EDGE('',*,*,#5433,.F.);
#4335=ORIENTED_EDGE('',*,*,#5446,.F.);
#4336=ORIENTED_EDGE('',*,*,#5439,.F.);
#4337=ORIENTED_EDGE('',*,*,#5440,.F.);
#4338=ORIENTED_EDGE('',*,*,#4366,.T.);
#4339=ORIENTED_EDGE('',*,*,#5446,.T.);
#4340=ORIENTED_EDGE('',*,*,#5437,.T.);
#4341=ORIENTED_EDGE('',*,*,#5447,.F.);
#4342=ORIENTED_EDGE('',*,*,#4584,.F.);
#4343=ORIENTED_EDGE('',*,*,#5071,.T.);
#4344=ORIENTED_EDGE('',*,*,#5436,.T.);
#4345=ORIENTED_EDGE('',*,*,#5443,.F.);
#4346=ORIENTED_EDGE('',*,*,#4585,.F.);
#4347=ORIENTED_EDGE('',*,*,#5447,.T.);
#4348=ORIENTED_EDGE('',*,*,#5448,.F.);
#4349=ORIENTED_EDGE('',*,*,#4362,.T.);
#4350=ORIENTED_EDGE('',*,*,#5448,.T.);
#4351=ORIENTED_EDGE('',*,*,#5449,.T.);
#4352=ORIENTED_EDGE('',*,*,#4586,.F.);
#4353=ORIENTED_EDGE('',*,*,#5449,.F.);
#4354=ORIENTED_EDGE('',*,*,#5450,.F.);
#4355=ORIENTED_EDGE('',*,*,#5441,.F.);
#4356=ORIENTED_EDGE('',*,*,#5434,.F.);
#4357=ORIENTED_EDGE('',*,*,#5445,.F.);
#4358=ORIENTED_EDGE('',*,*,#5442,.F.);
#4359=ORIENTED_EDGE('',*,*,#5450,.T.);
#4360=ORIENTED_EDGE('',*,*,#5444,.F.);
#4361=ORIENTED_EDGE('',*,*,#4364,.F.);
#4362=EDGE_CURVE('',#5451,#5451,#6178,.T.);
#4363=EDGE_CURVE('',#5452,#5453,#14,.T.);
#4364=EDGE_CURVE('',#5453,#5454,#15,.T.);
#4365=EDGE_CURVE('',#5455,#5454,#16,.T.);
#4366=EDGE_CURVE('',#5456,#5455,#17,.T.);
#4367=EDGE_CURVE('',#5457,#5456,#18,.T.);
#4368=EDGE_CURVE('',#5457,#5458,#19,.T.);
#4369=EDGE_CURVE('',#5459,#5458,#20,.T.);
#4370=EDGE_CURVE('',#5460,#5459,#21,.T.);
#4371=EDGE_CURVE('',#5460,#5461,#22,.T.);
#4372=EDGE_CURVE('',#5461,#5462,#23,.T.);
#4373=EDGE_CURVE('',#5463,#5462,#24,.T.);
#4374=EDGE_CURVE('',#5464,#5463,#25,.T.);
#4375=EDGE_CURVE('',#5464,#5465,#26,.T.);
#4376=EDGE_CURVE('',#5465,#5466,#27,.T.);
#4377=EDGE_CURVE('',#5467,#5466,#28,.T.);
#4378=EDGE_CURVE('',#5468,#5467,#29,.T.);
#4379=EDGE_CURVE('',#5468,#5469,#30,.T.);
#4380=EDGE_CURVE('',#5469,#5470,#31,.T.);
#4381=EDGE_CURVE('',#5471,#5470,#32,.T.);
#4382=EDGE_CURVE('',#5472,#5471,#33,.T.);
#4383=EDGE_CURVE('',#5472,#5473,#34,.T.);
#4384=EDGE_CURVE('',#5473,#5474,#35,.T.);
#4385=EDGE_CURVE('',#5475,#5474,#36,.T.);
#4386=EDGE_CURVE('',#5476,#5475,#37,.T.);
#4387=EDGE_CURVE('',#5476,#5477,#38,.T.);
#4388=EDGE_CURVE('',#5477,#5478,#39,.T.);
#4389=EDGE_CURVE('',#5479,#5478,#40,.T.);
#4390=EDGE_CURVE('',#5480,#5479,#41,.T.);
#4391=EDGE_CURVE('',#5480,#5481,#42,.T.);
#4392=EDGE_CURVE('',#5481,#5482,#43,.T.);
#4393=EDGE_CURVE('',#5483,#5482,#44,.T.);
#4394=EDGE_CURVE('',#5484,#5483,#45,.T.);
#4395=EDGE_CURVE('',#5484,#5485,#46,.T.);
#4396=EDGE_CURVE('',#5485,#5486,#47,.T.);
#4397=EDGE_CURVE('',#5487,#5486,#48,.T.);
#4398=EDGE_CURVE('',#5488,#5487,#49,.T.);
#4399=EDGE_CURVE('',#5488,#5489,#50,.T.);
#4400=EDGE_CURVE('',#5489,#5490,#51,.T.);
#4401=EDGE_CURVE('',#5491,#5490,#52,.T.);
#4402=EDGE_CURVE('',#5492,#5491,#53,.T.);
#4403=EDGE_CURVE('',#5492,#5493,#54,.T.);
#4404=EDGE_CURVE('',#5493,#5494,#55,.T.);
#4405=EDGE_CURVE('',#5495,#5494,#56,.T.);
#4406=EDGE_CURVE('',#5496,#5495,#57,.T.);
#4407=EDGE_CURVE('',#5496,#5497,#58,.T.);
#4408=EDGE_CURVE('',#5497,#5498,#59,.T.);
#4409=EDGE_CURVE('',#5499,#5498,#60,.T.);
#4410=EDGE_CURVE('',#5500,#5499,#61,.T.);
#4411=EDGE_CURVE('',#5500,#5501,#62,.T.);
#4412=EDGE_CURVE('',#5501,#5502,#63,.T.);
#4413=EDGE_CURVE('',#5503,#5502,#64,.T.);
#4414=EDGE_CURVE('',#5504,#5503,#65,.T.);
#4415=EDGE_CURVE('',#5504,#5505,#66,.T.);
#4416=EDGE_CURVE('',#5505,#5506,#67,.T.);
#4417=EDGE_CURVE('',#5507,#5506,#68,.T.);
#4418=EDGE_CURVE('',#5508,#5507,#69,.T.);
#4419=EDGE_CURVE('',#5508,#5509,#70,.T.);
#4420=EDGE_CURVE('',#5509,#5510,#71,.T.);
#4421=EDGE_CURVE('',#5511,#5510,#72,.T.);
#4422=EDGE_CURVE('',#5512,#5511,#73,.T.);
#4423=EDGE_CURVE('',#5512,#5513,#74,.T.);
#4424=EDGE_CURVE('',#5513,#5514,#75,.T.);
#4425=EDGE_CURVE('',#5515,#5514,#76,.T.);
#4426=EDGE_CURVE('',#5516,#5515,#77,.T.);
#4427=EDGE_CURVE('',#5516,#5517,#78,.T.);
#4428=EDGE_CURVE('',#5517,#5518,#79,.T.);
#4429=EDGE_CURVE('',#5519,#5518,#80,.T.);
#4430=EDGE_CURVE('',#5520,#5519,#81,.T.);
#4431=EDGE_CURVE('',#5520,#5521,#82,.T.);
#4432=EDGE_CURVE('',#5521,#5522,#83,.T.);
#4433=EDGE_CURVE('',#5523,#5522,#84,.T.);
#4434=EDGE_CURVE('',#5524,#5523,#85,.T.);
#4435=EDGE_CURVE('',#5524,#5525,#86,.T.);
#4436=EDGE_CURVE('',#5525,#5526,#87,.T.);
#4437=EDGE_CURVE('',#5527,#5526,#88,.T.);
#4438=EDGE_CURVE('',#5528,#5527,#89,.T.);
#4439=EDGE_CURVE('',#5528,#5529,#90,.T.);
#4440=EDGE_CURVE('',#5529,#5530,#91,.T.);
#4441=EDGE_CURVE('',#5531,#5530,#92,.T.);
#4442=EDGE_CURVE('',#5532,#5531,#93,.T.);
#4443=EDGE_CURVE('',#5532,#5533,#94,.T.);
#4444=EDGE_CURVE('',#5533,#5534,#95,.T.);
#4445=EDGE_CURVE('',#5535,#5534,#96,.T.);
#4446=EDGE_CURVE('',#5536,#5535,#97,.T.);
#4447=EDGE_CURVE('',#5536,#5537,#98,.T.);
#4448=EDGE_CURVE('',#5537,#5538,#99,.T.);
#4449=EDGE_CURVE('',#5539,#5538,#100,.T.);
#4450=EDGE_CURVE('',#5540,#5539,#101,.T.);
#4451=EDGE_CURVE('',#5540,#5541,#102,.T.);
#4452=EDGE_CURVE('',#5541,#5542,#103,.T.);
#4453=EDGE_CURVE('',#5543,#5542,#104,.T.);
#4454=EDGE_CURVE('',#5544,#5543,#105,.T.);
#4455=EDGE_CURVE('',#5544,#5545,#106,.T.);
#4456=EDGE_CURVE('',#5545,#5546,#107,.T.);
#4457=EDGE_CURVE('',#5547,#5546,#108,.T.);
#4458=EDGE_CURVE('',#5548,#5547,#109,.T.);
#4459=EDGE_CURVE('',#5548,#5549,#110,.T.);
#4460=EDGE_CURVE('',#5549,#5550,#111,.T.);
#4461=EDGE_CURVE('',#5551,#5550,#112,.T.);
#4462=EDGE_CURVE('',#5552,#5551,#113,.T.);
#4463=EDGE_CURVE('',#5552,#5553,#114,.T.);
#4464=EDGE_CURVE('',#5553,#5554,#115,.T.);
#4465=EDGE_CURVE('',#5555,#5554,#116,.T.);
#4466=EDGE_CURVE('',#5555,#5556,#117,.T.);
#4467=EDGE_CURVE('',#5556,#5557,#118,.T.);
#4468=EDGE_CURVE('',#5558,#5557,#119,.T.);
#4469=EDGE_CURVE('',#5559,#5558,#120,.T.);
#4470=EDGE_CURVE('',#5560,#5559,#121,.T.);
#4471=EDGE_CURVE('',#5561,#5560,#122,.T.);
#4472=EDGE_CURVE('',#5562,#5561,#123,.T.);
#4473=EDGE_CURVE('',#5562,#5563,#124,.T.);
#4474=EDGE_CURVE('',#5563,#5564,#125,.T.);
#4475=EDGE_CURVE('',#5565,#5564,#126,.T.);
#4476=EDGE_CURVE('',#5566,#5565,#127,.T.);
#4477=EDGE_CURVE('',#5566,#5567,#128,.T.);
#4478=EDGE_CURVE('',#5567,#5568,#129,.T.);
#4479=EDGE_CURVE('',#5569,#5568,#130,.T.);
#4480=EDGE_CURVE('',#5570,#5569,#131,.T.);
#4481=EDGE_CURVE('',#5570,#5571,#132,.T.);
#4482=EDGE_CURVE('',#5571,#5572,#133,.T.);
#4483=EDGE_CURVE('',#5573,#5572,#134,.T.);
#4484=EDGE_CURVE('',#5574,#5573,#135,.T.);
#4485=EDGE_CURVE('',#5574,#5575,#136,.T.);
#4486=EDGE_CURVE('',#5575,#5576,#137,.T.);
#4487=EDGE_CURVE('',#5577,#5576,#138,.T.);
#4488=EDGE_CURVE('',#5578,#5577,#139,.T.);
#4489=EDGE_CURVE('',#5578,#5579,#140,.T.);
#4490=EDGE_CURVE('',#5579,#5580,#141,.T.);
#4491=EDGE_CURVE('',#5581,#5580,#142,.T.);
#4492=EDGE_CURVE('',#5582,#5581,#143,.T.);
#4493=EDGE_CURVE('',#5582,#5583,#144,.T.);
#4494=EDGE_CURVE('',#5583,#5584,#145,.T.);
#4495=EDGE_CURVE('',#5585,#5584,#146,.T.);
#4496=EDGE_CURVE('',#5586,#5585,#147,.T.);
#4497=EDGE_CURVE('',#5586,#5587,#148,.T.);
#4498=EDGE_CURVE('',#5587,#5588,#149,.T.);
#4499=EDGE_CURVE('',#5589,#5588,#150,.T.);
#4500=EDGE_CURVE('',#5590,#5589,#151,.T.);
#4501=EDGE_CURVE('',#5590,#5591,#152,.T.);
#4502=EDGE_CURVE('',#5591,#5592,#153,.T.);
#4503=EDGE_CURVE('',#5593,#5592,#154,.T.);
#4504=EDGE_CURVE('',#5594,#5593,#155,.T.);
#4505=EDGE_CURVE('',#5594,#5595,#156,.T.);
#4506=EDGE_CURVE('',#5595,#5596,#157,.T.);
#4507=EDGE_CURVE('',#5597,#5596,#158,.T.);
#4508=EDGE_CURVE('',#5598,#5597,#159,.T.);
#4509=EDGE_CURVE('',#5598,#5599,#160,.T.);
#4510=EDGE_CURVE('',#5599,#5600,#161,.T.);
#4511=EDGE_CURVE('',#5601,#5600,#162,.T.);
#4512=EDGE_CURVE('',#5602,#5601,#163,.T.);
#4513=EDGE_CURVE('',#5602,#5603,#164,.T.);
#4514=EDGE_CURVE('',#5603,#5604,#165,.T.);
#4515=EDGE_CURVE('',#5605,#5604,#166,.T.);
#4516=EDGE_CURVE('',#5606,#5605,#167,.T.);
#4517=EDGE_CURVE('',#5606,#5607,#168,.T.);
#4518=EDGE_CURVE('',#5607,#5608,#169,.T.);
#4519=EDGE_CURVE('',#5609,#5608,#170,.T.);
#4520=EDGE_CURVE('',#5610,#5609,#171,.T.);
#4521=EDGE_CURVE('',#5610,#5611,#172,.T.);
#4522=EDGE_CURVE('',#5611,#5612,#173,.T.);
#4523=EDGE_CURVE('',#5613,#5612,#174,.T.);
#4524=EDGE_CURVE('',#5614,#5613,#175,.T.);
#4525=EDGE_CURVE('',#5614,#5615,#176,.T.);
#4526=EDGE_CURVE('',#5615,#5616,#177,.T.);
#4527=EDGE_CURVE('',#5617,#5616,#178,.T.);
#4528=EDGE_CURVE('',#5618,#5617,#179,.T.);
#4529=EDGE_CURVE('',#5618,#5619,#180,.T.);
#4530=EDGE_CURVE('',#5619,#5620,#181,.T.);
#4531=EDGE_CURVE('',#5621,#5620,#182,.T.);
#4532=EDGE_CURVE('',#5622,#5621,#183,.T.);
#4533=EDGE_CURVE('',#5622,#5623,#184,.T.);
#4534=EDGE_CURVE('',#5623,#5624,#185,.T.);
#4535=EDGE_CURVE('',#5625,#5624,#186,.T.);
#4536=EDGE_CURVE('',#5626,#5625,#187,.T.);
#4537=EDGE_CURVE('',#5626,#5627,#188,.T.);
#4538=EDGE_CURVE('',#5627,#5628,#189,.T.);
#4539=EDGE_CURVE('',#5629,#5628,#190,.T.);
#4540=EDGE_CURVE('',#5630,#5629,#191,.T.);
#4541=EDGE_CURVE('',#5630,#5631,#192,.T.);
#4542=EDGE_CURVE('',#5631,#5632,#193,.T.);
#4543=EDGE_CURVE('',#5633,#5632,#194,.T.);
#4544=EDGE_CURVE('',#5634,#5633,#195,.T.);
#4545=EDGE_CURVE('',#5634,#5635,#196,.T.);
#4546=EDGE_CURVE('',#5635,#5636,#197,.T.);
#4547=EDGE_CURVE('',#5637,#5636,#198,.T.);
#4548=EDGE_CURVE('',#5638,#5637,#199,.T.);
#4549=EDGE_CURVE('',#5638,#5639,#200,.T.);
#4550=EDGE_CURVE('',#5639,#5640,#201,.T.);
#4551=EDGE_CURVE('',#5641,#5640,#202,.T.);
#4552=EDGE_CURVE('',#5642,#5641,#203,.T.);
#4553=EDGE_CURVE('',#5642,#5643,#204,.T.);
#4554=EDGE_CURVE('',#5643,#5644,#205,.T.);
#4555=EDGE_CURVE('',#5645,#5644,#206,.T.);
#4556=EDGE_CURVE('',#5646,#5645,#207,.T.);
#4557=EDGE_CURVE('',#5646,#5647,#208,.T.);
#4558=EDGE_CURVE('',#5647,#5648,#209,.T.);
#4559=EDGE_CURVE('',#5649,#5648,#210,.T.);
#4560=EDGE_CURVE('',#5650,#5649,#211,.T.);
#4561=EDGE_CURVE('',#5650,#5651,#212,.T.);
#4562=EDGE_CURVE('',#5651,#5652,#213,.T.);
#4563=EDGE_CURVE('',#5653,#5652,#214,.T.);
#4564=EDGE_CURVE('',#5654,#5653,#215,.T.);
#4565=EDGE_CURVE('',#5654,#5655,#216,.T.);
#4566=EDGE_CURVE('',#5655,#5656,#217,.T.);
#4567=EDGE_CURVE('',#5657,#5656,#218,.T.);
#4568=EDGE_CURVE('',#5658,#5657,#219,.T.);
#4569=EDGE_CURVE('',#5658,#5659,#220,.T.);
#4570=EDGE_CURVE('',#5659,#5660,#221,.T.);
#4571=EDGE_CURVE('',#5661,#5660,#222,.T.);
#4572=EDGE_CURVE('',#5662,#5661,#223,.T.);
#4573=EDGE_CURVE('',#5662,#5663,#224,.T.);
#4574=EDGE_CURVE('',#5663,#5664,#225,.T.);
#4575=EDGE_CURVE('',#5665,#5664,#226,.T.);
#4576=EDGE_CURVE('',#5666,#5665,#227,.T.);
#4577=EDGE_CURVE('',#5666,#5667,#228,.T.);
#4578=EDGE_CURVE('',#5667,#5668,#229,.T.);
#4579=EDGE_CURVE('',#5669,#5668,#230,.T.);
#4580=EDGE_CURVE('',#5670,#5669,#231,.T.);
#4581=EDGE_CURVE('',#5670,#5671,#232,.T.);
#4582=EDGE_CURVE('',#5671,#5672,#233,.T.);
#4583=EDGE_CURVE('',#5673,#5672,#234,.T.);
#4584=EDGE_CURVE('',#5673,#5674,#235,.T.);
#4585=EDGE_CURVE('',#5674,#5452,#236,.T.);
#4586=EDGE_CURVE('',#5675,#5675,#6179,.T.);
#4587=EDGE_CURVE('',#5676,#5677,#237,.T.);
#4588=EDGE_CURVE('',#5678,#5676,#238,.T.);
#4589=EDGE_CURVE('',#5678,#5679,#239,.T.);
#4590=EDGE_CURVE('',#5679,#5677,#240,.T.);
#4591=EDGE_CURVE('',#5680,#5681,#241,.T.);
#4592=EDGE_CURVE('',#5680,#5682,#242,.T.);
#4593=EDGE_CURVE('',#5683,#5682,#243,.T.);
#4594=EDGE_CURVE('',#5684,#5683,#244,.T.);
#4595=EDGE_CURVE('',#5684,#5685,#245,.T.);
#4596=EDGE_CURVE('',#5685,#5686,#246,.T.);
#4597=EDGE_CURVE('',#5687,#5686,#247,.T.);
#4598=EDGE_CURVE('',#5688,#5687,#248,.T.);
#4599=EDGE_CURVE('',#5688,#5689,#249,.T.);
#4600=EDGE_CURVE('',#5689,#5690,#250,.T.);
#4601=EDGE_CURVE('',#5691,#5690,#251,.T.);
#4602=EDGE_CURVE('',#5692,#5691,#252,.T.);
#4603=EDGE_CURVE('',#5692,#5693,#253,.T.);
#4604=EDGE_CURVE('',#5693,#5694,#254,.T.);
#4605=EDGE_CURVE('',#5695,#5694,#255,.T.);
#4606=EDGE_CURVE('',#5696,#5695,#256,.T.);
#4607=EDGE_CURVE('',#5696,#5697,#257,.T.);
#4608=EDGE_CURVE('',#5697,#5698,#258,.T.);
#4609=EDGE_CURVE('',#5699,#5698,#259,.T.);
#4610=EDGE_CURVE('',#5700,#5699,#260,.T.);
#4611=EDGE_CURVE('',#5700,#5701,#261,.T.);
#4612=EDGE_CURVE('',#5701,#5702,#262,.T.);
#4613=EDGE_CURVE('',#5703,#5702,#263,.T.);
#4614=EDGE_CURVE('',#5704,#5703,#264,.T.);
#4615=EDGE_CURVE('',#5704,#5705,#265,.T.);
#4616=EDGE_CURVE('',#5705,#5706,#266,.T.);
#4617=EDGE_CURVE('',#5707,#5706,#267,.T.);
#4618=EDGE_CURVE('',#5708,#5707,#268,.T.);
#4619=EDGE_CURVE('',#5708,#5709,#269,.T.);
#4620=EDGE_CURVE('',#5709,#5710,#270,.T.);
#4621=EDGE_CURVE('',#5711,#5710,#271,.T.);
#4622=EDGE_CURVE('',#5712,#5711,#272,.T.);
#4623=EDGE_CURVE('',#5712,#5713,#273,.T.);
#4624=EDGE_CURVE('',#5713,#5714,#274,.T.);
#4625=EDGE_CURVE('',#5715,#5714,#275,.T.);
#4626=EDGE_CURVE('',#5716,#5715,#276,.T.);
#4627=EDGE_CURVE('',#5716,#5717,#277,.T.);
#4628=EDGE_CURVE('',#5717,#5718,#278,.T.);
#4629=EDGE_CURVE('',#5719,#5718,#279,.T.);
#4630=EDGE_CURVE('',#5720,#5719,#280,.T.);
#4631=EDGE_CURVE('',#5720,#5721,#281,.T.);
#4632=EDGE_CURVE('',#5721,#5722,#282,.T.);
#4633=EDGE_CURVE('',#5723,#5722,#283,.T.);
#4634=EDGE_CURVE('',#5724,#5723,#284,.T.);
#4635=EDGE_CURVE('',#5724,#5725,#285,.T.);
#4636=EDGE_CURVE('',#5725,#5726,#286,.T.);
#4637=EDGE_CURVE('',#5727,#5726,#287,.T.);
#4638=EDGE_CURVE('',#5728,#5727,#288,.T.);
#4639=EDGE_CURVE('',#5728,#5729,#289,.T.);
#4640=EDGE_CURVE('',#5729,#5730,#290,.T.);
#4641=EDGE_CURVE('',#5731,#5730,#291,.T.);
#4642=EDGE_CURVE('',#5732,#5731,#292,.T.);
#4643=EDGE_CURVE('',#5732,#5733,#293,.T.);
#4644=EDGE_CURVE('',#5733,#5734,#294,.T.);
#4645=EDGE_CURVE('',#5735,#5734,#295,.T.);
#4646=EDGE_CURVE('',#5736,#5735,#296,.T.);
#4647=EDGE_CURVE('',#5736,#5737,#297,.T.);
#4648=EDGE_CURVE('',#5737,#5738,#298,.T.);
#4649=EDGE_CURVE('',#5739,#5738,#299,.T.);
#4650=EDGE_CURVE('',#5740,#5739,#300,.T.);
#4651=EDGE_CURVE('',#5740,#5741,#301,.T.);
#4652=EDGE_CURVE('',#5741,#5742,#302,.T.);
#4653=EDGE_CURVE('',#5743,#5742,#303,.T.);
#4654=EDGE_CURVE('',#5744,#5743,#304,.T.);
#4655=EDGE_CURVE('',#5744,#5745,#305,.T.);
#4656=EDGE_CURVE('',#5745,#5746,#306,.T.);
#4657=EDGE_CURVE('',#5747,#5746,#307,.T.);
#4658=EDGE_CURVE('',#5748,#5747,#308,.T.);
#4659=EDGE_CURVE('',#5748,#5749,#309,.T.);
#4660=EDGE_CURVE('',#5749,#5750,#310,.T.);
#4661=EDGE_CURVE('',#5751,#5750,#311,.T.);
#4662=EDGE_CURVE('',#5752,#5751,#312,.T.);
#4663=EDGE_CURVE('',#5752,#5753,#313,.T.);
#4664=EDGE_CURVE('',#5753,#5754,#314,.T.);
#4665=EDGE_CURVE('',#5755,#5754,#315,.T.);
#4666=EDGE_CURVE('',#5756,#5755,#316,.T.);
#4667=EDGE_CURVE('',#5756,#5757,#317,.T.);
#4668=EDGE_CURVE('',#5757,#5758,#318,.T.);
#4669=EDGE_CURVE('',#5759,#5758,#319,.T.);
#4670=EDGE_CURVE('',#5760,#5759,#320,.T.);
#4671=EDGE_CURVE('',#5760,#5761,#321,.T.);
#4672=EDGE_CURVE('',#5761,#5762,#322,.T.);
#4673=EDGE_CURVE('',#5763,#5762,#323,.T.);
#4674=EDGE_CURVE('',#5764,#5763,#324,.T.);
#4675=EDGE_CURVE('',#5764,#5765,#325,.T.);
#4676=EDGE_CURVE('',#5765,#5766,#326,.T.);
#4677=EDGE_CURVE('',#5767,#5766,#327,.T.);
#4678=EDGE_CURVE('',#5768,#5767,#328,.T.);
#4679=EDGE_CURVE('',#5768,#5769,#329,.T.);
#4680=EDGE_CURVE('',#5769,#5770,#330,.T.);
#4681=EDGE_CURVE('',#5771,#5770,#331,.T.);
#4682=EDGE_CURVE('',#5772,#5771,#332,.T.);
#4683=EDGE_CURVE('',#5772,#5773,#333,.T.);
#4684=EDGE_CURVE('',#5773,#5774,#334,.T.);
#4685=EDGE_CURVE('',#5775,#5774,#335,.T.);
#4686=EDGE_CURVE('',#5776,#5775,#336,.T.);
#4687=EDGE_CURVE('',#5776,#5777,#337,.T.);
#4688=EDGE_CURVE('',#5777,#5778,#338,.T.);
#4689=EDGE_CURVE('',#5779,#5778,#339,.T.);
#4690=EDGE_CURVE('',#5780,#5779,#340,.T.);
#4691=EDGE_CURVE('',#5780,#5781,#341,.T.);
#4692=EDGE_CURVE('',#5781,#5782,#342,.T.);
#4693=EDGE_CURVE('',#5783,#5782,#343,.T.);
#4694=EDGE_CURVE('',#5784,#5783,#344,.T.);
#4695=EDGE_CURVE('',#5784,#5785,#345,.T.);
#4696=EDGE_CURVE('',#5785,#5786,#346,.T.);
#4697=EDGE_CURVE('',#5787,#5786,#347,.T.);
#4698=EDGE_CURVE('',#5788,#5787,#348,.T.);
#4699=EDGE_CURVE('',#5788,#5789,#349,.T.);
#4700=EDGE_CURVE('',#5789,#5790,#350,.T.);
#4701=EDGE_CURVE('',#5791,#5790,#351,.T.);
#4702=EDGE_CURVE('',#5792,#5791,#352,.T.);
#4703=EDGE_CURVE('',#5792,#5793,#353,.T.);
#4704=EDGE_CURVE('',#5793,#5794,#354,.T.);
#4705=EDGE_CURVE('',#5795,#5794,#355,.T.);
#4706=EDGE_CURVE('',#5796,#5795,#356,.T.);
#4707=EDGE_CURVE('',#5796,#5797,#357,.T.);
#4708=EDGE_CURVE('',#5797,#5798,#358,.T.);
#4709=EDGE_CURVE('',#5799,#5798,#359,.T.);
#4710=EDGE_CURVE('',#5800,#5799,#360,.T.);
#4711=EDGE_CURVE('',#5800,#5801,#361,.T.);
#4712=EDGE_CURVE('',#5801,#5802,#362,.T.);
#4713=EDGE_CURVE('',#5803,#5802,#363,.T.);
#4714=EDGE_CURVE('',#5804,#5803,#364,.T.);
#4715=EDGE_CURVE('',#5804,#5805,#365,.T.);
#4716=EDGE_CURVE('',#5805,#5806,#366,.T.);
#4717=EDGE_CURVE('',#5807,#5806,#367,.T.);
#4718=EDGE_CURVE('',#5808,#5807,#368,.T.);
#4719=EDGE_CURVE('',#5808,#5809,#369,.T.);
#4720=EDGE_CURVE('',#5809,#5810,#370,.T.);
#4721=EDGE_CURVE('',#5811,#5810,#371,.T.);
#4722=EDGE_CURVE('',#5812,#5811,#372,.T.);
#4723=EDGE_CURVE('',#5812,#5813,#373,.T.);
#4724=EDGE_CURVE('',#5813,#5814,#374,.T.);
#4725=EDGE_CURVE('',#5815,#5814,#375,.T.);
#4726=EDGE_CURVE('',#5816,#5815,#376,.T.);
#4727=EDGE_CURVE('',#5816,#5817,#377,.T.);
#4728=EDGE_CURVE('',#5817,#5818,#378,.T.);
#4729=EDGE_CURVE('',#5819,#5818,#379,.T.);
#4730=EDGE_CURVE('',#5820,#5819,#380,.T.);
#4731=EDGE_CURVE('',#5820,#5821,#381,.T.);
#4732=EDGE_CURVE('',#5821,#5822,#382,.T.);
#4733=EDGE_CURVE('',#5823,#5822,#383,.T.);
#4734=EDGE_CURVE('',#5824,#5823,#384,.T.);
#4735=EDGE_CURVE('',#5824,#5825,#385,.T.);
#4736=EDGE_CURVE('',#5825,#5826,#386,.T.);
#4737=EDGE_CURVE('',#5827,#5826,#387,.T.);
#4738=EDGE_CURVE('',#5828,#5827,#388,.T.);
#4739=EDGE_CURVE('',#5828,#5829,#389,.T.);
#4740=EDGE_CURVE('',#5829,#5830,#390,.T.);
#4741=EDGE_CURVE('',#5831,#5830,#391,.T.);
#4742=EDGE_CURVE('',#5832,#5831,#392,.T.);
#4743=EDGE_CURVE('',#5832,#5833,#393,.T.);
#4744=EDGE_CURVE('',#5833,#5834,#394,.T.);
#4745=EDGE_CURVE('',#5835,#5834,#395,.T.);
#4746=EDGE_CURVE('',#5836,#5835,#396,.T.);
#4747=EDGE_CURVE('',#5836,#5837,#397,.T.);
#4748=EDGE_CURVE('',#5837,#5838,#398,.T.);
#4749=EDGE_CURVE('',#5839,#5838,#399,.T.);
#4750=EDGE_CURVE('',#5840,#5839,#400,.T.);
#4751=EDGE_CURVE('',#5840,#5841,#401,.T.);
#4752=EDGE_CURVE('',#5841,#5842,#402,.T.);
#4753=EDGE_CURVE('',#5843,#5842,#403,.T.);
#4754=EDGE_CURVE('',#5844,#5843,#404,.T.);
#4755=EDGE_CURVE('',#5844,#5845,#405,.T.);
#4756=EDGE_CURVE('',#5845,#5846,#406,.T.);
#4757=EDGE_CURVE('',#5847,#5846,#407,.T.);
#4758=EDGE_CURVE('',#5848,#5847,#408,.T.);
#4759=EDGE_CURVE('',#5848,#5849,#409,.T.);
#4760=EDGE_CURVE('',#5849,#5850,#410,.T.);
#4761=EDGE_CURVE('',#5851,#5850,#411,.T.);
#4762=EDGE_CURVE('',#5852,#5851,#412,.T.);
#4763=EDGE_CURVE('',#5852,#5853,#413,.T.);
#4764=EDGE_CURVE('',#5853,#5854,#414,.T.);
#4765=EDGE_CURVE('',#5855,#5854,#415,.T.);
#4766=EDGE_CURVE('',#5856,#5855,#416,.T.);
#4767=EDGE_CURVE('',#5856,#5857,#417,.T.);
#4768=EDGE_CURVE('',#5857,#5858,#418,.T.);
#4769=EDGE_CURVE('',#5859,#5858,#419,.T.);
#4770=EDGE_CURVE('',#5860,#5859,#420,.T.);
#4771=EDGE_CURVE('',#5860,#5861,#421,.T.);
#4772=EDGE_CURVE('',#5861,#5862,#422,.T.);
#4773=EDGE_CURVE('',#5863,#5862,#423,.T.);
#4774=EDGE_CURVE('',#5864,#5863,#424,.T.);
#4775=EDGE_CURVE('',#5864,#5865,#425,.T.);
#4776=EDGE_CURVE('',#5865,#5866,#426,.T.);
#4777=EDGE_CURVE('',#5867,#5866,#427,.T.);
#4778=EDGE_CURVE('',#5868,#5867,#428,.T.);
#4779=EDGE_CURVE('',#5868,#5869,#429,.T.);
#4780=EDGE_CURVE('',#5869,#5870,#430,.T.);
#4781=EDGE_CURVE('',#5871,#5870,#431,.T.);
#4782=EDGE_CURVE('',#5872,#5871,#432,.T.);
#4783=EDGE_CURVE('',#5872,#5873,#433,.T.);
#4784=EDGE_CURVE('',#5873,#5874,#434,.T.);
#4785=EDGE_CURVE('',#5875,#5874,#435,.T.);
#4786=EDGE_CURVE('',#5876,#5875,#436,.T.);
#4787=EDGE_CURVE('',#5876,#5877,#437,.T.);
#4788=EDGE_CURVE('',#5877,#5878,#438,.T.);
#4789=EDGE_CURVE('',#5879,#5878,#439,.T.);
#4790=EDGE_CURVE('',#5880,#5879,#440,.T.);
#4791=EDGE_CURVE('',#5880,#5881,#441,.T.);
#4792=EDGE_CURVE('',#5881,#5882,#442,.T.);
#4793=EDGE_CURVE('',#5883,#5882,#443,.T.);
#4794=EDGE_CURVE('',#5884,#5883,#444,.T.);
#4795=EDGE_CURVE('',#5884,#5885,#445,.T.);
#4796=EDGE_CURVE('',#5885,#5886,#446,.T.);
#4797=EDGE_CURVE('',#5887,#5886,#447,.T.);
#4798=EDGE_CURVE('',#5888,#5887,#448,.T.);
#4799=EDGE_CURVE('',#5888,#5889,#449,.T.);
#4800=EDGE_CURVE('',#5889,#5890,#450,.T.);
#4801=EDGE_CURVE('',#5891,#5890,#451,.T.);
#4802=EDGE_CURVE('',#5892,#5891,#452,.T.);
#4803=EDGE_CURVE('',#5892,#5893,#453,.T.);
#4804=EDGE_CURVE('',#5893,#5894,#454,.T.);
#4805=EDGE_CURVE('',#5895,#5894,#455,.T.);
#4806=EDGE_CURVE('',#5896,#5895,#456,.T.);
#4807=EDGE_CURVE('',#5896,#5897,#457,.T.);
#4808=EDGE_CURVE('',#5897,#5898,#458,.T.);
#4809=EDGE_CURVE('',#5899,#5898,#459,.T.);
#4810=EDGE_CURVE('',#5900,#5899,#460,.T.);
#4811=EDGE_CURVE('',#5900,#5901,#461,.T.);
#4812=EDGE_CURVE('',#5901,#5902,#462,.T.);
#4813=EDGE_CURVE('',#5903,#5902,#463,.T.);
#4814=EDGE_CURVE('',#5904,#5903,#464,.T.);
#4815=EDGE_CURVE('',#5904,#5905,#465,.T.);
#4816=EDGE_CURVE('',#5905,#5906,#466,.T.);
#4817=EDGE_CURVE('',#5907,#5906,#467,.T.);
#4818=EDGE_CURVE('',#5908,#5907,#468,.T.);
#4819=EDGE_CURVE('',#5908,#5909,#469,.T.);
#4820=EDGE_CURVE('',#5909,#5910,#470,.T.);
#4821=EDGE_CURVE('',#5911,#5910,#471,.T.);
#4822=EDGE_CURVE('',#5912,#5911,#472,.T.);
#4823=EDGE_CURVE('',#5912,#5913,#473,.T.);
#4824=EDGE_CURVE('',#5913,#5914,#474,.T.);
#4825=EDGE_CURVE('',#5915,#5914,#475,.T.);
#4826=EDGE_CURVE('',#5916,#5915,#476,.T.);
#4827=EDGE_CURVE('',#5916,#5917,#477,.T.);
#4828=EDGE_CURVE('',#5917,#5918,#478,.T.);
#4829=EDGE_CURVE('',#5919,#5918,#479,.T.);
#4830=EDGE_CURVE('',#5920,#5919,#480,.T.);
#4831=EDGE_CURVE('',#5920,#5921,#481,.T.);
#4832=EDGE_CURVE('',#5921,#5922,#482,.T.);
#4833=EDGE_CURVE('',#5923,#5922,#483,.T.);
#4834=EDGE_CURVE('',#5924,#5923,#484,.T.);
#4835=EDGE_CURVE('',#5924,#5925,#485,.T.);
#4836=EDGE_CURVE('',#5925,#5926,#486,.T.);
#4837=EDGE_CURVE('',#5927,#5926,#487,.T.);
#4838=EDGE_CURVE('',#5928,#5927,#488,.T.);
#4839=EDGE_CURVE('',#5928,#5929,#489,.T.);
#4840=EDGE_CURVE('',#5929,#5930,#490,.T.);
#4841=EDGE_CURVE('',#5931,#5930,#491,.T.);
#4842=EDGE_CURVE('',#5932,#5931,#492,.T.);
#4843=EDGE_CURVE('',#5932,#5933,#493,.T.);
#4844=EDGE_CURVE('',#5933,#5934,#494,.T.);
#4845=EDGE_CURVE('',#5935,#5934,#495,.T.);
#4846=EDGE_CURVE('',#5936,#5935,#496,.T.);
#4847=EDGE_CURVE('',#5936,#5937,#497,.T.);
#4848=EDGE_CURVE('',#5937,#5938,#498,.T.);
#4849=EDGE_CURVE('',#5939,#5938,#499,.T.);
#4850=EDGE_CURVE('',#5940,#5939,#500,.T.);
#4851=EDGE_CURVE('',#5940,#5941,#501,.T.);
#4852=EDGE_CURVE('',#5941,#5942,#502,.T.);
#4853=EDGE_CURVE('',#5943,#5942,#503,.T.);
#4854=EDGE_CURVE('',#5944,#5943,#504,.T.);
#4855=EDGE_CURVE('',#5944,#5945,#505,.T.);
#4856=EDGE_CURVE('',#5945,#5946,#506,.T.);
#4857=EDGE_CURVE('',#5947,#5946,#507,.T.);
#4858=EDGE_CURVE('',#5948,#5947,#508,.T.);
#4859=EDGE_CURVE('',#5948,#5949,#509,.T.);
#4860=EDGE_CURVE('',#5949,#5950,#510,.T.);
#4861=EDGE_CURVE('',#5951,#5950,#511,.T.);
#4862=EDGE_CURVE('',#5952,#5951,#512,.T.);
#4863=EDGE_CURVE('',#5952,#5953,#513,.T.);
#4864=EDGE_CURVE('',#5953,#5954,#514,.T.);
#4865=EDGE_CURVE('',#5955,#5954,#515,.T.);
#4866=EDGE_CURVE('',#5956,#5955,#516,.T.);
#4867=EDGE_CURVE('',#5956,#5957,#517,.T.);
#4868=EDGE_CURVE('',#5957,#5958,#518,.T.);
#4869=EDGE_CURVE('',#5959,#5958,#519,.T.);
#4870=EDGE_CURVE('',#5960,#5959,#520,.T.);
#4871=EDGE_CURVE('',#5960,#5961,#521,.T.);
#4872=EDGE_CURVE('',#5961,#5962,#522,.T.);
#4873=EDGE_CURVE('',#5963,#5962,#523,.T.);
#4874=EDGE_CURVE('',#5964,#5963,#524,.T.);
#4875=EDGE_CURVE('',#5964,#5965,#525,.T.);
#4876=EDGE_CURVE('',#5965,#5966,#526,.T.);
#4877=EDGE_CURVE('',#5967,#5966,#527,.T.);
#4878=EDGE_CURVE('',#5968,#5967,#528,.T.);
#4879=EDGE_CURVE('',#5968,#5969,#529,.T.);
#4880=EDGE_CURVE('',#5969,#5970,#530,.T.);
#4881=EDGE_CURVE('',#5971,#5970,#531,.T.);
#4882=EDGE_CURVE('',#5972,#5971,#532,.T.);
#4883=EDGE_CURVE('',#5972,#5973,#533,.T.);
#4884=EDGE_CURVE('',#5973,#5974,#534,.T.);
#4885=EDGE_CURVE('',#5975,#5974,#535,.T.);
#4886=EDGE_CURVE('',#5976,#5975,#536,.T.);
#4887=EDGE_CURVE('',#5976,#5977,#537,.T.);
#4888=EDGE_CURVE('',#5977,#5978,#538,.T.);
#4889=EDGE_CURVE('',#5979,#5978,#539,.T.);
#4890=EDGE_CURVE('',#5980,#5979,#540,.T.);
#4891=EDGE_CURVE('',#5980,#5981,#541,.T.);
#4892=EDGE_CURVE('',#5981,#5982,#542,.T.);
#4893=EDGE_CURVE('',#5983,#5982,#543,.T.);
#4894=EDGE_CURVE('',#5984,#5983,#544,.T.);
#4895=EDGE_CURVE('',#5984,#5985,#545,.T.);
#4896=EDGE_CURVE('',#5985,#5986,#546,.T.);
#4897=EDGE_CURVE('',#5987,#5986,#547,.T.);
#4898=EDGE_CURVE('',#5988,#5987,#548,.T.);
#4899=EDGE_CURVE('',#5988,#5989,#549,.T.);
#4900=EDGE_CURVE('',#5989,#5990,#550,.T.);
#4901=EDGE_CURVE('',#5991,#5990,#551,.T.);
#4902=EDGE_CURVE('',#5992,#5991,#552,.T.);
#4903=EDGE_CURVE('',#5992,#5993,#553,.T.);
#4904=EDGE_CURVE('',#5993,#5994,#554,.T.);
#4905=EDGE_CURVE('',#5995,#5994,#555,.T.);
#4906=EDGE_CURVE('',#5996,#5995,#556,.T.);
#4907=EDGE_CURVE('',#5996,#5997,#557,.T.);
#4908=EDGE_CURVE('',#5997,#5998,#558,.T.);
#4909=EDGE_CURVE('',#5999,#5998,#559,.T.);
#4910=EDGE_CURVE('',#6000,#5999,#560,.T.);
#4911=EDGE_CURVE('',#6000,#6001,#561,.T.);
#4912=EDGE_CURVE('',#6001,#6002,#562,.T.);
#4913=EDGE_CURVE('',#6003,#6002,#563,.T.);
#4914=EDGE_CURVE('',#6004,#6003,#564,.T.);
#4915=EDGE_CURVE('',#6004,#6005,#565,.T.);
#4916=EDGE_CURVE('',#6005,#6006,#566,.T.);
#4917=EDGE_CURVE('',#6007,#6006,#567,.T.);
#4918=EDGE_CURVE('',#6008,#6007,#568,.T.);
#4919=EDGE_CURVE('',#6008,#6009,#569,.T.);
#4920=EDGE_CURVE('',#6009,#6010,#570,.T.);
#4921=EDGE_CURVE('',#6011,#6010,#571,.T.);
#4922=EDGE_CURVE('',#6012,#6011,#572,.T.);
#4923=EDGE_CURVE('',#6012,#6013,#573,.T.);
#4924=EDGE_CURVE('',#6013,#6014,#574,.T.);
#4925=EDGE_CURVE('',#6015,#6014,#575,.T.);
#4926=EDGE_CURVE('',#6016,#6015,#576,.T.);
#4927=EDGE_CURVE('',#6016,#6017,#577,.T.);
#4928=EDGE_CURVE('',#6017,#6018,#578,.T.);
#4929=EDGE_CURVE('',#6019,#6018,#579,.T.);
#4930=EDGE_CURVE('',#6020,#6019,#580,.T.);
#4931=EDGE_CURVE('',#6020,#6021,#581,.T.);
#4932=EDGE_CURVE('',#6021,#6022,#582,.T.);
#4933=EDGE_CURVE('',#6023,#6022,#583,.T.);
#4934=EDGE_CURVE('',#6024,#6023,#584,.T.);
#4935=EDGE_CURVE('',#6024,#6025,#585,.T.);
#4936=EDGE_CURVE('',#6025,#6026,#586,.T.);
#4937=EDGE_CURVE('',#6026,#6027,#587,.T.);
#4938=EDGE_CURVE('',#6027,#5678,#588,.T.);
#4939=EDGE_CURVE('',#5681,#5676,#589,.T.);
#4940=EDGE_CURVE('',#5681,#5556,#590,.T.);
#4941=EDGE_CURVE('',#5555,#5680,#591,.T.);
#4942=EDGE_CURVE('',#6028,#6029,#592,.T.);
#4943=EDGE_CURVE('',#6030,#6029,#593,.T.);
#4944=EDGE_CURVE('',#6031,#6030,#594,.T.);
#4945=EDGE_CURVE('',#6031,#6028,#595,.T.);
#4946=EDGE_CURVE('',#6029,#5677,#596,.T.);
#4947=EDGE_CURVE('',#6030,#5679,#597,.T.);
#4948=EDGE_CURVE('',#5559,#6027,#598,.T.);
#4949=EDGE_CURVE('',#5558,#6031,#599,.T.);
#4950=EDGE_CURVE('',#5557,#6028,#600,.T.);
#4951=EDGE_CURVE('',#5554,#5682,#601,.T.);
#4952=EDGE_CURVE('',#5550,#5686,#602,.T.);
#4953=EDGE_CURVE('',#5549,#5687,#603,.T.);
#4954=EDGE_CURVE('',#5551,#5685,#604,.T.);
#4955=EDGE_CURVE('',#5552,#5684,#605,.T.);
#4956=EDGE_CURVE('',#5553,#5683,#606,.T.);
#4957=EDGE_CURVE('',#5560,#6026,#607,.T.);
#4958=EDGE_CURVE('',#5561,#6025,#608,.T.);
#4959=EDGE_CURVE('',#5562,#6024,#609,.T.);
#4960=EDGE_CURVE('',#5563,#6023,#610,.T.);
#4961=EDGE_CURVE('',#5564,#6022,#611,.T.);
#4962=EDGE_CURVE('',#5565,#6021,#612,.T.);
#4963=EDGE_CURVE('',#5566,#6020,#613,.T.);
#4964=EDGE_CURVE('',#5567,#6019,#614,.T.);
#4965=EDGE_CURVE('',#5568,#6018,#615,.T.);
#4966=EDGE_CURVE('',#5569,#6017,#616,.T.);
#4967=EDGE_CURVE('',#5570,#6016,#617,.T.);
#4968=EDGE_CURVE('',#5571,#6015,#618,.T.);
#4969=EDGE_CURVE('',#5572,#6014,#619,.T.);
#4970=EDGE_CURVE('',#5573,#6013,#620,.T.);
#4971=EDGE_CURVE('',#5574,#6012,#621,.T.);
#4972=EDGE_CURVE('',#5575,#6011,#622,.T.);
#4973=EDGE_CURVE('',#5576,#6010,#623,.T.);
#4974=EDGE_CURVE('',#5577,#6009,#624,.T.);
#4975=EDGE_CURVE('',#5578,#6008,#625,.T.);
#4976=EDGE_CURVE('',#5579,#6007,#626,.T.);
#4977=EDGE_CURVE('',#5580,#6006,#627,.T.);
#4978=EDGE_CURVE('',#5581,#6005,#628,.T.);
#4979=EDGE_CURVE('',#5582,#6004,#629,.T.);
#4980=EDGE_CURVE('',#5583,#6003,#630,.T.);
#4981=EDGE_CURVE('',#5584,#6002,#631,.T.);
#4982=EDGE_CURVE('',#5585,#6001,#632,.T.);
#4983=EDGE_CURVE('',#5586,#6000,#633,.T.);
#4984=EDGE_CURVE('',#5587,#5999,#634,.T.);
#4985=EDGE_CURVE('',#5588,#5998,#635,.T.);
#4986=EDGE_CURVE('',#5589,#5997,#636,.T.);
#4987=EDGE_CURVE('',#5590,#5996,#637,.T.);
#4988=EDGE_CURVE('',#5591,#5995,#638,.T.);
#4989=EDGE_CURVE('',#5592,#5994,#639,.T.);
#4990=EDGE_CURVE('',#5593,#5993,#640,.T.);
#4991=EDGE_CURVE('',#5594,#5992,#641,.T.);
#4992=EDGE_CURVE('',#5595,#5991,#642,.T.);
#4993=EDGE_CURVE('',#5596,#5990,#643,.T.);
#4994=EDGE_CURVE('',#5597,#5989,#644,.T.);
#4995=EDGE_CURVE('',#5598,#5988,#645,.T.);
#4996=EDGE_CURVE('',#5599,#5987,#646,.T.);
#4997=EDGE_CURVE('',#5600,#5986,#647,.T.);
#4998=EDGE_CURVE('',#5601,#5985,#648,.T.);
#4999=EDGE_CURVE('',#5602,#5984,#649,.T.);
#5000=EDGE_CURVE('',#5603,#5983,#650,.T.);
#5001=EDGE_CURVE('',#5604,#5982,#651,.T.);
#5002=EDGE_CURVE('',#5605,#5981,#652,.T.);
#5003=EDGE_CURVE('',#5606,#5980,#653,.T.);
#5004=EDGE_CURVE('',#5607,#5979,#654,.T.);
#5005=EDGE_CURVE('',#5608,#5978,#655,.T.);
#5006=EDGE_CURVE('',#5609,#5977,#656,.T.);
#5007=EDGE_CURVE('',#5610,#5976,#657,.T.);
#5008=EDGE_CURVE('',#5611,#5975,#658,.T.);
#5009=EDGE_CURVE('',#5612,#5974,#659,.T.);
#5010=EDGE_CURVE('',#5613,#5973,#660,.T.);
#5011=EDGE_CURVE('',#5614,#5972,#661,.T.);
#5012=EDGE_CURVE('',#5615,#5971,#662,.T.);
#5013=EDGE_CURVE('',#5616,#5970,#663,.T.);
#5014=EDGE_CURVE('',#5617,#5969,#664,.T.);
#5015=EDGE_CURVE('',#5618,#5968,#665,.T.);
#5016=EDGE_CURVE('',#5619,#5967,#666,.T.);
#5017=EDGE_CURVE('',#5620,#5966,#667,.T.);
#5018=EDGE_CURVE('',#5621,#5965,#668,.T.);
#5019=EDGE_CURVE('',#5622,#5964,#669,.T.);
#5020=EDGE_CURVE('',#5623,#5963,#670,.T.);
#5021=EDGE_CURVE('',#5624,#5962,#671,.T.);
#5022=EDGE_CURVE('',#5625,#5961,#672,.T.);
#5023=EDGE_CURVE('',#5626,#5960,#673,.T.);
#5024=EDGE_CURVE('',#5627,#5959,#674,.T.);
#5025=EDGE_CURVE('',#5628,#5958,#675,.T.);
#5026=EDGE_CURVE('',#5629,#5957,#676,.T.);
#5027=EDGE_CURVE('',#5630,#5956,#677,.T.);
#5028=EDGE_CURVE('',#5631,#5955,#678,.T.);
#5029=EDGE_CURVE('',#5632,#5954,#679,.T.);
#5030=EDGE_CURVE('',#5633,#5953,#680,.T.);
#5031=EDGE_CURVE('',#5634,#5952,#681,.T.);
#5032=EDGE_CURVE('',#5635,#5951,#682,.T.);
#5033=EDGE_CURVE('',#5636,#5950,#683,.T.);
#5034=EDGE_CURVE('',#5637,#5949,#684,.T.);
#5035=EDGE_CURVE('',#5638,#5948,#685,.T.);
#5036=EDGE_CURVE('',#5639,#5947,#686,.T.);
#5037=EDGE_CURVE('',#5640,#5946,#687,.T.);
#5038=EDGE_CURVE('',#5641,#5945,#688,.T.);
#5039=EDGE_CURVE('',#5642,#5944,#689,.T.);
#5040=EDGE_CURVE('',#5643,#5943,#690,.T.);
#5041=EDGE_CURVE('',#5644,#5942,#691,.T.);
#5042=EDGE_CURVE('',#5645,#5941,#692,.T.);
#5043=EDGE_CURVE('',#5646,#5940,#693,.T.);
#5044=EDGE_CURVE('',#5647,#5939,#694,.T.);
#5045=EDGE_CURVE('',#5648,#5938,#695,.T.);
#5046=EDGE_CURVE('',#5649,#5937,#696,.T.);
#5047=EDGE_CURVE('',#5650,#5936,#697,.T.);
#5048=EDGE_CURVE('',#5651,#5935,#698,.T.);
#5049=EDGE_CURVE('',#5652,#5934,#699,.T.);
#5050=EDGE_CURVE('',#5653,#5933,#700,.T.);
#5051=EDGE_CURVE('',#5654,#5932,#701,.T.);
#5052=EDGE_CURVE('',#5655,#5931,#702,.T.);
#5053=EDGE_CURVE('',#5656,#5930,#703,.T.);
#5054=EDGE_CURVE('',#5657,#5929,#704,.T.);
#5055=EDGE_CURVE('',#5658,#5928,#705,.T.);
#5056=EDGE_CURVE('',#5659,#5927,#706,.T.);
#5057=EDGE_CURVE('',#5660,#5926,#707,.T.);
#5058=EDGE_CURVE('',#5661,#5925,#708,.T.);
#5059=EDGE_CURVE('',#5662,#5924,#709,.T.);
#5060=EDGE_CURVE('',#5663,#5923,#710,.T.);
#5061=EDGE_CURVE('',#5664,#5922,#711,.T.);
#5062=EDGE_CURVE('',#5665,#5921,#712,.T.);
#5063=EDGE_CURVE('',#5666,#5920,#713,.T.);
#5064=EDGE_CURVE('',#5667,#5919,#714,.T.);
#5065=EDGE_CURVE('',#5668,#5918,#715,.T.);
#5066=EDGE_CURVE('',#5669,#5917,#716,.T.);
#5067=EDGE_CURVE('',#5670,#5916,#717,.T.);
#5068=EDGE_CURVE('',#5671,#5915,#718,.T.);
#5069=EDGE_CURVE('',#5672,#5914,#719,.T.);
#5070=EDGE_CURVE('',#6032,#5913,#720,.T.);
#5071=EDGE_CURVE('',#5673,#6032,#721,.T.);
#5072=EDGE_CURVE('',#6033,#5912,#722,.T.);
#5073=EDGE_CURVE('',#6033,#6032,#723,.T.);
#5074=EDGE_CURVE('',#6034,#5911,#724,.T.);
#5075=EDGE_CURVE('',#6033,#6034,#725,.T.);
#5076=EDGE_CURVE('',#6035,#5910,#726,.T.);
#5077=EDGE_CURVE('',#6034,#6035,#727,.T.);
#5078=EDGE_CURVE('',#6036,#5909,#728,.T.);
#5079=EDGE_CURVE('',#6036,#6035,#729,.T.);
#5080=EDGE_CURVE('',#6037,#5908,#730,.T.);
#5081=EDGE_CURVE('',#6037,#6036,#731,.T.);
#5082=EDGE_CURVE('',#6038,#5907,#732,.T.);
#5083=EDGE_CURVE('',#6037,#6038,#733,.T.);
#5084=EDGE_CURVE('',#6039,#5906,#734,.T.);
#5085=EDGE_CURVE('',#6038,#6039,#735,.T.);
#5086=EDGE_CURVE('',#6040,#5905,#736,.T.);
#5087=EDGE_CURVE('',#6040,#6039,#737,.T.);
#5088=EDGE_CURVE('',#6041,#5904,#738,.T.);
#5089=EDGE_CURVE('',#6041,#6040,#739,.T.);
#5090=EDGE_CURVE('',#6042,#5903,#740,.T.);
#5091=EDGE_CURVE('',#6041,#6042,#741,.T.);
#5092=EDGE_CURVE('',#6043,#5902,#742,.T.);
#5093=EDGE_CURVE('',#6042,#6043,#743,.T.);
#5094=EDGE_CURVE('',#6044,#5901,#744,.T.);
#5095=EDGE_CURVE('',#6044,#6043,#745,.T.);
#5096=EDGE_CURVE('',#6045,#5900,#746,.T.);
#5097=EDGE_CURVE('',#6045,#6044,#747,.T.);
#5098=EDGE_CURVE('',#6046,#5899,#748,.T.);
#5099=EDGE_CURVE('',#6045,#6046,#749,.T.);
#5100=EDGE_CURVE('',#6047,#5898,#750,.T.);
#5101=EDGE_CURVE('',#6046,#6047,#751,.T.);
#5102=EDGE_CURVE('',#6048,#5897,#752,.T.);
#5103=EDGE_CURVE('',#6048,#6047,#753,.T.);
#5104=EDGE_CURVE('',#6049,#5896,#754,.T.);
#5105=EDGE_CURVE('',#6049,#6048,#755,.T.);
#5106=EDGE_CURVE('',#6050,#5895,#756,.T.);
#5107=EDGE_CURVE('',#6049,#6050,#757,.T.);
#5108=EDGE_CURVE('',#6051,#5894,#758,.T.);
#5109=EDGE_CURVE('',#6050,#6051,#759,.T.);
#5110=EDGE_CURVE('',#6052,#5893,#760,.T.);
#5111=EDGE_CURVE('',#6052,#6051,#761,.T.);
#5112=EDGE_CURVE('',#6053,#5892,#762,.T.);
#5113=EDGE_CURVE('',#6053,#6052,#763,.T.);
#5114=EDGE_CURVE('',#6054,#5891,#764,.T.);
#5115=EDGE_CURVE('',#6053,#6054,#765,.T.);
#5116=EDGE_CURVE('',#6055,#5890,#766,.T.);
#5117=EDGE_CURVE('',#6054,#6055,#767,.T.);
#5118=EDGE_CURVE('',#6056,#5889,#768,.T.);
#5119=EDGE_CURVE('',#6056,#6055,#769,.T.);
#5120=EDGE_CURVE('',#6057,#5888,#770,.T.);
#5121=EDGE_CURVE('',#6057,#6056,#771,.T.);
#5122=EDGE_CURVE('',#6058,#5887,#772,.T.);
#5123=EDGE_CURVE('',#6057,#6058,#773,.T.);
#5124=EDGE_CURVE('',#6059,#5886,#774,.T.);
#5125=EDGE_CURVE('',#6058,#6059,#775,.T.);
#5126=EDGE_CURVE('',#6060,#5885,#776,.T.);
#5127=EDGE_CURVE('',#6060,#6059,#777,.T.);
#5128=EDGE_CURVE('',#6061,#5884,#778,.T.);
#5129=EDGE_CURVE('',#6061,#6060,#779,.T.);
#5130=EDGE_CURVE('',#6062,#5883,#780,.T.);
#5131=EDGE_CURVE('',#6061,#6062,#781,.T.);
#5132=EDGE_CURVE('',#6063,#5882,#782,.T.);
#5133=EDGE_CURVE('',#6062,#6063,#783,.T.);
#5134=EDGE_CURVE('',#6064,#5881,#784,.T.);
#5135=EDGE_CURVE('',#6064,#6063,#785,.T.);
#5136=EDGE_CURVE('',#6065,#5880,#786,.T.);
#5137=EDGE_CURVE('',#6065,#6064,#787,.T.);
#5138=EDGE_CURVE('',#6066,#5879,#788,.T.);
#5139=EDGE_CURVE('',#6065,#6066,#789,.T.);
#5140=EDGE_CURVE('',#6067,#5878,#790,.T.);
#5141=EDGE_CURVE('',#6066,#6067,#791,.T.);
#5142=EDGE_CURVE('',#6068,#5877,#792,.T.);
#5143=EDGE_CURVE('',#6068,#6067,#793,.T.);
#5144=EDGE_CURVE('',#6069,#5876,#794,.T.);
#5145=EDGE_CURVE('',#6069,#6068,#795,.T.);
#5146=EDGE_CURVE('',#6070,#5875,#796,.T.);
#5147=EDGE_CURVE('',#6069,#6070,#797,.T.);
#5148=EDGE_CURVE('',#6071,#5874,#798,.T.);
#5149=EDGE_CURVE('',#6070,#6071,#799,.T.);
#5150=EDGE_CURVE('',#6072,#5873,#800,.T.);
#5151=EDGE_CURVE('',#6072,#6071,#801,.T.);
#5152=EDGE_CURVE('',#6073,#5872,#802,.T.);
#5153=EDGE_CURVE('',#6073,#6072,#803,.T.);
#5154=EDGE_CURVE('',#6074,#5871,#804,.T.);
#5155=EDGE_CURVE('',#6073,#6074,#805,.T.);
#5156=EDGE_CURVE('',#6075,#5870,#806,.T.);
#5157=EDGE_CURVE('',#6074,#6075,#807,.T.);
#5158=EDGE_CURVE('',#6076,#5869,#808,.T.);
#5159=EDGE_CURVE('',#6076,#6075,#809,.T.);
#5160=EDGE_CURVE('',#6077,#5868,#810,.T.);
#5161=EDGE_CURVE('',#6077,#6076,#811,.T.);
#5162=EDGE_CURVE('',#6078,#5867,#812,.T.);
#5163=EDGE_CURVE('',#6077,#6078,#813,.T.);
#5164=EDGE_CURVE('',#6079,#5866,#814,.T.);
#5165=EDGE_CURVE('',#6078,#6079,#815,.T.);
#5166=EDGE_CURVE('',#6080,#5865,#816,.T.);
#5167=EDGE_CURVE('',#6080,#6079,#817,.T.);
#5168=EDGE_CURVE('',#6081,#5864,#818,.T.);
#5169=EDGE_CURVE('',#6081,#6080,#819,.T.);
#5170=EDGE_CURVE('',#6082,#5863,#820,.T.);
#5171=EDGE_CURVE('',#6081,#6082,#821,.T.);
#5172=EDGE_CURVE('',#6083,#5862,#822,.T.);
#5173=EDGE_CURVE('',#6082,#6083,#823,.T.);
#5174=EDGE_CURVE('',#6084,#5861,#824,.T.);
#5175=EDGE_CURVE('',#6084,#6083,#825,.T.);
#5176=EDGE_CURVE('',#6085,#5860,#826,.T.);
#5177=EDGE_CURVE('',#6085,#6084,#827,.T.);
#5178=EDGE_CURVE('',#6086,#5859,#828,.T.);
#5179=EDGE_CURVE('',#6085,#6086,#829,.T.);
#5180=EDGE_CURVE('',#6087,#5858,#830,.T.);
#5181=EDGE_CURVE('',#6086,#6087,#831,.T.);
#5182=EDGE_CURVE('',#6088,#5857,#832,.T.);
#5183=EDGE_CURVE('',#6088,#6087,#833,.T.);
#5184=EDGE_CURVE('',#6089,#5856,#834,.T.);
#5185=EDGE_CURVE('',#6089,#6088,#835,.T.);
#5186=EDGE_CURVE('',#6090,#5855,#836,.T.);
#5187=EDGE_CURVE('',#6089,#6090,#837,.T.);
#5188=EDGE_CURVE('',#6091,#5854,#838,.T.);
#5189=EDGE_CURVE('',#6090,#6091,#839,.T.);
#5190=EDGE_CURVE('',#6092,#5853,#840,.T.);
#5191=EDGE_CURVE('',#6092,#6091,#841,.T.);
#5192=EDGE_CURVE('',#6093,#5852,#842,.T.);
#5193=EDGE_CURVE('',#6093,#6092,#843,.T.);
#5194=EDGE_CURVE('',#6094,#5851,#844,.T.);
#5195=EDGE_CURVE('',#6093,#6094,#845,.T.);
#5196=EDGE_CURVE('',#6095,#5850,#846,.T.);
#5197=EDGE_CURVE('',#6094,#6095,#847,.T.);
#5198=EDGE_CURVE('',#6096,#5849,#848,.T.);
#5199=EDGE_CURVE('',#6096,#6095,#849,.T.);
#5200=EDGE_CURVE('',#6097,#5848,#850,.T.);
#5201=EDGE_CURVE('',#6097,#6096,#851,.T.);
#5202=EDGE_CURVE('',#6098,#5847,#852,.T.);
#5203=EDGE_CURVE('',#6097,#6098,#853,.T.);
#5204=EDGE_CURVE('',#6099,#5846,#854,.T.);
#5205=EDGE_CURVE('',#6098,#6099,#855,.T.);
#5206=EDGE_CURVE('',#6100,#5845,#856,.T.);
#5207=EDGE_CURVE('',#6100,#6099,#857,.T.);
#5208=EDGE_CURVE('',#6101,#5844,#858,.T.);
#5209=EDGE_CURVE('',#6101,#6100,#859,.T.);
#5210=EDGE_CURVE('',#6102,#5843,#860,.T.);
#5211=EDGE_CURVE('',#6101,#6102,#861,.T.);
#5212=EDGE_CURVE('',#6103,#5842,#862,.T.);
#5213=EDGE_CURVE('',#6102,#6103,#863,.T.);
#5214=EDGE_CURVE('',#6104,#5841,#864,.T.);
#5215=EDGE_CURVE('',#6104,#6103,#865,.T.);
#5216=EDGE_CURVE('',#6105,#5840,#866,.T.);
#5217=EDGE_CURVE('',#6105,#6104,#867,.T.);
#5218=EDGE_CURVE('',#6106,#5839,#868,.T.);
#5219=EDGE_CURVE('',#6105,#6106,#869,.T.);
#5220=EDGE_CURVE('',#6107,#5838,#870,.T.);
#5221=EDGE_CURVE('',#6106,#6107,#871,.T.);
#5222=EDGE_CURVE('',#6108,#5837,#872,.T.);
#5223=EDGE_CURVE('',#6108,#6107,#873,.T.);
#5224=EDGE_CURVE('',#6109,#5836,#874,.T.);
#5225=EDGE_CURVE('',#6109,#6108,#875,.T.);
#5226=EDGE_CURVE('',#6110,#5835,#876,.T.);
#5227=EDGE_CURVE('',#6109,#6110,#877,.T.);
#5228=EDGE_CURVE('',#6111,#5834,#878,.T.);
#5229=EDGE_CURVE('',#6110,#6111,#879,.T.);
#5230=EDGE_CURVE('',#6112,#5833,#880,.T.);
#5231=EDGE_CURVE('',#6112,#6111,#881,.T.);
#5232=EDGE_CURVE('',#6113,#5832,#882,.T.);
#5233=EDGE_CURVE('',#6113,#6112,#883,.T.);
#5234=EDGE_CURVE('',#6114,#5831,#884,.T.);
#5235=EDGE_CURVE('',#6113,#6114,#885,.T.);
#5236=EDGE_CURVE('',#6115,#5830,#886,.T.);
#5237=EDGE_CURVE('',#6114,#6115,#887,.T.);
#5238=EDGE_CURVE('',#6116,#5829,#888,.T.);
#5239=EDGE_CURVE('',#6116,#6115,#889,.T.);
#5240=EDGE_CURVE('',#6117,#5828,#890,.T.);
#5241=EDGE_CURVE('',#6117,#6116,#891,.T.);
#5242=EDGE_CURVE('',#6118,#5827,#892,.T.);
#5243=EDGE_CURVE('',#6117,#6118,#893,.T.);
#5244=EDGE_CURVE('',#6119,#5826,#894,.T.);
#5245=EDGE_CURVE('',#6118,#6119,#895,.T.);
#5246=EDGE_CURVE('',#6120,#5825,#896,.T.);
#5247=EDGE_CURVE('',#6120,#6119,#897,.T.);
#5248=EDGE_CURVE('',#6121,#5824,#898,.T.);
#5249=EDGE_CURVE('',#6121,#6120,#899,.T.);
#5250=EDGE_CURVE('',#6122,#5823,#900,.T.);
#5251=EDGE_CURVE('',#6121,#6122,#901,.T.);
#5252=EDGE_CURVE('',#6123,#5822,#902,.T.);
#5253=EDGE_CURVE('',#6122,#6123,#903,.T.);
#5254=EDGE_CURVE('',#6124,#5821,#904,.T.);
#5255=EDGE_CURVE('',#6124,#6123,#905,.T.);
#5256=EDGE_CURVE('',#6125,#5820,#906,.T.);
#5257=EDGE_CURVE('',#6125,#6124,#907,.T.);
#5258=EDGE_CURVE('',#6126,#5819,#908,.T.);
#5259=EDGE_CURVE('',#6125,#6126,#909,.T.);
#5260=EDGE_CURVE('',#6127,#5818,#910,.T.);
#5261=EDGE_CURVE('',#6126,#6127,#911,.T.);
#5262=EDGE_CURVE('',#6128,#5817,#912,.T.);
#5263=EDGE_CURVE('',#6128,#6127,#913,.T.);
#5264=EDGE_CURVE('',#6129,#5816,#914,.T.);
#5265=EDGE_CURVE('',#6129,#6128,#915,.T.);
#5266=EDGE_CURVE('',#6130,#5815,#916,.T.);
#5267=EDGE_CURVE('',#6129,#6130,#917,.T.);
#5268=EDGE_CURVE('',#6131,#5814,#918,.T.);
#5269=EDGE_CURVE('',#6130,#6131,#919,.T.);
#5270=EDGE_CURVE('',#6132,#5813,#920,.T.);
#5271=EDGE_CURVE('',#6132,#6131,#921,.T.);
#5272=EDGE_CURVE('',#6133,#5812,#922,.T.);
#5273=EDGE_CURVE('',#6133,#6132,#923,.T.);
#5274=EDGE_CURVE('',#6134,#5811,#924,.T.);
#5275=EDGE_CURVE('',#6133,#6134,#925,.T.);
#5276=EDGE_CURVE('',#6135,#5810,#926,.T.);
#5277=EDGE_CURVE('',#6134,#6135,#927,.T.);
#5278=EDGE_CURVE('',#6136,#5809,#928,.T.);
#5279=EDGE_CURVE('',#6136,#6135,#929,.T.);
#5280=EDGE_CURVE('',#6137,#5808,#930,.T.);
#5281=EDGE_CURVE('',#6137,#6136,#931,.T.);
#5282=EDGE_CURVE('',#6138,#5807,#932,.T.);
#5283=EDGE_CURVE('',#6137,#6138,#933,.T.);
#5284=EDGE_CURVE('',#6139,#5806,#934,.T.);
#5285=EDGE_CURVE('',#6138,#6139,#935,.T.);
#5286=EDGE_CURVE('',#6140,#5805,#936,.T.);
#5287=EDGE_CURVE('',#6140,#6139,#937,.T.);
#5288=EDGE_CURVE('',#6141,#5804,#938,.T.);
#5289=EDGE_CURVE('',#6141,#6140,#939,.T.);
#5290=EDGE_CURVE('',#6142,#5803,#940,.T.);
#5291=EDGE_CURVE('',#6141,#6142,#941,.T.);
#5292=EDGE_CURVE('',#6143,#5802,#942,.T.);
#5293=EDGE_CURVE('',#6142,#6143,#943,.T.);
#5294=EDGE_CURVE('',#6144,#5801,#944,.T.);
#5295=EDGE_CURVE('',#6144,#6143,#945,.T.);
#5296=EDGE_CURVE('',#6145,#5800,#946,.T.);
#5297=EDGE_CURVE('',#6145,#6144,#947,.T.);
#5298=EDGE_CURVE('',#6146,#5799,#948,.T.);
#5299=EDGE_CURVE('',#6145,#6146,#949,.T.);
#5300=EDGE_CURVE('',#6147,#5798,#950,.T.);
#5301=EDGE_CURVE('',#6146,#6147,#951,.T.);
#5302=EDGE_CURVE('',#6148,#5797,#952,.T.);
#5303=EDGE_CURVE('',#6148,#6147,#953,.T.);
#5304=EDGE_CURVE('',#6149,#5796,#954,.T.);
#5305=EDGE_CURVE('',#6149,#6148,#955,.T.);
#5306=EDGE_CURVE('',#6150,#5795,#956,.T.);
#5307=EDGE_CURVE('',#6149,#6150,#957,.T.);
#5308=EDGE_CURVE('',#6151,#5794,#958,.T.);
#5309=EDGE_CURVE('',#6150,#6151,#959,.T.);
#5310=EDGE_CURVE('',#6152,#5793,#960,.T.);
#5311=EDGE_CURVE('',#6152,#6151,#961,.T.);
#5312=EDGE_CURVE('',#6153,#5792,#962,.T.);
#5313=EDGE_CURVE('',#6153,#6152,#963,.T.);
#5314=EDGE_CURVE('',#6154,#5791,#964,.T.);
#5315=EDGE_CURVE('',#6153,#6154,#965,.T.);
#5316=EDGE_CURVE('',#6155,#5790,#966,.T.);
#5317=EDGE_CURVE('',#6154,#6155,#967,.T.);
#5318=EDGE_CURVE('',#6156,#5789,#968,.T.);
#5319=EDGE_CURVE('',#6156,#6155,#969,.T.);
#5320=EDGE_CURVE('',#6157,#5788,#970,.T.);
#5321=EDGE_CURVE('',#6157,#6156,#971,.T.);
#5322=EDGE_CURVE('',#6158,#5787,#972,.T.);
#5323=EDGE_CURVE('',#6157,#6158,#973,.T.);
#5324=EDGE_CURVE('',#6159,#5786,#974,.T.);
#5325=EDGE_CURVE('',#6158,#6159,#975,.T.);
#5326=EDGE_CURVE('',#6160,#5785,#976,.T.);
#5327=EDGE_CURVE('',#6160,#6159,#977,.T.);
#5328=EDGE_CURVE('',#6161,#5784,#978,.T.);
#5329=EDGE_CURVE('',#6161,#6160,#979,.T.);
#5330=EDGE_CURVE('',#6162,#5783,#980,.T.);
#5331=EDGE_CURVE('',#6161,#6162,#981,.T.);
#5332=EDGE_CURVE('',#6163,#5782,#982,.T.);
#5333=EDGE_CURVE('',#6162,#6163,#983,.T.);
#5334=EDGE_CURVE('',#6164,#5781,#984,.T.);
#5335=EDGE_CURVE('',#6164,#6163,#985,.T.);
#5336=EDGE_CURVE('',#6165,#5780,#986,.T.);
#5337=EDGE_CURVE('',#6165,#6164,#987,.T.);
#5338=EDGE_CURVE('',#6166,#5779,#988,.T.);
#5339=EDGE_CURVE('',#6165,#6166,#989,.T.);
#5340=EDGE_CURVE('',#5458,#5778,#990,.T.);
#5341=EDGE_CURVE('',#5457,#6167,#991,.T.);
#5342=EDGE_CURVE('',#6166,#6167,#992,.T.);
#5343=EDGE_CURVE('',#5459,#5777,#993,.T.);
#5344=EDGE_CURVE('',#5460,#5776,#994,.T.);
#5345=EDGE_CURVE('',#5461,#5775,#995,.T.);
#5346=EDGE_CURVE('',#5462,#5774,#996,.T.);
#5347=EDGE_CURVE('',#5463,#5773,#997,.T.);
#5348=EDGE_CURVE('',#5464,#5772,#998,.T.);
#5349=EDGE_CURVE('',#5465,#5771,#999,.T.);
#5350=EDGE_CURVE('',#5466,#5770,#1000,.T.);
#5351=EDGE_CURVE('',#5467,#5769,#1001,.T.);
#5352=EDGE_CURVE('',#5468,#5768,#1002,.T.);
#5353=EDGE_CURVE('',#5469,#5767,#1003,.T.);
#5354=EDGE_CURVE('',#5470,#5766,#1004,.T.);
#5355=EDGE_CURVE('',#5471,#5765,#1005,.T.);
#5356=EDGE_CURVE('',#5472,#5764,#1006,.T.);
#5357=EDGE_CURVE('',#5473,#5763,#1007,.T.);
#5358=EDGE_CURVE('',#5474,#5762,#1008,.T.);
#5359=EDGE_CURVE('',#5475,#5761,#1009,.T.);
#5360=EDGE_CURVE('',#5476,#5760,#1010,.T.);
#5361=EDGE_CURVE('',#5477,#5759,#1011,.T.);
#5362=EDGE_CURVE('',#5478,#5758,#1012,.T.);
#5363=EDGE_CURVE('',#5479,#5757,#1013,.T.);
#5364=EDGE_CURVE('',#5480,#5756,#1014,.T.);
#5365=EDGE_CURVE('',#5481,#5755,#1015,.T.);
#5366=EDGE_CURVE('',#5482,#5754,#1016,.T.);
#5367=EDGE_CURVE('',#5483,#5753,#1017,.T.);
#5368=EDGE_CURVE('',#5484,#5752,#1018,.T.);
#5369=EDGE_CURVE('',#5485,#5751,#1019,.T.);
#5370=EDGE_CURVE('',#5486,#5750,#1020,.T.);
#5371=EDGE_CURVE('',#5487,#5749,#1021,.T.);
#5372=EDGE_CURVE('',#5488,#5748,#1022,.T.);
#5373=EDGE_CURVE('',#5489,#5747,#1023,.T.);
#5374=EDGE_CURVE('',#5490,#5746,#1024,.T.);
#5375=EDGE_CURVE('',#5491,#5745,#1025,.T.);
#5376=EDGE_CURVE('',#5492,#5744,#1026,.T.);
#5377=EDGE_CURVE('',#5493,#5743,#1027,.T.);
#5378=EDGE_CURVE('',#5494,#5742,#1028,.T.);
#5379=EDGE_CURVE('',#5495,#5741,#1029,.T.);
#5380=EDGE_CURVE('',#5496,#5740,#1030,.T.);
#5381=EDGE_CURVE('',#5497,#5739,#1031,.T.);
#5382=EDGE_CURVE('',#5498,#5738,#1032,.T.);
#5383=EDGE_CURVE('',#5499,#5737,#1033,.T.);
#5384=EDGE_CURVE('',#5500,#5736,#1034,.T.);
#5385=EDGE_CURVE('',#5501,#5735,#1035,.T.);
#5386=EDGE_CURVE('',#5502,#5734,#1036,.T.);
#5387=EDGE_CURVE('',#5503,#5733,#1037,.T.);
#5388=EDGE_CURVE('',#5504,#5732,#1038,.T.);
#5389=EDGE_CURVE('',#5505,#5731,#1039,.T.);
#5390=EDGE_CURVE('',#5506,#5730,#1040,.T.);
#5391=EDGE_CURVE('',#5507,#5729,#1041,.T.);
#5392=EDGE_CURVE('',#5508,#5728,#1042,.T.);
#5393=EDGE_CURVE('',#5509,#5727,#1043,.T.);
#5394=EDGE_CURVE('',#5510,#5726,#1044,.T.);
#5395=EDGE_CURVE('',#5511,#5725,#1045,.T.);
#5396=EDGE_CURVE('',#5512,#5724,#1046,.T.);
#5397=EDGE_CURVE('',#5513,#5723,#1047,.T.);
#5398=EDGE_CURVE('',#5514,#5722,#1048,.T.);
#5399=EDGE_CURVE('',#5515,#5721,#1049,.T.);
#5400=EDGE_CURVE('',#5516,#5720,#1050,.T.);
#5401=EDGE_CURVE('',#5517,#5719,#1051,.T.);
#5402=EDGE_CURVE('',#5518,#5718,#1052,.T.);
#5403=EDGE_CURVE('',#5519,#5717,#1053,.T.);
#5404=EDGE_CURVE('',#5520,#5716,#1054,.T.);
#5405=EDGE_CURVE('',#5521,#5715,#1055,.T.);
#5406=EDGE_CURVE('',#5522,#5714,#1056,.T.);
#5407=EDGE_CURVE('',#5523,#5713,#1057,.T.);
#5408=EDGE_CURVE('',#5524,#5712,#1058,.T.);
#5409=EDGE_CURVE('',#5525,#5711,#1059,.T.);
#5410=EDGE_CURVE('',#5526,#5710,#1060,.T.);
#5411=EDGE_CURVE('',#5527,#5709,#1061,.T.);
#5412=EDGE_CURVE('',#5528,#5708,#1062,.T.);
#5413=EDGE_CURVE('',#5529,#5707,#1063,.T.);
#5414=EDGE_CURVE('',#5530,#5706,#1064,.T.);
#5415=EDGE_CURVE('',#5531,#5705,#1065,.T.);
#5416=EDGE_CURVE('',#5532,#5704,#1066,.T.);
#5417=EDGE_CURVE('',#5533,#5703,#1067,.T.);
#5418=EDGE_CURVE('',#5534,#5702,#1068,.T.);
#5419=EDGE_CURVE('',#5535,#5701,#1069,.T.);
#5420=EDGE_CURVE('',#5536,#5700,#1070,.T.);
#5421=EDGE_CURVE('',#5537,#5699,#1071,.T.);
#5422=EDGE_CURVE('',#5538,#5698,#1072,.T.);
#5423=EDGE_CURVE('',#5539,#5697,#1073,.T.);
#5424=EDGE_CURVE('',#5540,#5696,#1074,.T.);
#5425=EDGE_CURVE('',#5541,#5695,#1075,.T.);
#5426=EDGE_CURVE('',#5542,#5694,#1076,.T.);
#5427=EDGE_CURVE('',#5543,#5693,#1077,.T.);
#5428=EDGE_CURVE('',#5544,#5692,#1078,.T.);
#5429=EDGE_CURVE('',#5545,#5691,#1079,.T.);
#5430=EDGE_CURVE('',#5546,#5690,#1080,.T.);
#5431=EDGE_CURVE('',#5547,#5689,#1081,.T.);
#5432=EDGE_CURVE('',#5548,#5688,#1082,.T.);
#5433=EDGE_CURVE('',#6168,#6169,#1083,.T.);
#5434=EDGE_CURVE('',#6169,#6170,#1084,.T.);
#5435=EDGE_CURVE('',#6171,#6170,#1085,.T.);
#5436=EDGE_CURVE('',#6172,#6171,#1086,.T.);
#5437=EDGE_CURVE('',#6032,#6172,#1087,.T.);
#5438=EDGE_CURVE('',#6167,#6173,#1088,.T.);
#5439=EDGE_CURVE('',#6173,#6168,#1089,.T.);
#5440=EDGE_CURVE('',#5456,#6173,#1090,.T.);
#5441=EDGE_CURVE('',#6170,#6174,#1091,.T.);
#5442=EDGE_CURVE('',#6174,#5453,#1092,.F.);
#5443=EDGE_CURVE('',#5452,#6171,#1093,.T.);
#5444=EDGE_CURVE('',#5454,#6175,#1094,.F.);
#5445=EDGE_CURVE('',#6175,#6169,#1095,.T.);
#5446=EDGE_CURVE('',#5455,#6168,#1096,.T.);
#5447=EDGE_CURVE('',#5674,#6172,#1097,.T.);
#5448=EDGE_CURVE('',#6176,#6176,#6180,.T.);
#5449=EDGE_CURVE('',#6177,#6177,#6181,.T.);
#5450=EDGE_CURVE('',#6174,#6175,#1098,.T.);
#5451=VERTEX_POINT('',#9879);
#5452=VERTEX_POINT('',#9881);
#5453=VERTEX_POINT('',#9882);
#5454=VERTEX_POINT('',#9884);
#5455=VERTEX_POINT('',#9886);
#5456=VERTEX_POINT('',#9888);
#5457=VERTEX_POINT('',#9890);
#5458=VERTEX_POINT('',#9892);
#5459=VERTEX_POINT('',#9894);
#5460=VERTEX_POINT('',#9896);
#5461=VERTEX_POINT('',#9898);
#5462=VERTEX_POINT('',#9900);
#5463=VERTEX_POINT('',#9902);
#5464=VERTEX_POINT('',#9904);
#5465=VERTEX_POINT('',#9906);
#5466=VERTEX_POINT('',#9908);
#5467=VERTEX_POINT('',#9910);
#5468=VERTEX_POINT('',#9912);
#5469=VERTEX_POINT('',#9914);
#5470=VERTEX_POINT('',#9916);
#5471=VERTEX_POINT('',#9918);
#5472=VERTEX_POINT('',#9920);
#5473=VERTEX_POINT('',#9922);
#5474=VERTEX_POINT('',#9924);
#5475=VERTEX_POINT('',#9926);
#5476=VERTEX_POINT('',#9928);
#5477=VERTEX_POINT('',#9930);
#5478=VERTEX_POINT('',#9932);
#5479=VERTEX_POINT('',#9934);
#5480=VERTEX_POINT('',#9936);
#5481=VERTEX_POINT('',#9938);
#5482=VERTEX_POINT('',#9940);
#5483=VERTEX_POINT('',#9942);
#5484=VERTEX_POINT('',#9944);
#5485=VERTEX_POINT('',#9946);
#5486=VERTEX_POINT('',#9948);
#5487=VERTEX_POINT('',#9950);
#5488=VERTEX_POINT('',#9952);
#5489=VERTEX_POINT('',#9954);
#5490=VERTEX_POINT('',#9956);
#5491=VERTEX_POINT('',#9958);
#5492=VERTEX_POINT('',#9960);
#5493=VERTEX_POINT('',#9962);
#5494=VERTEX_POINT('',#9964);
#5495=VERTEX_POINT('',#9966);
#5496=VERTEX_POINT('',#9968);
#5497=VERTEX_POINT('',#9970);
#5498=VERTEX_POINT('',#9972);
#5499=VERTEX_POINT('',#9974);
#5500=VERTEX_POINT('',#9976);
#5501=VERTEX_POINT('',#9978);
#5502=VERTEX_POINT('',#9980);
#5503=VERTEX_POINT('',#9982);
#5504=VERTEX_POINT('',#9984);
#5505=VERTEX_POINT('',#9986);
#5506=VERTEX_POINT('',#9988);
#5507=VERTEX_POINT('',#9990);
#5508=VERTEX_POINT('',#9992);
#5509=VERTEX_POINT('',#9994);
#5510=VERTEX_POINT('',#9996);
#5511=VERTEX_POINT('',#9998);
#5512=VERTEX_POINT('',#10000);
#5513=VERTEX_POINT('',#10002);
#5514=VERTEX_POINT('',#10004);
#5515=VERTEX_POINT('',#10006);
#5516=VERTEX_POINT('',#10008);
#5517=VERTEX_POINT('',#10010);
#5518=VERTEX_POINT('',#10012);
#5519=VERTEX_POINT('',#10014);
#5520=VERTEX_POINT('',#10016);
#5521=VERTEX_POINT('',#10018);
#5522=VERTEX_POINT('',#10020);
#5523=VERTEX_POINT('',#10022);
#5524=VERTEX_POINT('',#10024);
#5525=VERTEX_POINT('',#10026);
#5526=VERTEX_POINT('',#10028);
#5527=VERTEX_POINT('',#10030);
#5528=VERTEX_POINT('',#10032);
#5529=VERTEX_POINT('',#10034);
#5530=VERTEX_POINT('',#10036);
#5531=VERTEX_POINT('',#10038);
#5532=VERTEX_POINT('',#10040);
#5533=VERTEX_POINT('',#10042);
#5534=VERTEX_POINT('',#10044);
#5535=VERTEX_POINT('',#10046);
#5536=VERTEX_POINT('',#10048);
#5537=VERTEX_POINT('',#10050);
#5538=VERTEX_POINT('',#10052);
#5539=VERTEX_POINT('',#10054);
#5540=VERTEX_POINT('',#10056);
#5541=VERTEX_POINT('',#10058);
#5542=VERTEX_POINT('',#10060);
#5543=VERTEX_POINT('',#10062);
#5544=VERTEX_POINT('',#10064);
#5545=VERTEX_POINT('',#10066);
#5546=VERTEX_POINT('',#10068);
#5547=VERTEX_POINT('',#10070);
#5548=VERTEX_POINT('',#10072);
#5549=VERTEX_POINT('',#10074);
#5550=VERTEX_POINT('',#10076);
#5551=VERTEX_POINT('',#10078);
#5552=VERTEX_POINT('',#10080);
#5553=VERTEX_POINT('',#10082);
#5554=VERTEX_POINT('',#10084);
#5555=VERTEX_POINT('',#10086);
#5556=VERTEX_POINT('',#10088);
#5557=VERTEX_POINT('',#10090);
#5558=VERTEX_POINT('',#10092);
#5559=VERTEX_POINT('',#10094);
#5560=VERTEX_POINT('',#10096);
#5561=VERTEX_POINT('',#10098);
#5562=VERTEX_POINT('',#10100);
#5563=VERTEX_POINT('',#10102);
#5564=VERTEX_POINT('',#10104);
#5565=VERTEX_POINT('',#10106);
#5566=VERTEX_POINT('',#10108);
#5567=VERTEX_POINT('',#10110);
#5568=VERTEX_POINT('',#10112);
#5569=VERTEX_POINT('',#10114);
#5570=VERTEX_POINT('',#10116);
#5571=VERTEX_POINT('',#10118);
#5572=VERTEX_POINT('',#10120);
#5573=VERTEX_POINT('',#10122);
#5574=VERTEX_POINT('',#10124);
#5575=VERTEX_POINT('',#10126);
#5576=VERTEX_POINT('',#10128);
#5577=VERTEX_POINT('',#10130);
#5578=VERTEX_POINT('',#10132);
#5579=VERTEX_POINT('',#10134);
#5580=VERTEX_POINT('',#10136);
#5581=VERTEX_POINT('',#10138);
#5582=VERTEX_POINT('',#10140);
#5583=VERTEX_POINT('',#10142);
#5584=VERTEX_POINT('',#10144);
#5585=VERTEX_POINT('',#10146);
#5586=VERTEX_POINT('',#10148);
#5587=VERTEX_POINT('',#10150);
#5588=VERTEX_POINT('',#10152);
#5589=VERTEX_POINT('',#10154);
#5590=VERTEX_POINT('',#10156);
#5591=VERTEX_POINT('',#10158);
#5592=VERTEX_POINT('',#10160);
#5593=VERTEX_POINT('',#10162);
#5594=VERTEX_POINT('',#10164);
#5595=VERTEX_POINT('',#10166);
#5596=VERTEX_POINT('',#10168);
#5597=VERTEX_POINT('',#10170);
#5598=VERTEX_POINT('',#10172);
#5599=VERTEX_POINT('',#10174);
#5600=VERTEX_POINT('',#10176);
#5601=VERTEX_POINT('',#10178);
#5602=VERTEX_POINT('',#10180);
#5603=VERTEX_POINT('',#10182);
#5604=VERTEX_POINT('',#10184);
#5605=VERTEX_POINT('',#10186);
#5606=VERTEX_POINT('',#10188);
#5607=VERTEX_POINT('',#10190);
#5608=VERTEX_POINT('',#10192);
#5609=VERTEX_POINT('',#10194);
#5610=VERTEX_POINT('',#10196);
#5611=VERTEX_POINT('',#10198);
#5612=VERTEX_POINT('',#10200);
#5613=VERTEX_POINT('',#10202);
#5614=VERTEX_POINT('',#10204);
#5615=VERTEX_POINT('',#10206);
#5616=VERTEX_POINT('',#10208);
#5617=VERTEX_POINT('',#10210);
#5618=VERTEX_POINT('',#10212);
#5619=VERTEX_POINT('',#10214);
#5620=VERTEX_POINT('',#10216);
#5621=VERTEX_POINT('',#10218);
#5622=VERTEX_POINT('',#10220);
#5623=VERTEX_POINT('',#10222);
#5624=VERTEX_POINT('',#10224);
#5625=VERTEX_POINT('',#10226);
#5626=VERTEX_POINT('',#10228);
#5627=VERTEX_POINT('',#10230);
#5628=VERTEX_POINT('',#10232);
#5629=VERTEX_POINT('',#10234);
#5630=VERTEX_POINT('',#10236);
#5631=VERTEX_POINT('',#10238);
#5632=VERTEX_POINT('',#10240);
#5633=VERTEX_POINT('',#10242);
#5634=VERTEX_POINT('',#10244);
#5635=VERTEX_POINT('',#10246);
#5636=VERTEX_POINT('',#10248);
#5637=VERTEX_POINT('',#10250);
#5638=VERTEX_POINT('',#10252);
#5639=VERTEX_POINT('',#10254);
#5640=VERTEX_POINT('',#10256);
#5641=VERTEX_POINT('',#10258);
#5642=VERTEX_POINT('',#10260);
#5643=VERTEX_POINT('',#10262);
#5644=VERTEX_POINT('',#10264);
#5645=VERTEX_POINT('',#10266);
#5646=VERTEX_POINT('',#10268);
#5647=VERTEX_POINT('',#10270);
#5648=VERTEX_POINT('',#10272);
#5649=VERTEX_POINT('',#10274);
#5650=VERTEX_POINT('',#10276);
#5651=VERTEX_POINT('',#10278);
#5652=VERTEX_POINT('',#10280);
#5653=VERTEX_POINT('',#10282);
#5654=VERTEX_POINT('',#10284);
#5655=VERTEX_POINT('',#10286);
#5656=VERTEX_POINT('',#10288);
#5657=VERTEX_POINT('',#10290);
#5658=VERTEX_POINT('',#10292);
#5659=VERTEX_POINT('',#10294);
#5660=VERTEX_POINT('',#10296);
#5661=VERTEX_POINT('',#10298);
#5662=VERTEX_POINT('',#10300);
#5663=VERTEX_POINT('',#10302);
#5664=VERTEX_POINT('',#10304);
#5665=VERTEX_POINT('',#10306);
#5666=VERTEX_POINT('',#10308);
#5667=VERTEX_POINT('',#10310);
#5668=VERTEX_POINT('',#10312);
#5669=VERTEX_POINT('',#10314);
#5670=VERTEX_POINT('',#10316);
#5671=VERTEX_POINT('',#10318);
#5672=VERTEX_POINT('',#10320);
#5673=VERTEX_POINT('',#10322);
#5674=VERTEX_POINT('',#10324);
#5675=VERTEX_POINT('',#10327);
#5676=VERTEX_POINT('',#10330);
#5677=VERTEX_POINT('',#10331);
#5678=VERTEX_POINT('',#10333);
#5679=VERTEX_POINT('',#10335);
#5680=VERTEX_POINT('',#10339);
#5681=VERTEX_POINT('',#10340);
#5682=VERTEX_POINT('',#10342);
#5683=VERTEX_POINT('',#10344);
#5684=VERTEX_POINT('',#10346);
#5685=VERTEX_POINT('',#10348);
#5686=VERTEX_POINT('',#10350);
#5687=VERTEX_POINT('',#10352);
#5688=VERTEX_POINT('',#10354);
#5689=VERTEX_POINT('',#10356);
#5690=VERTEX_POINT('',#10358);
#5691=VERTEX_POINT('',#10360);
#5692=VERTEX_POINT('',#10362);
#5693=VERTEX_POINT('',#10364);
#5694=VERTEX_POINT('',#10366);
#5695=VERTEX_POINT('',#10368);
#5696=VERTEX_POINT('',#10370);
#5697=VERTEX_POINT('',#10372);
#5698=VERTEX_POINT('',#10374);
#5699=VERTEX_POINT('',#10376);
#5700=VERTEX_POINT('',#10378);
#5701=VERTEX_POINT('',#10380);
#5702=VERTEX_POINT('',#10382);
#5703=VERTEX_POINT('',#10384);
#5704=VERTEX_POINT('',#10386);
#5705=VERTEX_POINT('',#10388);
#5706=VERTEX_POINT('',#10390);
#5707=VERTEX_POINT('',#10392);
#5708=VERTEX_POINT('',#10394);
#5709=VERTEX_POINT('',#10396);
#5710=VERTEX_POINT('',#10398);
#5711=VERTEX_POINT('',#10400);
#5712=VERTEX_POINT('',#10402);
#5713=VERTEX_POINT('',#10404);
#5714=VERTEX_POINT('',#10406);
#5715=VERTEX_POINT('',#10408);
#5716=VERTEX_POINT('',#10410);
#5717=VERTEX_POINT('',#10412);
#5718=VERTEX_POINT('',#10414);
#5719=VERTEX_POINT('',#10416);
#5720=VERTEX_POINT('',#10418);
#5721=VERTEX_POINT('',#10420);
#5722=VERTEX_POINT('',#10422);
#5723=VERTEX_POINT('',#10424);
#5724=VERTEX_POINT('',#10426);
#5725=VERTEX_POINT('',#10428);
#5726=VERTEX_POINT('',#10430);
#5727=VERTEX_POINT('',#10432);
#5728=VERTEX_POINT('',#10434);
#5729=VERTEX_POINT('',#10436);
#5730=VERTEX_POINT('',#10438);
#5731=VERTEX_POINT('',#10440);
#5732=VERTEX_POINT('',#10442);
#5733=VERTEX_POINT('',#10444);
#5734=VERTEX_POINT('',#10446);
#5735=VERTEX_POINT('',#10448);
#5736=VERTEX_POINT('',#10450);
#5737=VERTEX_POINT('',#10452);
#5738=VERTEX_POINT('',#10454);
#5739=VERTEX_POINT('',#10456);
#5740=VERTEX_POINT('',#10458);
#5741=VERTEX_POINT('',#10460);
#5742=VERTEX_POINT('',#10462);
#5743=VERTEX_POINT('',#10464);
#5744=VERTEX_POINT('',#10466);
#5745=VERTEX_POINT('',#10468);
#5746=VERTEX_POINT('',#10470);
#5747=VERTEX_POINT('',#10472);
#5748=VERTEX_POINT('',#10474);
#5749=VERTEX_POINT('',#10476);
#5750=VERTEX_POINT('',#10478);
#5751=VERTEX_POINT('',#10480);
#5752=VERTEX_POINT('',#10482);
#5753=VERTEX_POINT('',#10484);
#5754=VERTEX_POINT('',#10486);
#5755=VERTEX_POINT('',#10488);
#5756=VERTEX_POINT('',#10490);
#5757=VERTEX_POINT('',#10492);
#5758=VERTEX_POINT('',#10494);
#5759=VERTEX_POINT('',#10496);
#5760=VERTEX_POINT('',#10498);
#5761=VERTEX_POINT('',#10500);
#5762=VERTEX_POINT('',#10502);
#5763=VERTEX_POINT('',#10504);
#5764=VERTEX_POINT('',#10506);
#5765=VERTEX_POINT('',#10508);
#5766=VERTEX_POINT('',#10510);
#5767=VERTEX_POINT('',#10512);
#5768=VERTEX_POINT('',#10514);
#5769=VERTEX_POINT('',#10516);
#5770=VERTEX_POINT('',#10518);
#5771=VERTEX_POINT('',#10520);
#5772=VERTEX_POINT('',#10522);
#5773=VERTEX_POINT('',#10524);
#5774=VERTEX_POINT('',#10526);
#5775=VERTEX_POINT('',#10528);
#5776=VERTEX_POINT('',#10530);
#5777=VERTEX_POINT('',#10532);
#5778=VERTEX_POINT('',#10534);
#5779=VERTEX_POINT('',#10536);
#5780=VERTEX_POINT('',#10538);
#5781=VERTEX_POINT('',#10540);
#5782=VERTEX_POINT('',#10542);
#5783=VERTEX_POINT('',#10544);
#5784=VERTEX_POINT('',#10546);
#5785=VERTEX_POINT('',#10548);
#5786=VERTEX_POINT('',#10550);
#5787=VERTEX_POINT('',#10552);
#5788=VERTEX_POINT('',#10554);
#5789=VERTEX_POINT('',#10556);
#5790=VERTEX_POINT('',#10558);
#5791=VERTEX_POINT('',#10560);
#5792=VERTEX_POINT('',#10562);
#5793=VERTEX_POINT('',#10564);
#5794=VERTEX_POINT('',#10566);
#5795=VERTEX_POINT('',#10568);
#5796=VERTEX_POINT('',#10570);
#5797=VERTEX_POINT('',#10572);
#5798=VERTEX_POINT('',#10574);
#5799=VERTEX_POINT('',#10576);
#5800=VERTEX_POINT('',#10578);
#5801=VERTEX_POINT('',#10580);
#5802=VERTEX_POINT('',#10582);
#5803=VERTEX_POINT('',#10584);
#5804=VERTEX_POINT('',#10586);
#5805=VERTEX_POINT('',#10588);
#5806=VERTEX_POINT('',#10590);
#5807=VERTEX_POINT('',#10592);
#5808=VERTEX_POINT('',#10594);
#5809=VERTEX_POINT('',#10596);
#5810=VERTEX_POINT('',#10598);
#5811=VERTEX_POINT('',#10600);
#5812=VERTEX_POINT('',#10602);
#5813=VERTEX_POINT('',#10604);
#5814=VERTEX_POINT('',#10606);
#5815=VERTEX_POINT('',#10608);
#5816=VERTEX_POINT('',#10610);
#5817=VERTEX_POINT('',#10612);
#5818=VERTEX_POINT('',#10614);
#5819=VERTEX_POINT('',#10616);
#5820=VERTEX_POINT('',#10618);
#5821=VERTEX_POINT('',#10620);
#5822=VERTEX_POINT('',#10622);
#5823=VERTEX_POINT('',#10624);
#5824=VERTEX_POINT('',#10626);
#5825=VERTEX_POINT('',#10628);
#5826=VERTEX_POINT('',#10630);
#5827=VERTEX_POINT('',#10632);
#5828=VERTEX_POINT('',#10634);
#5829=VERTEX_POINT('',#10636);
#5830=VERTEX_POINT('',#10638);
#5831=VERTEX_POINT('',#10640);
#5832=VERTEX_POINT('',#10642);
#5833=VERTEX_POINT('',#10644);
#5834=VERTEX_POINT('',#10646);
#5835=VERTEX_POINT('',#10648);
#5836=VERTEX_POINT('',#10650);
#5837=VERTEX_POINT('',#10652);
#5838=VERTEX_POINT('',#10654);
#5839=VERTEX_POINT('',#10656);
#5840=VERTEX_POINT('',#10658);
#5841=VERTEX_POINT('',#10660);
#5842=VERTEX_POINT('',#10662);
#5843=VERTEX_POINT('',#10664);
#5844=VERTEX_POINT('',#10666);
#5845=VERTEX_POINT('',#10668);
#5846=VERTEX_POINT('',#10670);
#5847=VERTEX_POINT('',#10672);
#5848=VERTEX_POINT('',#10674);
#5849=VERTEX_POINT('',#10676);
#5850=VERTEX_POINT('',#10678);
#5851=VERTEX_POINT('',#10680);
#5852=VERTEX_POINT('',#10682);
#5853=VERTEX_POINT('',#10684);
#5854=VERTEX_POINT('',#10686);
#5855=VERTEX_POINT('',#10688);
#5856=VERTEX_POINT('',#10690);
#5857=VERTEX_POINT('',#10692);
#5858=VERTEX_POINT('',#10694);
#5859=VERTEX_POINT('',#10696);
#5860=VERTEX_POINT('',#10698);
#5861=VERTEX_POINT('',#10700);
#5862=VERTEX_POINT('',#10702);
#5863=VERTEX_POINT('',#10704);
#5864=VERTEX_POINT('',#10706);
#5865=VERTEX_POINT('',#10708);
#5866=VERTEX_POINT('',#10710);
#5867=VERTEX_POINT('',#10712);
#5868=VERTEX_POINT('',#10714);
#5869=VERTEX_POINT('',#10716);
#5870=VERTEX_POINT('',#10718);
#5871=VERTEX_POINT('',#10720);
#5872=VERTEX_POINT('',#10722);
#5873=VERTEX_POINT('',#10724);
#5874=VERTEX_POINT('',#10726);
#5875=VERTEX_POINT('',#10728);
#5876=VERTEX_POINT('',#10730);
#5877=VERTEX_POINT('',#10732);
#5878=VERTEX_POINT('',#10734);
#5879=VERTEX_POINT('',#10736);
#5880=VERTEX_POINT('',#10738);
#5881=VERTEX_POINT('',#10740);
#5882=VERTEX_POINT('',#10742);
#5883=VERTEX_POINT('',#10744);
#5884=VERTEX_POINT('',#10746);
#5885=VERTEX_POINT('',#10748);
#5886=VERTEX_POINT('',#10750);
#5887=VERTEX_POINT('',#10752);
#5888=VERTEX_POINT('',#10754);
#5889=VERTEX_POINT('',#10756);
#5890=VERTEX_POINT('',#10758);
#5891=VERTEX_POINT('',#10760);
#5892=VERTEX_POINT('',#10762);
#5893=VERTEX_POINT('',#10764);
#5894=VERTEX_POINT('',#10766);
#5895=VERTEX_POINT('',#10768);
#5896=VERTEX_POINT('',#10770);
#5897=VERTEX_POINT('',#10772);
#5898=VERTEX_POINT('',#10774);
#5899=VERTEX_POINT('',#10776);
#5900=VERTEX_POINT('',#10778);
#5901=VERTEX_POINT('',#10780);
#5902=VERTEX_POINT('',#10782);
#5903=VERTEX_POINT('',#10784);
#5904=VERTEX_POINT('',#10786);
#5905=VERTEX_POINT('',#10788);
#5906=VERTEX_POINT('',#10790);
#5907=VERTEX_POINT('',#10792);
#5908=VERTEX_POINT('',#10794);
#5909=VERTEX_POINT('',#10796);
#5910=VERTEX_POINT('',#10798);
#5911=VERTEX_POINT('',#10800);
#5912=VERTEX_POINT('',#10802);
#5913=VERTEX_POINT('',#10804);
#5914=VERTEX_POINT('',#10806);
#5915=VERTEX_POINT('',#10808);
#5916=VERTEX_POINT('',#10810);
#5917=VERTEX_POINT('',#10812);
#5918=VERTEX_POINT('',#10814);
#5919=VERTEX_POINT('',#10816);
#5920=VERTEX_POINT('',#10818);
#5921=VERTEX_POINT('',#10820);
#5922=VERTEX_POINT('',#10822);
#5923=VERTEX_POINT('',#10824);
#5924=VERTEX_POINT('',#10826);
#5925=VERTEX_POINT('',#10828);
#5926=VERTEX_POINT('',#10830);
#5927=VERTEX_POINT('',#10832);
#5928=VERTEX_POINT('',#10834);
#5929=VERTEX_POINT('',#10836);
#5930=VERTEX_POINT('',#10838);
#5931=VERTEX_POINT('',#10840);
#5932=VERTEX_POINT('',#10842);
#5933=VERTEX_POINT('',#10844);
#5934=VERTEX_POINT('',#10846);
#5935=VERTEX_POINT('',#10848);
#5936=VERTEX_POINT('',#10850);
#5937=VERTEX_POINT('',#10852);
#5938=VERTEX_POINT('',#10854);
#5939=VERTEX_POINT('',#10856);
#5940=VERTEX_POINT('',#10858);
#5941=VERTEX_POINT('',#10860);
#5942=VERTEX_POINT('',#10862);
#5943=VERTEX_POINT('',#10864);
#5944=VERTEX_POINT('',#10866);
#5945=VERTEX_POINT('',#10868);
#5946=VERTEX_POINT('',#10870);
#5947=VERTEX_POINT('',#10872);
#5948=VERTEX_POINT('',#10874);
#5949=VERTEX_POINT('',#10876);
#5950=VERTEX_POINT('',#10878);
#5951=VERTEX_POINT('',#10880);
#5952=VERTEX_POINT('',#10882);
#5953=VERTEX_POINT('',#10884);
#5954=VERTEX_POINT('',#10886);
#5955=VERTEX_POINT('',#10888);
#5956=VERTEX_POINT('',#10890);
#5957=VERTEX_POINT('',#10892);
#5958=VERTEX_POINT('',#10894);
#5959=VERTEX_POINT('',#10896);
#5960=VERTEX_POINT('',#10898);
#5961=VERTEX_POINT('',#10900);
#5962=VERTEX_POINT('',#10902);
#5963=VERTEX_POINT('',#10904);
#5964=VERTEX_POINT('',#10906);
#5965=VERTEX_POINT('',#10908);
#5966=VERTEX_POINT('',#10910);
#5967=VERTEX_POINT('',#10912);
#5968=VERTEX_POINT('',#10914);
#5969=VERTEX_POINT('',#10916);
#5970=VERTEX_POINT('',#10918);
#5971=VERTEX_POINT('',#10920);
#5972=VERTEX_POINT('',#10922);
#5973=VERTEX_POINT('',#10924);
#5974=VERTEX_POINT('',#10926);
#5975=VERTEX_POINT('',#10928);
#5976=VERTEX_POINT('',#10930);
#5977=VERTEX_POINT('',#10932);
#5978=VERTEX_POINT('',#10934);
#5979=VERTEX_POINT('',#10936);
#5980=VERTEX_POINT('',#10938);
#5981=VERTEX_POINT('',#10940);
#5982=VERTEX_POINT('',#10942);
#5983=VERTEX_POINT('',#10944);
#5984=VERTEX_POINT('',#10946);
#5985=VERTEX_POINT('',#10948);
#5986=VERTEX_POINT('',#10950);
#5987=VERTEX_POINT('',#10952);
#5988=VERTEX_POINT('',#10954);
#5989=VERTEX_POINT('',#10956);
#5990=VERTEX_POINT('',#10958);
#5991=VERTEX_POINT('',#10960);
#5992=VERTEX_POINT('',#10962);
#5993=VERTEX_POINT('',#10964);
#5994=VERTEX_POINT('',#10966);
#5995=VERTEX_POINT('',#10968);
#5996=VERTEX_POINT('',#10970);
#5997=VERTEX_POINT('',#10972);
#5998=VERTEX_POINT('',#10974);
#5999=VERTEX_POINT('',#10976);
#6000=VERTEX_POINT('',#10978);
#6001=VERTEX_POINT('',#10980);
#6002=VERTEX_POINT('',#10982);
#6003=VERTEX_POINT('',#10984);
#6004=VERTEX_POINT('',#10986);
#6005=VERTEX_POINT('',#10988);
#6006=VERTEX_POINT('',#10990);
#6007=VERTEX_POINT('',#10992);
#6008=VERTEX_POINT('',#10994);
#6009=VERTEX_POINT('',#10996);
#6010=VERTEX_POINT('',#10998);
#6011=VERTEX_POINT('',#11000);
#6012=VERTEX_POINT('',#11002);
#6013=VERTEX_POINT('',#11004);
#6014=VERTEX_POINT('',#11006);
#6015=VERTEX_POINT('',#11008);
#6016=VERTEX_POINT('',#11010);
#6017=VERTEX_POINT('',#11012);
#6018=VERTEX_POINT('',#11014);
#6019=VERTEX_POINT('',#11016);
#6020=VERTEX_POINT('',#11018);
#6021=VERTEX_POINT('',#11020);
#6022=VERTEX_POINT('',#11022);
#6023=VERTEX_POINT('',#11024);
#6024=VERTEX_POINT('',#11026);
#6025=VERTEX_POINT('',#11028);
#6026=VERTEX_POINT('',#11030);
#6027=VERTEX_POINT('',#11032);
#6028=VERTEX_POINT('',#11040);
#6029=VERTEX_POINT('',#11041);
#6030=VERTEX_POINT('',#11043);
#6031=VERTEX_POINT('',#11045);
#6032=VERTEX_POINT('',#11295);
#6033=VERTEX_POINT('',#11299);
#6034=VERTEX_POINT('',#11303);
#6035=VERTEX_POINT('',#11307);
#6036=VERTEX_POINT('',#11311);
#6037=VERTEX_POINT('',#11315);
#6038=VERTEX_POINT('',#11319);
#6039=VERTEX_POINT('',#11323);
#6040=VERTEX_POINT('',#11327);
#6041=VERTEX_POINT('',#11331);
#6042=VERTEX_POINT('',#11335);
#6043=VERTEX_POINT('',#11339);
#6044=VERTEX_POINT('',#11343);
#6045=VERTEX_POINT('',#11347);
#6046=VERTEX_POINT('',#11351);
#6047=VERTEX_POINT('',#11355);
#6048=VERTEX_POINT('',#11359);
#6049=VERTEX_POINT('',#11363);
#6050=VERTEX_POINT('',#11367);
#6051=VERTEX_POINT('',#11371);
#6052=VERTEX_POINT('',#11375);
#6053=VERTEX_POINT('',#11379);
#6054=VERTEX_POINT('',#11383);
#6055=VERTEX_POINT('',#11387);
#6056=VERTEX_POINT('',#11391);
#6057=VERTEX_POINT('',#11395);
#6058=VERTEX_POINT('',#11399);
#6059=VERTEX_POINT('',#11403);
#6060=VERTEX_POINT('',#11407);
#6061=VERTEX_POINT('',#11411);
#6062=VERTEX_POINT('',#11415);
#6063=VERTEX_POINT('',#11419);
#6064=VERTEX_POINT('',#11423);
#6065=VERTEX_POINT('',#11427);
#6066=VERTEX_POINT('',#11431);
#6067=VERTEX_POINT('',#11435);
#6068=VERTEX_POINT('',#11439);
#6069=VERTEX_POINT('',#11443);
#6070=VERTEX_POINT('',#11447);
#6071=VERTEX_POINT('',#11451);
#6072=VERTEX_POINT('',#11455);
#6073=VERTEX_POINT('',#11459);
#6074=VERTEX_POINT('',#11463);
#6075=VERTEX_POINT('',#11467);
#6076=VERTEX_POINT('',#11471);
#6077=VERTEX_POINT('',#11475);
#6078=VERTEX_POINT('',#11479);
#6079=VERTEX_POINT('',#11483);
#6080=VERTEX_POINT('',#11487);
#6081=VERTEX_POINT('',#11491);
#6082=VERTEX_POINT('',#11495);
#6083=VERTEX_POINT('',#11499);
#6084=VERTEX_POINT('',#11503);
#6085=VERTEX_POINT('',#11507);
#6086=VERTEX_POINT('',#11511);
#6087=VERTEX_POINT('',#11515);
#6088=VERTEX_POINT('',#11519);
#6089=VERTEX_POINT('',#11523);
#6090=VERTEX_POINT('',#11527);
#6091=VERTEX_POINT('',#11531);
#6092=VERTEX_POINT('',#11535);
#6093=VERTEX_POINT('',#11539);
#6094=VERTEX_POINT('',#11543);
#6095=VERTEX_POINT('',#11547);
#6096=VERTEX_POINT('',#11551);
#6097=VERTEX_POINT('',#11555);
#6098=VERTEX_POINT('',#11559);
#6099=VERTEX_POINT('',#11563);
#6100=VERTEX_POINT('',#11567);
#6101=VERTEX_POINT('',#11571);
#6102=VERTEX_POINT('',#11575);
#6103=VERTEX_POINT('',#11579);
#6104=VERTEX_POINT('',#11583);
#6105=VERTEX_POINT('',#11587);
#6106=VERTEX_POINT('',#11591);
#6107=VERTEX_POINT('',#11595);
#6108=VERTEX_POINT('',#11599);
#6109=VERTEX_POINT('',#11603);
#6110=VERTEX_POINT('',#11607);
#6111=VERTEX_POINT('',#11611);
#6112=VERTEX_POINT('',#11615);
#6113=VERTEX_POINT('',#11619);
#6114=VERTEX_POINT('',#11623);
#6115=VERTEX_POINT('',#11627);
#6116=VERTEX_POINT('',#11631);
#6117=VERTEX_POINT('',#11635);
#6118=VERTEX_POINT('',#11639);
#6119=VERTEX_POINT('',#11643);
#6120=VERTEX_POINT('',#11647);
#6121=VERTEX_POINT('',#11651);
#6122=VERTEX_POINT('',#11655);
#6123=VERTEX_POINT('',#11659);
#6124=VERTEX_POINT('',#11663);
#6125=VERTEX_POINT('',#11667);
#6126=VERTEX_POINT('',#11671);
#6127=VERTEX_POINT('',#11675);
#6128=VERTEX_POINT('',#11679);
#6129=VERTEX_POINT('',#11683);
#6130=VERTEX_POINT('',#11687);
#6131=VERTEX_POINT('',#11691);
#6132=VERTEX_POINT('',#11695);
#6133=VERTEX_POINT('',#11699);
#6134=VERTEX_POINT('',#11703);
#6135=VERTEX_POINT('',#11707);
#6136=VERTEX_POINT('',#11711);
#6137=VERTEX_POINT('',#11715);
#6138=VERTEX_POINT('',#11719);
#6139=VERTEX_POINT('',#11723);
#6140=VERTEX_POINT('',#11727);
#6141=VERTEX_POINT('',#11731);
#6142=VERTEX_POINT('',#11735);
#6143=VERTEX_POINT('',#11739);
#6144=VERTEX_POINT('',#11743);
#6145=VERTEX_POINT('',#11747);
#6146=VERTEX_POINT('',#11751);
#6147=VERTEX_POINT('',#11755);
#6148=VERTEX_POINT('',#11759);
#6149=VERTEX_POINT('',#11763);
#6150=VERTEX_POINT('',#11767);
#6151=VERTEX_POINT('',#11771);
#6152=VERTEX_POINT('',#11775);
#6153=VERTEX_POINT('',#11779);
#6154=VERTEX_POINT('',#11783);
#6155=VERTEX_POINT('',#11787);
#6156=VERTEX_POINT('',#11791);
#6157=VERTEX_POINT('',#11795);
#6158=VERTEX_POINT('',#11799);
#6159=VERTEX_POINT('',#11803);
#6160=VERTEX_POINT('',#11807);
#6161=VERTEX_POINT('',#11811);
#6162=VERTEX_POINT('',#11815);
#6163=VERTEX_POINT('',#11819);
#6164=VERTEX_POINT('',#11823);
#6165=VERTEX_POINT('',#11827);
#6166=VERTEX_POINT('',#11831);
#6167=VERTEX_POINT('',#11836);
#6168=VERTEX_POINT('',#12022);
#6169=VERTEX_POINT('',#12023);
#6170=VERTEX_POINT('',#12025);
#6171=VERTEX_POINT('',#12027);
#6172=VERTEX_POINT('',#12029);
#6173=VERTEX_POINT('',#12032);
#6174=VERTEX_POINT('',#12038);
#6175=VERTEX_POINT('',#12043);
#6176=VERTEX_POINT('',#12052);
#6177=VERTEX_POINT('',#12056);
#6178=CIRCLE('',#7674,0.014605);
#6179=CIRCLE('',#7675,0.014605);
#6180=CIRCLE('',#8038,0.014605);
#6181=CIRCLE('',#8041,0.014605);
#6182=EDGE_LOOP('',(#2184));
#6183=EDGE_LOOP('',(#2185,#2186,#2187,#2188,#2189,#2190,#2191,#2192,#2193,
#2194,#2195,#2196,#2197,#2198,#2199,#2200,#2201,#2202,#2203,#2204,#2205,
#2206,#2207,#2208,#2209,#2210,#2211,#2212,#2213,#2214,#2215,#2216,#2217,
#2218,#2219,#2220,#2221,#2222,#2223,#2224,#2225,#2226,#2227,#2228,#2229,
#2230,#2231,#2232,#2233,#2234,#2235,#2236,#2237,#2238,#2239,#2240,#2241,
#2242,#2243,#2244,#2245,#2246,#2247,#2248,#2249,#2250,#2251,#2252,#2253,
#2254,#2255,#2256,#2257,#2258,#2259,#2260,#2261,#2262,#2263,#2264,#2265,
#2266,#2267,#2268,#2269,#2270,#2271,#2272,#2273,#2274,#2275,#2276,#2277,
#2278,#2279,#2280,#2281,#2282,#2283,#2284,#2285,#2286,#2287,#2288,#2289,
#2290,#2291,#2292,#2293,#2294,#2295,#2296,#2297,#2298,#2299,#2300,#2301,
#2302,#2303,#2304,#2305,#2306,#2307,#2308,#2309,#2310,#2311,#2312,#2313,
#2314,#2315,#2316,#2317,#2318,#2319,#2320,#2321,#2322,#2323,#2324,#2325,
#2326,#2327,#2328,#2329,#2330,#2331,#2332,#2333,#2334,#2335,#2336,#2337,
#2338,#2339,#2340,#2341,#2342,#2343,#2344,#2345,#2346,#2347,#2348,#2349,
#2350,#2351,#2352,#2353,#2354,#2355,#2356,#2357,#2358,#2359,#2360,#2361,
#2362,#2363,#2364,#2365,#2366,#2367,#2368,#2369,#2370,#2371,#2372,#2373,
#2374,#2375,#2376,#2377,#2378,#2379,#2380,#2381,#2382,#2383,#2384,#2385,
#2386,#2387,#2388,#2389,#2390,#2391,#2392,#2393,#2394,#2395,#2396,#2397,
#2398,#2399,#2400,#2401,#2402,#2403,#2404,#2405,#2406,#2407));
#6184=EDGE_LOOP('',(#2408));
#6185=EDGE_LOOP('',(#2409,#2410,#2411,#2412));
#6186=EDGE_LOOP('',(#2413,#2414,#2415,#2416,#2417,#2418,#2419,#2420,#2421,
#2422,#2423,#2424,#2425,#2426,#2427,#2428,#2429,#2430,#2431,#2432,#2433,
#2434,#2435,#2436,#2437,#2438,#2439,#2440,#2441,#2442,#2443,#2444,#2445,
#2446,#2447,#2448,#2449,#2450,#2451,#2452,#2453,#2454,#2455,#2456,#2457,
#2458,#2459,#2460,#2461,#2462,#2463,#2464,#2465,#2466,#2467,#2468,#2469,
#2470,#2471,#2472,#2473,#2474,#2475,#2476,#2477,#2478,#2479,#2480,#2481,
#2482,#2483,#2484,#2485,#2486,#2487,#2488,#2489,#2490,#2491,#2492,#2493,
#2494,#2495,#2496,#2497,#2498,#2499,#2500,#2501,#2502,#2503,#2504,#2505,
#2506,#2507,#2508,#2509,#2510,#2511,#2512,#2513,#2514,#2515,#2516,#2517,
#2518,#2519,#2520,#2521,#2522,#2523,#2524,#2525,#2526,#2527,#2528,#2529,
#2530,#2531,#2532,#2533,#2534,#2535,#2536,#2537,#2538,#2539,#2540,#2541,
#2542,#2543,#2544,#2545,#2546,#2547,#2548,#2549,#2550,#2551,#2552,#2553,
#2554,#2555,#2556,#2557,#2558,#2559,#2560,#2561,#2562,#2563,#2564,#2565,
#2566,#2567,#2568,#2569,#2570,#2571,#2572,#2573,#2574,#2575,#2576,#2577,
#2578,#2579,#2580,#2581,#2582,#2583,#2584,#2585,#2586,#2587,#2588,#2589,
#2590,#2591,#2592,#2593,#2594,#2595,#2596,#2597,#2598,#2599,#2600,#2601,
#2602,#2603,#2604,#2605,#2606,#2607,#2608,#2609,#2610,#2611,#2612,#2613,
#2614,#2615,#2616,#2617,#2618,#2619,#2620,#2621,#2622,#2623,#2624,#2625,
#2626,#2627,#2628,#2629,#2630,#2631,#2632,#2633,#2634,#2635,#2636,#2637,
#2638,#2639,#2640,#2641,#2642,#2643,#2644,#2645,#2646,#2647,#2648,#2649,
#2650,#2651,#2652,#2653,#2654,#2655,#2656,#2657,#2658,#2659,#2660,#2661,
#2662,#2663,#2664,#2665,#2666,#2667,#2668,#2669,#2670,#2671,#2672,#2673,
#2674,#2675,#2676,#2677,#2678,#2679,#2680,#2681,#2682,#2683,#2684,#2685,
#2686,#2687,#2688,#2689,#2690,#2691,#2692,#2693,#2694,#2695,#2696,#2697,
#2698,#2699,#2700,#2701,#2702,#2703,#2704,#2705,#2706,#2707,#2708,#2709,
#2710,#2711,#2712,#2713,#2714,#2715,#2716,#2717,#2718,#2719,#2720,#2721,
#2722,#2723,#2724,#2725,#2726,#2727,#2728,#2729,#2730,#2731,#2732,#2733,
#2734,#2735,#2736,#2737,#2738,#2739,#2740,#2741,#2742,#2743,#2744,#2745,
#2746,#2747,#2748,#2749,#2750,#2751,#2752,#2753,#2754,#2755,#2756,#2757,
#2758,#2759,#2760,#2761,#2762));
#6187=EDGE_LOOP('',(#2763,#2764,#2765,#2766));
#6188=EDGE_LOOP('',(#2767,#2768,#2769,#2770));
#6189=EDGE_LOOP('',(#2771,#2772,#2773,#2774));
#6190=EDGE_LOOP('',(#2775,#2776,#2777,#2778,#2779,#2780,#2781));
#6191=EDGE_LOOP('',(#2782,#2783,#2784,#2785,#2786,#2787,#2788));
#6192=EDGE_LOOP('',(#2789,#2790,#2791,#2792));
#6193=EDGE_LOOP('',(#2793,#2794,#2795,#2796));
#6194=EDGE_LOOP('',(#2797,#2798,#2799,#2800));
#6195=EDGE_LOOP('',(#2801,#2802,#2803,#2804));
#6196=EDGE_LOOP('',(#2805,#2806,#2807,#2808));
#6197=EDGE_LOOP('',(#2809,#2810,#2811,#2812));
#6198=EDGE_LOOP('',(#2813,#2814,#2815,#2816));
#6199=EDGE_LOOP('',(#2817,#2818,#2819,#2820));
#6200=EDGE_LOOP('',(#2821,#2822,#2823,#2824));
#6201=EDGE_LOOP('',(#2825,#2826,#2827,#2828));
#6202=EDGE_LOOP('',(#2829,#2830,#2831,#2832));
#6203=EDGE_LOOP('',(#2833,#2834,#2835,#2836));
#6204=EDGE_LOOP('',(#2837,#2838,#2839,#2840));
#6205=EDGE_LOOP('',(#2841,#2842,#2843,#2844));
#6206=EDGE_LOOP('',(#2845,#2846,#2847,#2848));
#6207=EDGE_LOOP('',(#2849,#2850,#2851,#2852));
#6208=EDGE_LOOP('',(#2853,#2854,#2855,#2856));
#6209=EDGE_LOOP('',(#2857,#2858,#2859,#2860));
#6210=EDGE_LOOP('',(#2861,#2862,#2863,#2864));
#6211=EDGE_LOOP('',(#2865,#2866,#2867,#2868));
#6212=EDGE_LOOP('',(#2869,#2870,#2871,#2872));
#6213=EDGE_LOOP('',(#2873,#2874,#2875,#2876));
#6214=EDGE_LOOP('',(#2877,#2878,#2879,#2880));
#6215=EDGE_LOOP('',(#2881,#2882,#2883,#2884));
#6216=EDGE_LOOP('',(#2885,#2886,#2887,#2888));
#6217=EDGE_LOOP('',(#2889,#2890,#2891,#2892));
#6218=EDGE_LOOP('',(#2893,#2894,#2895,#2896));
#6219=EDGE_LOOP('',(#2897,#2898,#2899,#2900));
#6220=EDGE_LOOP('',(#2901,#2902,#2903,#2904));
#6221=EDGE_LOOP('',(#2905,#2906,#2907,#2908));
#6222=EDGE_LOOP('',(#2909,#2910,#2911,#2912));
#6223=EDGE_LOOP('',(#2913,#2914,#2915,#2916));
#6224=EDGE_LOOP('',(#2917,#2918,#2919,#2920));
#6225=EDGE_LOOP('',(#2921,#2922,#2923,#2924));
#6226=EDGE_LOOP('',(#2925,#2926,#2927,#2928));
#6227=EDGE_LOOP('',(#2929,#2930,#2931,#2932));
#6228=EDGE_LOOP('',(#2933,#2934,#2935,#2936));
#6229=EDGE_LOOP('',(#2937,#2938,#2939,#2940));
#6230=EDGE_LOOP('',(#2941,#2942,#2943,#2944));
#6231=EDGE_LOOP('',(#2945,#2946,#2947,#2948));
#6232=EDGE_LOOP('',(#2949,#2950,#2951,#2952));
#6233=EDGE_LOOP('',(#2953,#2954,#2955,#2956));
#6234=EDGE_LOOP('',(#2957,#2958,#2959,#2960));
#6235=EDGE_LOOP('',(#2961,#2962,#2963,#2964));
#6236=EDGE_LOOP('',(#2965,#2966,#2967,#2968));
#6237=EDGE_LOOP('',(#2969,#2970,#2971,#2972));
#6238=EDGE_LOOP('',(#2973,#2974,#2975,#2976));
#6239=EDGE_LOOP('',(#2977,#2978,#2979,#2980));
#6240=EDGE_LOOP('',(#2981,#2982,#2983,#2984));
#6241=EDGE_LOOP('',(#2985,#2986,#2987,#2988));
#6242=EDGE_LOOP('',(#2989,#2990,#2991,#2992));
#6243=EDGE_LOOP('',(#2993,#2994,#2995,#2996));
#6244=EDGE_LOOP('',(#2997,#2998,#2999,#3000));
#6245=EDGE_LOOP('',(#3001,#3002,#3003,#3004));
#6246=EDGE_LOOP('',(#3005,#3006,#3007,#3008));
#6247=EDGE_LOOP('',(#3009,#3010,#3011,#3012));
#6248=EDGE_LOOP('',(#3013,#3014,#3015,#3016));
#6249=EDGE_LOOP('',(#3017,#3018,#3019,#3020));
#6250=EDGE_LOOP('',(#3021,#3022,#3023,#3024));
#6251=EDGE_LOOP('',(#3025,#3026,#3027,#3028));
#6252=EDGE_LOOP('',(#3029,#3030,#3031,#3032));
#6253=EDGE_LOOP('',(#3033,#3034,#3035,#3036));
#6254=EDGE_LOOP('',(#3037,#3038,#3039,#3040));
#6255=EDGE_LOOP('',(#3041,#3042,#3043,#3044));
#6256=EDGE_LOOP('',(#3045,#3046,#3047,#3048));
#6257=EDGE_LOOP('',(#3049,#3050,#3051,#3052));
#6258=EDGE_LOOP('',(#3053,#3054,#3055,#3056));
#6259=EDGE_LOOP('',(#3057,#3058,#3059,#3060));
#6260=EDGE_LOOP('',(#3061,#3062,#3063,#3064));
#6261=EDGE_LOOP('',(#3065,#3066,#3067,#3068));
#6262=EDGE_LOOP('',(#3069,#3070,#3071,#3072));
#6263=EDGE_LOOP('',(#3073,#3074,#3075,#3076));
#6264=EDGE_LOOP('',(#3077,#3078,#3079,#3080));
#6265=EDGE_LOOP('',(#3081,#3082,#3083,#3084));
#6266=EDGE_LOOP('',(#3085,#3086,#3087,#3088));
#6267=EDGE_LOOP('',(#3089,#3090,#3091,#3092));
#6268=EDGE_LOOP('',(#3093,#3094,#3095,#3096));
#6269=EDGE_LOOP('',(#3097,#3098,#3099,#3100));
#6270=EDGE_LOOP('',(#3101,#3102,#3103,#3104));
#6271=EDGE_LOOP('',(#3105,#3106,#3107,#3108));
#6272=EDGE_LOOP('',(#3109,#3110,#3111,#3112));
#6273=EDGE_LOOP('',(#3113,#3114,#3115,#3116));
#6274=EDGE_LOOP('',(#3117,#3118,#3119,#3120));
#6275=EDGE_LOOP('',(#3121,#3122,#3123,#3124));
#6276=EDGE_LOOP('',(#3125,#3126,#3127,#3128));
#6277=EDGE_LOOP('',(#3129,#3130,#3131,#3132));
#6278=EDGE_LOOP('',(#3133,#3134,#3135,#3136));
#6279=EDGE_LOOP('',(#3137,#3138,#3139,#3140));
#6280=EDGE_LOOP('',(#3141,#3142,#3143,#3144));
#6281=EDGE_LOOP('',(#3145,#3146,#3147,#3148));
#6282=EDGE_LOOP('',(#3149,#3150,#3151,#3152));
#6283=EDGE_LOOP('',(#3153,#3154,#3155,#3156));
#6284=EDGE_LOOP('',(#3157,#3158,#3159,#3160));
#6285=EDGE_LOOP('',(#3161,#3162,#3163,#3164));
#6286=EDGE_LOOP('',(#3165,#3166,#3167,#3168));
#6287=EDGE_LOOP('',(#3169,#3170,#3171,#3172));
#6288=EDGE_LOOP('',(#3173,#3174,#3175,#3176));
#6289=EDGE_LOOP('',(#3177,#3178,#3179,#3180));
#6290=EDGE_LOOP('',(#3181,#3182,#3183,#3184));
#6291=EDGE_LOOP('',(#3185,#3186,#3187,#3188));
#6292=EDGE_LOOP('',(#3189,#3190,#3191,#3192));
#6293=EDGE_LOOP('',(#3193,#3194,#3195,#3196));
#6294=EDGE_LOOP('',(#3197,#3198,#3199,#3200));
#6295=EDGE_LOOP('',(#3201,#3202,#3203,#3204));
#6296=EDGE_LOOP('',(#3205,#3206,#3207,#3208));
#6297=EDGE_LOOP('',(#3209,#3210,#3211,#3212));
#6298=EDGE_LOOP('',(#3213,#3214,#3215,#3216));
#6299=EDGE_LOOP('',(#3217,#3218,#3219,#3220));
#6300=EDGE_LOOP('',(#3221,#3222,#3223,#3224));
#6301=EDGE_LOOP('',(#3225,#3226,#3227,#3228));
#6302=EDGE_LOOP('',(#3229,#3230,#3231,#3232));
#6303=EDGE_LOOP('',(#3233,#3234,#3235,#3236));
#6304=EDGE_LOOP('',(#3237,#3238,#3239,#3240));
#6305=EDGE_LOOP('',(#3241,#3242,#3243,#3244));
#6306=EDGE_LOOP('',(#3245,#3246,#3247,#3248));
#6307=EDGE_LOOP('',(#3249,#3250,#3251,#3252));
#6308=EDGE_LOOP('',(#3253,#3254,#3255,#3256));
#6309=EDGE_LOOP('',(#3257,#3258,#3259,#3260));
#6310=EDGE_LOOP('',(#3261,#3262,#3263,#3264));
#6311=EDGE_LOOP('',(#3265,#3266,#3267,#3268,#3269));
#6312=EDGE_LOOP('',(#3270,#3271,#3272,#3273));
#6313=EDGE_LOOP('',(#3274,#3275,#3276,#3277));
#6314=EDGE_LOOP('',(#3278,#3279,#3280,#3281));
#6315=EDGE_LOOP('',(#3282,#3283,#3284,#3285));
#6316=EDGE_LOOP('',(#3286,#3287,#3288,#3289));
#6317=EDGE_LOOP('',(#3290,#3291,#3292,#3293));
#6318=EDGE_LOOP('',(#3294,#3295,#3296,#3297));
#6319=EDGE_LOOP('',(#3298,#3299,#3300,#3301));
#6320=EDGE_LOOP('',(#3302,#3303,#3304,#3305));
#6321=EDGE_LOOP('',(#3306,#3307,#3308,#3309));
#6322=EDGE_LOOP('',(#3310,#3311,#3312,#3313));
#6323=EDGE_LOOP('',(#3314,#3315,#3316,#3317));
#6324=EDGE_LOOP('',(#3318,#3319,#3320,#3321));
#6325=EDGE_LOOP('',(#3322,#3323,#3324,#3325));
#6326=EDGE_LOOP('',(#3326,#3327,#3328,#3329));
#6327=EDGE_LOOP('',(#3330,#3331,#3332,#3333));
#6328=EDGE_LOOP('',(#3334,#3335,#3336,#3337));
#6329=EDGE_LOOP('',(#3338,#3339,#3340,#3341));
#6330=EDGE_LOOP('',(#3342,#3343,#3344,#3345));
#6331=EDGE_LOOP('',(#3346,#3347,#3348,#3349));
#6332=EDGE_LOOP('',(#3350,#3351,#3352,#3353));
#6333=EDGE_LOOP('',(#3354,#3355,#3356,#3357));
#6334=EDGE_LOOP('',(#3358,#3359,#3360,#3361));
#6335=EDGE_LOOP('',(#3362,#3363,#3364,#3365));
#6336=EDGE_LOOP('',(#3366,#3367,#3368,#3369));
#6337=EDGE_LOOP('',(#3370,#3371,#3372,#3373));
#6338=EDGE_LOOP('',(#3374,#3375,#3376,#3377));
#6339=EDGE_LOOP('',(#3378,#3379,#3380,#3381));
#6340=EDGE_LOOP('',(#3382,#3383,#3384,#3385));
#6341=EDGE_LOOP('',(#3386,#3387,#3388,#3389));
#6342=EDGE_LOOP('',(#3390,#3391,#3392,#3393));
#6343=EDGE_LOOP('',(#3394,#3395,#3396,#3397));
#6344=EDGE_LOOP('',(#3398,#3399,#3400,#3401));
#6345=EDGE_LOOP('',(#3402,#3403,#3404,#3405));
#6346=EDGE_LOOP('',(#3406,#3407,#3408,#3409));
#6347=EDGE_LOOP('',(#3410,#3411,#3412,#3413));
#6348=EDGE_LOOP('',(#3414,#3415,#3416,#3417));
#6349=EDGE_LOOP('',(#3418,#3419,#3420,#3421));
#6350=EDGE_LOOP('',(#3422,#3423,#3424,#3425));
#6351=EDGE_LOOP('',(#3426,#3427,#3428,#3429));
#6352=EDGE_LOOP('',(#3430,#3431,#3432,#3433));
#6353=EDGE_LOOP('',(#3434,#3435,#3436,#3437));
#6354=EDGE_LOOP('',(#3438,#3439,#3440,#3441));
#6355=EDGE_LOOP('',(#3442,#3443,#3444,#3445));
#6356=EDGE_LOOP('',(#3446,#3447,#3448,#3449));
#6357=EDGE_LOOP('',(#3450,#3451,#3452,#3453));
#6358=EDGE_LOOP('',(#3454,#3455,#3456,#3457));
#6359=EDGE_LOOP('',(#3458,#3459,#3460,#3461));
#6360=EDGE_LOOP('',(#3462,#3463,#3464,#3465));
#6361=EDGE_LOOP('',(#3466,#3467,#3468,#3469));
#6362=EDGE_LOOP('',(#3470,#3471,#3472,#3473));
#6363=EDGE_LOOP('',(#3474,#3475,#3476,#3477));
#6364=EDGE_LOOP('',(#3478,#3479,#3480,#3481));
#6365=EDGE_LOOP('',(#3482,#3483,#3484,#3485));
#6366=EDGE_LOOP('',(#3486,#3487,#3488,#3489));
#6367=EDGE_LOOP('',(#3490,#3491,#3492,#3493));
#6368=EDGE_LOOP('',(#3494,#3495,#3496,#3497));
#6369=EDGE_LOOP('',(#3498,#3499,#3500,#3501));
#6370=EDGE_LOOP('',(#3502,#3503,#3504,#3505));
#6371=EDGE_LOOP('',(#3506,#3507,#3508,#3509));
#6372=EDGE_LOOP('',(#3510,#3511,#3512,#3513));
#6373=EDGE_LOOP('',(#3514,#3515,#3516,#3517));
#6374=EDGE_LOOP('',(#3518,#3519,#3520,#3521));
#6375=EDGE_LOOP('',(#3522,#3523,#3524,#3525));
#6376=EDGE_LOOP('',(#3526,#3527,#3528,#3529));
#6377=EDGE_LOOP('',(#3530,#3531,#3532,#3533));
#6378=EDGE_LOOP('',(#3534,#3535,#3536,#3537));
#6379=EDGE_LOOP('',(#3538,#3539,#3540,#3541));
#6380=EDGE_LOOP('',(#3542,#3543,#3544,#3545));
#6381=EDGE_LOOP('',(#3546,#3547,#3548,#3549));
#6382=EDGE_LOOP('',(#3550,#3551,#3552,#3553));
#6383=EDGE_LOOP('',(#3554,#3555,#3556,#3557));
#6384=EDGE_LOOP('',(#3558,#3559,#3560,#3561));
#6385=EDGE_LOOP('',(#3562,#3563,#3564,#3565));
#6386=EDGE_LOOP('',(#3566,#3567,#3568,#3569));
#6387=EDGE_LOOP('',(#3570,#3571,#3572,#3573));
#6388=EDGE_LOOP('',(#3574,#3575,#3576,#3577));
#6389=EDGE_LOOP('',(#3578,#3579,#3580,#3581));
#6390=EDGE_LOOP('',(#3582,#3583,#3584,#3585));
#6391=EDGE_LOOP('',(#3586,#3587,#3588,#3589));
#6392=EDGE_LOOP('',(#3590,#3591,#3592,#3593));
#6393=EDGE_LOOP('',(#3594,#3595,#3596,#3597));
#6394=EDGE_LOOP('',(#3598,#3599,#3600,#3601));
#6395=EDGE_LOOP('',(#3602,#3603,#3604,#3605));
#6396=EDGE_LOOP('',(#3606,#3607,#3608,#3609));
#6397=EDGE_LOOP('',(#3610,#3611,#3612,#3613));
#6398=EDGE_LOOP('',(#3614,#3615,#3616,#3617));
#6399=EDGE_LOOP('',(#3618,#3619,#3620,#3621));
#6400=EDGE_LOOP('',(#3622,#3623,#3624,#3625));
#6401=EDGE_LOOP('',(#3626,#3627,#3628,#3629));
#6402=EDGE_LOOP('',(#3630,#3631,#3632,#3633));
#6403=EDGE_LOOP('',(#3634,#3635,#3636,#3637));
#6404=EDGE_LOOP('',(#3638,#3639,#3640,#3641));
#6405=EDGE_LOOP('',(#3642,#3643,#3644,#3645));
#6406=EDGE_LOOP('',(#3646,#3647,#3648,#3649));
#6407=EDGE_LOOP('',(#3650,#3651,#3652,#3653));
#6408=EDGE_LOOP('',(#3654,#3655,#3656,#3657));
#6409=EDGE_LOOP('',(#3658,#3659,#3660,#3661));
#6410=EDGE_LOOP('',(#3662,#3663,#3664,#3665));
#6411=EDGE_LOOP('',(#3666,#3667,#3668,#3669));
#6412=EDGE_LOOP('',(#3670,#3671,#3672,#3673));
#6413=EDGE_LOOP('',(#3674,#3675,#3676,#3677));
#6414=EDGE_LOOP('',(#3678,#3679,#3680,#3681));
#6415=EDGE_LOOP('',(#3682,#3683,#3684,#3685));
#6416=EDGE_LOOP('',(#3686,#3687,#3688,#3689));
#6417=EDGE_LOOP('',(#3690,#3691,#3692,#3693));
#6418=EDGE_LOOP('',(#3694,#3695,#3696,#3697));
#6419=EDGE_LOOP('',(#3698,#3699,#3700,#3701));
#6420=EDGE_LOOP('',(#3702,#3703,#3704,#3705));
#6421=EDGE_LOOP('',(#3706,#3707,#3708,#3709));
#6422=EDGE_LOOP('',(#3710,#3711,#3712,#3713));
#6423=EDGE_LOOP('',(#3714,#3715,#3716,#3717));
#6424=EDGE_LOOP('',(#3718,#3719,#3720,#3721));
#6425=EDGE_LOOP('',(#3722,#3723,#3724,#3725));
#6426=EDGE_LOOP('',(#3726,#3727,#3728,#3729));
#6427=EDGE_LOOP('',(#3730,#3731,#3732,#3733));
#6428=EDGE_LOOP('',(#3734,#3735,#3736,#3737));
#6429=EDGE_LOOP('',(#3738,#3739,#3740,#3741));
#6430=EDGE_LOOP('',(#3742,#3743,#3744,#3745));
#6431=EDGE_LOOP('',(#3746,#3747,#3748,#3749));
#6432=EDGE_LOOP('',(#3750,#3751,#3752,#3753));
#6433=EDGE_LOOP('',(#3754,#3755,#3756,#3757));
#6434=EDGE_LOOP('',(#3758,#3759,#3760,#3761));
#6435=EDGE_LOOP('',(#3762,#3763,#3764,#3765));
#6436=EDGE_LOOP('',(#3766,#3767,#3768,#3769));
#6437=EDGE_LOOP('',(#3770,#3771,#3772,#3773));
#6438=EDGE_LOOP('',(#3774,#3775,#3776,#3777));
#6439=EDGE_LOOP('',(#3778,#3779,#3780,#3781));
#6440=EDGE_LOOP('',(#3782,#3783,#3784,#3785));
#6441=EDGE_LOOP('',(#3786,#3787,#3788,#3789));
#6442=EDGE_LOOP('',(#3790,#3791,#3792,#3793));
#6443=EDGE_LOOP('',(#3794,#3795,#3796,#3797));
#6444=EDGE_LOOP('',(#3798,#3799,#3800,#3801));
#6445=EDGE_LOOP('',(#3802,#3803,#3804,#3805));
#6446=EDGE_LOOP('',(#3806,#3807,#3808,#3809,#3810,#3811));
#6447=EDGE_LOOP('',(#3812,#3813,#3814,#3815));
#6448=EDGE_LOOP('',(#3816,#3817,#3818,#3819));
#6449=EDGE_LOOP('',(#3820,#3821,#3822,#3823));
#6450=EDGE_LOOP('',(#3824,#3825,#3826,#3827));
#6451=EDGE_LOOP('',(#3828,#3829,#3830,#3831));
#6452=EDGE_LOOP('',(#3832,#3833,#3834,#3835));
#6453=EDGE_LOOP('',(#3836,#3837,#3838,#3839));
#6454=EDGE_LOOP('',(#3840,#3841,#3842,#3843));
#6455=EDGE_LOOP('',(#3844,#3845,#3846,#3847));
#6456=EDGE_LOOP('',(#3848,#3849,#3850,#3851));
#6457=EDGE_LOOP('',(#3852,#3853,#3854,#3855));
#6458=EDGE_LOOP('',(#3856,#3857,#3858,#3859));
#6459=EDGE_LOOP('',(#3860,#3861,#3862,#3863));
#6460=EDGE_LOOP('',(#3864,#3865,#3866,#3867));
#6461=EDGE_LOOP('',(#3868,#3869,#3870,#3871));
#6462=EDGE_LOOP('',(#3872,#3873,#3874,#3875));
#6463=EDGE_LOOP('',(#3876,#3877,#3878,#3879));
#6464=EDGE_LOOP('',(#3880,#3881,#3882,#3883));
#6465=EDGE_LOOP('',(#3884,#3885,#3886,#3887));
#6466=EDGE_LOOP('',(#3888,#3889,#3890,#3891));
#6467=EDGE_LOOP('',(#3892,#3893,#3894,#3895));
#6468=EDGE_LOOP('',(#3896,#3897,#3898,#3899));
#6469=EDGE_LOOP('',(#3900,#3901,#3902,#3903));
#6470=EDGE_LOOP('',(#3904,#3905,#3906,#3907));
#6471=EDGE_LOOP('',(#3908,#3909,#3910,#3911));
#6472=EDGE_LOOP('',(#3912,#3913,#3914,#3915));
#6473=EDGE_LOOP('',(#3916,#3917,#3918,#3919));
#6474=EDGE_LOOP('',(#3920,#3921,#3922,#3923));
#6475=EDGE_LOOP('',(#3924,#3925,#3926,#3927));
#6476=EDGE_LOOP('',(#3928,#3929,#3930,#3931));
#6477=EDGE_LOOP('',(#3932,#3933,#3934,#3935));
#6478=EDGE_LOOP('',(#3936,#3937,#3938,#3939));
#6479=EDGE_LOOP('',(#3940,#3941,#3942,#3943));
#6480=EDGE_LOOP('',(#3944,#3945,#3946,#3947));
#6481=EDGE_LOOP('',(#3948,#3949,#3950,#3951));
#6482=EDGE_LOOP('',(#3952,#3953,#3954,#3955));
#6483=EDGE_LOOP('',(#3956,#3957,#3958,#3959));
#6484=EDGE_LOOP('',(#3960,#3961,#3962,#3963));
#6485=EDGE_LOOP('',(#3964,#3965,#3966,#3967));
#6486=EDGE_LOOP('',(#3968,#3969,#3970,#3971));
#6487=EDGE_LOOP('',(#3972,#3973,#3974,#3975));
#6488=EDGE_LOOP('',(#3976,#3977,#3978,#3979));
#6489=EDGE_LOOP('',(#3980,#3981,#3982,#3983));
#6490=EDGE_LOOP('',(#3984,#3985,#3986,#3987));
#6491=EDGE_LOOP('',(#3988,#3989,#3990,#3991));
#6492=EDGE_LOOP('',(#3992,#3993,#3994,#3995));
#6493=EDGE_LOOP('',(#3996,#3997,#3998,#3999));
#6494=EDGE_LOOP('',(#4000,#4001,#4002,#4003));
#6495=EDGE_LOOP('',(#4004,#4005,#4006,#4007));
#6496=EDGE_LOOP('',(#4008,#4009,#4010,#4011));
#6497=EDGE_LOOP('',(#4012,#4013,#4014,#4015));
#6498=EDGE_LOOP('',(#4016,#4017,#4018,#4019));
#6499=EDGE_LOOP('',(#4020,#4021,#4022,#4023));
#6500=EDGE_LOOP('',(#4024,#4025,#4026,#4027));
#6501=EDGE_LOOP('',(#4028,#4029,#4030,#4031));
#6502=EDGE_LOOP('',(#4032,#4033,#4034,#4035));
#6503=EDGE_LOOP('',(#4036,#4037,#4038,#4039));
#6504=EDGE_LOOP('',(#4040,#4041,#4042,#4043));
#6505=EDGE_LOOP('',(#4044,#4045,#4046,#4047));
#6506=EDGE_LOOP('',(#4048,#4049,#4050,#4051));
#6507=EDGE_LOOP('',(#4052,#4053,#4054,#4055));
#6508=EDGE_LOOP('',(#4056,#4057,#4058,#4059));
#6509=EDGE_LOOP('',(#4060,#4061,#4062,#4063));
#6510=EDGE_LOOP('',(#4064,#4065,#4066,#4067));
#6511=EDGE_LOOP('',(#4068,#4069,#4070,#4071));
#6512=EDGE_LOOP('',(#4072,#4073,#4074,#4075));
#6513=EDGE_LOOP('',(#4076,#4077,#4078,#4079));
#6514=EDGE_LOOP('',(#4080,#4081,#4082,#4083));
#6515=EDGE_LOOP('',(#4084,#4085,#4086,#4087));
#6516=EDGE_LOOP('',(#4088,#4089,#4090,#4091));
#6517=EDGE_LOOP('',(#4092,#4093,#4094,#4095));
#6518=EDGE_LOOP('',(#4096,#4097,#4098,#4099));
#6519=EDGE_LOOP('',(#4100,#4101,#4102,#4103));
#6520=EDGE_LOOP('',(#4104,#4105,#4106,#4107));
#6521=EDGE_LOOP('',(#4108,#4109,#4110,#4111));
#6522=EDGE_LOOP('',(#4112,#4113,#4114,#4115));
#6523=EDGE_LOOP('',(#4116,#4117,#4118,#4119));
#6524=EDGE_LOOP('',(#4120,#4121,#4122,#4123));
#6525=EDGE_LOOP('',(#4124,#4125,#4126,#4127));
#6526=EDGE_LOOP('',(#4128,#4129,#4130,#4131));
#6527=EDGE_LOOP('',(#4132,#4133,#4134,#4135));
#6528=EDGE_LOOP('',(#4136,#4137,#4138,#4139));
#6529=EDGE_LOOP('',(#4140,#4141,#4142,#4143));
#6530=EDGE_LOOP('',(#4144,#4145,#4146,#4147));
#6531=EDGE_LOOP('',(#4148,#4149,#4150,#4151));
#6532=EDGE_LOOP('',(#4152,#4153,#4154,#4155));
#6533=EDGE_LOOP('',(#4156,#4157,#4158,#4159));
#6534=EDGE_LOOP('',(#4160,#4161,#4162,#4163));
#6535=EDGE_LOOP('',(#4164,#4165,#4166,#4167));
#6536=EDGE_LOOP('',(#4168,#4169,#4170,#4171));
#6537=EDGE_LOOP('',(#4172,#4173,#4174,#4175));
#6538=EDGE_LOOP('',(#4176,#4177,#4178,#4179));
#6539=EDGE_LOOP('',(#4180,#4181,#4182,#4183,#4184,#4185,#4186,#4187,#4188,
#4189,#4190,#4191,#4192,#4193,#4194,#4195,#4196,#4197,#4198,#4199,#4200,
#4201,#4202,#4203,#4204,#4205,#4206,#4207,#4208,#4209,#4210,#4211,#4212,
#4213,#4214,#4215,#4216,#4217,#4218,#4219,#4220,#4221,#4222,#4223,#4224,
#4225,#4226,#4227,#4228,#4229,#4230,#4231,#4232,#4233,#4234,#4235,#4236,
#4237,#4238,#4239,#4240,#4241,#4242,#4243,#4244,#4245,#4246,#4247,#4248,
#4249,#4250,#4251,#4252,#4253,#4254,#4255,#4256,#4257,#4258,#4259,#4260,
#4261,#4262,#4263,#4264,#4265,#4266,#4267,#4268,#4269,#4270,#4271,#4272,
#4273,#4274,#4275,#4276,#4277,#4278,#4279,#4280,#4281,#4282,#4283,#4284,
#4285,#4286,#4287,#4288,#4289,#4290,#4291,#4292,#4293,#4294,#4295,#4296,
#4297,#4298,#4299,#4300,#4301,#4302,#4303,#4304,#4305,#4306,#4307,#4308,
#4309,#4310,#4311,#4312,#4313,#4314,#4315,#4316,#4317,#4318,#4319,#4320,
#4321));
#6540=EDGE_LOOP('',(#4322,#4323,#4324,#4325));
#6541=EDGE_LOOP('',(#4326,#4327,#4328,#4329,#4330));
#6542=EDGE_LOOP('',(#4331,#4332,#4333,#4334,#4335));
#6543=EDGE_LOOP('',(#4336,#4337,#4338,#4339));
#6544=EDGE_LOOP('',(#4340,#4341,#4342,#4343));
#6545=EDGE_LOOP('',(#4344,#4345,#4346,#4347));
#6546=EDGE_LOOP('',(#4348));
#6547=EDGE_LOOP('',(#4349));
#6548=EDGE_LOOP('',(#4350));
#6549=EDGE_LOOP('',(#4351));
#6550=EDGE_LOOP('',(#4352));
#6551=EDGE_LOOP('',(#4353));
#6552=EDGE_LOOP('',(#4354,#4355,#4356,#4357));
#6553=EDGE_LOOP('',(#4358,#4359,#4360,#4361));
#6554=FACE_BOUND('',#6182,.T.);
#6555=FACE_BOUND('',#6183,.T.);
#6556=FACE_BOUND('',#6184,.T.);
#6557=FACE_BOUND('',#6185,.T.);
#6558=FACE_BOUND('',#6186,.T.);
#6559=FACE_BOUND('',#6187,.T.);
#6560=FACE_BOUND('',#6188,.T.);
#6561=FACE_BOUND('',#6189,.T.);
#6562=FACE_BOUND('',#6190,.T.);
#6563=FACE_BOUND('',#6191,.T.);
#6564=FACE_BOUND('',#6192,.T.);
#6565=FACE_BOUND('',#6193,.T.);
#6566=FACE_BOUND('',#6194,.T.);
#6567=FACE_BOUND('',#6195,.T.);
#6568=FACE_BOUND('',#6196,.T.);
#6569=FACE_BOUND('',#6197,.T.);
#6570=FACE_BOUND('',#6198,.T.);
#6571=FACE_BOUND('',#6199,.T.);
#6572=FACE_BOUND('',#6200,.T.);
#6573=FACE_BOUND('',#6201,.T.);
#6574=FACE_BOUND('',#6202,.T.);
#6575=FACE_BOUND('',#6203,.T.);
#6576=FACE_BOUND('',#6204,.T.);
#6577=FACE_BOUND('',#6205,.T.);
#6578=FACE_BOUND('',#6206,.T.);
#6579=FACE_BOUND('',#6207,.T.);
#6580=FACE_BOUND('',#6208,.T.);
#6581=FACE_BOUND('',#6209,.T.);
#6582=FACE_BOUND('',#6210,.T.);
#6583=FACE_BOUND('',#6211,.T.);
#6584=FACE_BOUND('',#6212,.T.);
#6585=FACE_BOUND('',#6213,.T.);
#6586=FACE_BOUND('',#6214,.T.);
#6587=FACE_BOUND('',#6215,.T.);
#6588=FACE_BOUND('',#6216,.T.);
#6589=FACE_BOUND('',#6217,.T.);
#6590=FACE_BOUND('',#6218,.T.);
#6591=FACE_BOUND('',#6219,.T.);
#6592=FACE_BOUND('',#6220,.T.);
#6593=FACE_BOUND('',#6221,.T.);
#6594=FACE_BOUND('',#6222,.T.);
#6595=FACE_BOUND('',#6223,.T.);
#6596=FACE_BOUND('',#6224,.T.);
#6597=FACE_BOUND('',#6225,.T.);
#6598=FACE_BOUND('',#6226,.T.);
#6599=FACE_BOUND('',#6227,.T.);
#6600=FACE_BOUND('',#6228,.T.);
#6601=FACE_BOUND('',#6229,.T.);
#6602=FACE_BOUND('',#6230,.T.);
#6603=FACE_BOUND('',#6231,.T.);
#6604=FACE_BOUND('',#6232,.T.);
#6605=FACE_BOUND('',#6233,.T.);
#6606=FACE_BOUND('',#6234,.T.);
#6607=FACE_BOUND('',#6235,.T.);
#6608=FACE_BOUND('',#6236,.T.);
#6609=FACE_BOUND('',#6237,.T.);
#6610=FACE_BOUND('',#6238,.T.);
#6611=FACE_BOUND('',#6239,.T.);
#6612=FACE_BOUND('',#6240,.T.);
#6613=FACE_BOUND('',#6241,.T.);
#6614=FACE_BOUND('',#6242,.T.);
#6615=FACE_BOUND('',#6243,.T.);
#6616=FACE_BOUND('',#6244,.T.);
#6617=FACE_BOUND('',#6245,.T.);
#6618=FACE_BOUND('',#6246,.T.);
#6619=FACE_BOUND('',#6247,.T.);
#6620=FACE_BOUND('',#6248,.T.);
#6621=FACE_BOUND('',#6249,.T.);
#6622=FACE_BOUND('',#6250,.T.);
#6623=FACE_BOUND('',#6251,.T.);
#6624=FACE_BOUND('',#6252,.T.);
#6625=FACE_BOUND('',#6253,.T.);
#6626=FACE_BOUND('',#6254,.T.);
#6627=FACE_BOUND('',#6255,.T.);
#6628=FACE_BOUND('',#6256,.T.);
#6629=FACE_BOUND('',#6257,.T.);
#6630=FACE_BOUND('',#6258,.T.);
#6631=FACE_BOUND('',#6259,.T.);
#6632=FACE_BOUND('',#6260,.T.);
#6633=FACE_BOUND('',#6261,.T.);
#6634=FACE_BOUND('',#6262,.T.);
#6635=FACE_BOUND('',#6263,.T.);
#6636=FACE_BOUND('',#6264,.T.);
#6637=FACE_BOUND('',#6265,.T.);
#6638=FACE_BOUND('',#6266,.T.);
#6639=FACE_BOUND('',#6267,.T.);
#6640=FACE_BOUND('',#6268,.T.);
#6641=FACE_BOUND('',#6269,.T.);
#6642=FACE_BOUND('',#6270,.T.);
#6643=FACE_BOUND('',#6271,.T.);
#6644=FACE_BOUND('',#6272,.T.);
#6645=FACE_BOUND('',#6273,.T.);
#6646=FACE_BOUND('',#6274,.T.);
#6647=FACE_BOUND('',#6275,.T.);
#6648=FACE_BOUND('',#6276,.T.);
#6649=FACE_BOUND('',#6277,.T.);
#6650=FACE_BOUND('',#6278,.T.);
#6651=FACE_BOUND('',#6279,.T.);
#6652=FACE_BOUND('',#6280,.T.);
#6653=FACE_BOUND('',#6281,.T.);
#6654=FACE_BOUND('',#6282,.T.);
#6655=FACE_BOUND('',#6283,.T.);
#6656=FACE_BOUND('',#6284,.T.);
#6657=FACE_BOUND('',#6285,.T.);
#6658=FACE_BOUND('',#6286,.T.);
#6659=FACE_BOUND('',#6287,.T.);
#6660=FACE_BOUND('',#6288,.T.);
#6661=FACE_BOUND('',#6289,.T.);
#6662=FACE_BOUND('',#6290,.T.);
#6663=FACE_BOUND('',#6291,.T.);
#6664=FACE_BOUND('',#6292,.T.);
#6665=FACE_BOUND('',#6293,.T.);
#6666=FACE_BOUND('',#6294,.T.);
#6667=FACE_BOUND('',#6295,.T.);
#6668=FACE_BOUND('',#6296,.T.);
#6669=FACE_BOUND('',#6297,.T.);
#6670=FACE_BOUND('',#6298,.T.);
#6671=FACE_BOUND('',#6299,.T.);
#6672=FACE_BOUND('',#6300,.T.);
#6673=FACE_BOUND('',#6301,.T.);
#6674=FACE_BOUND('',#6302,.T.);
#6675=FACE_BOUND('',#6303,.T.);
#6676=FACE_BOUND('',#6304,.T.);
#6677=FACE_BOUND('',#6305,.T.);
#6678=FACE_BOUND('',#6306,.T.);
#6679=FACE_BOUND('',#6307,.T.);
#6680=FACE_BOUND('',#6308,.T.);
#6681=FACE_BOUND('',#6309,.T.);
#6682=FACE_BOUND('',#6310,.T.);
#6683=FACE_BOUND('',#6311,.T.);
#6684=FACE_BOUND('',#6312,.T.);
#6685=FACE_BOUND('',#6313,.T.);
#6686=FACE_BOUND('',#6314,.T.);
#6687=FACE_BOUND('',#6315,.T.);
#6688=FACE_BOUND('',#6316,.T.);
#6689=FACE_BOUND('',#6317,.T.);
#6690=FACE_BOUND('',#6318,.T.);
#6691=FACE_BOUND('',#6319,.T.);
#6692=FACE_BOUND('',#6320,.T.);
#6693=FACE_BOUND('',#6321,.T.);
#6694=FACE_BOUND('',#6322,.T.);
#6695=FACE_BOUND('',#6323,.T.);
#6696=FACE_BOUND('',#6324,.T.);
#6697=FACE_BOUND('',#6325,.T.);
#6698=FACE_BOUND('',#6326,.T.);
#6699=FACE_BOUND('',#6327,.T.);
#6700=FACE_BOUND('',#6328,.T.);
#6701=FACE_BOUND('',#6329,.T.);
#6702=FACE_BOUND('',#6330,.T.);
#6703=FACE_BOUND('',#6331,.T.);
#6704=FACE_BOUND('',#6332,.T.);
#6705=FACE_BOUND('',#6333,.T.);
#6706=FACE_BOUND('',#6334,.T.);
#6707=FACE_BOUND('',#6335,.T.);
#6708=FACE_BOUND('',#6336,.T.);
#6709=FACE_BOUND('',#6337,.T.);
#6710=FACE_BOUND('',#6338,.T.);
#6711=FACE_BOUND('',#6339,.T.);
#6712=FACE_BOUND('',#6340,.T.);
#6713=FACE_BOUND('',#6341,.T.);
#6714=FACE_BOUND('',#6342,.T.);
#6715=FACE_BOUND('',#6343,.T.);
#6716=FACE_BOUND('',#6344,.T.);
#6717=FACE_BOUND('',#6345,.T.);
#6718=FACE_BOUND('',#6346,.T.);
#6719=FACE_BOUND('',#6347,.T.);
#6720=FACE_BOUND('',#6348,.T.);
#6721=FACE_BOUND('',#6349,.T.);
#6722=FACE_BOUND('',#6350,.T.);
#6723=FACE_BOUND('',#6351,.T.);
#6724=FACE_BOUND('',#6352,.T.);
#6725=FACE_BOUND('',#6353,.T.);
#6726=FACE_BOUND('',#6354,.T.);
#6727=FACE_BOUND('',#6355,.T.);
#6728=FACE_BOUND('',#6356,.T.);
#6729=FACE_BOUND('',#6357,.T.);
#6730=FACE_BOUND('',#6358,.T.);
#6731=FACE_BOUND('',#6359,.T.);
#6732=FACE_BOUND('',#6360,.T.);
#6733=FACE_BOUND('',#6361,.T.);
#6734=FACE_BOUND('',#6362,.T.);
#6735=FACE_BOUND('',#6363,.T.);
#6736=FACE_BOUND('',#6364,.T.);
#6737=FACE_BOUND('',#6365,.T.);
#6738=FACE_BOUND('',#6366,.T.);
#6739=FACE_BOUND('',#6367,.T.);
#6740=FACE_BOUND('',#6368,.T.);
#6741=FACE_BOUND('',#6369,.T.);
#6742=FACE_BOUND('',#6370,.T.);
#6743=FACE_BOUND('',#6371,.T.);
#6744=FACE_BOUND('',#6372,.T.);
#6745=FACE_BOUND('',#6373,.T.);
#6746=FACE_BOUND('',#6374,.T.);
#6747=FACE_BOUND('',#6375,.T.);
#6748=FACE_BOUND('',#6376,.T.);
#6749=FACE_BOUND('',#6377,.T.);
#6750=FACE_BOUND('',#6378,.T.);
#6751=FACE_BOUND('',#6379,.T.);
#6752=FACE_BOUND('',#6380,.T.);
#6753=FACE_BOUND('',#6381,.T.);
#6754=FACE_BOUND('',#6382,.T.);
#6755=FACE_BOUND('',#6383,.T.);
#6756=FACE_BOUND('',#6384,.T.);
#6757=FACE_BOUND('',#6385,.T.);
#6758=FACE_BOUND('',#6386,.T.);
#6759=FACE_BOUND('',#6387,.T.);
#6760=FACE_BOUND('',#6388,.T.);
#6761=FACE_BOUND('',#6389,.T.);
#6762=FACE_BOUND('',#6390,.T.);
#6763=FACE_BOUND('',#6391,.T.);
#6764=FACE_BOUND('',#6392,.T.);
#6765=FACE_BOUND('',#6393,.T.);
#6766=FACE_BOUND('',#6394,.T.);
#6767=FACE_BOUND('',#6395,.T.);
#6768=FACE_BOUND('',#6396,.T.);
#6769=FACE_BOUND('',#6397,.T.);
#6770=FACE_BOUND('',#6398,.T.);
#6771=FACE_BOUND('',#6399,.T.);
#6772=FACE_BOUND('',#6400,.T.);
#6773=FACE_BOUND('',#6401,.T.);
#6774=FACE_BOUND('',#6402,.T.);
#6775=FACE_BOUND('',#6403,.T.);
#6776=FACE_BOUND('',#6404,.T.);
#6777=FACE_BOUND('',#6405,.T.);
#6778=FACE_BOUND('',#6406,.T.);
#6779=FACE_BOUND('',#6407,.T.);
#6780=FACE_BOUND('',#6408,.T.);
#6781=FACE_BOUND('',#6409,.T.);
#6782=FACE_BOUND('',#6410,.T.);
#6783=FACE_BOUND('',#6411,.T.);
#6784=FACE_BOUND('',#6412,.T.);
#6785=FACE_BOUND('',#6413,.T.);
#6786=FACE_BOUND('',#6414,.T.);
#6787=FACE_BOUND('',#6415,.T.);
#6788=FACE_BOUND('',#6416,.T.);
#6789=FACE_BOUND('',#6417,.T.);
#6790=FACE_BOUND('',#6418,.T.);
#6791=FACE_BOUND('',#6419,.T.);
#6792=FACE_BOUND('',#6420,.T.);
#6793=FACE_BOUND('',#6421,.T.);
#6794=FACE_BOUND('',#6422,.T.);
#6795=FACE_BOUND('',#6423,.T.);
#6796=FACE_BOUND('',#6424,.T.);
#6797=FACE_BOUND('',#6425,.T.);
#6798=FACE_BOUND('',#6426,.T.);
#6799=FACE_BOUND('',#6427,.T.);
#6800=FACE_BOUND('',#6428,.T.);
#6801=FACE_BOUND('',#6429,.T.);
#6802=FACE_BOUND('',#6430,.T.);
#6803=FACE_BOUND('',#6431,.T.);
#6804=FACE_BOUND('',#6432,.T.);
#6805=FACE_BOUND('',#6433,.T.);
#6806=FACE_BOUND('',#6434,.T.);
#6807=FACE_BOUND('',#6435,.T.);
#6808=FACE_BOUND('',#6436,.T.);
#6809=FACE_BOUND('',#6437,.T.);
#6810=FACE_BOUND('',#6438,.T.);
#6811=FACE_BOUND('',#6439,.T.);
#6812=FACE_BOUND('',#6440,.T.);
#6813=FACE_BOUND('',#6441,.T.);
#6814=FACE_BOUND('',#6442,.T.);
#6815=FACE_BOUND('',#6443,.T.);
#6816=FACE_BOUND('',#6444,.T.);
#6817=FACE_BOUND('',#6445,.T.);
#6818=FACE_BOUND('',#6446,.T.);
#6819=FACE_BOUND('',#6447,.T.);
#6820=FACE_BOUND('',#6448,.T.);
#6821=FACE_BOUND('',#6449,.T.);
#6822=FACE_BOUND('',#6450,.T.);
#6823=FACE_BOUND('',#6451,.T.);
#6824=FACE_BOUND('',#6452,.T.);
#6825=FACE_BOUND('',#6453,.T.);
#6826=FACE_BOUND('',#6454,.T.);
#6827=FACE_BOUND('',#6455,.T.);
#6828=FACE_BOUND('',#6456,.T.);
#6829=FACE_BOUND('',#6457,.T.);
#6830=FACE_BOUND('',#6458,.T.);
#6831=FACE_BOUND('',#6459,.T.);
#6832=FACE_BOUND('',#6460,.T.);
#6833=FACE_BOUND('',#6461,.T.);
#6834=FACE_BOUND('',#6462,.T.);
#6835=FACE_BOUND('',#6463,.T.);
#6836=FACE_BOUND('',#6464,.T.);
#6837=FACE_BOUND('',#6465,.T.);
#6838=FACE_BOUND('',#6466,.T.);
#6839=FACE_BOUND('',#6467,.T.);
#6840=FACE_BOUND('',#6468,.T.);
#6841=FACE_BOUND('',#6469,.T.);
#6842=FACE_BOUND('',#6470,.T.);
#6843=FACE_BOUND('',#6471,.T.);
#6844=FACE_BOUND('',#6472,.T.);
#6845=FACE_BOUND('',#6473,.T.);
#6846=FACE_BOUND('',#6474,.T.);
#6847=FACE_BOUND('',#6475,.T.);
#6848=FACE_BOUND('',#6476,.T.);
#6849=FACE_BOUND('',#6477,.T.);
#6850=FACE_BOUND('',#6478,.T.);
#6851=FACE_BOUND('',#6479,.T.);
#6852=FACE_BOUND('',#6480,.T.);
#6853=FACE_BOUND('',#6481,.T.);
#6854=FACE_BOUND('',#6482,.T.);
#6855=FACE_BOUND('',#6483,.T.);
#6856=FACE_BOUND('',#6484,.T.);
#6857=FACE_BOUND('',#6485,.T.);
#6858=FACE_BOUND('',#6486,.T.);
#6859=FACE_BOUND('',#6487,.T.);
#6860=FACE_BOUND('',#6488,.T.);
#6861=FACE_BOUND('',#6489,.T.);
#6862=FACE_BOUND('',#6490,.T.);
#6863=FACE_BOUND('',#6491,.T.);
#6864=FACE_BOUND('',#6492,.T.);
#6865=FACE_BOUND('',#6493,.T.);
#6866=FACE_BOUND('',#6494,.T.);
#6867=FACE_BOUND('',#6495,.T.);
#6868=FACE_BOUND('',#6496,.T.);
#6869=FACE_BOUND('',#6497,.T.);
#6870=FACE_BOUND('',#6498,.T.);
#6871=FACE_BOUND('',#6499,.T.);
#6872=FACE_BOUND('',#6500,.T.);
#6873=FACE_BOUND('',#6501,.T.);
#6874=FACE_BOUND('',#6502,.T.);
#6875=FACE_BOUND('',#6503,.T.);
#6876=FACE_BOUND('',#6504,.T.);
#6877=FACE_BOUND('',#6505,.T.);
#6878=FACE_BOUND('',#6506,.T.);
#6879=FACE_BOUND('',#6507,.T.);
#6880=FACE_BOUND('',#6508,.T.);
#6881=FACE_BOUND('',#6509,.T.);
#6882=FACE_BOUND('',#6510,.T.);
#6883=FACE_BOUND('',#6511,.T.);
#6884=FACE_BOUND('',#6512,.T.);
#6885=FACE_BOUND('',#6513,.T.);
#6886=FACE_BOUND('',#6514,.T.);
#6887=FACE_BOUND('',#6515,.T.);
#6888=FACE_BOUND('',#6516,.T.);
#6889=FACE_BOUND('',#6517,.T.);
#6890=FACE_BOUND('',#6518,.T.);
#6891=FACE_BOUND('',#6519,.T.);
#6892=FACE_BOUND('',#6520,.T.);
#6893=FACE_BOUND('',#6521,.T.);
#6894=FACE_BOUND('',#6522,.T.);
#6895=FACE_BOUND('',#6523,.T.);
#6896=FACE_BOUND('',#6524,.T.);
#6897=FACE_BOUND('',#6525,.T.);
#6898=FACE_BOUND('',#6526,.T.);
#6899=FACE_BOUND('',#6527,.T.);
#6900=FACE_BOUND('',#6528,.T.);
#6901=FACE_BOUND('',#6529,.T.);
#6902=FACE_BOUND('',#6530,.T.);
#6903=FACE_BOUND('',#6531,.T.);
#6904=FACE_BOUND('',#6532,.T.);
#6905=FACE_BOUND('',#6533,.T.);
#6906=FACE_BOUND('',#6534,.T.);
#6907=FACE_BOUND('',#6535,.T.);
#6908=FACE_BOUND('',#6536,.T.);
#6909=FACE_BOUND('',#6537,.T.);
#6910=FACE_BOUND('',#6538,.T.);
#6911=FACE_BOUND('',#6539,.T.);
#6912=FACE_BOUND('',#6540,.T.);
#6913=FACE_BOUND('',#6541,.T.);
#6914=FACE_BOUND('',#6542,.T.);
#6915=FACE_BOUND('',#6543,.T.);
#6916=FACE_BOUND('',#6544,.T.);
#6917=FACE_BOUND('',#6545,.T.);
#6918=FACE_BOUND('',#6546,.T.);
#6919=FACE_BOUND('',#6547,.T.);
#6920=FACE_BOUND('',#6548,.T.);
#6921=FACE_BOUND('',#6549,.T.);
#6922=FACE_BOUND('',#6550,.T.);
#6923=FACE_BOUND('',#6551,.T.);
#6924=FACE_BOUND('',#6552,.T.);
#6925=FACE_BOUND('',#6553,.T.);
#6926=PLANE('',#7673);
#6927=PLANE('',#7676);
#6928=PLANE('',#7677);
#6929=PLANE('',#7678);
#6930=PLANE('',#7679);
#6931=PLANE('',#7680);
#6932=PLANE('',#7681);
#6933=PLANE('',#7682);
#6934=PLANE('',#7683);
#6935=PLANE('',#7684);
#6936=PLANE('',#7685);
#6937=PLANE('',#7686);
#6938=PLANE('',#7687);
#6939=PLANE('',#7688);
#6940=PLANE('',#7689);
#6941=PLANE('',#7690);
#6942=PLANE('',#7691);
#6943=PLANE('',#7692);
#6944=PLANE('',#7693);
#6945=PLANE('',#7694);
#6946=PLANE('',#7695);
#6947=PLANE('',#7696);
#6948=PLANE('',#7697);
#6949=PLANE('',#7698);
#6950=PLANE('',#7699);
#6951=PLANE('',#7700);
#6952=PLANE('',#7701);
#6953=PLANE('',#7702);
#6954=PLANE('',#7703);
#6955=PLANE('',#7704);
#6956=PLANE('',#7705);
#6957=PLANE('',#7706);
#6958=PLANE('',#7707);
#6959=PLANE('',#7708);
#6960=PLANE('',#7709);
#6961=PLANE('',#7710);
#6962=PLANE('',#7711);
#6963=PLANE('',#7712);
#6964=PLANE('',#7713);
#6965=PLANE('',#7714);
#6966=PLANE('',#7715);
#6967=PLANE('',#7716);
#6968=PLANE('',#7717);
#6969=PLANE('',#7718);
#6970=PLANE('',#7719);
#6971=PLANE('',#7720);
#6972=PLANE('',#7721);
#6973=PLANE('',#7722);
#6974=PLANE('',#7723);
#6975=PLANE('',#7724);
#6976=PLANE('',#7725);
#6977=PLANE('',#7726);
#6978=PLANE('',#7727);
#6979=PLANE('',#7728);
#6980=PLANE('',#7729);
#6981=PLANE('',#7730);
#6982=PLANE('',#7731);
#6983=PLANE('',#7732);
#6984=PLANE('',#7733);
#6985=PLANE('',#7734);
#6986=PLANE('',#7735);
#6987=PLANE('',#7736);
#6988=PLANE('',#7737);
#6989=PLANE('',#7738);
#6990=PLANE('',#7739);
#6991=PLANE('',#7740);
#6992=PLANE('',#7741);
#6993=PLANE('',#7742);
#6994=PLANE('',#7743);
#6995=PLANE('',#7744);
#6996=PLANE('',#7745);
#6997=PLANE('',#7746);
#6998=PLANE('',#7747);
#6999=PLANE('',#7748);
#7000=PLANE('',#7749);
#7001=PLANE('',#7750);
#7002=PLANE('',#7751);
#7003=PLANE('',#7752);
#7004=PLANE('',#7753);
#7005=PLANE('',#7754);
#7006=PLANE('',#7755);
#7007=PLANE('',#7756);
#7008=PLANE('',#7757);
#7009=PLANE('',#7758);
#7010=PLANE('',#7759);
#7011=PLANE('',#7760);
#7012=PLANE('',#7761);
#7013=PLANE('',#7762);
#7014=PLANE('',#7763);
#7015=PLANE('',#7764);
#7016=PLANE('',#7765);
#7017=PLANE('',#7766);
#7018=PLANE('',#7767);
#7019=PLANE('',#7768);
#7020=PLANE('',#7769);
#7021=PLANE('',#7770);
#7022=PLANE('',#7771);
#7023=PLANE('',#7772);
#7024=PLANE('',#7773);
#7025=PLANE('',#7774);
#7026=PLANE('',#7775);
#7027=PLANE('',#7776);
#7028=PLANE('',#7777);
#7029=PLANE('',#7778);
#7030=PLANE('',#7779);
#7031=PLANE('',#7780);
#7032=PLANE('',#7781);
#7033=PLANE('',#7782);
#7034=PLANE('',#7783);
#7035=PLANE('',#7784);
#7036=PLANE('',#7785);
#7037=PLANE('',#7786);
#7038=PLANE('',#7787);
#7039=PLANE('',#7788);
#7040=PLANE('',#7789);
#7041=PLANE('',#7790);
#7042=PLANE('',#7791);
#7043=PLANE('',#7792);
#7044=PLANE('',#7793);
#7045=PLANE('',#7794);
#7046=PLANE('',#7795);
#7047=PLANE('',#7796);
#7048=PLANE('',#7797);
#7049=PLANE('',#7798);
#7050=PLANE('',#7799);
#7051=PLANE('',#7800);
#7052=PLANE('',#7801);
#7053=PLANE('',#7802);
#7054=PLANE('',#7803);
#7055=PLANE('',#7804);
#7056=PLANE('',#7805);
#7057=PLANE('',#7806);
#7058=PLANE('',#7807);
#7059=PLANE('',#7808);
#7060=PLANE('',#7809);
#7061=PLANE('',#7810);
#7062=PLANE('',#7811);
#7063=PLANE('',#7812);
#7064=PLANE('',#7813);
#7065=PLANE('',#7814);
#7066=PLANE('',#7815);
#7067=PLANE('',#7816);
#7068=PLANE('',#7817);
#7069=PLANE('',#7818);
#7070=PLANE('',#7819);
#7071=PLANE('',#7820);
#7072=PLANE('',#7821);
#7073=PLANE('',#7822);
#7074=PLANE('',#7823);
#7075=PLANE('',#7824);
#7076=PLANE('',#7825);
#7077=PLANE('',#7826);
#7078=PLANE('',#7827);
#7079=PLANE('',#7828);
#7080=PLANE('',#7829);
#7081=PLANE('',#7830);
#7082=PLANE('',#7831);
#7083=PLANE('',#7832);
#7084=PLANE('',#7833);
#7085=PLANE('',#7834);
#7086=PLANE('',#7835);
#7087=PLANE('',#7836);
#7088=PLANE('',#7837);
#7089=PLANE('',#7838);
#7090=PLANE('',#7839);
#7091=PLANE('',#7840);
#7092=PLANE('',#7841);
#7093=PLANE('',#7842);
#7094=PLANE('',#7843);
#7095=PLANE('',#7844);
#7096=PLANE('',#7845);
#7097=PLANE('',#7846);
#7098=PLANE('',#7847);
#7099=PLANE('',#7848);
#7100=PLANE('',#7849);
#7101=PLANE('',#7850);
#7102=PLANE('',#7851);
#7103=PLANE('',#7852);
#7104=PLANE('',#7853);
#7105=PLANE('',#7854);
#7106=PLANE('',#7855);
#7107=PLANE('',#7856);
#7108=PLANE('',#7857);
#7109=PLANE('',#7858);
#7110=PLANE('',#7859);
#7111=PLANE('',#7860);
#7112=PLANE('',#7861);
#7113=PLANE('',#7862);
#7114=PLANE('',#7863);
#7115=PLANE('',#7864);
#7116=PLANE('',#7865);
#7117=PLANE('',#7866);
#7118=PLANE('',#7867);
#7119=PLANE('',#7868);
#7120=PLANE('',#7869);
#7121=PLANE('',#7870);
#7122=PLANE('',#7871);
#7123=PLANE('',#7872);
#7124=PLANE('',#7873);
#7125=PLANE('',#7874);
#7126=PLANE('',#7875);
#7127=PLANE('',#7876);
#7128=PLANE('',#7877);
#7129=PLANE('',#7878);
#7130=PLANE('',#7879);
#7131=PLANE('',#7880);
#7132=PLANE('',#7881);
#7133=PLANE('',#7882);
#7134=PLANE('',#7883);
#7135=PLANE('',#7884);
#7136=PLANE('',#7885);
#7137=PLANE('',#7886);
#7138=PLANE('',#7887);
#7139=PLANE('',#7888);
#7140=PLANE('',#7889);
#7141=PLANE('',#7890);
#7142=PLANE('',#7891);
#7143=PLANE('',#7892);
#7144=PLANE('',#7893);
#7145=PLANE('',#7894);
#7146=PLANE('',#7895);
#7147=PLANE('',#7896);
#7148=PLANE('',#7897);
#7149=PLANE('',#7898);
#7150=PLANE('',#7899);
#7151=PLANE('',#7900);
#7152=PLANE('',#7901);
#7153=PLANE('',#7902);
#7154=PLANE('',#7903);
#7155=PLANE('',#7904);
#7156=PLANE('',#7905);
#7157=PLANE('',#7906);
#7158=PLANE('',#7907);
#7159=PLANE('',#7908);
#7160=PLANE('',#7909);
#7161=PLANE('',#7910);
#7162=PLANE('',#7911);
#7163=PLANE('',#7912);
#7164=PLANE('',#7913);
#7165=PLANE('',#7914);
#7166=PLANE('',#7915);
#7167=PLANE('',#7916);
#7168=PLANE('',#7917);
#7169=PLANE('',#7918);
#7170=PLANE('',#7919);
#7171=PLANE('',#7920);
#7172=PLANE('',#7921);
#7173=PLANE('',#7922);
#7174=PLANE('',#7923);
#7175=PLANE('',#7924);
#7176=PLANE('',#7925);
#7177=PLANE('',#7926);
#7178=PLANE('',#7927);
#7179=PLANE('',#7928);
#7180=PLANE('',#7929);
#7181=PLANE('',#7930);
#7182=PLANE('',#7931);
#7183=PLANE('',#7932);
#7184=PLANE('',#7933);
#7185=PLANE('',#7934);
#7186=PLANE('',#7935);
#7187=PLANE('',#7936);
#7188=PLANE('',#7937);
#7189=PLANE('',#7938);
#7190=PLANE('',#7939);
#7191=PLANE('',#7940);
#7192=PLANE('',#7941);
#7193=PLANE('',#7942);
#7194=PLANE('',#7943);
#7195=PLANE('',#7944);
#7196=PLANE('',#7945);
#7197=PLANE('',#7946);
#7198=PLANE('',#7947);
#7199=PLANE('',#7948);
#7200=PLANE('',#7949);
#7201=PLANE('',#7950);
#7202=PLANE('',#7951);
#7203=PLANE('',#7952);
#7204=PLANE('',#7953);
#7205=PLANE('',#7954);
#7206=PLANE('',#7955);
#7207=PLANE('',#7956);
#7208=PLANE('',#7957);
#7209=PLANE('',#7958);
#7210=PLANE('',#7959);
#7211=PLANE('',#7960);
#7212=PLANE('',#7961);
#7213=PLANE('',#7962);
#7214=PLANE('',#7963);
#7215=PLANE('',#7964);
#7216=PLANE('',#7965);
#7217=PLANE('',#7966);
#7218=PLANE('',#7967);
#7219=PLANE('',#7968);
#7220=PLANE('',#7969);
#7221=PLANE('',#7970);
#7222=PLANE('',#7971);
#7223=PLANE('',#7972);
#7224=PLANE('',#7973);
#7225=PLANE('',#7974);
#7226=PLANE('',#7975);
#7227=PLANE('',#7976);
#7228=PLANE('',#7977);
#7229=PLANE('',#7978);
#7230=PLANE('',#7979);
#7231=PLANE('',#7980);
#7232=PLANE('',#7981);
#7233=PLANE('',#7982);
#7234=PLANE('',#7983);
#7235=PLANE('',#7984);
#7236=PLANE('',#7985);
#7237=PLANE('',#7986);
#7238=PLANE('',#7987);
#7239=PLANE('',#7988);
#7240=PLANE('',#7989);
#7241=PLANE('',#7990);
#7242=PLANE('',#7991);
#7243=PLANE('',#7992);
#7244=PLANE('',#7993);
#7245=PLANE('',#7994);
#7246=PLANE('',#7995);
#7247=PLANE('',#7996);
#7248=PLANE('',#7997);
#7249=PLANE('',#7998);
#7250=PLANE('',#7999);
#7251=PLANE('',#8000);
#7252=PLANE('',#8001);
#7253=PLANE('',#8002);
#7254=PLANE('',#8003);
#7255=PLANE('',#8004);
#7256=PLANE('',#8005);
#7257=PLANE('',#8006);
#7258=PLANE('',#8007);
#7259=PLANE('',#8008);
#7260=PLANE('',#8009);
#7261=PLANE('',#8010);
#7262=PLANE('',#8011);
#7263=PLANE('',#8012);
#7264=PLANE('',#8013);
#7265=PLANE('',#8014);
#7266=PLANE('',#8015);
#7267=PLANE('',#8016);
#7268=PLANE('',#8017);
#7269=PLANE('',#8018);
#7270=PLANE('',#8019);
#7271=PLANE('',#8020);
#7272=PLANE('',#8021);
#7273=PLANE('',#8022);
#7274=PLANE('',#8023);
#7275=PLANE('',#8024);
#7276=PLANE('',#8025);
#7277=PLANE('',#8026);
#7278=PLANE('',#8027);
#7279=PLANE('',#8028);
#7280=PLANE('',#8029);
#7281=PLANE('',#8030);
#7282=PLANE('',#8031);
#7283=PLANE('',#8032);
#7284=PLANE('',#8033);
#7285=PLANE('',#8034);
#7286=PLANE('',#8035);
#7287=PLANE('',#8036);
#7288=PLANE('',#8039);
#7289=PLANE('',#8042);
#7290=PLANE('',#8043);
#7291=PLANE('',#8044);
#7292=ADVANCED_FACE('',(#6554,#6555,#6556),#6926,.F.);
#7293=ADVANCED_FACE('',(#6557),#6927,.T.);
#7294=ADVANCED_FACE('',(#6558),#6928,.T.);
#7295=ADVANCED_FACE('',(#6559),#6929,.F.);
#7296=ADVANCED_FACE('',(#6560),#6930,.F.);
#7297=ADVANCED_FACE('',(#6561),#6931,.F.);
#7298=ADVANCED_FACE('',(#6562),#6932,.T.);
#7299=ADVANCED_FACE('',(#6563),#6933,.F.);
#7300=ADVANCED_FACE('',(#6564),#6934,.T.);
#7301=ADVANCED_FACE('',(#6565),#6935,.F.);
#7302=ADVANCED_FACE('',(#6566),#6936,.T.);
#7303=ADVANCED_FACE('',(#6567),#6937,.T.);
#7304=ADVANCED_FACE('',(#6568),#6938,.F.);
#7305=ADVANCED_FACE('',(#6569),#6939,.F.);
#7306=ADVANCED_FACE('',(#6570),#6940,.T.);
#7307=ADVANCED_FACE('',(#6571),#6941,.T.);
#7308=ADVANCED_FACE('',(#6572),#6942,.T.);
#7309=ADVANCED_FACE('',(#6573),#6943,.F.);
#7310=ADVANCED_FACE('',(#6574),#6944,.F.);
#7311=ADVANCED_FACE('',(#6575),#6945,.T.);
#7312=ADVANCED_FACE('',(#6576),#6946,.T.);
#7313=ADVANCED_FACE('',(#6577),#6947,.F.);
#7314=ADVANCED_FACE('',(#6578),#6948,.F.);
#7315=ADVANCED_FACE('',(#6579),#6949,.T.);
#7316=ADVANCED_FACE('',(#6580),#6950,.T.);
#7317=ADVANCED_FACE('',(#6581),#6951,.F.);
#7318=ADVANCED_FACE('',(#6582),#6952,.F.);
#7319=ADVANCED_FACE('',(#6583),#6953,.T.);
#7320=ADVANCED_FACE('',(#6584),#6954,.T.);
#7321=ADVANCED_FACE('',(#6585),#6955,.F.);
#7322=ADVANCED_FACE('',(#6586),#6956,.F.);
#7323=ADVANCED_FACE('',(#6587),#6957,.T.);
#7324=ADVANCED_FACE('',(#6588),#6958,.T.);
#7325=ADVANCED_FACE('',(#6589),#6959,.F.);
#7326=ADVANCED_FACE('',(#6590),#6960,.F.);
#7327=ADVANCED_FACE('',(#6591),#6961,.T.);
#7328=ADVANCED_FACE('',(#6592),#6962,.T.);
#7329=ADVANCED_FACE('',(#6593),#6963,.F.);
#7330=ADVANCED_FACE('',(#6594),#6964,.F.);
#7331=ADVANCED_FACE('',(#6595),#6965,.T.);
#7332=ADVANCED_FACE('',(#6596),#6966,.T.);
#7333=ADVANCED_FACE('',(#6597),#6967,.F.);
#7334=ADVANCED_FACE('',(#6598),#6968,.F.);
#7335=ADVANCED_FACE('',(#6599),#6969,.T.);
#7336=ADVANCED_FACE('',(#6600),#6970,.T.);
#7337=ADVANCED_FACE('',(#6601),#6971,.F.);
#7338=ADVANCED_FACE('',(#6602),#6972,.F.);
#7339=ADVANCED_FACE('',(#6603),#6973,.T.);
#7340=ADVANCED_FACE('',(#6604),#6974,.T.);
#7341=ADVANCED_FACE('',(#6605),#6975,.F.);
#7342=ADVANCED_FACE('',(#6606),#6976,.F.);
#7343=ADVANCED_FACE('',(#6607),#6977,.T.);
#7344=ADVANCED_FACE('',(#6608),#6978,.T.);
#7345=ADVANCED_FACE('',(#6609),#6979,.F.);
#7346=ADVANCED_FACE('',(#6610),#6980,.F.);
#7347=ADVANCED_FACE('',(#6611),#6981,.T.);
#7348=ADVANCED_FACE('',(#6612),#6982,.T.);
#7349=ADVANCED_FACE('',(#6613),#6983,.F.);
#7350=ADVANCED_FACE('',(#6614),#6984,.F.);
#7351=ADVANCED_FACE('',(#6615),#6985,.T.);
#7352=ADVANCED_FACE('',(#6616),#6986,.T.);
#7353=ADVANCED_FACE('',(#6617),#6987,.F.);
#7354=ADVANCED_FACE('',(#6618),#6988,.F.);
#7355=ADVANCED_FACE('',(#6619),#6989,.T.);
#7356=ADVANCED_FACE('',(#6620),#6990,.T.);
#7357=ADVANCED_FACE('',(#6621),#6991,.F.);
#7358=ADVANCED_FACE('',(#6622),#6992,.F.);
#7359=ADVANCED_FACE('',(#6623),#6993,.T.);
#7360=ADVANCED_FACE('',(#6624),#6994,.T.);
#7361=ADVANCED_FACE('',(#6625),#6995,.F.);
#7362=ADVANCED_FACE('',(#6626),#6996,.F.);
#7363=ADVANCED_FACE('',(#6627),#6997,.T.);
#7364=ADVANCED_FACE('',(#6628),#6998,.T.);
#7365=ADVANCED_FACE('',(#6629),#6999,.F.);
#7366=ADVANCED_FACE('',(#6630),#7000,.F.);
#7367=ADVANCED_FACE('',(#6631),#7001,.T.);
#7368=ADVANCED_FACE('',(#6632),#7002,.T.);
#7369=ADVANCED_FACE('',(#6633),#7003,.F.);
#7370=ADVANCED_FACE('',(#6634),#7004,.F.);
#7371=ADVANCED_FACE('',(#6635),#7005,.T.);
#7372=ADVANCED_FACE('',(#6636),#7006,.T.);
#7373=ADVANCED_FACE('',(#6637),#7007,.F.);
#7374=ADVANCED_FACE('',(#6638),#7008,.F.);
#7375=ADVANCED_FACE('',(#6639),#7009,.T.);
#7376=ADVANCED_FACE('',(#6640),#7010,.T.);
#7377=ADVANCED_FACE('',(#6641),#7011,.F.);
#7378=ADVANCED_FACE('',(#6642),#7012,.F.);
#7379=ADVANCED_FACE('',(#6643),#7013,.T.);
#7380=ADVANCED_FACE('',(#6644),#7014,.T.);
#7381=ADVANCED_FACE('',(#6645),#7015,.F.);
#7382=ADVANCED_FACE('',(#6646),#7016,.F.);
#7383=ADVANCED_FACE('',(#6647),#7017,.T.);
#7384=ADVANCED_FACE('',(#6648),#7018,.T.);
#7385=ADVANCED_FACE('',(#6649),#7019,.F.);
#7386=ADVANCED_FACE('',(#6650),#7020,.F.);
#7387=ADVANCED_FACE('',(#6651),#7021,.T.);
#7388=ADVANCED_FACE('',(#6652),#7022,.T.);
#7389=ADVANCED_FACE('',(#6653),#7023,.F.);
#7390=ADVANCED_FACE('',(#6654),#7024,.F.);
#7391=ADVANCED_FACE('',(#6655),#7025,.T.);
#7392=ADVANCED_FACE('',(#6656),#7026,.T.);
#7393=ADVANCED_FACE('',(#6657),#7027,.F.);
#7394=ADVANCED_FACE('',(#6658),#7028,.F.);
#7395=ADVANCED_FACE('',(#6659),#7029,.T.);
#7396=ADVANCED_FACE('',(#6660),#7030,.T.);
#7397=ADVANCED_FACE('',(#6661),#7031,.F.);
#7398=ADVANCED_FACE('',(#6662),#7032,.F.);
#7399=ADVANCED_FACE('',(#6663),#7033,.T.);
#7400=ADVANCED_FACE('',(#6664),#7034,.T.);
#7401=ADVANCED_FACE('',(#6665),#7035,.F.);
#7402=ADVANCED_FACE('',(#6666),#7036,.F.);
#7403=ADVANCED_FACE('',(#6667),#7037,.T.);
#7404=ADVANCED_FACE('',(#6668),#7038,.T.);
#7405=ADVANCED_FACE('',(#6669),#7039,.F.);
#7406=ADVANCED_FACE('',(#6670),#7040,.F.);
#7407=ADVANCED_FACE('',(#6671),#7041,.T.);
#7408=ADVANCED_FACE('',(#6672),#7042,.T.);
#7409=ADVANCED_FACE('',(#6673),#7043,.F.);
#7410=ADVANCED_FACE('',(#6674),#7044,.F.);
#7411=ADVANCED_FACE('',(#6675),#7045,.T.);
#7412=ADVANCED_FACE('',(#6676),#7046,.T.);
#7413=ADVANCED_FACE('',(#6677),#7047,.F.);
#7414=ADVANCED_FACE('',(#6678),#7048,.F.);
#7415=ADVANCED_FACE('',(#6679),#7049,.T.);
#7416=ADVANCED_FACE('',(#6680),#7050,.T.);
#7417=ADVANCED_FACE('',(#6681),#7051,.F.);
#7418=ADVANCED_FACE('',(#6682),#7052,.F.);
#7419=ADVANCED_FACE('',(#6683),#7053,.T.);
#7420=ADVANCED_FACE('',(#6684),#7054,.T.);
#7421=ADVANCED_FACE('',(#6685),#7055,.F.);
#7422=ADVANCED_FACE('',(#6686),#7056,.F.);
#7423=ADVANCED_FACE('',(#6687),#7057,.T.);
#7424=ADVANCED_FACE('',(#6688),#7058,.T.);
#7425=ADVANCED_FACE('',(#6689),#7059,.F.);
#7426=ADVANCED_FACE('',(#6690),#7060,.F.);
#7427=ADVANCED_FACE('',(#6691),#7061,.T.);
#7428=ADVANCED_FACE('',(#6692),#7062,.T.);
#7429=ADVANCED_FACE('',(#6693),#7063,.F.);
#7430=ADVANCED_FACE('',(#6694),#7064,.F.);
#7431=ADVANCED_FACE('',(#6695),#7065,.T.);
#7432=ADVANCED_FACE('',(#6696),#7066,.T.);
#7433=ADVANCED_FACE('',(#6697),#7067,.F.);
#7434=ADVANCED_FACE('',(#6698),#7068,.F.);
#7435=ADVANCED_FACE('',(#6699),#7069,.T.);
#7436=ADVANCED_FACE('',(#6700),#7070,.T.);
#7437=ADVANCED_FACE('',(#6701),#7071,.F.);
#7438=ADVANCED_FACE('',(#6702),#7072,.F.);
#7439=ADVANCED_FACE('',(#6703),#7073,.T.);
#7440=ADVANCED_FACE('',(#6704),#7074,.T.);
#7441=ADVANCED_FACE('',(#6705),#7075,.F.);
#7442=ADVANCED_FACE('',(#6706),#7076,.F.);
#7443=ADVANCED_FACE('',(#6707),#7077,.T.);
#7444=ADVANCED_FACE('',(#6708),#7078,.T.);
#7445=ADVANCED_FACE('',(#6709),#7079,.F.);
#7446=ADVANCED_FACE('',(#6710),#7080,.F.);
#7447=ADVANCED_FACE('',(#6711),#7081,.T.);
#7448=ADVANCED_FACE('',(#6712),#7082,.T.);
#7449=ADVANCED_FACE('',(#6713),#7083,.F.);
#7450=ADVANCED_FACE('',(#6714),#7084,.F.);
#7451=ADVANCED_FACE('',(#6715),#7085,.T.);
#7452=ADVANCED_FACE('',(#6716),#7086,.T.);
#7453=ADVANCED_FACE('',(#6717),#7087,.F.);
#7454=ADVANCED_FACE('',(#6718),#7088,.F.);
#7455=ADVANCED_FACE('',(#6719),#7089,.T.);
#7456=ADVANCED_FACE('',(#6720),#7090,.T.);
#7457=ADVANCED_FACE('',(#6721),#7091,.F.);
#7458=ADVANCED_FACE('',(#6722),#7092,.F.);
#7459=ADVANCED_FACE('',(#6723),#7093,.T.);
#7460=ADVANCED_FACE('',(#6724),#7094,.T.);
#7461=ADVANCED_FACE('',(#6725),#7095,.F.);
#7462=ADVANCED_FACE('',(#6726),#7096,.F.);
#7463=ADVANCED_FACE('',(#6727),#7097,.T.);
#7464=ADVANCED_FACE('',(#6728),#7098,.T.);
#7465=ADVANCED_FACE('',(#6729),#7099,.F.);
#7466=ADVANCED_FACE('',(#6730),#7100,.F.);
#7467=ADVANCED_FACE('',(#6731),#7101,.T.);
#7468=ADVANCED_FACE('',(#6732),#7102,.T.);
#7469=ADVANCED_FACE('',(#6733),#7103,.F.);
#7470=ADVANCED_FACE('',(#6734),#7104,.F.);
#7471=ADVANCED_FACE('',(#6735),#7105,.T.);
#7472=ADVANCED_FACE('',(#6736),#7106,.T.);
#7473=ADVANCED_FACE('',(#6737),#7107,.F.);
#7474=ADVANCED_FACE('',(#6738),#7108,.F.);
#7475=ADVANCED_FACE('',(#6739),#7109,.T.);
#7476=ADVANCED_FACE('',(#6740),#7110,.T.);
#7477=ADVANCED_FACE('',(#6741),#7111,.F.);
#7478=ADVANCED_FACE('',(#6742),#7112,.F.);
#7479=ADVANCED_FACE('',(#6743),#7113,.T.);
#7480=ADVANCED_FACE('',(#6744),#7114,.T.);
#7481=ADVANCED_FACE('',(#6745),#7115,.F.);
#7482=ADVANCED_FACE('',(#6746),#7116,.F.);
#7483=ADVANCED_FACE('',(#6747),#7117,.T.);
#7484=ADVANCED_FACE('',(#6748),#7118,.T.);
#7485=ADVANCED_FACE('',(#6749),#7119,.F.);
#7486=ADVANCED_FACE('',(#6750),#7120,.F.);
#7487=ADVANCED_FACE('',(#6751),#7121,.T.);
#7488=ADVANCED_FACE('',(#6752),#7122,.T.);
#7489=ADVANCED_FACE('',(#6753),#7123,.F.);
#7490=ADVANCED_FACE('',(#6754),#7124,.F.);
#7491=ADVANCED_FACE('',(#6755),#7125,.T.);
#7492=ADVANCED_FACE('',(#6756),#7126,.T.);
#7493=ADVANCED_FACE('',(#6757),#7127,.F.);
#7494=ADVANCED_FACE('',(#6758),#7128,.F.);
#7495=ADVANCED_FACE('',(#6759),#7129,.T.);
#7496=ADVANCED_FACE('',(#6760),#7130,.T.);
#7497=ADVANCED_FACE('',(#6761),#7131,.F.);
#7498=ADVANCED_FACE('',(#6762),#7132,.F.);
#7499=ADVANCED_FACE('',(#6763),#7133,.T.);
#7500=ADVANCED_FACE('',(#6764),#7134,.T.);
#7501=ADVANCED_FACE('',(#6765),#7135,.F.);
#7502=ADVANCED_FACE('',(#6766),#7136,.F.);
#7503=ADVANCED_FACE('',(#6767),#7137,.T.);
#7504=ADVANCED_FACE('',(#6768),#7138,.T.);
#7505=ADVANCED_FACE('',(#6769),#7139,.F.);
#7506=ADVANCED_FACE('',(#6770),#7140,.F.);
#7507=ADVANCED_FACE('',(#6771),#7141,.T.);
#7508=ADVANCED_FACE('',(#6772),#7142,.T.);
#7509=ADVANCED_FACE('',(#6773),#7143,.F.);
#7510=ADVANCED_FACE('',(#6774),#7144,.F.);
#7511=ADVANCED_FACE('',(#6775),#7145,.T.);
#7512=ADVANCED_FACE('',(#6776),#7146,.T.);
#7513=ADVANCED_FACE('',(#6777),#7147,.F.);
#7514=ADVANCED_FACE('',(#6778),#7148,.F.);
#7515=ADVANCED_FACE('',(#6779),#7149,.T.);
#7516=ADVANCED_FACE('',(#6780),#7150,.T.);
#7517=ADVANCED_FACE('',(#6781),#7151,.F.);
#7518=ADVANCED_FACE('',(#6782),#7152,.F.);
#7519=ADVANCED_FACE('',(#6783),#7153,.T.);
#7520=ADVANCED_FACE('',(#6784),#7154,.T.);
#7521=ADVANCED_FACE('',(#6785),#7155,.F.);
#7522=ADVANCED_FACE('',(#6786),#7156,.F.);
#7523=ADVANCED_FACE('',(#6787),#7157,.T.);
#7524=ADVANCED_FACE('',(#6788),#7158,.T.);
#7525=ADVANCED_FACE('',(#6789),#7159,.F.);
#7526=ADVANCED_FACE('',(#6790),#7160,.F.);
#7527=ADVANCED_FACE('',(#6791),#7161,.T.);
#7528=ADVANCED_FACE('',(#6792),#7162,.T.);
#7529=ADVANCED_FACE('',(#6793),#7163,.F.);
#7530=ADVANCED_FACE('',(#6794),#7164,.F.);
#7531=ADVANCED_FACE('',(#6795),#7165,.T.);
#7532=ADVANCED_FACE('',(#6796),#7166,.T.);
#7533=ADVANCED_FACE('',(#6797),#7167,.F.);
#7534=ADVANCED_FACE('',(#6798),#7168,.F.);
#7535=ADVANCED_FACE('',(#6799),#7169,.T.);
#7536=ADVANCED_FACE('',(#6800),#7170,.T.);
#7537=ADVANCED_FACE('',(#6801),#7171,.F.);
#7538=ADVANCED_FACE('',(#6802),#7172,.F.);
#7539=ADVANCED_FACE('',(#6803),#7173,.T.);
#7540=ADVANCED_FACE('',(#6804),#7174,.T.);
#7541=ADVANCED_FACE('',(#6805),#7175,.F.);
#7542=ADVANCED_FACE('',(#6806),#7176,.F.);
#7543=ADVANCED_FACE('',(#6807),#7177,.T.);
#7544=ADVANCED_FACE('',(#6808),#7178,.T.);
#7545=ADVANCED_FACE('',(#6809),#7179,.F.);
#7546=ADVANCED_FACE('',(#6810),#7180,.F.);
#7547=ADVANCED_FACE('',(#6811),#7181,.T.);
#7548=ADVANCED_FACE('',(#6812),#7182,.T.);
#7549=ADVANCED_FACE('',(#6813),#7183,.F.);
#7550=ADVANCED_FACE('',(#6814),#7184,.F.);
#7551=ADVANCED_FACE('',(#6815),#7185,.T.);
#7552=ADVANCED_FACE('',(#6816),#7186,.T.);
#7553=ADVANCED_FACE('',(#6817),#7187,.F.);
#7554=ADVANCED_FACE('',(#6818),#7188,.F.);
#7555=ADVANCED_FACE('',(#6819),#7189,.T.);
#7556=ADVANCED_FACE('',(#6820),#7190,.T.);
#7557=ADVANCED_FACE('',(#6821),#7191,.F.);
#7558=ADVANCED_FACE('',(#6822),#7192,.F.);
#7559=ADVANCED_FACE('',(#6823),#7193,.T.);
#7560=ADVANCED_FACE('',(#6824),#7194,.T.);
#7561=ADVANCED_FACE('',(#6825),#7195,.F.);
#7562=ADVANCED_FACE('',(#6826),#7196,.F.);
#7563=ADVANCED_FACE('',(#6827),#7197,.T.);
#7564=ADVANCED_FACE('',(#6828),#7198,.T.);
#7565=ADVANCED_FACE('',(#6829),#7199,.F.);
#7566=ADVANCED_FACE('',(#6830),#7200,.F.);
#7567=ADVANCED_FACE('',(#6831),#7201,.T.);
#7568=ADVANCED_FACE('',(#6832),#7202,.T.);
#7569=ADVANCED_FACE('',(#6833),#7203,.F.);
#7570=ADVANCED_FACE('',(#6834),#7204,.F.);
#7571=ADVANCED_FACE('',(#6835),#7205,.T.);
#7572=ADVANCED_FACE('',(#6836),#7206,.T.);
#7573=ADVANCED_FACE('',(#6837),#7207,.F.);
#7574=ADVANCED_FACE('',(#6838),#7208,.F.);
#7575=ADVANCED_FACE('',(#6839),#7209,.T.);
#7576=ADVANCED_FACE('',(#6840),#7210,.T.);
#7577=ADVANCED_FACE('',(#6841),#7211,.F.);
#7578=ADVANCED_FACE('',(#6842),#7212,.F.);
#7579=ADVANCED_FACE('',(#6843),#7213,.T.);
#7580=ADVANCED_FACE('',(#6844),#7214,.T.);
#7581=ADVANCED_FACE('',(#6845),#7215,.F.);
#7582=ADVANCED_FACE('',(#6846),#7216,.F.);
#7583=ADVANCED_FACE('',(#6847),#7217,.T.);
#7584=ADVANCED_FACE('',(#6848),#7218,.T.);
#7585=ADVANCED_FACE('',(#6849),#7219,.F.);
#7586=ADVANCED_FACE('',(#6850),#7220,.F.);
#7587=ADVANCED_FACE('',(#6851),#7221,.T.);
#7588=ADVANCED_FACE('',(#6852),#7222,.T.);
#7589=ADVANCED_FACE('',(#6853),#7223,.F.);
#7590=ADVANCED_FACE('',(#6854),#7224,.F.);
#7591=ADVANCED_FACE('',(#6855),#7225,.T.);
#7592=ADVANCED_FACE('',(#6856),#7226,.T.);
#7593=ADVANCED_FACE('',(#6857),#7227,.F.);
#7594=ADVANCED_FACE('',(#6858),#7228,.F.);
#7595=ADVANCED_FACE('',(#6859),#7229,.T.);
#7596=ADVANCED_FACE('',(#6860),#7230,.T.);
#7597=ADVANCED_FACE('',(#6861),#7231,.F.);
#7598=ADVANCED_FACE('',(#6862),#7232,.F.);
#7599=ADVANCED_FACE('',(#6863),#7233,.T.);
#7600=ADVANCED_FACE('',(#6864),#7234,.T.);
#7601=ADVANCED_FACE('',(#6865),#7235,.F.);
#7602=ADVANCED_FACE('',(#6866),#7236,.F.);
#7603=ADVANCED_FACE('',(#6867),#7237,.T.);
#7604=ADVANCED_FACE('',(#6868),#7238,.T.);
#7605=ADVANCED_FACE('',(#6869),#7239,.F.);
#7606=ADVANCED_FACE('',(#6870),#7240,.F.);
#7607=ADVANCED_FACE('',(#6871),#7241,.T.);
#7608=ADVANCED_FACE('',(#6872),#7242,.T.);
#7609=ADVANCED_FACE('',(#6873),#7243,.F.);
#7610=ADVANCED_FACE('',(#6874),#7244,.F.);
#7611=ADVANCED_FACE('',(#6875),#7245,.T.);
#7612=ADVANCED_FACE('',(#6876),#7246,.T.);
#7613=ADVANCED_FACE('',(#6877),#7247,.F.);
#7614=ADVANCED_FACE('',(#6878),#7248,.F.);
#7615=ADVANCED_FACE('',(#6879),#7249,.T.);
#7616=ADVANCED_FACE('',(#6880),#7250,.T.);
#7617=ADVANCED_FACE('',(#6881),#7251,.F.);
#7618=ADVANCED_FACE('',(#6882),#7252,.F.);
#7619=ADVANCED_FACE('',(#6883),#7253,.T.);
#7620=ADVANCED_FACE('',(#6884),#7254,.T.);
#7621=ADVANCED_FACE('',(#6885),#7255,.F.);
#7622=ADVANCED_FACE('',(#6886),#7256,.F.);
#7623=ADVANCED_FACE('',(#6887),#7257,.T.);
#7624=ADVANCED_FACE('',(#6888),#7258,.T.);
#7625=ADVANCED_FACE('',(#6889),#7259,.F.);
#7626=ADVANCED_FACE('',(#6890),#7260,.F.);
#7627=ADVANCED_FACE('',(#6891),#7261,.T.);
#7628=ADVANCED_FACE('',(#6892),#7262,.T.);
#7629=ADVANCED_FACE('',(#6893),#7263,.F.);
#7630=ADVANCED_FACE('',(#6894),#7264,.F.);
#7631=ADVANCED_FACE('',(#6895),#7265,.T.);
#7632=ADVANCED_FACE('',(#6896),#7266,.T.);
#7633=ADVANCED_FACE('',(#6897),#7267,.F.);
#7634=ADVANCED_FACE('',(#6898),#7268,.F.);
#7635=ADVANCED_FACE('',(#6899),#7269,.T.);
#7636=ADVANCED_FACE('',(#6900),#7270,.T.);
#7637=ADVANCED_FACE('',(#6901),#7271,.F.);
#7638=ADVANCED_FACE('',(#6902),#7272,.F.);
#7639=ADVANCED_FACE('',(#6903),#7273,.T.);
#7640=ADVANCED_FACE('',(#6904),#7274,.T.);
#7641=ADVANCED_FACE('',(#6905),#7275,.F.);
#7642=ADVANCED_FACE('',(#6906),#7276,.F.);
#7643=ADVANCED_FACE('',(#6907),#7277,.T.);
#7644=ADVANCED_FACE('',(#6908),#7278,.T.);
#7645=ADVANCED_FACE('',(#6909),#7279,.F.);
#7646=ADVANCED_FACE('',(#6910),#7280,.T.);
#7647=ADVANCED_FACE('',(#6911),#7281,.T.);
#7648=ADVANCED_FACE('',(#6912),#7282,.T.);
#7649=ADVANCED_FACE('',(#6913),#7283,.F.);
#7650=ADVANCED_FACE('',(#6914),#7284,.T.);
#7651=ADVANCED_FACE('',(#6915),#7285,.T.);
#7652=ADVANCED_FACE('',(#6916),#7286,.F.);
#7653=ADVANCED_FACE('',(#6917),#7287,.F.);
#7654=ADVANCED_FACE('',(#6918,#6919),#12,.F.);
#7655=ADVANCED_FACE('',(#6920),#7288,.T.);
#7656=ADVANCED_FACE('',(#6921,#6922),#13,.F.);
#7657=ADVANCED_FACE('',(#6923),#7289,.T.);
#7658=ADVANCED_FACE('',(#6924),#7290,.T.);
#7659=ADVANCED_FACE('',(#6925),#7291,.F.);
#7660=CLOSED_SHELL('',(#7292,#7293,#7294,#7295,#7296,#7297,#7298,#7299,
#7300,#7301,#7302,#7303,#7304,#7305,#7306,#7307,#7308,#7309,#7310,#7311,
#7312,#7313,#7314,#7315,#7316,#7317,#7318,#7319,#7320,#7321,#7322,#7323,
#7324,#7325,#7326,#7327,#7328,#7329,#7330,#7331,#7332,#7333,#7334,#7335,
#7336,#7337,#7338,#7339,#7340,#7341,#7342,#7343,#7344,#7345,#7346,#7347,
#7348,#7349,#7350,#7351,#7352,#7353,#7354,#7355,#7356,#7357,#7358,#7359,
#7360,#7361,#7362,#7363,#7364,#7365,#7366,#7367,#7368,#7369,#7370,#7371,
#7372,#7373,#7374,#7375,#7376,#7377,#7378,#7379,#7380,#7381,#7382,#7383,
#7384,#7385,#7386,#7387,#7388,#7389,#7390,#7391,#7392,#7393,#7394,#7395,
#7396,#7397,#7398,#7399,#7400,#7401,#7402,#7403,#7404,#7405,#7406,#7407,
#7408,#7409,#7410,#7411,#7412,#7413,#7414,#7415,#7416,#7417,#7418,#7419,
#7420,#7421,#7422,#7423,#7424,#7425,#7426,#7427,#7428,#7429,#7430,#7431,
#7432,#7433,#7434,#7435,#7436,#7437,#7438,#7439,#7440,#7441,#7442,#7443,
#7444,#7445,#7446,#7447,#7448,#7449,#7450,#7451,#7452,#7453,#7454,#7455,
#7456,#7457,#7458,#7459,#7460,#7461,#7462,#7463,#7464,#7465,#7466,#7467,
#7468,#7469,#7470,#7471,#7472,#7473,#7474,#7475,#7476,#7477,#7478,#7479,
#7480,#7481,#7482,#7483,#7484,#7485,#7486,#7487,#7488,#7489,#7490,#7491,
#7492,#7493,#7494,#7495,#7496,#7497,#7498,#7499,#7500,#7501,#7502,#7503,
#7504,#7505,#7506,#7507,#7508,#7509,#7510,#7511,#7512,#7513,#7514,#7515,
#7516,#7517,#7518,#7519,#7520,#7521,#7522,#7523,#7524,#7525,#7526,#7527,
#7528,#7529,#7530,#7531,#7532,#7533,#7534,#7535,#7536,#7537,#7538,#7539,
#7540,#7541,#7542,#7543,#7544,#7545,#7546,#7547,#7548,#7549,#7550,#7551,
#7552,#7553,#7554,#7555,#7556,#7557,#7558,#7559,#7560,#7561,#7562,#7563,
#7564,#7565,#7566,#7567,#7568,#7569,#7570,#7571,#7572,#7573,#7574,#7575,
#7576,#7577,#7578,#7579,#7580,#7581,#7582,#7583,#7584,#7585,#7586,#7587,
#7588,#7589,#7590,#7591,#7592,#7593,#7594,#7595,#7596,#7597,#7598,#7599,
#7600,#7601,#7602,#7603,#7604,#7605,#7606,#7607,#7608,#7609,#7610,#7611,
#7612,#7613,#7614,#7615,#7616,#7617,#7618,#7619,#7620,#7621,#7622,#7623,
#7624,#7625,#7626,#7627,#7628,#7629,#7630,#7631,#7632,#7633,#7634,#7635,
#7636,#7637,#7638,#7639,#7640,#7641,#7642,#7643,#7644,#7645,#7646,#7647,
#7648,#7649,#7650,#7651,#7652,#7653,#7654,#7655,#7656,#7657,#7658,#7659));
#7661=STYLED_ITEM('',(#7662),#7669);
#7662=PRESENTATION_STYLE_ASSIGNMENT((#7663));
#7663=SURFACE_STYLE_USAGE(.BOTH.,#7664);
#7664=SURFACE_SIDE_STYLE('',(#7665));
#7665=SURFACE_STYLE_FILL_AREA(#7666);
#7666=FILL_AREA_STYLE('',(#7667));
#7667=FILL_AREA_STYLE_COLOUR('',#7668);
#7668=COLOUR_RGB('',0.917647058823529,0.917647058823529,0.917647058823529);
#7669=MANIFOLD_SOLID_BREP('Part 12',#7660);
#7670=SHAPE_DEFINITION_REPRESENTATION(#12067,#7671);
#7671=SHAPE_REPRESENTATION('Part 12',(#7672),#12062);
#7672=AXIS2_PLACEMENT_3D('',#9876,#8045,#8046);
#7673=AXIS2_PLACEMENT_3D('',#9877,#8047,#8048);
#7674=AXIS2_PLACEMENT_3D('',#9878,#8049,#8050);
#7675=AXIS2_PLACEMENT_3D('',#10326,#8274,#8275);
#7676=AXIS2_PLACEMENT_3D('',#10328,#8276,#8277);
#7677=AXIS2_PLACEMENT_3D('',#10337,#8282,#8283);
#7678=AXIS2_PLACEMENT_3D('',#11035,#8633,#8634);
#7679=AXIS2_PLACEMENT_3D('',#11038,#8637,#8638);
#7680=AXIS2_PLACEMENT_3D('',#11047,#8643,#8644);
#7681=AXIS2_PLACEMENT_3D('',#11050,#8647,#8648);
#7682=AXIS2_PLACEMENT_3D('',#11053,#8651,#8652);
#7683=AXIS2_PLACEMENT_3D('',#11055,#8654,#8655);
#7684=AXIS2_PLACEMENT_3D('',#11057,#8657,#8658);
#7685=AXIS2_PLACEMENT_3D('',#11060,#8661,#8662);
#7686=AXIS2_PLACEMENT_3D('',#11062,#8664,#8665);
#7687=AXIS2_PLACEMENT_3D('',#11064,#8667,#8668);
#7688=AXIS2_PLACEMENT_3D('',#11066,#8670,#8671);
#7689=AXIS2_PLACEMENT_3D('',#11067,#8672,#8673);
#7690=AXIS2_PLACEMENT_3D('',#11069,#8675,#8676);
#7691=AXIS2_PLACEMENT_3D('',#11071,#8678,#8679);
#7692=AXIS2_PLACEMENT_3D('',#11073,#8681,#8682);
#7693=AXIS2_PLACEMENT_3D('',#11075,#8684,#8685);
#7694=AXIS2_PLACEMENT_3D('',#11077,#8687,#8688);
#7695=AXIS2_PLACEMENT_3D('',#11079,#8690,#8691);
#7696=AXIS2_PLACEMENT_3D('',#11081,#8693,#8694);
#7697=AXIS2_PLACEMENT_3D('',#11083,#8696,#8697);
#7698=AXIS2_PLACEMENT_3D('',#11085,#8699,#8700);
#7699=AXIS2_PLACEMENT_3D('',#11087,#8702,#8703);
#7700=AXIS2_PLACEMENT_3D('',#11089,#8705,#8706);
#7701=AXIS2_PLACEMENT_3D('',#11091,#8708,#8709);
#7702=AXIS2_PLACEMENT_3D('',#11093,#8711,#8712);
#7703=AXIS2_PLACEMENT_3D('',#11095,#8714,#8715);
#7704=AXIS2_PLACEMENT_3D('',#11097,#8717,#8718);
#7705=AXIS2_PLACEMENT_3D('',#11099,#8720,#8721);
#7706=AXIS2_PLACEMENT_3D('',#11101,#8723,#8724);
#7707=AXIS2_PLACEMENT_3D('',#11103,#8726,#8727);
#7708=AXIS2_PLACEMENT_3D('',#11105,#8729,#8730);
#7709=AXIS2_PLACEMENT_3D('',#11107,#8732,#8733);
#7710=AXIS2_PLACEMENT_3D('',#11109,#8735,#8736);
#7711=AXIS2_PLACEMENT_3D('',#11111,#8738,#8739);
#7712=AXIS2_PLACEMENT_3D('',#11113,#8741,#8742);
#7713=AXIS2_PLACEMENT_3D('',#11115,#8744,#8745);
#7714=AXIS2_PLACEMENT_3D('',#11117,#8747,#8748);
#7715=AXIS2_PLACEMENT_3D('',#11119,#8750,#8751);
#7716=AXIS2_PLACEMENT_3D('',#11121,#8753,#8754);
#7717=AXIS2_PLACEMENT_3D('',#11123,#8756,#8757);
#7718=AXIS2_PLACEMENT_3D('',#11125,#8759,#8760);
#7719=AXIS2_PLACEMENT_3D('',#11127,#8762,#8763);
#7720=AXIS2_PLACEMENT_3D('',#11129,#8765,#8766);
#7721=AXIS2_PLACEMENT_3D('',#11131,#8768,#8769);
#7722=AXIS2_PLACEMENT_3D('',#11133,#8771,#8772);
#7723=AXIS2_PLACEMENT_3D('',#11135,#8774,#8775);
#7724=AXIS2_PLACEMENT_3D('',#11137,#8777,#8778);
#7725=AXIS2_PLACEMENT_3D('',#11139,#8780,#8781);
#7726=AXIS2_PLACEMENT_3D('',#11141,#8783,#8784);
#7727=AXIS2_PLACEMENT_3D('',#11143,#8786,#8787);
#7728=AXIS2_PLACEMENT_3D('',#11145,#8789,#8790);
#7729=AXIS2_PLACEMENT_3D('',#11147,#8792,#8793);
#7730=AXIS2_PLACEMENT_3D('',#11149,#8795,#8796);
#7731=AXIS2_PLACEMENT_3D('',#11151,#8798,#8799);
#7732=AXIS2_PLACEMENT_3D('',#11153,#8801,#8802);
#7733=AXIS2_PLACEMENT_3D('',#11155,#8804,#8805);
#7734=AXIS2_PLACEMENT_3D('',#11157,#8807,#8808);
#7735=AXIS2_PLACEMENT_3D('',#11159,#8810,#8811);
#7736=AXIS2_PLACEMENT_3D('',#11161,#8813,#8814);
#7737=AXIS2_PLACEMENT_3D('',#11163,#8816,#8817);
#7738=AXIS2_PLACEMENT_3D('',#11165,#8819,#8820);
#7739=AXIS2_PLACEMENT_3D('',#11167,#8822,#8823);
#7740=AXIS2_PLACEMENT_3D('',#11169,#8825,#8826);
#7741=AXIS2_PLACEMENT_3D('',#11171,#8828,#8829);
#7742=AXIS2_PLACEMENT_3D('',#11173,#8831,#8832);
#7743=AXIS2_PLACEMENT_3D('',#11175,#8834,#8835);
#7744=AXIS2_PLACEMENT_3D('',#11177,#8837,#8838);
#7745=AXIS2_PLACEMENT_3D('',#11179,#8840,#8841);
#7746=AXIS2_PLACEMENT_3D('',#11181,#8843,#8844);
#7747=AXIS2_PLACEMENT_3D('',#11183,#8846,#8847);
#7748=AXIS2_PLACEMENT_3D('',#11185,#8849,#8850);
#7749=AXIS2_PLACEMENT_3D('',#11187,#8852,#8853);
#7750=AXIS2_PLACEMENT_3D('',#11189,#8855,#8856);
#7751=AXIS2_PLACEMENT_3D('',#11191,#8858,#8859);
#7752=AXIS2_PLACEMENT_3D('',#11193,#8861,#8862);
#7753=AXIS2_PLACEMENT_3D('',#11195,#8864,#8865);
#7754=AXIS2_PLACEMENT_3D('',#11197,#8867,#8868);
#7755=AXIS2_PLACEMENT_3D('',#11199,#8870,#8871);
#7756=AXIS2_PLACEMENT_3D('',#11201,#8873,#8874);
#7757=AXIS2_PLACEMENT_3D('',#11203,#8876,#8877);
#7758=AXIS2_PLACEMENT_3D('',#11205,#8879,#8880);
#7759=AXIS2_PLACEMENT_3D('',#11207,#8882,#8883);
#7760=AXIS2_PLACEMENT_3D('',#11209,#8885,#8886);
#7761=AXIS2_PLACEMENT_3D('',#11211,#8888,#8889);
#7762=AXIS2_PLACEMENT_3D('',#11213,#8891,#8892);
#7763=AXIS2_PLACEMENT_3D('',#11215,#8894,#8895);
#7764=AXIS2_PLACEMENT_3D('',#11217,#8897,#8898);
#7765=AXIS2_PLACEMENT_3D('',#11219,#8900,#8901);
#7766=AXIS2_PLACEMENT_3D('',#11221,#8903,#8904);
#7767=AXIS2_PLACEMENT_3D('',#11223,#8906,#8907);
#7768=AXIS2_PLACEMENT_3D('',#11225,#8909,#8910);
#7769=AXIS2_PLACEMENT_3D('',#11227,#8912,#8913);
#7770=AXIS2_PLACEMENT_3D('',#11229,#8915,#8916);
#7771=AXIS2_PLACEMENT_3D('',#11231,#8918,#8919);
#7772=AXIS2_PLACEMENT_3D('',#11233,#8921,#8922);
#7773=AXIS2_PLACEMENT_3D('',#11235,#8924,#8925);
#7774=AXIS2_PLACEMENT_3D('',#11237,#8927,#8928);
#7775=AXIS2_PLACEMENT_3D('',#11239,#8930,#8931);
#7776=AXIS2_PLACEMENT_3D('',#11241,#8933,#8934);
#7777=AXIS2_PLACEMENT_3D('',#11243,#8936,#8937);
#7778=AXIS2_PLACEMENT_3D('',#11245,#8939,#8940);
#7779=AXIS2_PLACEMENT_3D('',#11247,#8942,#8943);
#7780=AXIS2_PLACEMENT_3D('',#11249,#8945,#8946);
#7781=AXIS2_PLACEMENT_3D('',#11251,#8948,#8949);
#7782=AXIS2_PLACEMENT_3D('',#11253,#8951,#8952);
#7783=AXIS2_PLACEMENT_3D('',#11255,#8954,#8955);
#7784=AXIS2_PLACEMENT_3D('',#11257,#8957,#8958);
#7785=AXIS2_PLACEMENT_3D('',#11259,#8960,#8961);
#7786=AXIS2_PLACEMENT_3D('',#11261,#8963,#8964);
#7787=AXIS2_PLACEMENT_3D('',#11263,#8966,#8967);
#7788=AXIS2_PLACEMENT_3D('',#11265,#8969,#8970);
#7789=AXIS2_PLACEMENT_3D('',#11267,#8972,#8973);
#7790=AXIS2_PLACEMENT_3D('',#11269,#8975,#8976);
#7791=AXIS2_PLACEMENT_3D('',#11271,#8978,#8979);
#7792=AXIS2_PLACEMENT_3D('',#11273,#8981,#8982);
#7793=AXIS2_PLACEMENT_3D('',#11275,#8984,#8985);
#7794=AXIS2_PLACEMENT_3D('',#11277,#8987,#8988);
#7795=AXIS2_PLACEMENT_3D('',#11279,#8990,#8991);
#7796=AXIS2_PLACEMENT_3D('',#11281,#8993,#8994);
#7797=AXIS2_PLACEMENT_3D('',#11283,#8996,#8997);
#7798=AXIS2_PLACEMENT_3D('',#11285,#8999,#9000);
#7799=AXIS2_PLACEMENT_3D('',#11287,#9002,#9003);
#7800=AXIS2_PLACEMENT_3D('',#11289,#9005,#9006);
#7801=AXIS2_PLACEMENT_3D('',#11291,#9008,#9009);
#7802=AXIS2_PLACEMENT_3D('',#11293,#9011,#9012);
#7803=AXIS2_PLACEMENT_3D('',#11297,#9015,#9016);
#7804=AXIS2_PLACEMENT_3D('',#11301,#9019,#9020);
#7805=AXIS2_PLACEMENT_3D('',#11305,#9023,#9024);
#7806=AXIS2_PLACEMENT_3D('',#11309,#9027,#9028);
#7807=AXIS2_PLACEMENT_3D('',#11313,#9031,#9032);
#7808=AXIS2_PLACEMENT_3D('',#11317,#9035,#9036);
#7809=AXIS2_PLACEMENT_3D('',#11321,#9039,#9040);
#7810=AXIS2_PLACEMENT_3D('',#11325,#9043,#9044);
#7811=AXIS2_PLACEMENT_3D('',#11329,#9047,#9048);
#7812=AXIS2_PLACEMENT_3D('',#11333,#9051,#9052);
#7813=AXIS2_PLACEMENT_3D('',#11337,#9055,#9056);
#7814=AXIS2_PLACEMENT_3D('',#11341,#9059,#9060);
#7815=AXIS2_PLACEMENT_3D('',#11345,#9063,#9064);
#7816=AXIS2_PLACEMENT_3D('',#11349,#9067,#9068);
#7817=AXIS2_PLACEMENT_3D('',#11353,#9071,#9072);
#7818=AXIS2_PLACEMENT_3D('',#11357,#9075,#9076);
#7819=AXIS2_PLACEMENT_3D('',#11361,#9079,#9080);
#7820=AXIS2_PLACEMENT_3D('',#11365,#9083,#9084);
#7821=AXIS2_PLACEMENT_3D('',#11369,#9087,#9088);
#7822=AXIS2_PLACEMENT_3D('',#11373,#9091,#9092);
#7823=AXIS2_PLACEMENT_3D('',#11377,#9095,#9096);
#7824=AXIS2_PLACEMENT_3D('',#11381,#9099,#9100);
#7825=AXIS2_PLACEMENT_3D('',#11385,#9103,#9104);
#7826=AXIS2_PLACEMENT_3D('',#11389,#9107,#9108);
#7827=AXIS2_PLACEMENT_3D('',#11393,#9111,#9112);
#7828=AXIS2_PLACEMENT_3D('',#11397,#9115,#9116);
#7829=AXIS2_PLACEMENT_3D('',#11401,#9119,#9120);
#7830=AXIS2_PLACEMENT_3D('',#11405,#9123,#9124);
#7831=AXIS2_PLACEMENT_3D('',#11409,#9127,#9128);
#7832=AXIS2_PLACEMENT_3D('',#11413,#9131,#9132);
#7833=AXIS2_PLACEMENT_3D('',#11417,#9135,#9136);
#7834=AXIS2_PLACEMENT_3D('',#11421,#9139,#9140);
#7835=AXIS2_PLACEMENT_3D('',#11425,#9143,#9144);
#7836=AXIS2_PLACEMENT_3D('',#11429,#9147,#9148);
#7837=AXIS2_PLACEMENT_3D('',#11433,#9151,#9152);
#7838=AXIS2_PLACEMENT_3D('',#11437,#9155,#9156);
#7839=AXIS2_PLACEMENT_3D('',#11441,#9159,#9160);
#7840=AXIS2_PLACEMENT_3D('',#11445,#9163,#9164);
#7841=AXIS2_PLACEMENT_3D('',#11449,#9167,#9168);
#7842=AXIS2_PLACEMENT_3D('',#11453,#9171,#9172);
#7843=AXIS2_PLACEMENT_3D('',#11457,#9175,#9176);
#7844=AXIS2_PLACEMENT_3D('',#11461,#9179,#9180);
#7845=AXIS2_PLACEMENT_3D('',#11465,#9183,#9184);
#7846=AXIS2_PLACEMENT_3D('',#11469,#9187,#9188);
#7847=AXIS2_PLACEMENT_3D('',#11473,#9191,#9192);
#7848=AXIS2_PLACEMENT_3D('',#11477,#9195,#9196);
#7849=AXIS2_PLACEMENT_3D('',#11481,#9199,#9200);
#7850=AXIS2_PLACEMENT_3D('',#11485,#9203,#9204);
#7851=AXIS2_PLACEMENT_3D('',#11489,#9207,#9208);
#7852=AXIS2_PLACEMENT_3D('',#11493,#9211,#9212);
#7853=AXIS2_PLACEMENT_3D('',#11497,#9215,#9216);
#7854=AXIS2_PLACEMENT_3D('',#11501,#9219,#9220);
#7855=AXIS2_PLACEMENT_3D('',#11505,#9223,#9224);
#7856=AXIS2_PLACEMENT_3D('',#11509,#9227,#9228);
#7857=AXIS2_PLACEMENT_3D('',#11513,#9231,#9232);
#7858=AXIS2_PLACEMENT_3D('',#11517,#9235,#9236);
#7859=AXIS2_PLACEMENT_3D('',#11521,#9239,#9240);
#7860=AXIS2_PLACEMENT_3D('',#11525,#9243,#9244);
#7861=AXIS2_PLACEMENT_3D('',#11529,#9247,#9248);
#7862=AXIS2_PLACEMENT_3D('',#11533,#9251,#9252);
#7863=AXIS2_PLACEMENT_3D('',#11537,#9255,#9256);
#7864=AXIS2_PLACEMENT_3D('',#11541,#9259,#9260);
#7865=AXIS2_PLACEMENT_3D('',#11545,#9263,#9264);
#7866=AXIS2_PLACEMENT_3D('',#11549,#9267,#9268);
#7867=AXIS2_PLACEMENT_3D('',#11553,#9271,#9272);
#7868=AXIS2_PLACEMENT_3D('',#11557,#9275,#9276);
#7869=AXIS2_PLACEMENT_3D('',#11561,#9279,#9280);
#7870=AXIS2_PLACEMENT_3D('',#11565,#9283,#9284);
#7871=AXIS2_PLACEMENT_3D('',#11569,#9287,#9288);
#7872=AXIS2_PLACEMENT_3D('',#11573,#9291,#9292);
#7873=AXIS2_PLACEMENT_3D('',#11577,#9295,#9296);
#7874=AXIS2_PLACEMENT_3D('',#11581,#9299,#9300);
#7875=AXIS2_PLACEMENT_3D('',#11585,#9303,#9304);
#7876=AXIS2_PLACEMENT_3D('',#11589,#9307,#9308);
#7877=AXIS2_PLACEMENT_3D('',#11593,#9311,#9312);
#7878=AXIS2_PLACEMENT_3D('',#11597,#9315,#9316);
#7879=AXIS2_PLACEMENT_3D('',#11601,#9319,#9320);
#7880=AXIS2_PLACEMENT_3D('',#11605,#9323,#9324);
#7881=AXIS2_PLACEMENT_3D('',#11609,#9327,#9328);
#7882=AXIS2_PLACEMENT_3D('',#11613,#9331,#9332);
#7883=AXIS2_PLACEMENT_3D('',#11617,#9335,#9336);
#7884=AXIS2_PLACEMENT_3D('',#11621,#9339,#9340);
#7885=AXIS2_PLACEMENT_3D('',#11625,#9343,#9344);
#7886=AXIS2_PLACEMENT_3D('',#11629,#9347,#9348);
#7887=AXIS2_PLACEMENT_3D('',#11633,#9351,#9352);
#7888=AXIS2_PLACEMENT_3D('',#11637,#9355,#9356);
#7889=AXIS2_PLACEMENT_3D('',#11641,#9359,#9360);
#7890=AXIS2_PLACEMENT_3D('',#11645,#9363,#9364);
#7891=AXIS2_PLACEMENT_3D('',#11649,#9367,#9368);
#7892=AXIS2_PLACEMENT_3D('',#11653,#9371,#9372);
#7893=AXIS2_PLACEMENT_3D('',#11657,#9375,#9376);
#7894=AXIS2_PLACEMENT_3D('',#11661,#9379,#9380);
#7895=AXIS2_PLACEMENT_3D('',#11665,#9383,#9384);
#7896=AXIS2_PLACEMENT_3D('',#11669,#9387,#9388);
#7897=AXIS2_PLACEMENT_3D('',#11673,#9391,#9392);
#7898=AXIS2_PLACEMENT_3D('',#11677,#9395,#9396);
#7899=AXIS2_PLACEMENT_3D('',#11681,#9399,#9400);
#7900=AXIS2_PLACEMENT_3D('',#11685,#9403,#9404);
#7901=AXIS2_PLACEMENT_3D('',#11689,#9407,#9408);
#7902=AXIS2_PLACEMENT_3D('',#11693,#9411,#9412);
#7903=AXIS2_PLACEMENT_3D('',#11697,#9415,#9416);
#7904=AXIS2_PLACEMENT_3D('',#11701,#9419,#9420);
#7905=AXIS2_PLACEMENT_3D('',#11705,#9423,#9424);
#7906=AXIS2_PLACEMENT_3D('',#11709,#9427,#9428);
#7907=AXIS2_PLACEMENT_3D('',#11713,#9431,#9432);
#7908=AXIS2_PLACEMENT_3D('',#11717,#9435,#9436);
#7909=AXIS2_PLACEMENT_3D('',#11721,#9439,#9440);
#7910=AXIS2_PLACEMENT_3D('',#11725,#9443,#9444);
#7911=AXIS2_PLACEMENT_3D('',#11729,#9447,#9448);
#7912=AXIS2_PLACEMENT_3D('',#11733,#9451,#9452);
#7913=AXIS2_PLACEMENT_3D('',#11737,#9455,#9456);
#7914=AXIS2_PLACEMENT_3D('',#11741,#9459,#9460);
#7915=AXIS2_PLACEMENT_3D('',#11745,#9463,#9464);
#7916=AXIS2_PLACEMENT_3D('',#11749,#9467,#9468);
#7917=AXIS2_PLACEMENT_3D('',#11753,#9471,#9472);
#7918=AXIS2_PLACEMENT_3D('',#11757,#9475,#9476);
#7919=AXIS2_PLACEMENT_3D('',#11761,#9479,#9480);
#7920=AXIS2_PLACEMENT_3D('',#11765,#9483,#9484);
#7921=AXIS2_PLACEMENT_3D('',#11769,#9487,#9488);
#7922=AXIS2_PLACEMENT_3D('',#11773,#9491,#9492);
#7923=AXIS2_PLACEMENT_3D('',#11777,#9495,#9496);
#7924=AXIS2_PLACEMENT_3D('',#11781,#9499,#9500);
#7925=AXIS2_PLACEMENT_3D('',#11785,#9503,#9504);
#7926=AXIS2_PLACEMENT_3D('',#11789,#9507,#9508);
#7927=AXIS2_PLACEMENT_3D('',#11793,#9511,#9512);
#7928=AXIS2_PLACEMENT_3D('',#11797,#9515,#9516);
#7929=AXIS2_PLACEMENT_3D('',#11801,#9519,#9520);
#7930=AXIS2_PLACEMENT_3D('',#11805,#9523,#9524);
#7931=AXIS2_PLACEMENT_3D('',#11809,#9527,#9528);
#7932=AXIS2_PLACEMENT_3D('',#11813,#9531,#9532);
#7933=AXIS2_PLACEMENT_3D('',#11817,#9535,#9536);
#7934=AXIS2_PLACEMENT_3D('',#11821,#9539,#9540);
#7935=AXIS2_PLACEMENT_3D('',#11825,#9543,#9544);
#7936=AXIS2_PLACEMENT_3D('',#11829,#9547,#9548);
#7937=AXIS2_PLACEMENT_3D('',#11833,#9551,#9552);
#7938=AXIS2_PLACEMENT_3D('',#11838,#9556,#9557);
#7939=AXIS2_PLACEMENT_3D('',#11840,#9559,#9560);
#7940=AXIS2_PLACEMENT_3D('',#11842,#9562,#9563);
#7941=AXIS2_PLACEMENT_3D('',#11844,#9565,#9566);
#7942=AXIS2_PLACEMENT_3D('',#11846,#9568,#9569);
#7943=AXIS2_PLACEMENT_3D('',#11848,#9571,#9572);
#7944=AXIS2_PLACEMENT_3D('',#11850,#9574,#9575);
#7945=AXIS2_PLACEMENT_3D('',#11852,#9577,#9578);
#7946=AXIS2_PLACEMENT_3D('',#11854,#9580,#9581);
#7947=AXIS2_PLACEMENT_3D('',#11856,#9583,#9584);
#7948=AXIS2_PLACEMENT_3D('',#11858,#9586,#9587);
#7949=AXIS2_PLACEMENT_3D('',#11860,#9589,#9590);
#7950=AXIS2_PLACEMENT_3D('',#11862,#9592,#9593);
#7951=AXIS2_PLACEMENT_3D('',#11864,#9595,#9596);
#7952=AXIS2_PLACEMENT_3D('',#11866,#9598,#9599);
#7953=AXIS2_PLACEMENT_3D('',#11868,#9601,#9602);
#7954=AXIS2_PLACEMENT_3D('',#11870,#9604,#9605);
#7955=AXIS2_PLACEMENT_3D('',#11872,#9607,#9608);
#7956=AXIS2_PLACEMENT_3D('',#11874,#9610,#9611);
#7957=AXIS2_PLACEMENT_3D('',#11876,#9613,#9614);
#7958=AXIS2_PLACEMENT_3D('',#11878,#9616,#9617);
#7959=AXIS2_PLACEMENT_3D('',#11880,#9619,#9620);
#7960=AXIS2_PLACEMENT_3D('',#11882,#9622,#9623);
#7961=AXIS2_PLACEMENT_3D('',#11884,#9625,#9626);
#7962=AXIS2_PLACEMENT_3D('',#11886,#9628,#9629);
#7963=AXIS2_PLACEMENT_3D('',#11888,#9631,#9632);
#7964=AXIS2_PLACEMENT_3D('',#11890,#9634,#9635);
#7965=AXIS2_PLACEMENT_3D('',#11892,#9637,#9638);
#7966=AXIS2_PLACEMENT_3D('',#11894,#9640,#9641);
#7967=AXIS2_PLACEMENT_3D('',#11896,#9643,#9644);
#7968=AXIS2_PLACEMENT_3D('',#11898,#9646,#9647);
#7969=AXIS2_PLACEMENT_3D('',#11900,#9649,#9650);
#7970=AXIS2_PLACEMENT_3D('',#11902,#9652,#9653);
#7971=AXIS2_PLACEMENT_3D('',#11904,#9655,#9656);
#7972=AXIS2_PLACEMENT_3D('',#11906,#9658,#9659);
#7973=AXIS2_PLACEMENT_3D('',#11908,#9661,#9662);
#7974=AXIS2_PLACEMENT_3D('',#11910,#9664,#9665);
#7975=AXIS2_PLACEMENT_3D('',#11912,#9667,#9668);
#7976=AXIS2_PLACEMENT_3D('',#11914,#9670,#9671);
#7977=AXIS2_PLACEMENT_3D('',#11916,#9673,#9674);
#7978=AXIS2_PLACEMENT_3D('',#11918,#9676,#9677);
#7979=AXIS2_PLACEMENT_3D('',#11920,#9679,#9680);
#7980=AXIS2_PLACEMENT_3D('',#11922,#9682,#9683);
#7981=AXIS2_PLACEMENT_3D('',#11924,#9685,#9686);
#7982=AXIS2_PLACEMENT_3D('',#11926,#9688,#9689);
#7983=AXIS2_PLACEMENT_3D('',#11928,#9691,#9692);
#7984=AXIS2_PLACEMENT_3D('',#11930,#9694,#9695);
#7985=AXIS2_PLACEMENT_3D('',#11932,#9697,#9698);
#7986=AXIS2_PLACEMENT_3D('',#11934,#9700,#9701);
#7987=AXIS2_PLACEMENT_3D('',#11936,#9703,#9704);
#7988=AXIS2_PLACEMENT_3D('',#11938,#9706,#9707);
#7989=AXIS2_PLACEMENT_3D('',#11940,#9709,#9710);
#7990=AXIS2_PLACEMENT_3D('',#11942,#9712,#9713);
#7991=AXIS2_PLACEMENT_3D('',#11944,#9715,#9716);
#7992=AXIS2_PLACEMENT_3D('',#11946,#9718,#9719);
#7993=AXIS2_PLACEMENT_3D('',#11948,#9721,#9722);
#7994=AXIS2_PLACEMENT_3D('',#11950,#9724,#9725);
#7995=AXIS2_PLACEMENT_3D('',#11952,#9727,#9728);
#7996=AXIS2_PLACEMENT_3D('',#11954,#9730,#9731);
#7997=AXIS2_PLACEMENT_3D('',#11956,#9733,#9734);
#7998=AXIS2_PLACEMENT_3D('',#11958,#9736,#9737);
#7999=AXIS2_PLACEMENT_3D('',#11960,#9739,#9740);
#8000=AXIS2_PLACEMENT_3D('',#11962,#9742,#9743);
#8001=AXIS2_PLACEMENT_3D('',#11964,#9745,#9746);
#8002=AXIS2_PLACEMENT_3D('',#11966,#9748,#9749);
#8003=AXIS2_PLACEMENT_3D('',#11968,#9751,#9752);
#8004=AXIS2_PLACEMENT_3D('',#11970,#9754,#9755);
#8005=AXIS2_PLACEMENT_3D('',#11972,#9757,#9758);
#8006=AXIS2_PLACEMENT_3D('',#11974,#9760,#9761);
#8007=AXIS2_PLACEMENT_3D('',#11976,#9763,#9764);
#8008=AXIS2_PLACEMENT_3D('',#11978,#9766,#9767);
#8009=AXIS2_PLACEMENT_3D('',#11980,#9769,#9770);
#8010=AXIS2_PLACEMENT_3D('',#11982,#9772,#9773);
#8011=AXIS2_PLACEMENT_3D('',#11984,#9775,#9776);
#8012=AXIS2_PLACEMENT_3D('',#11986,#9778,#9779);
#8013=AXIS2_PLACEMENT_3D('',#11988,#9781,#9782);
#8014=AXIS2_PLACEMENT_3D('',#11990,#9784,#9785);
#8015=AXIS2_PLACEMENT_3D('',#11992,#9787,#9788);
#8016=AXIS2_PLACEMENT_3D('',#11994,#9790,#9791);
#8017=AXIS2_PLACEMENT_3D('',#11996,#9793,#9794);
#8018=AXIS2_PLACEMENT_3D('',#11998,#9796,#9797);
#8019=AXIS2_PLACEMENT_3D('',#12000,#9799,#9800);
#8020=AXIS2_PLACEMENT_3D('',#12002,#9802,#9803);
#8021=AXIS2_PLACEMENT_3D('',#12004,#9805,#9806);
#8022=AXIS2_PLACEMENT_3D('',#12006,#9808,#9809);
#8023=AXIS2_PLACEMENT_3D('',#12008,#9811,#9812);
#8024=AXIS2_PLACEMENT_3D('',#12010,#9814,#9815);
#8025=AXIS2_PLACEMENT_3D('',#12012,#9817,#9818);
#8026=AXIS2_PLACEMENT_3D('',#12014,#9820,#9821);
#8027=AXIS2_PLACEMENT_3D('',#12016,#9823,#9824);
#8028=AXIS2_PLACEMENT_3D('',#12018,#9826,#9827);
#8029=AXIS2_PLACEMENT_3D('',#12019,#9828,#9829);
#8030=AXIS2_PLACEMENT_3D('',#12020,#9830,#9831);
#8031=AXIS2_PLACEMENT_3D('',#12034,#9839,#9840);
#8032=AXIS2_PLACEMENT_3D('',#12036,#9842,#9843);
#8033=AXIS2_PLACEMENT_3D('',#12041,#9847,#9848);
#8034=AXIS2_PLACEMENT_3D('',#12046,#9852,#9853);
#8035=AXIS2_PLACEMENT_3D('',#12047,#9854,#9855);
#8036=AXIS2_PLACEMENT_3D('',#12049,#9857,#9858);
#8037=AXIS2_PLACEMENT_3D('',#12050,#9859,#9860);
#8038=AXIS2_PLACEMENT_3D('',#12051,#9861,#9862);
#8039=AXIS2_PLACEMENT_3D('',#12053,#9863,#9864);
#8040=AXIS2_PLACEMENT_3D('',#12054,#9865,#9866);
#8041=AXIS2_PLACEMENT_3D('',#12055,#9867,#9868);
#8042=AXIS2_PLACEMENT_3D('',#12057,#9869,#9870);
#8043=AXIS2_PLACEMENT_3D('',#12058,#9871,#9872);
#8044=AXIS2_PLACEMENT_3D('',#12060,#9874,#9875);
#8045=DIRECTION('',(0.,0.,1.));
#8046=DIRECTION('',(1.,0.,0.));
#8047=DIRECTION('',(0.,0.,-1.));
#8048=DIRECTION('',(-1.,0.,0.));
#8049=DIRECTION('',(0.,0.,1.));
#8050=DIRECTION('',(1.,0.,0.));
#8051=DIRECTION('',(-1.,0.,0.));
#8052=DIRECTION('',(0.,-1.,0.));
#8053=DIRECTION('',(-1.,0.,0.));
#8054=DIRECTION('',(-0.650936559340652,-0.759132133237524,0.));
#8055=DIRECTION('',(-1.,-1.54455430821704E-16,0.));
#8056=DIRECTION('',(0.957086477077899,-0.28980247651567,0.));
#8057=DIRECTION('',(0.,1.,0.));
#8058=DIRECTION('',(0.957086477077897,0.289802476515677,0.));
#8059=DIRECTION('',(0.,-1.,0.));
#8060=DIRECTION('',(0.957086477077899,-0.28980247651567,0.));
#8061=DIRECTION('',(0.,1.,0.));
#8062=DIRECTION('',(0.957086477077897,0.289802476515677,0.));
#8063=DIRECTION('',(0.,-1.,0.));
#8064=DIRECTION('',(0.957086477077899,-0.28980247651567,0.));
#8065=DIRECTION('',(0.,1.,0.));
#8066=DIRECTION('',(0.957086477077897,0.289802476515677,0.));
#8067=DIRECTION('',(0.,-1.,0.));
#8068=DIRECTION('',(0.957086477077899,-0.28980247651567,0.));
#8069=DIRECTION('',(0.,1.,0.));
#8070=DIRECTION('',(0.957086477077897,0.289802476515677,0.));
#8071=DIRECTION('',(0.,-1.,0.));
#8072=DIRECTION('',(0.957086477077899,-0.28980247651567,0.));
#8073=DIRECTION('',(0.,1.,0.));
#8074=DIRECTION('',(0.957086477077897,0.289802476515677,0.));
#8075=DIRECTION('',(0.,-1.,0.));
#8076=DIRECTION('',(0.957086477077899,-0.28980247651567,0.));
#8077=DIRECTION('',(0.,1.,0.));
#8078=DIRECTION('',(0.957086477077897,0.289802476515677,0.));
#8079=DIRECTION('',(0.,-1.,0.));
#8080=DIRECTION('',(0.957086477077899,-0.28980247651567,0.));
#8081=DIRECTION('',(0.,1.,0.));
#8082=DIRECTION('',(0.957086477077897,0.289802476515677,0.));
#8083=DIRECTION('',(0.,-1.,0.));
#8084=DIRECTION('',(0.957086477077899,-0.28980247651567,0.));
#8085=DIRECTION('',(0.,1.,0.));
#8086=DIRECTION('',(0.957086477077897,0.289802476515677,0.));
#8087=DIRECTION('',(0.,-1.,0.));
#8088=DIRECTION('',(0.957086477077899,-0.28980247651567,0.));
#8089=DIRECTION('',(0.,1.,0.));
#8090=DIRECTION('',(0.957086477077897,0.289802476515677,0.));
#8091=DIRECTION('',(0.,-1.,0.));
#8092=DIRECTION('',(0.957086477077899,-0.28980247651567,0.));
#8093=DIRECTION('',(0.,1.,0.));
#8094=DIRECTION('',(0.957086477077897,0.289802476515677,0.));
#8095=DIRECTION('',(0.,-1.,0.));
#8096=DIRECTION('',(0.957086477077899,-0.28980247651567,0.));
#8097=DIRECTION('',(0.,1.,0.));
#8098=DIRECTION('',(0.957086477077897,0.289802476515677,0.));
#8099=DIRECTION('',(0.,-1.,0.));
#8100=DIRECTION('',(0.957086477077899,-0.28980247651567,0.));
#8101=DIRECTION('',(0.,1.,0.));
#8102=DIRECTION('',(0.957086477077897,0.289802476515677,0.));
#8103=DIRECTION('',(0.,-1.,0.));
#8104=DIRECTION('',(0.957086477077899,-0.28980247651567,0.));
#8105=DIRECTION('',(0.,1.,0.));
#8106=DIRECTION('',(0.957086477077897,0.289802476515677,0.));
#8107=DIRECTION('',(0.,-1.,0.));
#8108=DIRECTION('',(0.957086477077899,-0.28980247651567,0.));
#8109=DIRECTION('',(0.,1.,0.));
#8110=DIRECTION('',(0.957086477077897,0.289802476515677,0.));
#8111=DIRECTION('',(0.,-1.,0.));
#8112=DIRECTION('',(0.957086477077899,-0.28980247651567,0.));
#8113=DIRECTION('',(0.,1.,0.));
#8114=DIRECTION('',(0.957086477077897,0.289802476515677,0.));
#8115=DIRECTION('',(0.,-1.,0.));
#8116=DIRECTION('',(0.957086477077899,-0.28980247651567,0.));
#8117=DIRECTION('',(0.,1.,0.));
#8118=DIRECTION('',(0.957086477077897,0.289802476515677,0.));
#8119=DIRECTION('',(0.,-1.,0.));
#8120=DIRECTION('',(0.957086477077899,-0.28980247651567,0.));
#8121=DIRECTION('',(0.,1.,0.));
#8122=DIRECTION('',(0.957086477077897,0.289802476515677,0.));
#8123=DIRECTION('',(0.,-1.,0.));
#8124=DIRECTION('',(0.957086477077899,-0.28980247651567,0.));
#8125=DIRECTION('',(0.,1.,0.));
#8126=DIRECTION('',(0.957086477077899,0.28980247651567,0.));
#8127=DIRECTION('',(0.,-1.,0.));
#8128=DIRECTION('',(0.957086477077899,-0.28980247651567,0.));
#8129=DIRECTION('',(0.,1.,0.));
#8130=DIRECTION('',(0.957086477077899,0.28980247651567,0.));
#8131=DIRECTION('',(0.,-1.,0.));
#8132=DIRECTION('',(0.957086477077899,-0.28980247651567,0.));
#8133=DIRECTION('',(0.,1.,0.));
#8134=DIRECTION('',(0.957086477077899,0.28980247651567,0.));
#8135=DIRECTION('',(0.,-1.,0.));
#8136=DIRECTION('',(0.957086477077899,-0.28980247651567,0.));
#8137=DIRECTION('',(0.,1.,0.));
#8138=DIRECTION('',(0.957086477077899,0.28980247651567,0.));
#8139=DIRECTION('',(0.,-1.,0.));
#8140=DIRECTION('',(0.957086477077899,-0.28980247651567,0.));
#8141=DIRECTION('',(0.,1.,0.));
#8142=DIRECTION('',(0.957086477077899,0.28980247651567,0.));
#8143=DIRECTION('',(0.,-1.,0.));
#8144=DIRECTION('',(0.957086477077899,-0.28980247651567,0.));
#8145=DIRECTION('',(0.,1.,0.));
#8146=DIRECTION('',(0.957086477077899,0.28980247651567,0.));
#8147=DIRECTION('',(0.,-1.,0.));
#8148=DIRECTION('',(0.957086477077899,-0.28980247651567,0.));
#8149=DIRECTION('',(0.,1.,0.));
#8150=DIRECTION('',(0.957086477077899,0.28980247651567,0.));
#8151=DIRECTION('',(0.,-1.,0.));
#8152=DIRECTION('',(0.95708647707791,-0.289802476515636,0.));
#8153=DIRECTION('',(-1.,0.,0.));
#8154=DIRECTION('',(-1.06660169400998E-16,-1.,0.));
#8155=DIRECTION('',(1.,-1.06660169400998E-16,0.));
#8156=DIRECTION('',(-1.06660169400998E-16,-1.,0.));
#8157=DIRECTION('',(1.,-1.06660169400998E-16,0.));
#8158=DIRECTION('',(0.00179222091602587,-0.999998393970804,0.));
#8159=DIRECTION('',(1.,0.,0.));
#8160=DIRECTION('',(0.957086477077899,0.28980247651567,0.));
#8161=DIRECTION('',(0.,-1.,0.));
#8162=DIRECTION('',(0.957086477077899,-0.28980247651567,0.));
#8163=DIRECTION('',(0.,1.,0.));
#8164=DIRECTION('',(0.957086477077899,0.28980247651567,0.));
#8165=DIRECTION('',(0.,-1.,0.));
#8166=DIRECTION('',(0.957086477077899,-0.28980247651567,0.));
#8167=DIRECTION('',(0.,1.,0.));
#8168=DIRECTION('',(0.957086477077899,0.28980247651567,0.));
#8169=DIRECTION('',(0.,-1.,0.));
#8170=DIRECTION('',(0.957086477077899,-0.28980247651567,0.));
#8171=DIRECTION('',(0.,1.,0.));
#8172=DIRECTION('',(0.957086477077899,0.28980247651567,0.));
#8173=DIRECTION('',(0.,-1.,0.));
#8174=DIRECTION('',(0.957086477077899,-0.28980247651567,0.));
#8175=DIRECTION('',(0.,1.,0.));
#8176=DIRECTION('',(0.957086477077899,0.28980247651567,0.));
#8177=DIRECTION('',(0.,-1.,0.));
#8178=DIRECTION('',(0.957086477077899,-0.28980247651567,0.));
#8179=DIRECTION('',(0.,1.,0.));
#8180=DIRECTION('',(0.957086477077899,0.28980247651567,0.));
#8181=DIRECTION('',(0.,-1.,0.));
#8182=DIRECTION('',(0.957086477077899,-0.28980247651567,0.));
#8183=DIRECTION('',(0.,1.,0.));
#8184=DIRECTION('',(0.957086477077899,0.28980247651567,0.));
#8185=DIRECTION('',(0.,-1.,0.));
#8186=DIRECTION('',(0.957086477077899,-0.28980247651567,0.));
#8187=DIRECTION('',(0.,1.,0.));
#8188=DIRECTION('',(0.957086477077899,0.28980247651567,0.));
#8189=DIRECTION('',(0.,-1.,0.));
#8190=DIRECTION('',(0.957086477077899,-0.28980247651567,0.));
#8191=DIRECTION('',(0.,1.,0.));
#8192=DIRECTION('',(0.957086477077899,0.28980247651567,0.));
#8193=DIRECTION('',(0.,-1.,0.));
#8194=DIRECTION('',(0.957086477077899,-0.28980247651567,0.));
#8195=DIRECTION('',(0.,1.,0.));
#8196=DIRECTION('',(0.957086477077899,0.28980247651567,0.));
#8197=DIRECTION('',(0.,-1.,0.));
#8198=DIRECTION('',(0.957086477077899,-0.28980247651567,0.));
#8199=DIRECTION('',(0.,1.,0.));
#8200=DIRECTION('',(0.957086477077899,0.28980247651567,0.));
#8201=DIRECTION('',(0.,-1.,0.));
#8202=DIRECTION('',(0.957086477077899,-0.28980247651567,0.));
#8203=DIRECTION('',(0.,1.,0.));
#8204=DIRECTION('',(0.957086477077899,0.28980247651567,0.));
#8205=DIRECTION('',(0.,-1.,0.));
#8206=DIRECTION('',(0.957086477077899,-0.28980247651567,0.));
#8207=DIRECTION('',(0.,1.,0.));
#8208=DIRECTION('',(0.957086477077899,0.28980247651567,0.));
#8209=DIRECTION('',(0.,-1.,0.));
#8210=DIRECTION('',(0.957086477077899,-0.28980247651567,0.));
#8211=DIRECTION('',(0.,1.,0.));
#8212=DIRECTION('',(0.957086477077899,0.28980247651567,0.));
#8213=DIRECTION('',(0.,-1.,0.));
#8214=DIRECTION('',(0.957086477077899,-0.28980247651567,0.));
#8215=DIRECTION('',(0.,1.,0.));
#8216=DIRECTION('',(0.957086477077899,0.28980247651567,0.));
#8217=DIRECTION('',(0.,-1.,0.));
#8218=DIRECTION('',(0.957086477077899,-0.28980247651567,0.));
#8219=DIRECTION('',(0.,1.,0.));
#8220=DIRECTION('',(0.957086477077899,0.28980247651567,0.));
#8221=DIRECTION('',(0.,-1.,0.));
#8222=DIRECTION('',(0.957086477077899,-0.28980247651567,0.));
#8223=DIRECTION('',(0.,1.,0.));
#8224=DIRECTION('',(0.957086477077899,0.28980247651567,0.));
#8225=DIRECTION('',(0.,-1.,0.));
#8226=DIRECTION('',(0.957086477077899,-0.28980247651567,0.));
#8227=DIRECTION('',(0.,1.,0.));
#8228=DIRECTION('',(0.957086477077899,0.28980247651567,0.));
#8229=DIRECTION('',(0.,-1.,0.));
#8230=DIRECTION('',(0.957086477077899,-0.28980247651567,0.));
#8231=DIRECTION('',(0.,1.,0.));
#8232=DIRECTION('',(0.957086477077899,0.28980247651567,0.));
#8233=DIRECTION('',(0.,-1.,0.));
#8234=DIRECTION('',(0.957086477077899,-0.28980247651567,0.));
#8235=DIRECTION('',(0.,1.,0.));
#8236=DIRECTION('',(0.957086477077899,0.28980247651567,0.));
#8237=DIRECTION('',(0.,-1.,0.));
#8238=DIRECTION('',(0.957086477077899,-0.28980247651567,0.));
#8239=DIRECTION('',(0.,1.,0.));
#8240=DIRECTION('',(0.957086477077899,0.28980247651567,0.));
#8241=DIRECTION('',(0.,-1.,0.));
#8242=DIRECTION('',(0.957086477077899,-0.28980247651567,0.));
#8243=DIRECTION('',(0.,1.,0.));
#8244=DIRECTION('',(0.957086477077899,0.28980247651567,0.));
#8245=DIRECTION('',(0.,-1.,0.));
#8246=DIRECTION('',(0.957086477077899,-0.28980247651567,0.));
#8247=DIRECTION('',(0.,1.,0.));
#8248=DIRECTION('',(0.957086477077899,0.28980247651567,0.));
#8249=DIRECTION('',(0.,-1.,0.));
#8250=DIRECTION('',(0.957086477077899,-0.28980247651567,0.));
#8251=DIRECTION('',(0.,1.,0.));
#8252=DIRECTION('',(0.957086477077899,0.28980247651567,0.));
#8253=DIRECTION('',(0.,-1.,0.));
#8254=DIRECTION('',(0.957086477077899,-0.28980247651567,0.));
#8255=DIRECTION('',(0.,1.,0.));
#8256=DIRECTION('',(0.957086477077899,0.28980247651567,0.));
#8257=DIRECTION('',(0.,-1.,0.));
#8258=DIRECTION('',(0.957086477077899,-0.28980247651567,0.));
#8259=DIRECTION('',(0.,1.,0.));
#8260=DIRECTION('',(0.957086477077899,0.28980247651567,0.));
#8261=DIRECTION('',(0.,-1.,0.));
#8262=DIRECTION('',(0.957086477077899,-0.28980247651567,0.));
#8263=DIRECTION('',(0.,1.,0.));
#8264=DIRECTION('',(0.957086477077899,0.28980247651567,0.));
#8265=DIRECTION('',(0.,-1.,0.));
#8266=DIRECTION('',(0.957086477077899,-0.28980247651567,0.));
#8267=DIRECTION('',(0.,1.,0.));
#8268=DIRECTION('',(0.957086477077899,0.28980247651567,0.));
#8269=DIRECTION('',(0.,-1.,0.));
#8270=DIRECTION('',(0.957086477077899,-0.28980247651567,0.));
#8271=DIRECTION('',(0.,1.,0.));
#8272=DIRECTION('',(-1.,1.54455430821704E-16,0.));
#8273=DIRECTION('',(-0.650936559340652,0.759132133237524,0.));
#8274=DIRECTION('',(0.,0.,-1.));
#8275=DIRECTION('',(1.,0.,0.));
#8276=DIRECTION('',(0.829503845634006,-8.84750206941025E-17,0.55850100275505));
#8277=DIRECTION('',(0.55850100275505,0.,-0.829503845634005));
#8278=DIRECTION('',(-0.55850100275505,5.9569811564481E-17,0.829503845634005));
#8279=DIRECTION('',(-1.06660169400998E-16,-1.,0.));
#8280=DIRECTION('',(-0.55850100275505,5.9569811564481E-17,0.829503845634005));
#8281=DIRECTION('',(-1.06660169400998E-16,-1.,0.));
#8282=DIRECTION('',(0.,0.,-1.));
#8283=DIRECTION('',(-1.,0.,0.));
#8284=DIRECTION('',(-1.06660169400998E-16,-1.,0.));
#8285=DIRECTION('',(-1.,0.,0.));
#8286=DIRECTION('',(0.95708647707791,-0.289802476515636,0.));
#8287=DIRECTION('',(0.,-1.,0.));
#8288=DIRECTION('',(0.957086477077899,0.28980247651567,0.));
#8289=DIRECTION('',(0.,1.,0.));
#8290=DIRECTION('',(0.957086477077899,-0.28980247651567,0.));
#8291=DIRECTION('',(0.,-1.,0.));
#8292=DIRECTION('',(0.957086477077899,0.28980247651567,0.));
#8293=DIRECTION('',(0.,1.,0.));
#8294=DIRECTION('',(0.957086477077899,-0.28980247651567,0.));
#8295=DIRECTION('',(0.,-1.,0.));
#8296=DIRECTION('',(0.957086477077899,0.28980247651567,0.));
#8297=DIRECTION('',(0.,1.,0.));
#8298=DIRECTION('',(0.957086477077899,-0.28980247651567,0.));
#8299=DIRECTION('',(0.,-1.,0.));
#8300=DIRECTION('',(0.957086477077899,0.28980247651567,0.));
#8301=DIRECTION('',(0.,1.,0.));
#8302=DIRECTION('',(0.957086477077899,-0.28980247651567,0.));
#8303=DIRECTION('',(0.,-1.,0.));
#8304=DIRECTION('',(0.957086477077899,0.28980247651567,0.));
#8305=DIRECTION('',(0.,1.,0.));
#8306=DIRECTION('',(0.957086477077899,-0.28980247651567,0.));
#8307=DIRECTION('',(0.,-1.,0.));
#8308=DIRECTION('',(0.957086477077899,0.28980247651567,0.));
#8309=DIRECTION('',(0.,1.,0.));
#8310=DIRECTION('',(0.957086477077899,-0.28980247651567,0.));
#8311=DIRECTION('',(0.,-1.,0.));
#8312=DIRECTION('',(0.957086477077899,0.28980247651567,0.));
#8313=DIRECTION('',(0.,1.,0.));
#8314=DIRECTION('',(0.957086477077899,-0.28980247651567,0.));
#8315=DIRECTION('',(0.,-1.,0.));
#8316=DIRECTION('',(0.957086477077897,0.289802476515677,0.));
#8317=DIRECTION('',(0.,1.,0.));
#8318=DIRECTION('',(0.957086477077899,-0.28980247651567,0.));
#8319=DIRECTION('',(0.,-1.,0.));
#8320=DIRECTION('',(0.957086477077897,0.289802476515677,0.));
#8321=DIRECTION('',(0.,1.,0.));
#8322=DIRECTION('',(0.957086477077899,-0.28980247651567,0.));
#8323=DIRECTION('',(0.,-1.,0.));
#8324=DIRECTION('',(0.957086477077897,0.289802476515677,0.));
#8325=DIRECTION('',(0.,1.,0.));
#8326=DIRECTION('',(0.957086477077899,-0.28980247651567,0.));
#8327=DIRECTION('',(0.,-1.,0.));
#8328=DIRECTION('',(0.957086477077897,0.289802476515677,0.));
#8329=DIRECTION('',(0.,1.,0.));
#8330=DIRECTION('',(0.957086477077899,-0.28980247651567,0.));
#8331=DIRECTION('',(0.,-1.,0.));
#8332=DIRECTION('',(0.957086477077897,0.289802476515677,0.));
#8333=DIRECTION('',(0.,1.,0.));
#8334=DIRECTION('',(0.957086477077899,-0.28980247651567,0.));
#8335=DIRECTION('',(0.,-1.,0.));
#8336=DIRECTION('',(0.957086477077897,0.289802476515677,0.));
#8337=DIRECTION('',(0.,1.,0.));
#8338=DIRECTION('',(0.957086477077899,-0.28980247651567,0.));
#8339=DIRECTION('',(0.,-1.,0.));
#8340=DIRECTION('',(0.957086477077897,0.289802476515677,0.));
#8341=DIRECTION('',(0.,1.,0.));
#8342=DIRECTION('',(0.957086477077899,-0.28980247651567,0.));
#8343=DIRECTION('',(0.,-1.,0.));
#8344=DIRECTION('',(0.957086477077897,0.289802476515677,0.));
#8345=DIRECTION('',(0.,1.,0.));
#8346=DIRECTION('',(0.957086477077899,-0.28980247651567,0.));
#8347=DIRECTION('',(0.,-1.,0.));
#8348=DIRECTION('',(0.957086477077897,0.289802476515677,0.));
#8349=DIRECTION('',(0.,1.,0.));
#8350=DIRECTION('',(0.957086477077899,-0.28980247651567,0.));
#8351=DIRECTION('',(0.,-1.,0.));
#8352=DIRECTION('',(0.957086477077897,0.289802476515677,0.));
#8353=DIRECTION('',(0.,1.,0.));
#8354=DIRECTION('',(0.957086477077899,-0.28980247651567,0.));
#8355=DIRECTION('',(0.,-1.,0.));
#8356=DIRECTION('',(0.957086477077897,0.289802476515677,0.));
#8357=DIRECTION('',(0.,1.,0.));
#8358=DIRECTION('',(0.957086477077899,-0.28980247651567,0.));
#8359=DIRECTION('',(0.,-1.,0.));
#8360=DIRECTION('',(0.957086477077897,0.289802476515677,0.));
#8361=DIRECTION('',(0.,1.,0.));
#8362=DIRECTION('',(0.957086477077899,-0.28980247651567,0.));
#8363=DIRECTION('',(0.,-1.,0.));
#8364=DIRECTION('',(0.957086477077897,0.289802476515677,0.));
#8365=DIRECTION('',(0.,1.,0.));
#8366=DIRECTION('',(0.957086477077899,-0.28980247651567,0.));
#8367=DIRECTION('',(0.,-1.,0.));
#8368=DIRECTION('',(0.957086477077897,0.289802476515677,0.));
#8369=DIRECTION('',(0.,1.,0.));
#8370=DIRECTION('',(0.957086477077899,-0.28980247651567,0.));
#8371=DIRECTION('',(0.,-1.,0.));
#8372=DIRECTION('',(0.957086477077897,0.289802476515677,0.));
#8373=DIRECTION('',(0.,1.,0.));
#8374=DIRECTION('',(0.957086477077899,-0.28980247651567,0.));
#8375=DIRECTION('',(0.,-1.,0.));
#8376=DIRECTION('',(0.957086477077897,0.289802476515677,0.));
#8377=DIRECTION('',(0.,1.,0.));
#8378=DIRECTION('',(0.957086477077899,-0.28980247651567,0.));
#8379=DIRECTION('',(0.,-1.,0.));
#8380=DIRECTION('',(0.957086477077897,0.289802476515677,0.));
#8381=DIRECTION('',(0.,1.,0.));
#8382=DIRECTION('',(0.957086477077899,-0.28980247651567,0.));
#8383=DIRECTION('',(0.,-1.,0.));
#8384=DIRECTION('',(0.957086477077897,0.289802476515677,0.));
#8385=DIRECTION('',(0.,1.,0.));
#8386=DIRECTION('',(0.957086477077899,-0.28980247651567,0.));
#8387=DIRECTION('',(0.,-1.,0.));
#8388=DIRECTION('',(0.957086477077897,0.289802476515677,0.));
#8389=DIRECTION('',(0.,1.,0.));
#8390=DIRECTION('',(0.957086477077899,-0.28980247651567,0.));
#8391=DIRECTION('',(0.,-1.,0.));
#8392=DIRECTION('',(0.957086477077897,0.289802476515677,0.));
#8393=DIRECTION('',(0.,1.,0.));
#8394=DIRECTION('',(0.957086477077899,-0.28980247651567,0.));
#8395=DIRECTION('',(0.,-1.,0.));
#8396=DIRECTION('',(0.957086477077897,0.289802476515677,0.));
#8397=DIRECTION('',(0.,1.,0.));
#8398=DIRECTION('',(0.957086477077899,-0.28980247651567,0.));
#8399=DIRECTION('',(0.,-1.,0.));
#8400=DIRECTION('',(0.957086477077897,0.289802476515677,0.));
#8401=DIRECTION('',(0.,1.,0.));
#8402=DIRECTION('',(0.957086477077899,-0.28980247651567,0.));
#8403=DIRECTION('',(0.,-1.,0.));
#8404=DIRECTION('',(0.957086477077897,0.289802476515677,0.));
#8405=DIRECTION('',(0.,1.,0.));
#8406=DIRECTION('',(0.957086477077899,-0.28980247651567,0.));
#8407=DIRECTION('',(0.,-1.,0.));
#8408=DIRECTION('',(0.957086477077897,0.289802476515677,0.));
#8409=DIRECTION('',(0.,1.,0.));
#8410=DIRECTION('',(0.957086477077899,-0.28980247651567,0.));
#8411=DIRECTION('',(0.,-1.,0.));
#8412=DIRECTION('',(0.957086477077897,0.289802476515677,0.));
#8413=DIRECTION('',(0.,1.,0.));
#8414=DIRECTION('',(0.957086477077899,-0.28980247651567,0.));
#8415=DIRECTION('',(0.,-1.,0.));
#8416=DIRECTION('',(0.957086477077897,0.289802476515677,0.));
#8417=DIRECTION('',(0.,1.,0.));
#8418=DIRECTION('',(0.957086477077899,-0.28980247651567,0.));
#8419=DIRECTION('',(0.,-1.,0.));
#8420=DIRECTION('',(0.957086477077897,0.289802476515677,0.));
#8421=DIRECTION('',(0.,1.,0.));
#8422=DIRECTION('',(0.957086477077899,-0.28980247651567,0.));
#8423=DIRECTION('',(0.,-1.,0.));
#8424=DIRECTION('',(0.957086477077897,0.289802476515677,0.));
#8425=DIRECTION('',(0.,1.,0.));
#8426=DIRECTION('',(0.957086477077899,-0.28980247651567,0.));
#8427=DIRECTION('',(0.,-1.,0.));
#8428=DIRECTION('',(0.957086477077897,0.289802476515677,0.));
#8429=DIRECTION('',(0.,1.,0.));
#8430=DIRECTION('',(0.957086477077899,-0.28980247651567,0.));
#8431=DIRECTION('',(0.,-1.,0.));
#8432=DIRECTION('',(0.957086477077897,0.289802476515677,0.));
#8433=DIRECTION('',(0.,1.,0.));
#8434=DIRECTION('',(0.957086477077899,-0.28980247651567,0.));
#8435=DIRECTION('',(0.,-1.,0.));
#8436=DIRECTION('',(0.957086477077897,0.289802476515677,0.));
#8437=DIRECTION('',(0.,1.,0.));
#8438=DIRECTION('',(0.957086477077899,-0.28980247651567,0.));
#8439=DIRECTION('',(0.,-1.,0.));
#8440=DIRECTION('',(0.957086477077897,0.289802476515677,0.));
#8441=DIRECTION('',(0.,1.,0.));
#8442=DIRECTION('',(0.957086477077899,-0.28980247651567,0.));
#8443=DIRECTION('',(0.,-1.,0.));
#8444=DIRECTION('',(0.957086477077897,0.289802476515677,0.));
#8445=DIRECTION('',(0.,1.,0.));
#8446=DIRECTION('',(0.957086477077899,-0.28980247651567,0.));
#8447=DIRECTION('',(0.,-1.,0.));
#8448=DIRECTION('',(0.957086477077897,0.289802476515677,0.));
#8449=DIRECTION('',(0.,1.,0.));
#8450=DIRECTION('',(0.957086477077899,-0.28980247651567,0.));
#8451=DIRECTION('',(0.,-1.,0.));
#8452=DIRECTION('',(0.957086477077897,0.289802476515677,0.));
#8453=DIRECTION('',(0.,1.,0.));
#8454=DIRECTION('',(0.957086477077899,-0.28980247651567,0.));
#8455=DIRECTION('',(0.,-1.,0.));
#8456=DIRECTION('',(0.957086477077899,0.28980247651567,0.));
#8457=DIRECTION('',(0.,1.,0.));
#8458=DIRECTION('',(0.957086477077899,-0.28980247651567,0.));
#8459=DIRECTION('',(0.,-1.,0.));
#8460=DIRECTION('',(0.957086477077899,0.28980247651567,0.));
#8461=DIRECTION('',(0.,1.,0.));
#8462=DIRECTION('',(0.957086477077899,-0.28980247651567,0.));
#8463=DIRECTION('',(0.,-1.,0.));
#8464=DIRECTION('',(0.957086477077899,0.28980247651567,0.));
#8465=DIRECTION('',(0.,1.,0.));
#8466=DIRECTION('',(0.957086477077899,-0.28980247651567,0.));
#8467=DIRECTION('',(0.,-1.,0.));
#8468=DIRECTION('',(0.957086477077899,0.28980247651567,0.));
#8469=DIRECTION('',(0.,1.,0.));
#8470=DIRECTION('',(0.957086477077899,-0.28980247651567,0.));
#8471=DIRECTION('',(0.,-1.,0.));
#8472=DIRECTION('',(0.957086477077899,0.28980247651567,0.));
#8473=DIRECTION('',(0.,1.,0.));
#8474=DIRECTION('',(0.957086477077899,-0.28980247651567,0.));
#8475=DIRECTION('',(0.,-1.,0.));
#8476=DIRECTION('',(0.957086477077899,0.28980247651567,0.));
#8477=DIRECTION('',(0.,1.,0.));
#8478=DIRECTION('',(0.957086477077899,-0.28980247651567,0.));
#8479=DIRECTION('',(0.,-1.,0.));
#8480=DIRECTION('',(0.957086477077899,0.28980247651567,0.));
#8481=DIRECTION('',(0.,1.,0.));
#8482=DIRECTION('',(0.957086477077899,-0.28980247651567,0.));
#8483=DIRECTION('',(0.,-1.,0.));
#8484=DIRECTION('',(0.957086477077899,0.28980247651567,0.));
#8485=DIRECTION('',(0.,1.,0.));
#8486=DIRECTION('',(0.957086477077899,-0.28980247651567,0.));
#8487=DIRECTION('',(0.,-1.,0.));
#8488=DIRECTION('',(0.957086477077899,0.28980247651567,0.));
#8489=DIRECTION('',(0.,1.,0.));
#8490=DIRECTION('',(0.957086477077899,-0.28980247651567,0.));
#8491=DIRECTION('',(0.,-1.,0.));
#8492=DIRECTION('',(0.957086477077899,0.28980247651567,0.));
#8493=DIRECTION('',(0.,1.,0.));
#8494=DIRECTION('',(0.957086477077899,-0.28980247651567,0.));
#8495=DIRECTION('',(0.,-1.,0.));
#8496=DIRECTION('',(0.957086477077899,0.28980247651567,0.));
#8497=DIRECTION('',(0.,1.,0.));
#8498=DIRECTION('',(0.957086477077899,-0.28980247651567,0.));
#8499=DIRECTION('',(0.,-1.,0.));
#8500=DIRECTION('',(0.957086477077899,0.28980247651567,0.));
#8501=DIRECTION('',(0.,1.,0.));
#8502=DIRECTION('',(0.957086477077899,-0.28980247651567,0.));
#8503=DIRECTION('',(0.,-1.,0.));
#8504=DIRECTION('',(0.957086477077899,0.28980247651567,0.));
#8505=DIRECTION('',(0.,1.,0.));
#8506=DIRECTION('',(0.957086477077899,-0.28980247651567,0.));
#8507=DIRECTION('',(0.,-1.,0.));
#8508=DIRECTION('',(0.957086477077899,0.28980247651567,0.));
#8509=DIRECTION('',(0.,1.,0.));
#8510=DIRECTION('',(0.957086477077899,-0.28980247651567,0.));
#8511=DIRECTION('',(0.,-1.,0.));
#8512=DIRECTION('',(0.957086477077899,0.28980247651567,0.));
#8513=DIRECTION('',(0.,1.,0.));
#8514=DIRECTION('',(0.957086477077899,-0.28980247651567,0.));
#8515=DIRECTION('',(0.,-1.,0.));
#8516=DIRECTION('',(0.957086477077899,0.28980247651567,0.));
#8517=DIRECTION('',(0.,1.,0.));
#8518=DIRECTION('',(0.957086477077899,-0.28980247651567,0.));
#8519=DIRECTION('',(0.,-1.,0.));
#8520=DIRECTION('',(0.957086477077899,0.28980247651567,0.));
#8521=DIRECTION('',(0.,1.,0.));
#8522=DIRECTION('',(0.957086477077899,-0.28980247651567,0.));
#8523=DIRECTION('',(0.,-1.,0.));
#8524=DIRECTION('',(0.957086477077899,0.28980247651567,0.));
#8525=DIRECTION('',(0.,1.,0.));
#8526=DIRECTION('',(0.957086477077899,-0.28980247651567,0.));
#8527=DIRECTION('',(0.,-1.,0.));
#8528=DIRECTION('',(0.957086477077899,0.28980247651567,0.));
#8529=DIRECTION('',(0.,1.,0.));
#8530=DIRECTION('',(0.957086477077899,-0.28980247651567,0.));
#8531=DIRECTION('',(0.,-1.,0.));
#8532=DIRECTION('',(0.957086477077899,0.28980247651567,0.));
#8533=DIRECTION('',(0.,1.,0.));
#8534=DIRECTION('',(0.957086477077899,-0.28980247651567,0.));
#8535=DIRECTION('',(0.,-1.,0.));
#8536=DIRECTION('',(0.957086477077899,0.28980247651567,0.));
#8537=DIRECTION('',(0.,1.,0.));
#8538=DIRECTION('',(0.957086477077899,-0.28980247651567,0.));
#8539=DIRECTION('',(0.,-1.,0.));
#8540=DIRECTION('',(0.957086477077899,0.28980247651567,0.));
#8541=DIRECTION('',(0.,1.,0.));
#8542=DIRECTION('',(0.957086477077899,-0.28980247651567,0.));
#8543=DIRECTION('',(0.,-1.,0.));
#8544=DIRECTION('',(0.957086477077899,0.28980247651567,0.));
#8545=DIRECTION('',(0.,1.,0.));
#8546=DIRECTION('',(0.957086477077899,-0.28980247651567,0.));
#8547=DIRECTION('',(0.,-1.,0.));
#8548=DIRECTION('',(0.957086477077899,0.28980247651567,0.));
#8549=DIRECTION('',(0.,1.,0.));
#8550=DIRECTION('',(0.957086477077899,-0.28980247651567,0.));
#8551=DIRECTION('',(0.,-1.,0.));
#8552=DIRECTION('',(0.957086477077899,0.28980247651567,0.));
#8553=DIRECTION('',(0.,1.,0.));
#8554=DIRECTION('',(0.957086477077899,-0.28980247651567,0.));
#8555=DIRECTION('',(0.,-1.,0.));
#8556=DIRECTION('',(0.957086477077899,0.28980247651567,0.));
#8557=DIRECTION('',(0.,1.,0.));
#8558=DIRECTION('',(0.957086477077899,-0.28980247651567,0.));
#8559=DIRECTION('',(0.,-1.,0.));
#8560=DIRECTION('',(0.957086477077899,0.28980247651567,0.));
#8561=DIRECTION('',(0.,1.,0.));
#8562=DIRECTION('',(0.957086477077899,-0.28980247651567,0.));
#8563=DIRECTION('',(0.,-1.,0.));
#8564=DIRECTION('',(0.957086477077899,0.28980247651567,0.));
#8565=DIRECTION('',(0.,1.,0.));
#8566=DIRECTION('',(0.957086477077899,-0.28980247651567,0.));
#8567=DIRECTION('',(0.,-1.,0.));
#8568=DIRECTION('',(0.957086477077899,0.28980247651567,0.));
#8569=DIRECTION('',(0.,1.,0.));
#8570=DIRECTION('',(0.957086477077899,-0.28980247651567,0.));
#8571=DIRECTION('',(0.,-1.,0.));
#8572=DIRECTION('',(0.957086477077899,0.28980247651567,0.));
#8573=DIRECTION('',(0.,1.,0.));
#8574=DIRECTION('',(0.957086477077899,-0.28980247651567,0.));
#8575=DIRECTION('',(0.,-1.,0.));
#8576=DIRECTION('',(0.957086477077899,0.28980247651567,0.));
#8577=DIRECTION('',(0.,1.,0.));
#8578=DIRECTION('',(0.957086477077899,-0.28980247651567,0.));
#8579=DIRECTION('',(0.,-1.,0.));
#8580=DIRECTION('',(0.957086477077899,0.28980247651567,0.));
#8581=DIRECTION('',(0.,1.,0.));
#8582=DIRECTION('',(0.957086477077899,-0.28980247651567,0.));
#8583=DIRECTION('',(0.,-1.,0.));
#8584=DIRECTION('',(0.957086477077899,0.28980247651567,0.));
#8585=DIRECTION('',(0.,1.,0.));
#8586=DIRECTION('',(0.957086477077899,-0.28980247651567,0.));
#8587=DIRECTION('',(0.,-1.,0.));
#8588=DIRECTION('',(0.957086477077899,0.28980247651567,0.));
#8589=DIRECTION('',(0.,1.,0.));
#8590=DIRECTION('',(0.957086477077899,-0.28980247651567,0.));
#8591=DIRECTION('',(0.,-1.,0.));
#8592=DIRECTION('',(0.957086477077899,0.28980247651567,0.));
#8593=DIRECTION('',(0.,1.,0.));
#8594=DIRECTION('',(0.957086477077899,-0.28980247651567,0.));
#8595=DIRECTION('',(0.,-1.,0.));
#8596=DIRECTION('',(0.957086477077899,0.28980247651567,0.));
#8597=DIRECTION('',(0.,1.,0.));
#8598=DIRECTION('',(0.957086477077899,-0.28980247651567,0.));
#8599=DIRECTION('',(0.,-1.,0.));
#8600=DIRECTION('',(0.957086477077899,0.28980247651567,0.));
#8601=DIRECTION('',(0.,1.,0.));
#8602=DIRECTION('',(0.957086477077899,-0.28980247651567,0.));
#8603=DIRECTION('',(0.,-1.,0.));
#8604=DIRECTION('',(0.957086477077899,0.28980247651567,0.));
#8605=DIRECTION('',(0.,1.,0.));
#8606=DIRECTION('',(0.957086477077899,-0.28980247651567,0.));
#8607=DIRECTION('',(0.,-1.,0.));
#8608=DIRECTION('',(0.957086477077899,0.28980247651567,0.));
#8609=DIRECTION('',(0.,1.,0.));
#8610=DIRECTION('',(0.957086477077899,-0.28980247651567,0.));
#8611=DIRECTION('',(0.,-1.,0.));
#8612=DIRECTION('',(0.957086477077899,0.28980247651567,0.));
#8613=DIRECTION('',(0.,1.,0.));
#8614=DIRECTION('',(0.957086477077899,-0.28980247651567,0.));
#8615=DIRECTION('',(0.,-1.,0.));
#8616=DIRECTION('',(0.957086477077899,0.28980247651567,0.));
#8617=DIRECTION('',(0.,1.,0.));
#8618=DIRECTION('',(0.957086477077899,-0.28980247651567,0.));
#8619=DIRECTION('',(0.,-1.,0.));
#8620=DIRECTION('',(0.957086477077899,0.28980247651567,0.));
#8621=DIRECTION('',(0.,1.,0.));
#8622=DIRECTION('',(0.957086477077899,-0.28980247651567,0.));
#8623=DIRECTION('',(0.,-1.,0.));
#8624=DIRECTION('',(0.957086477077899,0.28980247651567,0.));
#8625=DIRECTION('',(0.,1.,0.));
#8626=DIRECTION('',(0.957086477077899,-0.28980247651567,0.));
#8627=DIRECTION('',(0.,-1.,0.));
#8628=DIRECTION('',(0.957086477077899,0.28980247651567,0.));
#8629=DIRECTION('',(1.,0.,0.));
#8630=DIRECTION('',(0.00179222091602587,-0.999998393970804,0.));
#8631=DIRECTION('',(1.,-1.06660169400998E-16,0.));
#8632=DIRECTION('',(1.,-1.06660169400998E-16,0.));
#8633=DIRECTION('',(1.,-1.06660169400998E-16,0.));
#8634=DIRECTION('',(1.06660169400998E-16,1.,0.));
#8635=DIRECTION('',(0.,0.,1.));
#8636=DIRECTION('',(0.,0.,-1.));
#8637=DIRECTION('',(-0.829503845634005,8.84750206941025E-17,0.55850100275505));
#8638=DIRECTION('',(0.55850100275505,0.,0.829503845634005));
#8639=DIRECTION('',(-0.55850100275505,5.9569811564481E-17,-0.829503845634005));
#8640=DIRECTION('',(-1.06660169400998E-16,-1.,0.));
#8641=DIRECTION('',(-0.55850100275505,5.9569811564481E-17,-0.829503845634005));
#8642=DIRECTION('',(-1.06660169400998E-16,-1.,0.));
#8643=DIRECTION('',(-1.,1.06660169400998E-16,0.));
#8644=DIRECTION('',(-1.06660169400998E-16,-1.,0.));
#8645=DIRECTION('',(0.,0.,-1.));
#8646=DIRECTION('',(0.,0.,-1.));
#8647=DIRECTION('',(1.06660169400998E-16,1.,0.));
#8648=DIRECTION('',(-1.,1.06660169400998E-16,0.));
#8649=DIRECTION('',(0.,0.,-1.));
#8650=DIRECTION('',(0.,0.,-1.));
#8651=DIRECTION('',(1.06660169400998E-16,1.,0.));
#8652=DIRECTION('',(-1.,1.06660169400998E-16,0.));
#8653=DIRECTION('',(0.,0.,-1.));
#8654=DIRECTION('',(0.,-1.,0.));
#8655=DIRECTION('',(0.,0.,-1.));
#8656=DIRECTION('',(0.,0.,-1.));
#8657=DIRECTION('',(0.28980247651567,0.957086477077899,0.));
#8658=DIRECTION('',(-0.957086477077899,0.28980247651567,0.));
#8659=DIRECTION('',(0.,0.,-1.));
#8660=DIRECTION('',(0.,0.,-1.));
#8661=DIRECTION('',(-1.,0.,0.));
#8662=DIRECTION('',(0.,0.,1.));
#8663=DIRECTION('',(0.,0.,-1.));
#8664=DIRECTION('',(-0.28980247651567,0.957086477077899,0.));
#8665=DIRECTION('',(-0.957086477077899,-0.28980247651567,0.));
#8666=DIRECTION('',(0.,0.,-1.));
#8667=DIRECTION('',(1.,0.,0.));
#8668=DIRECTION('',(0.,0.,-1.));
#8669=DIRECTION('',(0.,0.,-1.));
#8670=DIRECTION('',(0.289802476515636,0.95708647707791,0.));
#8671=DIRECTION('',(-0.95708647707791,0.289802476515636,0.));
#8672=DIRECTION('',(0.999998393970804,0.00179222091602587,0.));
#8673=DIRECTION('',(-0.00179222091602587,0.999998393970804,0.));
#8674=DIRECTION('',(0.,0.,-1.));
#8675=DIRECTION('',(0.,1.,0.));
#8676=DIRECTION('',(0.,0.,1.));
#8677=DIRECTION('',(0.,0.,-1.));
#8678=DIRECTION('',(-0.28980247651567,0.957086477077899,0.));
#8679=DIRECTION('',(-0.957086477077899,-0.28980247651567,0.));
#8680=DIRECTION('',(0.,0.,-1.));
#8681=DIRECTION('',(1.,0.,0.));
#8682=DIRECTION('',(0.,0.,-1.));
#8683=DIRECTION('',(0.,0.,-1.));
#8684=DIRECTION('',(0.28980247651567,0.957086477077899,0.));
#8685=DIRECTION('',(-0.957086477077899,0.28980247651567,0.));
#8686=DIRECTION('',(0.,0.,-1.));
#8687=DIRECTION('',(-1.,0.,0.));
#8688=DIRECTION('',(0.,0.,1.));
#8689=DIRECTION('',(0.,0.,-1.));
#8690=DIRECTION('',(-0.28980247651567,0.957086477077899,0.));
#8691=DIRECTION('',(-0.957086477077899,-0.28980247651567,0.));
#8692=DIRECTION('',(0.,0.,-1.));
#8693=DIRECTION('',(1.,0.,0.));
#8694=DIRECTION('',(0.,0.,-1.));
#8695=DIRECTION('',(0.,0.,-1.));
#8696=DIRECTION('',(0.28980247651567,0.957086477077899,0.));
#8697=DIRECTION('',(-0.957086477077899,0.28980247651567,0.));
#8698=DIRECTION('',(0.,0.,-1.));
#8699=DIRECTION('',(-1.,0.,0.));
#8700=DIRECTION('',(0.,0.,1.));
#8701=DIRECTION('',(0.,0.,-1.));
#8702=DIRECTION('',(-0.28980247651567,0.957086477077899,0.));
#8703=DIRECTION('',(-0.957086477077899,-0.28980247651567,0.));
#8704=DIRECTION('',(0.,0.,-1.));
#8705=DIRECTION('',(1.,0.,0.));
#8706=DIRECTION('',(0.,0.,-1.));
#8707=DIRECTION('',(0.,0.,-1.));
#8708=DIRECTION('',(0.28980247651567,0.957086477077899,0.));
#8709=DIRECTION('',(-0.957086477077899,0.28980247651567,0.));
#8710=DIRECTION('',(0.,0.,-1.));
#8711=DIRECTION('',(-1.,0.,0.));
#8712=DIRECTION('',(0.,0.,1.));
#8713=DIRECTION('',(0.,0.,-1.));
#8714=DIRECTION('',(-0.28980247651567,0.957086477077899,0.));
#8715=DIRECTION('',(-0.957086477077899,-0.28980247651567,0.));
#8716=DIRECTION('',(0.,0.,-1.));
#8717=DIRECTION('',(1.,0.,0.));
#8718=DIRECTION('',(0.,0.,-1.));
#8719=DIRECTION('',(0.,0.,-1.));
#8720=DIRECTION('',(0.28980247651567,0.957086477077899,0.));
#8721=DIRECTION('',(-0.957086477077899,0.28980247651567,0.));
#8722=DIRECTION('',(0.,0.,-1.));
#8723=DIRECTION('',(-1.,0.,0.));
#8724=DIRECTION('',(0.,0.,1.));
#8725=DIRECTION('',(0.,0.,-1.));
#8726=DIRECTION('',(-0.28980247651567,0.957086477077899,0.));
#8727=DIRECTION('',(-0.957086477077899,-0.28980247651567,0.));
#8728=DIRECTION('',(0.,0.,-1.));
#8729=DIRECTION('',(1.,0.,0.));
#8730=DIRECTION('',(0.,0.,-1.));
#8731=DIRECTION('',(0.,0.,-1.));
#8732=DIRECTION('',(0.28980247651567,0.957086477077899,0.));
#8733=DIRECTION('',(-0.957086477077899,0.28980247651567,0.));
#8734=DIRECTION('',(0.,0.,-1.));
#8735=DIRECTION('',(-1.,0.,0.));
#8736=DIRECTION('',(0.,0.,1.));
#8737=DIRECTION('',(0.,0.,-1.));
#8738=DIRECTION('',(-0.28980247651567,0.957086477077899,0.));
#8739=DIRECTION('',(-0.957086477077899,-0.28980247651567,0.));
#8740=DIRECTION('',(0.,0.,-1.));
#8741=DIRECTION('',(1.,0.,0.));
#8742=DIRECTION('',(0.,0.,-1.));
#8743=DIRECTION('',(0.,0.,-1.));
#8744=DIRECTION('',(0.28980247651567,0.957086477077899,0.));
#8745=DIRECTION('',(-0.957086477077899,0.28980247651567,0.));
#8746=DIRECTION('',(0.,0.,-1.));
#8747=DIRECTION('',(-1.,0.,0.));
#8748=DIRECTION('',(0.,0.,1.));
#8749=DIRECTION('',(0.,0.,-1.));
#8750=DIRECTION('',(-0.28980247651567,0.957086477077899,0.));
#8751=DIRECTION('',(-0.957086477077899,-0.28980247651567,0.));
#8752=DIRECTION('',(0.,0.,-1.));
#8753=DIRECTION('',(1.,0.,0.));
#8754=DIRECTION('',(0.,0.,-1.));
#8755=DIRECTION('',(0.,0.,-1.));
#8756=DIRECTION('',(0.28980247651567,0.957086477077899,0.));
#8757=DIRECTION('',(-0.957086477077899,0.28980247651567,0.));
#8758=DIRECTION('',(0.,0.,-1.));
#8759=DIRECTION('',(-1.,0.,0.));
#8760=DIRECTION('',(0.,0.,1.));
#8761=DIRECTION('',(0.,0.,-1.));
#8762=DIRECTION('',(-0.28980247651567,0.957086477077899,0.));
#8763=DIRECTION('',(-0.957086477077899,-0.28980247651567,0.));
#8764=DIRECTION('',(0.,0.,-1.));
#8765=DIRECTION('',(1.,0.,0.));
#8766=DIRECTION('',(0.,0.,-1.));
#8767=DIRECTION('',(0.,0.,-1.));
#8768=DIRECTION('',(0.28980247651567,0.957086477077899,0.));
#8769=DIRECTION('',(-0.957086477077899,0.28980247651567,0.));
#8770=DIRECTION('',(0.,0.,-1.));
#8771=DIRECTION('',(-1.,0.,0.));
#8772=DIRECTION('',(0.,0.,1.));
#8773=DIRECTION('',(0.,0.,-1.));
#8774=DIRECTION('',(-0.28980247651567,0.957086477077899,0.));
#8775=DIRECTION('',(-0.957086477077899,-0.28980247651567,0.));
#8776=DIRECTION('',(0.,0.,-1.));
#8777=DIRECTION('',(1.,0.,0.));
#8778=DIRECTION('',(0.,0.,-1.));
#8779=DIRECTION('',(0.,0.,-1.));
#8780=DIRECTION('',(0.28980247651567,0.957086477077899,0.));
#8781=DIRECTION('',(-0.957086477077899,0.28980247651567,0.));
#8782=DIRECTION('',(0.,0.,-1.));
#8783=DIRECTION('',(-1.,0.,0.));
#8784=DIRECTION('',(0.,0.,1.));
#8785=DIRECTION('',(0.,0.,-1.));
#8786=DIRECTION('',(-0.28980247651567,0.957086477077899,0.));
#8787=DIRECTION('',(-0.957086477077899,-0.28980247651567,0.));
#8788=DIRECTION('',(0.,0.,-1.));
#8789=DIRECTION('',(1.,0.,0.));
#8790=DIRECTION('',(0.,0.,-1.));
#8791=DIRECTION('',(0.,0.,-1.));
#8792=DIRECTION('',(0.28980247651567,0.957086477077899,0.));
#8793=DIRECTION('',(-0.957086477077899,0.28980247651567,0.));
#8794=DIRECTION('',(0.,0.,-1.));
#8795=DIRECTION('',(-1.,0.,0.));
#8796=DIRECTION('',(0.,0.,1.));
#8797=DIRECTION('',(0.,0.,-1.));
#8798=DIRECTION('',(-0.28980247651567,0.957086477077899,0.));
#8799=DIRECTION('',(-0.957086477077899,-0.28980247651567,0.));
#8800=DIRECTION('',(0.,0.,-1.));
#8801=DIRECTION('',(1.,0.,0.));
#8802=DIRECTION('',(0.,0.,-1.));
#8803=DIRECTION('',(0.,0.,-1.));
#8804=DIRECTION('',(0.28980247651567,0.957086477077899,0.));
#8805=DIRECTION('',(-0.957086477077899,0.28980247651567,0.));
#8806=DIRECTION('',(0.,0.,-1.));
#8807=DIRECTION('',(-1.,0.,0.));
#8808=DIRECTION('',(0.,0.,1.));
#8809=DIRECTION('',(0.,0.,-1.));
#8810=DIRECTION('',(-0.28980247651567,0.957086477077899,0.));
#8811=DIRECTION('',(-0.957086477077899,-0.28980247651567,0.));
#8812=DIRECTION('',(0.,0.,-1.));
#8813=DIRECTION('',(1.,0.,0.));
#8814=DIRECTION('',(0.,0.,-1.));
#8815=DIRECTION('',(0.,0.,-1.));
#8816=DIRECTION('',(0.28980247651567,0.957086477077899,0.));
#8817=DIRECTION('',(-0.957086477077899,0.28980247651567,0.));
#8818=DIRECTION('',(0.,0.,-1.));
#8819=DIRECTION('',(-1.,0.,0.));
#8820=DIRECTION('',(0.,0.,1.));
#8821=DIRECTION('',(0.,0.,-1.));
#8822=DIRECTION('',(-0.28980247651567,0.957086477077899,0.));
#8823=DIRECTION('',(-0.957086477077899,-0.28980247651567,0.));
#8824=DIRECTION('',(0.,0.,-1.));
#8825=DIRECTION('',(1.,0.,0.));
#8826=DIRECTION('',(0.,0.,-1.));
#8827=DIRECTION('',(0.,0.,-1.));
#8828=DIRECTION('',(0.28980247651567,0.957086477077899,0.));
#8829=DIRECTION('',(-0.957086477077899,0.28980247651567,0.));
#8830=DIRECTION('',(0.,0.,-1.));
#8831=DIRECTION('',(-1.,0.,0.));
#8832=DIRECTION('',(0.,0.,1.));
#8833=DIRECTION('',(0.,0.,-1.));
#8834=DIRECTION('',(-0.28980247651567,0.957086477077899,0.));
#8835=DIRECTION('',(-0.957086477077899,-0.28980247651567,0.));
#8836=DIRECTION('',(0.,0.,-1.));
#8837=DIRECTION('',(1.,0.,0.));
#8838=DIRECTION('',(0.,0.,-1.));
#8839=DIRECTION('',(0.,0.,-1.));
#8840=DIRECTION('',(0.28980247651567,0.957086477077899,0.));
#8841=DIRECTION('',(-0.957086477077899,0.28980247651567,0.));
#8842=DIRECTION('',(0.,0.,-1.));
#8843=DIRECTION('',(-1.,0.,0.));
#8844=DIRECTION('',(0.,0.,1.));
#8845=DIRECTION('',(0.,0.,-1.));
#8846=DIRECTION('',(-0.28980247651567,0.957086477077899,0.));
#8847=DIRECTION('',(-0.957086477077899,-0.28980247651567,0.));
#8848=DIRECTION('',(0.,0.,-1.));
#8849=DIRECTION('',(1.,0.,0.));
#8850=DIRECTION('',(0.,0.,-1.));
#8851=DIRECTION('',(0.,0.,-1.));
#8852=DIRECTION('',(0.28980247651567,0.957086477077899,0.));
#8853=DIRECTION('',(-0.957086477077899,0.28980247651567,0.));
#8854=DIRECTION('',(0.,0.,-1.));
#8855=DIRECTION('',(-1.,0.,0.));
#8856=DIRECTION('',(0.,0.,1.));
#8857=DIRECTION('',(0.,0.,-1.));
#8858=DIRECTION('',(-0.28980247651567,0.957086477077899,0.));
#8859=DIRECTION('',(-0.957086477077899,-0.28980247651567,0.));
#8860=DIRECTION('',(0.,0.,-1.));
#8861=DIRECTION('',(1.,0.,0.));
#8862=DIRECTION('',(0.,0.,-1.));
#8863=DIRECTION('',(0.,0.,-1.));
#8864=DIRECTION('',(0.28980247651567,0.957086477077899,0.));
#8865=DIRECTION('',(-0.957086477077899,0.28980247651567,0.));
#8866=DIRECTION('',(0.,0.,-1.));
#8867=DIRECTION('',(-1.,0.,0.));
#8868=DIRECTION('',(0.,0.,1.));
#8869=DIRECTION('',(0.,0.,-1.));
#8870=DIRECTION('',(-0.28980247651567,0.957086477077899,0.));
#8871=DIRECTION('',(-0.957086477077899,-0.28980247651567,0.));
#8872=DIRECTION('',(0.,0.,-1.));
#8873=DIRECTION('',(1.,0.,0.));
#8874=DIRECTION('',(0.,0.,-1.));
#8875=DIRECTION('',(0.,0.,-1.));
#8876=DIRECTION('',(0.28980247651567,0.957086477077899,0.));
#8877=DIRECTION('',(-0.957086477077899,0.28980247651567,0.));
#8878=DIRECTION('',(0.,0.,-1.));
#8879=DIRECTION('',(-1.,0.,0.));
#8880=DIRECTION('',(0.,0.,1.));
#8881=DIRECTION('',(0.,0.,-1.));
#8882=DIRECTION('',(-0.28980247651567,0.957086477077899,0.));
#8883=DIRECTION('',(-0.957086477077899,-0.28980247651567,0.));
#8884=DIRECTION('',(0.,0.,-1.));
#8885=DIRECTION('',(1.,0.,0.));
#8886=DIRECTION('',(0.,0.,-1.));
#8887=DIRECTION('',(0.,0.,-1.));
#8888=DIRECTION('',(0.28980247651567,0.957086477077899,0.));
#8889=DIRECTION('',(-0.957086477077899,0.28980247651567,0.));
#8890=DIRECTION('',(0.,0.,-1.));
#8891=DIRECTION('',(-1.,0.,0.));
#8892=DIRECTION('',(0.,0.,1.));
#8893=DIRECTION('',(0.,0.,-1.));
#8894=DIRECTION('',(-0.28980247651567,0.957086477077899,0.));
#8895=DIRECTION('',(-0.957086477077899,-0.28980247651567,0.));
#8896=DIRECTION('',(0.,0.,-1.));
#8897=DIRECTION('',(1.,0.,0.));
#8898=DIRECTION('',(0.,0.,-1.));
#8899=DIRECTION('',(0.,0.,-1.));
#8900=DIRECTION('',(0.28980247651567,0.957086477077899,0.));
#8901=DIRECTION('',(-0.957086477077899,0.28980247651567,0.));
#8902=DIRECTION('',(0.,0.,-1.));
#8903=DIRECTION('',(-1.,0.,0.));
#8904=DIRECTION('',(0.,0.,1.));
#8905=DIRECTION('',(0.,0.,-1.));
#8906=DIRECTION('',(-0.28980247651567,0.957086477077899,0.));
#8907=DIRECTION('',(-0.957086477077899,-0.28980247651567,0.));
#8908=DIRECTION('',(0.,0.,-1.));
#8909=DIRECTION('',(1.,0.,0.));
#8910=DIRECTION('',(0.,0.,-1.));
#8911=DIRECTION('',(0.,0.,-1.));
#8912=DIRECTION('',(0.28980247651567,0.957086477077899,0.));
#8913=DIRECTION('',(-0.957086477077899,0.28980247651567,0.));
#8914=DIRECTION('',(0.,0.,-1.));
#8915=DIRECTION('',(-1.,0.,0.));
#8916=DIRECTION('',(0.,0.,1.));
#8917=DIRECTION('',(0.,0.,-1.));
#8918=DIRECTION('',(-0.28980247651567,0.957086477077899,0.));
#8919=DIRECTION('',(-0.957086477077899,-0.28980247651567,0.));
#8920=DIRECTION('',(0.,0.,-1.));
#8921=DIRECTION('',(1.,0.,0.));
#8922=DIRECTION('',(0.,0.,-1.));
#8923=DIRECTION('',(0.,0.,-1.));
#8924=DIRECTION('',(0.28980247651567,0.957086477077899,0.));
#8925=DIRECTION('',(-0.957086477077899,0.28980247651567,0.));
#8926=DIRECTION('',(0.,0.,-1.));
#8927=DIRECTION('',(-1.,0.,0.));
#8928=DIRECTION('',(0.,0.,1.));
#8929=DIRECTION('',(0.,0.,-1.));
#8930=DIRECTION('',(-0.28980247651567,0.957086477077899,0.));
#8931=DIRECTION('',(-0.957086477077899,-0.28980247651567,0.));
#8932=DIRECTION('',(0.,0.,-1.));
#8933=DIRECTION('',(1.,0.,0.));
#8934=DIRECTION('',(0.,0.,-1.));
#8935=DIRECTION('',(0.,0.,-1.));
#8936=DIRECTION('',(0.28980247651567,0.957086477077899,0.));
#8937=DIRECTION('',(-0.957086477077899,0.28980247651567,0.));
#8938=DIRECTION('',(0.,0.,-1.));
#8939=DIRECTION('',(-1.,0.,0.));
#8940=DIRECTION('',(0.,0.,1.));
#8941=DIRECTION('',(0.,0.,-1.));
#8942=DIRECTION('',(-0.28980247651567,0.957086477077899,0.));
#8943=DIRECTION('',(-0.957086477077899,-0.28980247651567,0.));
#8944=DIRECTION('',(0.,0.,-1.));
#8945=DIRECTION('',(1.,0.,0.));
#8946=DIRECTION('',(0.,0.,-1.));
#8947=DIRECTION('',(0.,0.,-1.));
#8948=DIRECTION('',(0.28980247651567,0.957086477077899,0.));
#8949=DIRECTION('',(-0.957086477077899,0.28980247651567,0.));
#8950=DIRECTION('',(0.,0.,-1.));
#8951=DIRECTION('',(-1.,0.,0.));
#8952=DIRECTION('',(0.,0.,1.));
#8953=DIRECTION('',(0.,0.,-1.));
#8954=DIRECTION('',(-0.28980247651567,0.957086477077899,0.));
#8955=DIRECTION('',(-0.957086477077899,-0.28980247651567,0.));
#8956=DIRECTION('',(0.,0.,-1.));
#8957=DIRECTION('',(1.,0.,0.));
#8958=DIRECTION('',(0.,0.,-1.));
#8959=DIRECTION('',(0.,0.,-1.));
#8960=DIRECTION('',(0.28980247651567,0.957086477077899,0.));
#8961=DIRECTION('',(-0.957086477077899,0.28980247651567,0.));
#8962=DIRECTION('',(0.,0.,-1.));
#8963=DIRECTION('',(-1.,0.,0.));
#8964=DIRECTION('',(0.,0.,1.));
#8965=DIRECTION('',(0.,0.,-1.));
#8966=DIRECTION('',(-0.28980247651567,0.957086477077899,0.));
#8967=DIRECTION('',(-0.957086477077899,-0.28980247651567,0.));
#8968=DIRECTION('',(0.,0.,-1.));
#8969=DIRECTION('',(1.,0.,0.));
#8970=DIRECTION('',(0.,0.,-1.));
#8971=DIRECTION('',(0.,0.,-1.));
#8972=DIRECTION('',(0.28980247651567,0.957086477077899,0.));
#8973=DIRECTION('',(-0.957086477077899,0.28980247651567,0.));
#8974=DIRECTION('',(0.,0.,-1.));
#8975=DIRECTION('',(-1.,0.,0.));
#8976=DIRECTION('',(0.,0.,1.));
#8977=DIRECTION('',(0.,0.,-1.));
#8978=DIRECTION('',(-0.28980247651567,0.957086477077899,0.));
#8979=DIRECTION('',(-0.957086477077899,-0.28980247651567,0.));
#8980=DIRECTION('',(0.,0.,-1.));
#8981=DIRECTION('',(1.,0.,0.));
#8982=DIRECTION('',(0.,0.,-1.));
#8983=DIRECTION('',(0.,0.,-1.));
#8984=DIRECTION('',(0.28980247651567,0.957086477077899,0.));
#8985=DIRECTION('',(-0.957086477077899,0.28980247651567,0.));
#8986=DIRECTION('',(0.,0.,-1.));
#8987=DIRECTION('',(-1.,0.,0.));
#8988=DIRECTION('',(0.,0.,1.));
#8989=DIRECTION('',(0.,0.,-1.));
#8990=DIRECTION('',(-0.28980247651567,0.957086477077899,0.));
#8991=DIRECTION('',(-0.957086477077899,-0.28980247651567,0.));
#8992=DIRECTION('',(0.,0.,-1.));
#8993=DIRECTION('',(1.,0.,0.));
#8994=DIRECTION('',(0.,0.,-1.));
#8995=DIRECTION('',(0.,0.,-1.));
#8996=DIRECTION('',(0.28980247651567,0.957086477077899,0.));
#8997=DIRECTION('',(-0.957086477077899,0.28980247651567,0.));
#8998=DIRECTION('',(0.,0.,-1.));
#8999=DIRECTION('',(-1.,0.,0.));
#9000=DIRECTION('',(0.,0.,1.));
#9001=DIRECTION('',(0.,0.,-1.));
#9002=DIRECTION('',(-0.28980247651567,0.957086477077899,0.));
#9003=DIRECTION('',(-0.957086477077899,-0.28980247651567,0.));
#9004=DIRECTION('',(0.,0.,-1.));
#9005=DIRECTION('',(1.,0.,0.));
#9006=DIRECTION('',(0.,0.,-1.));
#9007=DIRECTION('',(0.,0.,-1.));
#9008=DIRECTION('',(0.28980247651567,0.957086477077899,0.));
#9009=DIRECTION('',(-0.957086477077899,0.28980247651567,0.));
#9010=DIRECTION('',(0.,0.,-1.));
#9011=DIRECTION('',(-1.,0.,0.));
#9012=DIRECTION('',(0.,0.,1.));
#9013=DIRECTION('',(0.,0.,-1.));
#9014=DIRECTION('',(0.,0.,-1.));
#9015=DIRECTION('',(-0.28980247651567,0.957086477077899,0.));
#9016=DIRECTION('',(-0.957086477077899,-0.28980247651567,0.));
#9017=DIRECTION('',(0.,0.,-1.));
#9018=DIRECTION('',(0.957086477077899,0.28980247651567,0.));
#9019=DIRECTION('',(1.,0.,0.));
#9020=DIRECTION('',(0.,0.,-1.));
#9021=DIRECTION('',(0.,0.,-1.));
#9022=DIRECTION('',(0.,-1.,0.));
#9023=DIRECTION('',(0.28980247651567,0.957086477077899,0.));
#9024=DIRECTION('',(-0.957086477077899,0.28980247651567,0.));
#9025=DIRECTION('',(0.,0.,-1.));
#9026=DIRECTION('',(0.957086477077899,-0.28980247651567,0.));
#9027=DIRECTION('',(-1.,0.,0.));
#9028=DIRECTION('',(0.,0.,1.));
#9029=DIRECTION('',(0.,0.,-1.));
#9030=DIRECTION('',(0.,1.,0.));
#9031=DIRECTION('',(-0.28980247651567,0.957086477077899,0.));
#9032=DIRECTION('',(-0.957086477077899,-0.28980247651567,0.));
#9033=DIRECTION('',(0.,0.,-1.));
#9034=DIRECTION('',(0.957086477077899,0.28980247651567,0.));
#9035=DIRECTION('',(1.,0.,0.));
#9036=DIRECTION('',(0.,0.,-1.));
#9037=DIRECTION('',(0.,0.,-1.));
#9038=DIRECTION('',(0.,-1.,0.));
#9039=DIRECTION('',(0.28980247651567,0.957086477077899,0.));
#9040=DIRECTION('',(-0.957086477077899,0.28980247651567,0.));
#9041=DIRECTION('',(0.,0.,-1.));
#9042=DIRECTION('',(0.957086477077899,-0.28980247651567,0.));
#9043=DIRECTION('',(-1.,0.,0.));
#9044=DIRECTION('',(0.,0.,1.));
#9045=DIRECTION('',(0.,0.,-1.));
#9046=DIRECTION('',(0.,1.,0.));
#9047=DIRECTION('',(-0.28980247651567,0.957086477077899,0.));
#9048=DIRECTION('',(-0.957086477077899,-0.28980247651567,0.));
#9049=DIRECTION('',(0.,0.,-1.));
#9050=DIRECTION('',(0.957086477077899,0.28980247651567,0.));
#9051=DIRECTION('',(1.,0.,0.));
#9052=DIRECTION('',(0.,0.,-1.));
#9053=DIRECTION('',(0.,0.,-1.));
#9054=DIRECTION('',(0.,-1.,0.));
#9055=DIRECTION('',(0.28980247651567,0.957086477077899,0.));
#9056=DIRECTION('',(-0.957086477077899,0.28980247651567,0.));
#9057=DIRECTION('',(0.,0.,-1.));
#9058=DIRECTION('',(0.957086477077899,-0.28980247651567,0.));
#9059=DIRECTION('',(-1.,0.,0.));
#9060=DIRECTION('',(0.,0.,1.));
#9061=DIRECTION('',(0.,0.,-1.));
#9062=DIRECTION('',(0.,1.,0.));
#9063=DIRECTION('',(-0.28980247651567,0.957086477077899,0.));
#9064=DIRECTION('',(-0.957086477077899,-0.28980247651567,0.));
#9065=DIRECTION('',(0.,0.,-1.));
#9066=DIRECTION('',(0.957086477077899,0.28980247651567,0.));
#9067=DIRECTION('',(1.,0.,0.));
#9068=DIRECTION('',(0.,0.,-1.));
#9069=DIRECTION('',(0.,0.,-1.));
#9070=DIRECTION('',(0.,-1.,0.));
#9071=DIRECTION('',(0.28980247651567,0.957086477077899,0.));
#9072=DIRECTION('',(-0.957086477077899,0.28980247651567,0.));
#9073=DIRECTION('',(0.,0.,-1.));
#9074=DIRECTION('',(0.957086477077899,-0.28980247651567,0.));
#9075=DIRECTION('',(-1.,0.,0.));
#9076=DIRECTION('',(0.,0.,1.));
#9077=DIRECTION('',(0.,0.,-1.));
#9078=DIRECTION('',(0.,1.,0.));
#9079=DIRECTION('',(-0.28980247651567,0.957086477077899,0.));
#9080=DIRECTION('',(-0.957086477077899,-0.28980247651567,0.));
#9081=DIRECTION('',(0.,0.,-1.));
#9082=DIRECTION('',(0.957086477077899,0.28980247651567,0.));
#9083=DIRECTION('',(1.,0.,0.));
#9084=DIRECTION('',(0.,0.,-1.));
#9085=DIRECTION('',(0.,0.,-1.));
#9086=DIRECTION('',(0.,-1.,0.));
#9087=DIRECTION('',(0.28980247651567,0.957086477077899,0.));
#9088=DIRECTION('',(-0.957086477077899,0.28980247651567,0.));
#9089=DIRECTION('',(0.,0.,-1.));
#9090=DIRECTION('',(0.957086477077899,-0.28980247651567,0.));
#9091=DIRECTION('',(-1.,0.,0.));
#9092=DIRECTION('',(0.,0.,1.));
#9093=DIRECTION('',(0.,0.,-1.));
#9094=DIRECTION('',(0.,1.,0.));
#9095=DIRECTION('',(-0.28980247651567,0.957086477077899,0.));
#9096=DIRECTION('',(-0.957086477077899,-0.28980247651567,0.));
#9097=DIRECTION('',(0.,0.,-1.));
#9098=DIRECTION('',(0.957086477077899,0.28980247651567,0.));
#9099=DIRECTION('',(1.,0.,0.));
#9100=DIRECTION('',(0.,0.,-1.));
#9101=DIRECTION('',(0.,0.,-1.));
#9102=DIRECTION('',(0.,-1.,0.));
#9103=DIRECTION('',(0.28980247651567,0.957086477077899,0.));
#9104=DIRECTION('',(-0.957086477077899,0.28980247651567,0.));
#9105=DIRECTION('',(0.,0.,-1.));
#9106=DIRECTION('',(0.957086477077899,-0.28980247651567,0.));
#9107=DIRECTION('',(-1.,0.,0.));
#9108=DIRECTION('',(0.,0.,1.));
#9109=DIRECTION('',(0.,0.,-1.));
#9110=DIRECTION('',(0.,1.,0.));
#9111=DIRECTION('',(-0.28980247651567,0.957086477077899,0.));
#9112=DIRECTION('',(-0.957086477077899,-0.28980247651567,0.));
#9113=DIRECTION('',(0.,0.,-1.));
#9114=DIRECTION('',(0.957086477077899,0.28980247651567,0.));
#9115=DIRECTION('',(1.,0.,0.));
#9116=DIRECTION('',(0.,0.,-1.));
#9117=DIRECTION('',(0.,0.,-1.));
#9118=DIRECTION('',(0.,-1.,0.));
#9119=DIRECTION('',(0.28980247651567,0.957086477077899,0.));
#9120=DIRECTION('',(-0.957086477077899,0.28980247651567,0.));
#9121=DIRECTION('',(0.,0.,-1.));
#9122=DIRECTION('',(0.957086477077899,-0.28980247651567,0.));
#9123=DIRECTION('',(-1.,0.,0.));
#9124=DIRECTION('',(0.,0.,1.));
#9125=DIRECTION('',(0.,0.,-1.));
#9126=DIRECTION('',(0.,1.,0.));
#9127=DIRECTION('',(-0.28980247651567,0.957086477077899,0.));
#9128=DIRECTION('',(-0.957086477077899,-0.28980247651567,0.));
#9129=DIRECTION('',(0.,0.,-1.));
#9130=DIRECTION('',(0.957086477077899,0.28980247651567,0.));
#9131=DIRECTION('',(1.,0.,0.));
#9132=DIRECTION('',(0.,0.,-1.));
#9133=DIRECTION('',(0.,0.,-1.));
#9134=DIRECTION('',(0.,-1.,0.));
#9135=DIRECTION('',(0.28980247651567,0.957086477077899,0.));
#9136=DIRECTION('',(-0.957086477077899,0.28980247651567,0.));
#9137=DIRECTION('',(0.,0.,-1.));
#9138=DIRECTION('',(0.957086477077899,-0.28980247651567,0.));
#9139=DIRECTION('',(-1.,0.,0.));
#9140=DIRECTION('',(0.,0.,1.));
#9141=DIRECTION('',(0.,0.,-1.));
#9142=DIRECTION('',(0.,1.,0.));
#9143=DIRECTION('',(-0.28980247651567,0.957086477077899,0.));
#9144=DIRECTION('',(-0.957086477077899,-0.28980247651567,0.));
#9145=DIRECTION('',(0.,0.,-1.));
#9146=DIRECTION('',(0.957086477077899,0.28980247651567,0.));
#9147=DIRECTION('',(1.,0.,0.));
#9148=DIRECTION('',(0.,0.,-1.));
#9149=DIRECTION('',(0.,0.,-1.));
#9150=DIRECTION('',(0.,-1.,0.));
#9151=DIRECTION('',(0.28980247651567,0.957086477077899,0.));
#9152=DIRECTION('',(-0.957086477077899,0.28980247651567,0.));
#9153=DIRECTION('',(0.,0.,-1.));
#9154=DIRECTION('',(0.957086477077899,-0.28980247651567,0.));
#9155=DIRECTION('',(-1.,0.,0.));
#9156=DIRECTION('',(0.,0.,1.));
#9157=DIRECTION('',(0.,0.,-1.));
#9158=DIRECTION('',(0.,1.,0.));
#9159=DIRECTION('',(-0.28980247651567,0.957086477077899,0.));
#9160=DIRECTION('',(-0.957086477077899,-0.28980247651567,0.));
#9161=DIRECTION('',(0.,0.,-1.));
#9162=DIRECTION('',(0.957086477077899,0.28980247651567,0.));
#9163=DIRECTION('',(1.,0.,0.));
#9164=DIRECTION('',(0.,0.,-1.));
#9165=DIRECTION('',(0.,0.,-1.));
#9166=DIRECTION('',(0.,-1.,0.));
#9167=DIRECTION('',(0.28980247651567,0.957086477077899,0.));
#9168=DIRECTION('',(-0.957086477077899,0.28980247651567,0.));
#9169=DIRECTION('',(0.,0.,-1.));
#9170=DIRECTION('',(0.957086477077899,-0.28980247651567,0.));
#9171=DIRECTION('',(-1.,0.,0.));
#9172=DIRECTION('',(0.,0.,1.));
#9173=DIRECTION('',(0.,0.,-1.));
#9174=DIRECTION('',(0.,1.,0.));
#9175=DIRECTION('',(-0.28980247651567,0.957086477077899,0.));
#9176=DIRECTION('',(-0.957086477077899,-0.28980247651567,0.));
#9177=DIRECTION('',(0.,0.,-1.));
#9178=DIRECTION('',(0.957086477077899,0.28980247651567,0.));
#9179=DIRECTION('',(1.,0.,0.));
#9180=DIRECTION('',(0.,0.,-1.));
#9181=DIRECTION('',(0.,0.,-1.));
#9182=DIRECTION('',(0.,-1.,0.));
#9183=DIRECTION('',(0.28980247651567,0.957086477077899,0.));
#9184=DIRECTION('',(-0.957086477077899,0.28980247651567,0.));
#9185=DIRECTION('',(0.,0.,-1.));
#9186=DIRECTION('',(0.957086477077899,-0.28980247651567,0.));
#9187=DIRECTION('',(-1.,0.,0.));
#9188=DIRECTION('',(0.,0.,1.));
#9189=DIRECTION('',(0.,0.,-1.));
#9190=DIRECTION('',(0.,1.,0.));
#9191=DIRECTION('',(-0.28980247651567,0.957086477077899,0.));
#9192=DIRECTION('',(-0.957086477077899,-0.28980247651567,0.));
#9193=DIRECTION('',(0.,0.,-1.));
#9194=DIRECTION('',(0.957086477077899,0.28980247651567,0.));
#9195=DIRECTION('',(1.,0.,0.));
#9196=DIRECTION('',(0.,0.,-1.));
#9197=DIRECTION('',(0.,0.,-1.));
#9198=DIRECTION('',(0.,-1.,0.));
#9199=DIRECTION('',(0.28980247651567,0.957086477077899,0.));
#9200=DIRECTION('',(-0.957086477077899,0.28980247651567,0.));
#9201=DIRECTION('',(0.,0.,-1.));
#9202=DIRECTION('',(0.957086477077899,-0.28980247651567,0.));
#9203=DIRECTION('',(-1.,0.,0.));
#9204=DIRECTION('',(0.,0.,1.));
#9205=DIRECTION('',(0.,0.,-1.));
#9206=DIRECTION('',(0.,1.,0.));
#9207=DIRECTION('',(-0.28980247651567,0.957086477077899,0.));
#9208=DIRECTION('',(-0.957086477077899,-0.28980247651567,0.));
#9209=DIRECTION('',(0.,0.,-1.));
#9210=DIRECTION('',(0.957086477077899,0.28980247651567,0.));
#9211=DIRECTION('',(1.,0.,0.));
#9212=DIRECTION('',(0.,0.,-1.));
#9213=DIRECTION('',(0.,0.,-1.));
#9214=DIRECTION('',(0.,-1.,0.));
#9215=DIRECTION('',(0.28980247651567,0.957086477077899,0.));
#9216=DIRECTION('',(-0.957086477077899,0.28980247651567,0.));
#9217=DIRECTION('',(0.,0.,-1.));
#9218=DIRECTION('',(0.957086477077899,-0.28980247651567,0.));
#9219=DIRECTION('',(-1.,0.,0.));
#9220=DIRECTION('',(0.,0.,1.));
#9221=DIRECTION('',(0.,0.,-1.));
#9222=DIRECTION('',(0.,1.,0.));
#9223=DIRECTION('',(-0.28980247651567,0.957086477077899,0.));
#9224=DIRECTION('',(-0.957086477077899,-0.28980247651567,0.));
#9225=DIRECTION('',(0.,0.,-1.));
#9226=DIRECTION('',(0.957086477077899,0.28980247651567,0.));
#9227=DIRECTION('',(1.,0.,0.));
#9228=DIRECTION('',(0.,0.,-1.));
#9229=DIRECTION('',(0.,0.,-1.));
#9230=DIRECTION('',(0.,-1.,0.));
#9231=DIRECTION('',(0.28980247651567,0.957086477077899,0.));
#9232=DIRECTION('',(-0.957086477077899,0.28980247651567,0.));
#9233=DIRECTION('',(0.,0.,-1.));
#9234=DIRECTION('',(0.957086477077899,-0.28980247651567,0.));
#9235=DIRECTION('',(-1.,0.,0.));
#9236=DIRECTION('',(0.,0.,1.));
#9237=DIRECTION('',(0.,0.,-1.));
#9238=DIRECTION('',(0.,1.,0.));
#9239=DIRECTION('',(-0.28980247651567,0.957086477077899,0.));
#9240=DIRECTION('',(-0.957086477077899,-0.28980247651567,0.));
#9241=DIRECTION('',(0.,0.,-1.));
#9242=DIRECTION('',(0.957086477077899,0.28980247651567,0.));
#9243=DIRECTION('',(1.,0.,0.));
#9244=DIRECTION('',(0.,0.,-1.));
#9245=DIRECTION('',(0.,0.,-1.));
#9246=DIRECTION('',(0.,-1.,0.));
#9247=DIRECTION('',(0.28980247651567,0.957086477077899,0.));
#9248=DIRECTION('',(-0.957086477077899,0.28980247651567,0.));
#9249=DIRECTION('',(0.,0.,-1.));
#9250=DIRECTION('',(0.957086477077899,-0.28980247651567,0.));
#9251=DIRECTION('',(-1.,0.,0.));
#9252=DIRECTION('',(0.,0.,1.));
#9253=DIRECTION('',(0.,0.,-1.));
#9254=DIRECTION('',(0.,1.,0.));
#9255=DIRECTION('',(-0.28980247651567,0.957086477077899,0.));
#9256=DIRECTION('',(-0.957086477077899,-0.28980247651567,0.));
#9257=DIRECTION('',(0.,0.,-1.));
#9258=DIRECTION('',(0.957086477077899,0.28980247651567,0.));
#9259=DIRECTION('',(1.,0.,0.));
#9260=DIRECTION('',(0.,0.,-1.));
#9261=DIRECTION('',(0.,0.,-1.));
#9262=DIRECTION('',(0.,-1.,0.));
#9263=DIRECTION('',(0.28980247651567,0.957086477077899,0.));
#9264=DIRECTION('',(-0.957086477077899,0.28980247651567,0.));
#9265=DIRECTION('',(0.,0.,-1.));
#9266=DIRECTION('',(0.957086477077899,-0.28980247651567,0.));
#9267=DIRECTION('',(-1.,0.,0.));
#9268=DIRECTION('',(0.,0.,1.));
#9269=DIRECTION('',(0.,0.,-1.));
#9270=DIRECTION('',(0.,1.,0.));
#9271=DIRECTION('',(-0.289802476515677,0.957086477077897,0.));
#9272=DIRECTION('',(-0.957086477077897,-0.289802476515677,0.));
#9273=DIRECTION('',(0.,0.,-1.));
#9274=DIRECTION('',(0.957086477077897,0.289802476515677,0.));
#9275=DIRECTION('',(1.,0.,0.));
#9276=DIRECTION('',(0.,0.,-1.));
#9277=DIRECTION('',(0.,0.,-1.));
#9278=DIRECTION('',(0.,-1.,0.));
#9279=DIRECTION('',(0.28980247651567,0.957086477077899,0.));
#9280=DIRECTION('',(-0.957086477077899,0.28980247651567,0.));
#9281=DIRECTION('',(0.,0.,-1.));
#9282=DIRECTION('',(0.957086477077899,-0.28980247651567,0.));
#9283=DIRECTION('',(-1.,0.,0.));
#9284=DIRECTION('',(0.,0.,1.));
#9285=DIRECTION('',(0.,0.,-1.));
#9286=DIRECTION('',(0.,1.,0.));
#9287=DIRECTION('',(-0.289802476515677,0.957086477077897,0.));
#9288=DIRECTION('',(-0.957086477077897,-0.289802476515677,0.));
#9289=DIRECTION('',(0.,0.,-1.));
#9290=DIRECTION('',(0.957086477077897,0.289802476515677,0.));
#9291=DIRECTION('',(1.,0.,0.));
#9292=DIRECTION('',(0.,0.,-1.));
#9293=DIRECTION('',(0.,0.,-1.));
#9294=DIRECTION('',(0.,-1.,0.));
#9295=DIRECTION('',(0.28980247651567,0.957086477077899,0.));
#9296=DIRECTION('',(-0.957086477077899,0.28980247651567,0.));
#9297=DIRECTION('',(0.,0.,-1.));
#9298=DIRECTION('',(0.957086477077899,-0.28980247651567,0.));
#9299=DIRECTION('',(-1.,0.,0.));
#9300=DIRECTION('',(0.,0.,1.));
#9301=DIRECTION('',(0.,0.,-1.));
#9302=DIRECTION('',(0.,1.,0.));
#9303=DIRECTION('',(-0.289802476515677,0.957086477077897,0.));
#9304=DIRECTION('',(-0.957086477077897,-0.289802476515677,0.));
#9305=DIRECTION('',(0.,0.,-1.));
#9306=DIRECTION('',(0.957086477077897,0.289802476515677,0.));
#9307=DIRECTION('',(1.,0.,0.));
#9308=DIRECTION('',(0.,0.,-1.));
#9309=DIRECTION('',(0.,0.,-1.));
#9310=DIRECTION('',(0.,-1.,0.));
#9311=DIRECTION('',(0.28980247651567,0.957086477077899,0.));
#9312=DIRECTION('',(-0.957086477077899,0.28980247651567,0.));
#9313=DIRECTION('',(0.,0.,-1.));
#9314=DIRECTION('',(0.957086477077899,-0.28980247651567,0.));
#9315=DIRECTION('',(-1.,0.,0.));
#9316=DIRECTION('',(0.,0.,1.));
#9317=DIRECTION('',(0.,0.,-1.));
#9318=DIRECTION('',(0.,1.,0.));
#9319=DIRECTION('',(-0.289802476515677,0.957086477077897,0.));
#9320=DIRECTION('',(-0.957086477077897,-0.289802476515677,0.));
#9321=DIRECTION('',(0.,0.,-1.));
#9322=DIRECTION('',(0.957086477077897,0.289802476515677,0.));
#9323=DIRECTION('',(1.,0.,0.));
#9324=DIRECTION('',(0.,0.,-1.));
#9325=DIRECTION('',(0.,0.,-1.));
#9326=DIRECTION('',(0.,-1.,0.));
#9327=DIRECTION('',(0.28980247651567,0.957086477077899,0.));
#9328=DIRECTION('',(-0.957086477077899,0.28980247651567,0.));
#9329=DIRECTION('',(0.,0.,-1.));
#9330=DIRECTION('',(0.957086477077899,-0.28980247651567,0.));
#9331=DIRECTION('',(-1.,0.,0.));
#9332=DIRECTION('',(0.,0.,1.));
#9333=DIRECTION('',(0.,0.,-1.));
#9334=DIRECTION('',(0.,1.,0.));
#9335=DIRECTION('',(-0.289802476515677,0.957086477077897,0.));
#9336=DIRECTION('',(-0.957086477077897,-0.289802476515677,0.));
#9337=DIRECTION('',(0.,0.,-1.));
#9338=DIRECTION('',(0.957086477077897,0.289802476515677,0.));
#9339=DIRECTION('',(1.,0.,0.));
#9340=DIRECTION('',(0.,0.,-1.));
#9341=DIRECTION('',(0.,0.,-1.));
#9342=DIRECTION('',(0.,-1.,0.));
#9343=DIRECTION('',(0.28980247651567,0.957086477077899,0.));
#9344=DIRECTION('',(-0.957086477077899,0.28980247651567,0.));
#9345=DIRECTION('',(0.,0.,-1.));
#9346=DIRECTION('',(0.957086477077899,-0.28980247651567,0.));
#9347=DIRECTION('',(-1.,0.,0.));
#9348=DIRECTION('',(0.,0.,1.));
#9349=DIRECTION('',(0.,0.,-1.));
#9350=DIRECTION('',(0.,1.,0.));
#9351=DIRECTION('',(-0.289802476515677,0.957086477077897,0.));
#9352=DIRECTION('',(-0.957086477077897,-0.289802476515677,0.));
#9353=DIRECTION('',(0.,0.,-1.));
#9354=DIRECTION('',(0.957086477077897,0.289802476515677,0.));
#9355=DIRECTION('',(1.,0.,0.));
#9356=DIRECTION('',(0.,0.,-1.));
#9357=DIRECTION('',(0.,0.,-1.));
#9358=DIRECTION('',(0.,-1.,0.));
#9359=DIRECTION('',(0.28980247651567,0.957086477077899,0.));
#9360=DIRECTION('',(-0.957086477077899,0.28980247651567,0.));
#9361=DIRECTION('',(0.,0.,-1.));
#9362=DIRECTION('',(0.957086477077899,-0.28980247651567,0.));
#9363=DIRECTION('',(-1.,0.,0.));
#9364=DIRECTION('',(0.,0.,1.));
#9365=DIRECTION('',(0.,0.,-1.));
#9366=DIRECTION('',(0.,1.,0.));
#9367=DIRECTION('',(-0.289802476515677,0.957086477077897,0.));
#9368=DIRECTION('',(-0.957086477077897,-0.289802476515677,0.));
#9369=DIRECTION('',(0.,0.,-1.));
#9370=DIRECTION('',(0.957086477077897,0.289802476515677,0.));
#9371=DIRECTION('',(1.,0.,0.));
#9372=DIRECTION('',(0.,0.,-1.));
#9373=DIRECTION('',(0.,0.,-1.));
#9374=DIRECTION('',(0.,-1.,0.));
#9375=DIRECTION('',(0.28980247651567,0.957086477077899,0.));
#9376=DIRECTION('',(-0.957086477077899,0.28980247651567,0.));
#9377=DIRECTION('',(0.,0.,-1.));
#9378=DIRECTION('',(0.957086477077899,-0.28980247651567,0.));
#9379=DIRECTION('',(-1.,0.,0.));
#9380=DIRECTION('',(0.,0.,1.));
#9381=DIRECTION('',(0.,0.,-1.));
#9382=DIRECTION('',(0.,1.,0.));
#9383=DIRECTION('',(-0.289802476515677,0.957086477077897,0.));
#9384=DIRECTION('',(-0.957086477077897,-0.289802476515677,0.));
#9385=DIRECTION('',(0.,0.,-1.));
#9386=DIRECTION('',(0.957086477077897,0.289802476515677,0.));
#9387=DIRECTION('',(1.,0.,0.));
#9388=DIRECTION('',(0.,0.,-1.));
#9389=DIRECTION('',(0.,0.,-1.));
#9390=DIRECTION('',(0.,-1.,0.));
#9391=DIRECTION('',(0.28980247651567,0.957086477077899,0.));
#9392=DIRECTION('',(-0.957086477077899,0.28980247651567,0.));
#9393=DIRECTION('',(0.,0.,-1.));
#9394=DIRECTION('',(0.957086477077899,-0.28980247651567,0.));
#9395=DIRECTION('',(-1.,0.,0.));
#9396=DIRECTION('',(0.,0.,1.));
#9397=DIRECTION('',(0.,0.,-1.));
#9398=DIRECTION('',(0.,1.,0.));
#9399=DIRECTION('',(-0.289802476515677,0.957086477077897,0.));
#9400=DIRECTION('',(-0.957086477077897,-0.289802476515677,0.));
#9401=DIRECTION('',(0.,0.,-1.));
#9402=DIRECTION('',(0.957086477077897,0.289802476515677,0.));
#9403=DIRECTION('',(1.,0.,0.));
#9404=DIRECTION('',(0.,0.,-1.));
#9405=DIRECTION('',(0.,0.,-1.));
#9406=DIRECTION('',(0.,-1.,0.));
#9407=DIRECTION('',(0.28980247651567,0.957086477077899,0.));
#9408=DIRECTION('',(-0.957086477077899,0.28980247651567,0.));
#9409=DIRECTION('',(0.,0.,-1.));
#9410=DIRECTION('',(0.957086477077899,-0.28980247651567,0.));
#9411=DIRECTION('',(-1.,0.,0.));
#9412=DIRECTION('',(0.,0.,1.));
#9413=DIRECTION('',(0.,0.,-1.));
#9414=DIRECTION('',(0.,1.,0.));
#9415=DIRECTION('',(-0.289802476515677,0.957086477077897,0.));
#9416=DIRECTION('',(-0.957086477077897,-0.289802476515677,0.));
#9417=DIRECTION('',(0.,0.,-1.));
#9418=DIRECTION('',(0.957086477077897,0.289802476515677,0.));
#9419=DIRECTION('',(1.,0.,0.));
#9420=DIRECTION('',(0.,0.,-1.));
#9421=DIRECTION('',(0.,0.,-1.));
#9422=DIRECTION('',(0.,-1.,0.));
#9423=DIRECTION('',(0.28980247651567,0.957086477077899,0.));
#9424=DIRECTION('',(-0.957086477077899,0.28980247651567,0.));
#9425=DIRECTION('',(0.,0.,-1.));
#9426=DIRECTION('',(0.957086477077899,-0.28980247651567,0.));
#9427=DIRECTION('',(-1.,0.,0.));
#9428=DIRECTION('',(0.,0.,1.));
#9429=DIRECTION('',(0.,0.,-1.));
#9430=DIRECTION('',(0.,1.,0.));
#9431=DIRECTION('',(-0.289802476515677,0.957086477077897,0.));
#9432=DIRECTION('',(-0.957086477077897,-0.289802476515677,0.));
#9433=DIRECTION('',(0.,0.,-1.));
#9434=DIRECTION('',(0.957086477077897,0.289802476515677,0.));
#9435=DIRECTION('',(1.,0.,0.));
#9436=DIRECTION('',(0.,0.,-1.));
#9437=DIRECTION('',(0.,0.,-1.));
#9438=DIRECTION('',(0.,-1.,0.));
#9439=DIRECTION('',(0.28980247651567,0.957086477077899,0.));
#9440=DIRECTION('',(-0.957086477077899,0.28980247651567,0.));
#9441=DIRECTION('',(0.,0.,-1.));
#9442=DIRECTION('',(0.957086477077899,-0.28980247651567,0.));
#9443=DIRECTION('',(-1.,0.,0.));
#9444=DIRECTION('',(0.,0.,1.));
#9445=DIRECTION('',(0.,0.,-1.));
#9446=DIRECTION('',(0.,1.,0.));
#9447=DIRECTION('',(-0.289802476515677,0.957086477077897,0.));
#9448=DIRECTION('',(-0.957086477077897,-0.289802476515677,0.));
#9449=DIRECTION('',(0.,0.,-1.));
#9450=DIRECTION('',(0.957086477077897,0.289802476515677,0.));
#9451=DIRECTION('',(1.,0.,0.));
#9452=DIRECTION('',(0.,0.,-1.));
#9453=DIRECTION('',(0.,0.,-1.));
#9454=DIRECTION('',(0.,-1.,0.));
#9455=DIRECTION('',(0.28980247651567,0.957086477077899,0.));
#9456=DIRECTION('',(-0.957086477077899,0.28980247651567,0.));
#9457=DIRECTION('',(0.,0.,-1.));
#9458=DIRECTION('',(0.957086477077899,-0.28980247651567,0.));
#9459=DIRECTION('',(-1.,0.,0.));
#9460=DIRECTION('',(0.,0.,1.));
#9461=DIRECTION('',(0.,0.,-1.));
#9462=DIRECTION('',(0.,1.,0.));
#9463=DIRECTION('',(-0.289802476515677,0.957086477077897,0.));
#9464=DIRECTION('',(-0.957086477077897,-0.289802476515677,0.));
#9465=DIRECTION('',(0.,0.,-1.));
#9466=DIRECTION('',(0.957086477077897,0.289802476515677,0.));
#9467=DIRECTION('',(1.,0.,0.));
#9468=DIRECTION('',(0.,0.,-1.));
#9469=DIRECTION('',(0.,0.,-1.));
#9470=DIRECTION('',(0.,-1.,0.));
#9471=DIRECTION('',(0.28980247651567,0.957086477077899,0.));
#9472=DIRECTION('',(-0.957086477077899,0.28980247651567,0.));
#9473=DIRECTION('',(0.,0.,-1.));
#9474=DIRECTION('',(0.957086477077899,-0.28980247651567,0.));
#9475=DIRECTION('',(-1.,0.,0.));
#9476=DIRECTION('',(0.,0.,1.));
#9477=DIRECTION('',(0.,0.,-1.));
#9478=DIRECTION('',(0.,1.,0.));
#9479=DIRECTION('',(-0.289802476515677,0.957086477077897,0.));
#9480=DIRECTION('',(-0.957086477077897,-0.289802476515677,0.));
#9481=DIRECTION('',(0.,0.,-1.));
#9482=DIRECTION('',(0.957086477077897,0.289802476515677,0.));
#9483=DIRECTION('',(1.,0.,0.));
#9484=DIRECTION('',(0.,0.,-1.));
#9485=DIRECTION('',(0.,0.,-1.));
#9486=DIRECTION('',(0.,-1.,0.));
#9487=DIRECTION('',(0.28980247651567,0.957086477077899,0.));
#9488=DIRECTION('',(-0.957086477077899,0.28980247651567,0.));
#9489=DIRECTION('',(0.,0.,-1.));
#9490=DIRECTION('',(0.957086477077899,-0.28980247651567,0.));
#9491=DIRECTION('',(-1.,0.,0.));
#9492=DIRECTION('',(0.,0.,1.));
#9493=DIRECTION('',(0.,0.,-1.));
#9494=DIRECTION('',(0.,1.,0.));
#9495=DIRECTION('',(-0.289802476515677,0.957086477077897,0.));
#9496=DIRECTION('',(-0.957086477077897,-0.289802476515677,0.));
#9497=DIRECTION('',(0.,0.,-1.));
#9498=DIRECTION('',(0.957086477077897,0.289802476515677,0.));
#9499=DIRECTION('',(1.,0.,0.));
#9500=DIRECTION('',(0.,0.,-1.));
#9501=DIRECTION('',(0.,0.,-1.));
#9502=DIRECTION('',(0.,-1.,0.));
#9503=DIRECTION('',(0.28980247651567,0.957086477077899,0.));
#9504=DIRECTION('',(-0.957086477077899,0.28980247651567,0.));
#9505=DIRECTION('',(0.,0.,-1.));
#9506=DIRECTION('',(0.957086477077899,-0.28980247651567,0.));
#9507=DIRECTION('',(-1.,0.,0.));
#9508=DIRECTION('',(0.,0.,1.));
#9509=DIRECTION('',(0.,0.,-1.));
#9510=DIRECTION('',(0.,1.,0.));
#9511=DIRECTION('',(-0.289802476515677,0.957086477077897,0.));
#9512=DIRECTION('',(-0.957086477077897,-0.289802476515677,0.));
#9513=DIRECTION('',(0.,0.,-1.));
#9514=DIRECTION('',(0.957086477077897,0.289802476515677,0.));
#9515=DIRECTION('',(1.,0.,0.));
#9516=DIRECTION('',(0.,0.,-1.));
#9517=DIRECTION('',(0.,0.,-1.));
#9518=DIRECTION('',(0.,-1.,0.));
#9519=DIRECTION('',(0.28980247651567,0.957086477077899,0.));
#9520=DIRECTION('',(-0.957086477077899,0.28980247651567,0.));
#9521=DIRECTION('',(0.,0.,-1.));
#9522=DIRECTION('',(0.957086477077899,-0.28980247651567,0.));
#9523=DIRECTION('',(-1.,0.,0.));
#9524=DIRECTION('',(0.,0.,1.));
#9525=DIRECTION('',(0.,0.,-1.));
#9526=DIRECTION('',(0.,1.,0.));
#9527=DIRECTION('',(-0.289802476515677,0.957086477077897,0.));
#9528=DIRECTION('',(-0.957086477077897,-0.289802476515677,0.));
#9529=DIRECTION('',(0.,0.,-1.));
#9530=DIRECTION('',(0.957086477077897,0.289802476515677,0.));
#9531=DIRECTION('',(1.,0.,0.));
#9532=DIRECTION('',(0.,0.,-1.));
#9533=DIRECTION('',(0.,0.,-1.));
#9534=DIRECTION('',(0.,-1.,0.));
#9535=DIRECTION('',(0.28980247651567,0.957086477077899,0.));
#9536=DIRECTION('',(-0.957086477077899,0.28980247651567,0.));
#9537=DIRECTION('',(0.,0.,-1.));
#9538=DIRECTION('',(0.957086477077899,-0.28980247651567,0.));
#9539=DIRECTION('',(-1.,0.,0.));
#9540=DIRECTION('',(0.,0.,1.));
#9541=DIRECTION('',(0.,0.,-1.));
#9542=DIRECTION('',(0.,1.,0.));
#9543=DIRECTION('',(-0.289802476515677,0.957086477077897,0.));
#9544=DIRECTION('',(-0.957086477077897,-0.289802476515677,0.));
#9545=DIRECTION('',(0.,0.,-1.));
#9546=DIRECTION('',(0.957086477077897,0.289802476515677,0.));
#9547=DIRECTION('',(1.,0.,0.));
#9548=DIRECTION('',(0.,0.,-1.));
#9549=DIRECTION('',(0.,0.,-1.));
#9550=DIRECTION('',(0.,-1.,0.));
#9551=DIRECTION('',(0.28980247651567,0.957086477077899,0.));
#9552=DIRECTION('',(-0.957086477077899,0.28980247651567,0.));
#9553=DIRECTION('',(0.,0.,-1.));
#9554=DIRECTION('',(0.,0.,-1.));
#9555=DIRECTION('',(0.957086477077899,-0.28980247651567,0.));
#9556=DIRECTION('',(-1.,0.,0.));
#9557=DIRECTION('',(0.,0.,1.));
#9558=DIRECTION('',(0.,0.,-1.));
#9559=DIRECTION('',(-0.289802476515677,0.957086477077897,0.));
#9560=DIRECTION('',(-0.957086477077897,-0.289802476515677,0.));
#9561=DIRECTION('',(0.,0.,-1.));
#9562=DIRECTION('',(1.,0.,0.));
#9563=DIRECTION('',(0.,0.,-1.));
#9564=DIRECTION('',(0.,0.,-1.));
#9565=DIRECTION('',(0.28980247651567,0.957086477077899,0.));
#9566=DIRECTION('',(-0.957086477077899,0.28980247651567,0.));
#9567=DIRECTION('',(0.,0.,-1.));
#9568=DIRECTION('',(-1.,0.,0.));
#9569=DIRECTION('',(0.,0.,1.));
#9570=DIRECTION('',(0.,0.,-1.));
#9571=DIRECTION('',(-0.289802476515677,0.957086477077897,0.));
#9572=DIRECTION('',(-0.957086477077897,-0.289802476515677,0.));
#9573=DIRECTION('',(0.,0.,-1.));
#9574=DIRECTION('',(1.,0.,0.));
#9575=DIRECTION('',(0.,0.,-1.));
#9576=DIRECTION('',(0.,0.,-1.));
#9577=DIRECTION('',(0.28980247651567,0.957086477077899,0.));
#9578=DIRECTION('',(-0.957086477077899,0.28980247651567,0.));
#9579=DIRECTION('',(0.,0.,-1.));
#9580=DIRECTION('',(-1.,0.,0.));
#9581=DIRECTION('',(0.,0.,1.));
#9582=DIRECTION('',(0.,0.,-1.));
#9583=DIRECTION('',(-0.289802476515677,0.957086477077897,0.));
#9584=DIRECTION('',(-0.957086477077897,-0.289802476515677,0.));
#9585=DIRECTION('',(0.,0.,-1.));
#9586=DIRECTION('',(1.,0.,0.));
#9587=DIRECTION('',(0.,0.,-1.));
#9588=DIRECTION('',(0.,0.,-1.));
#9589=DIRECTION('',(0.28980247651567,0.957086477077899,0.));
#9590=DIRECTION('',(-0.957086477077899,0.28980247651567,0.));
#9591=DIRECTION('',(0.,0.,-1.));
#9592=DIRECTION('',(-1.,0.,0.));
#9593=DIRECTION('',(0.,0.,1.));
#9594=DIRECTION('',(0.,0.,-1.));
#9595=DIRECTION('',(-0.289802476515677,0.957086477077897,0.));
#9596=DIRECTION('',(-0.957086477077897,-0.289802476515677,0.));
#9597=DIRECTION('',(0.,0.,-1.));
#9598=DIRECTION('',(1.,0.,0.));
#9599=DIRECTION('',(0.,0.,-1.));
#9600=DIRECTION('',(0.,0.,-1.));
#9601=DIRECTION('',(0.28980247651567,0.957086477077899,0.));
#9602=DIRECTION('',(-0.957086477077899,0.28980247651567,0.));
#9603=DIRECTION('',(0.,0.,-1.));
#9604=DIRECTION('',(-1.,0.,0.));
#9605=DIRECTION('',(0.,0.,1.));
#9606=DIRECTION('',(0.,0.,-1.));
#9607=DIRECTION('',(-0.289802476515677,0.957086477077897,0.));
#9608=DIRECTION('',(-0.957086477077897,-0.289802476515677,0.));
#9609=DIRECTION('',(0.,0.,-1.));
#9610=DIRECTION('',(1.,0.,0.));
#9611=DIRECTION('',(0.,0.,-1.));
#9612=DIRECTION('',(0.,0.,-1.));
#9613=DIRECTION('',(0.28980247651567,0.957086477077899,0.));
#9614=DIRECTION('',(-0.957086477077899,0.28980247651567,0.));
#9615=DIRECTION('',(0.,0.,-1.));
#9616=DIRECTION('',(-1.,0.,0.));
#9617=DIRECTION('',(0.,0.,1.));
#9618=DIRECTION('',(0.,0.,-1.));
#9619=DIRECTION('',(-0.289802476515677,0.957086477077897,0.));
#9620=DIRECTION('',(-0.957086477077897,-0.289802476515677,0.));
#9621=DIRECTION('',(0.,0.,-1.));
#9622=DIRECTION('',(1.,0.,0.));
#9623=DIRECTION('',(0.,0.,-1.));
#9624=DIRECTION('',(0.,0.,-1.));
#9625=DIRECTION('',(0.28980247651567,0.957086477077899,0.));
#9626=DIRECTION('',(-0.957086477077899,0.28980247651567,0.));
#9627=DIRECTION('',(0.,0.,-1.));
#9628=DIRECTION('',(-1.,0.,0.));
#9629=DIRECTION('',(0.,0.,1.));
#9630=DIRECTION('',(0.,0.,-1.));
#9631=DIRECTION('',(-0.289802476515677,0.957086477077897,0.));
#9632=DIRECTION('',(-0.957086477077897,-0.289802476515677,0.));
#9633=DIRECTION('',(0.,0.,-1.));
#9634=DIRECTION('',(1.,0.,0.));
#9635=DIRECTION('',(0.,0.,-1.));
#9636=DIRECTION('',(0.,0.,-1.));
#9637=DIRECTION('',(0.28980247651567,0.957086477077899,0.));
#9638=DIRECTION('',(-0.957086477077899,0.28980247651567,0.));
#9639=DIRECTION('',(0.,0.,-1.));
#9640=DIRECTION('',(-1.,0.,0.));
#9641=DIRECTION('',(0.,0.,1.));
#9642=DIRECTION('',(0.,0.,-1.));
#9643=DIRECTION('',(-0.289802476515677,0.957086477077897,0.));
#9644=DIRECTION('',(-0.957086477077897,-0.289802476515677,0.));
#9645=DIRECTION('',(0.,0.,-1.));
#9646=DIRECTION('',(1.,0.,0.));
#9647=DIRECTION('',(0.,0.,-1.));
#9648=DIRECTION('',(0.,0.,-1.));
#9649=DIRECTION('',(0.28980247651567,0.957086477077899,0.));
#9650=DIRECTION('',(-0.957086477077899,0.28980247651567,0.));
#9651=DIRECTION('',(0.,0.,-1.));
#9652=DIRECTION('',(-1.,0.,0.));
#9653=DIRECTION('',(0.,0.,1.));
#9654=DIRECTION('',(0.,0.,-1.));
#9655=DIRECTION('',(-0.289802476515677,0.957086477077897,0.));
#9656=DIRECTION('',(-0.957086477077897,-0.289802476515677,0.));
#9657=DIRECTION('',(0.,0.,-1.));
#9658=DIRECTION('',(1.,0.,0.));
#9659=DIRECTION('',(0.,0.,-1.));
#9660=DIRECTION('',(0.,0.,-1.));
#9661=DIRECTION('',(0.28980247651567,0.957086477077899,0.));
#9662=DIRECTION('',(-0.957086477077899,0.28980247651567,0.));
#9663=DIRECTION('',(0.,0.,-1.));
#9664=DIRECTION('',(-1.,0.,0.));
#9665=DIRECTION('',(0.,0.,1.));
#9666=DIRECTION('',(0.,0.,-1.));
#9667=DIRECTION('',(-0.289802476515677,0.957086477077897,0.));
#9668=DIRECTION('',(-0.957086477077897,-0.289802476515677,0.));
#9669=DIRECTION('',(0.,0.,-1.));
#9670=DIRECTION('',(1.,0.,0.));
#9671=DIRECTION('',(0.,0.,-1.));
#9672=DIRECTION('',(0.,0.,-1.));
#9673=DIRECTION('',(0.28980247651567,0.957086477077899,0.));
#9674=DIRECTION('',(-0.957086477077899,0.28980247651567,0.));
#9675=DIRECTION('',(0.,0.,-1.));
#9676=DIRECTION('',(-1.,0.,0.));
#9677=DIRECTION('',(0.,0.,1.));
#9678=DIRECTION('',(0.,0.,-1.));
#9679=DIRECTION('',(-0.289802476515677,0.957086477077897,0.));
#9680=DIRECTION('',(-0.957086477077897,-0.289802476515677,0.));
#9681=DIRECTION('',(0.,0.,-1.));
#9682=DIRECTION('',(1.,0.,0.));
#9683=DIRECTION('',(0.,0.,-1.));
#9684=DIRECTION('',(0.,0.,-1.));
#9685=DIRECTION('',(0.28980247651567,0.957086477077899,0.));
#9686=DIRECTION('',(-0.957086477077899,0.28980247651567,0.));
#9687=DIRECTION('',(0.,0.,-1.));
#9688=DIRECTION('',(-1.,0.,0.));
#9689=DIRECTION('',(0.,0.,1.));
#9690=DIRECTION('',(0.,0.,-1.));
#9691=DIRECTION('',(-0.289802476515677,0.957086477077897,0.));
#9692=DIRECTION('',(-0.957086477077897,-0.289802476515677,0.));
#9693=DIRECTION('',(0.,0.,-1.));
#9694=DIRECTION('',(1.,0.,0.));
#9695=DIRECTION('',(0.,0.,-1.));
#9696=DIRECTION('',(0.,0.,-1.));
#9697=DIRECTION('',(0.28980247651567,0.957086477077899,0.));
#9698=DIRECTION('',(-0.957086477077899,0.28980247651567,0.));
#9699=DIRECTION('',(0.,0.,-1.));
#9700=DIRECTION('',(-1.,0.,0.));
#9701=DIRECTION('',(0.,0.,1.));
#9702=DIRECTION('',(0.,0.,-1.));
#9703=DIRECTION('',(-0.289802476515677,0.957086477077897,0.));
#9704=DIRECTION('',(-0.957086477077897,-0.289802476515677,0.));
#9705=DIRECTION('',(0.,0.,-1.));
#9706=DIRECTION('',(1.,0.,0.));
#9707=DIRECTION('',(0.,0.,-1.));
#9708=DIRECTION('',(0.,0.,-1.));
#9709=DIRECTION('',(0.28980247651567,0.957086477077899,0.));
#9710=DIRECTION('',(-0.957086477077899,0.28980247651567,0.));
#9711=DIRECTION('',(0.,0.,-1.));
#9712=DIRECTION('',(-1.,0.,0.));
#9713=DIRECTION('',(0.,0.,1.));
#9714=DIRECTION('',(0.,0.,-1.));
#9715=DIRECTION('',(-0.289802476515677,0.957086477077897,0.));
#9716=DIRECTION('',(-0.957086477077897,-0.289802476515677,0.));
#9717=DIRECTION('',(0.,0.,-1.));
#9718=DIRECTION('',(1.,0.,0.));
#9719=DIRECTION('',(0.,0.,-1.));
#9720=DIRECTION('',(0.,0.,-1.));
#9721=DIRECTION('',(0.28980247651567,0.957086477077899,0.));
#9722=DIRECTION('',(-0.957086477077899,0.28980247651567,0.));
#9723=DIRECTION('',(0.,0.,-1.));
#9724=DIRECTION('',(-1.,0.,0.));
#9725=DIRECTION('',(0.,0.,1.));
#9726=DIRECTION('',(0.,0.,-1.));
#9727=DIRECTION('',(-0.289802476515677,0.957086477077897,0.));
#9728=DIRECTION('',(-0.957086477077897,-0.289802476515677,0.));
#9729=DIRECTION('',(0.,0.,-1.));
#9730=DIRECTION('',(1.,0.,0.));
#9731=DIRECTION('',(0.,0.,-1.));
#9732=DIRECTION('',(0.,0.,-1.));
#9733=DIRECTION('',(0.28980247651567,0.957086477077899,0.));
#9734=DIRECTION('',(-0.957086477077899,0.28980247651567,0.));
#9735=DIRECTION('',(0.,0.,-1.));
#9736=DIRECTION('',(-1.,0.,0.));
#9737=DIRECTION('',(0.,0.,1.));
#9738=DIRECTION('',(0.,0.,-1.));
#9739=DIRECTION('',(-0.289802476515677,0.957086477077897,0.));
#9740=DIRECTION('',(-0.957086477077897,-0.289802476515677,0.));
#9741=DIRECTION('',(0.,0.,-1.));
#9742=DIRECTION('',(1.,0.,0.));
#9743=DIRECTION('',(0.,0.,-1.));
#9744=DIRECTION('',(0.,0.,-1.));
#9745=DIRECTION('',(0.28980247651567,0.957086477077899,0.));
#9746=DIRECTION('',(-0.957086477077899,0.28980247651567,0.));
#9747=DIRECTION('',(0.,0.,-1.));
#9748=DIRECTION('',(-1.,0.,0.));
#9749=DIRECTION('',(0.,0.,1.));
#9750=DIRECTION('',(0.,0.,-1.));
#9751=DIRECTION('',(-0.289802476515677,0.957086477077897,0.));
#9752=DIRECTION('',(-0.957086477077897,-0.289802476515677,0.));
#9753=DIRECTION('',(0.,0.,-1.));
#9754=DIRECTION('',(1.,0.,0.));
#9755=DIRECTION('',(0.,0.,-1.));
#9756=DIRECTION('',(0.,0.,-1.));
#9757=DIRECTION('',(0.28980247651567,0.957086477077899,0.));
#9758=DIRECTION('',(-0.957086477077899,0.28980247651567,0.));
#9759=DIRECTION('',(0.,0.,-1.));
#9760=DIRECTION('',(-1.,0.,0.));
#9761=DIRECTION('',(0.,0.,1.));
#9762=DIRECTION('',(0.,0.,-1.));
#9763=DIRECTION('',(-0.28980247651567,0.957086477077899,0.));
#9764=DIRECTION('',(-0.957086477077899,-0.28980247651567,0.));
#9765=DIRECTION('',(0.,0.,-1.));
#9766=DIRECTION('',(1.,0.,0.));
#9767=DIRECTION('',(0.,0.,-1.));
#9768=DIRECTION('',(0.,0.,-1.));
#9769=DIRECTION('',(0.28980247651567,0.957086477077899,0.));
#9770=DIRECTION('',(-0.957086477077899,0.28980247651567,0.));
#9771=DIRECTION('',(0.,0.,-1.));
#9772=DIRECTION('',(-1.,0.,0.));
#9773=DIRECTION('',(0.,0.,1.));
#9774=DIRECTION('',(0.,0.,-1.));
#9775=DIRECTION('',(-0.28980247651567,0.957086477077899,0.));
#9776=DIRECTION('',(-0.957086477077899,-0.28980247651567,0.));
#9777=DIRECTION('',(0.,0.,-1.));
#9778=DIRECTION('',(1.,0.,0.));
#9779=DIRECTION('',(0.,0.,-1.));
#9780=DIRECTION('',(0.,0.,-1.));
#9781=DIRECTION('',(0.28980247651567,0.957086477077899,0.));
#9782=DIRECTION('',(-0.957086477077899,0.28980247651567,0.));
#9783=DIRECTION('',(0.,0.,-1.));
#9784=DIRECTION('',(-1.,0.,0.));
#9785=DIRECTION('',(0.,0.,1.));
#9786=DIRECTION('',(0.,0.,-1.));
#9787=DIRECTION('',(-0.28980247651567,0.957086477077899,0.));
#9788=DIRECTION('',(-0.957086477077899,-0.28980247651567,0.));
#9789=DIRECTION('',(0.,0.,-1.));
#9790=DIRECTION('',(1.,0.,0.));
#9791=DIRECTION('',(0.,0.,-1.));
#9792=DIRECTION('',(0.,0.,-1.));
#9793=DIRECTION('',(0.28980247651567,0.957086477077899,0.));
#9794=DIRECTION('',(-0.957086477077899,0.28980247651567,0.));
#9795=DIRECTION('',(0.,0.,-1.));
#9796=DIRECTION('',(-1.,0.,0.));
#9797=DIRECTION('',(0.,0.,1.));
#9798=DIRECTION('',(0.,0.,-1.));
#9799=DIRECTION('',(-0.28980247651567,0.957086477077899,0.));
#9800=DIRECTION('',(-0.957086477077899,-0.28980247651567,0.));
#9801=DIRECTION('',(0.,0.,-1.));
#9802=DIRECTION('',(1.,0.,0.));
#9803=DIRECTION('',(0.,0.,-1.));
#9804=DIRECTION('',(0.,0.,-1.));
#9805=DIRECTION('',(0.28980247651567,0.957086477077899,0.));
#9806=DIRECTION('',(-0.957086477077899,0.28980247651567,0.));
#9807=DIRECTION('',(0.,0.,-1.));
#9808=DIRECTION('',(-1.,0.,0.));
#9809=DIRECTION('',(0.,0.,1.));
#9810=DIRECTION('',(0.,0.,-1.));
#9811=DIRECTION('',(-0.28980247651567,0.957086477077899,0.));
#9812=DIRECTION('',(-0.957086477077899,-0.28980247651567,0.));
#9813=DIRECTION('',(0.,0.,-1.));
#9814=DIRECTION('',(1.,0.,0.));
#9815=DIRECTION('',(0.,0.,-1.));
#9816=DIRECTION('',(0.,0.,-1.));
#9817=DIRECTION('',(0.28980247651567,0.957086477077899,0.));
#9818=DIRECTION('',(-0.957086477077899,0.28980247651567,0.));
#9819=DIRECTION('',(0.,0.,-1.));
#9820=DIRECTION('',(-1.,0.,0.));
#9821=DIRECTION('',(0.,0.,1.));
#9822=DIRECTION('',(0.,0.,-1.));
#9823=DIRECTION('',(-0.28980247651567,0.957086477077899,0.));
#9824=DIRECTION('',(-0.957086477077899,-0.28980247651567,0.));
#9825=DIRECTION('',(0.,0.,-1.));
#9826=DIRECTION('',(1.,0.,0.));
#9827=DIRECTION('',(0.,0.,-1.));
#9828=DIRECTION('',(1.,-1.06660169400998E-16,0.));
#9829=DIRECTION('',(1.06660169400998E-16,1.,0.));
#9830=DIRECTION('',(0.,0.,-1.));
#9831=DIRECTION('',(-1.,0.,0.));
#9832=DIRECTION('',(-1.,0.,0.));
#9833=DIRECTION('',(0.,1.,0.));
#9834=DIRECTION('',(-1.,0.,0.));
#9835=DIRECTION('',(-0.650936559340652,0.759132133237524,0.));
#9836=DIRECTION('',(-1.,1.54455430821704E-16,0.));
#9837=DIRECTION('',(-1.,-1.54455430821704E-16,0.));
#9838=DIRECTION('',(-0.650936559340652,-0.759132133237524,0.));
#9839=DIRECTION('',(1.54455430821704E-16,-1.,0.));
#9840=DIRECTION('',(1.,1.54455430821704E-16,0.));
#9841=DIRECTION('',(0.,0.,-1.));
#9842=DIRECTION('',(0.,-1.,0.));
#9843=DIRECTION('',(0.,0.,-1.));
#9844=DIRECTION('',(-0.707106781186546,0.,0.70710678118655));
#9845=DIRECTION('',(-0.707106781186546,0.,-0.70710678118655));
#9846=DIRECTION('',(0.,0.,-1.));
#9847=DIRECTION('',(0.,-1.,0.));
#9848=DIRECTION('',(0.,0.,-1.));
#9849=DIRECTION('',(0.707106781186546,0.,0.70710678118655));
#9850=DIRECTION('',(0.707106781186546,0.,-0.70710678118655));
#9851=DIRECTION('',(0.,0.,-1.));
#9852=DIRECTION('',(0.759132133237524,-0.650936559340652,0.));
#9853=DIRECTION('',(0.650936559340652,0.759132133237524,0.));
#9854=DIRECTION('',(-1.54455430821704E-16,-1.,0.));
#9855=DIRECTION('',(1.,-1.54455430821704E-16,0.));
#9856=DIRECTION('',(0.,0.,-1.));
#9857=DIRECTION('',(-0.759132133237524,-0.650936559340652,0.));
#9858=DIRECTION('',(0.650936559340652,-0.759132133237524,0.));
#9859=DIRECTION('',(0.,0.,1.));
#9860=DIRECTION('',(1.,0.,0.));
#9861=DIRECTION('',(0.,0.,1.));
#9862=DIRECTION('',(1.,0.,0.));
#9863=DIRECTION('',(0.,0.,1.));
#9864=DIRECTION('',(1.,0.,0.));
#9865=DIRECTION('',(0.,0.,1.));
#9866=DIRECTION('',(1.,0.,0.));
#9867=DIRECTION('',(0.,0.,-1.));
#9868=DIRECTION('',(1.,0.,0.));
#9869=DIRECTION('',(0.,0.,1.));
#9870=DIRECTION('',(1.,0.,0.));
#9871=DIRECTION('',(-0.70710678118655,0.,-0.707106781186546));
#9872=DIRECTION('',(0.,1.,0.));
#9873=DIRECTION('',(0.,-1.,0.));
#9874=DIRECTION('',(0.70710678118655,0.,-0.707106781186546));
#9875=DIRECTION('',(0.,-1.,0.));
#9876=CARTESIAN_POINT('',(0.,0.,0.));
#9877=CARTESIAN_POINT('',(0.155807004071141,0.101843553727573,0.02032));
#9878=CARTESIAN_POINT('',(0.155855828116588,0.0628584772348404,0.02032));
#9879=CARTESIAN_POINT('',(0.170460828116588,0.0628584772348404,0.02032));
#9880=CARTESIAN_POINT('',(0.0605009449805772,0.0751427114009857,0.02032));
#9881=CARTESIAN_POINT('',(0.071908712387085,0.0751427114009857,0.02032));
#9882=CARTESIAN_POINT('',(0.0503631775740695,0.0751427114009857,0.02032));
#9883=CARTESIAN_POINT('',(0.0503631775740695,0.101843553727573,0.02032));
#9884=CARTESIAN_POINT('',(0.0503631775740695,-0.0305577404797077,0.02032));
#9885=CARTESIAN_POINT('',(0.0605009449805772,-0.0305577404797077,0.02032));
#9886=CARTESIAN_POINT('',(0.071908712387085,-0.0305577404797077,0.02032));
#9887=CARTESIAN_POINT('',(0.0817795731127262,-0.0190461923080446,0.02032));
#9888=CARTESIAN_POINT('',(0.0916504338383675,-0.00753464413638157,0.02032));
#9889=CARTESIAN_POINT('',(0.114112880988954,-0.00753464413638157,0.02032));
#9890=CARTESIAN_POINT('',(0.135498622517674,-0.00753464413638157,0.02032));
#9891=CARTESIAN_POINT('',(0.135678929851659,-0.00758924057377183,0.02032));
#9892=CARTESIAN_POINT('',(0.136575328139541,-0.00786066687640395,0.02032));
#9893=CARTESIAN_POINT('',(0.136575328139541,-0.00809652590937224,0.02032));
#9894=CARTESIAN_POINT('',(0.136575328139541,-0.00833238494234052,0.02032));
#9895=CARTESIAN_POINT('',(0.135678929851659,-0.00860381124497263,0.02032));
#9896=CARTESIAN_POINT('',(0.134782531563778,-0.00887523754760473,0.02032));
#9897=CARTESIAN_POINT('',(0.134782531563778,-0.00898552590937223,0.02032));
#9898=CARTESIAN_POINT('',(0.134782531563778,-0.00909581427113972,0.02032));
#9899=CARTESIAN_POINT('',(0.135678929851659,-0.00936724057377183,0.02032));
#9900=CARTESIAN_POINT('',(0.136575328139541,-0.00963866687640395,0.02032));
#9901=CARTESIAN_POINT('',(0.136575328139541,-0.00987452590937224,0.02032));
#9902=CARTESIAN_POINT('',(0.136575328139541,-0.0101103849423405,0.02032));
#9903=CARTESIAN_POINT('',(0.135678929851659,-0.0103818112449726,0.02032));
#9904=CARTESIAN_POINT('',(0.134782531563778,-0.0106532375476047,0.02032));
#9905=CARTESIAN_POINT('',(0.134782531563778,-0.0107635259093722,0.02032));
#9906=CARTESIAN_POINT('',(0.134782531563778,-0.0108738142711397,0.02032));
#9907=CARTESIAN_POINT('',(0.135678929851659,-0.0111452405737718,0.02032));
#9908=CARTESIAN_POINT('',(0.136575328139541,-0.011416666876404,0.02032));
#9909=CARTESIAN_POINT('',(0.136575328139541,-0.0116525259093722,0.02032));
#9910=CARTESIAN_POINT('',(0.136575328139541,-0.0118883849423405,0.02032));
#9911=CARTESIAN_POINT('',(0.135678929851659,-0.0121598112449726,0.02032));
#9912=CARTESIAN_POINT('',(0.134782531563778,-0.0124312375476047,0.02032));
#9913=CARTESIAN_POINT('',(0.134782531563778,-0.0125415259093722,0.02032));
#9914=CARTESIAN_POINT('',(0.134782531563778,-0.0126518142711397,0.02032));
#9915=CARTESIAN_POINT('',(0.135678929851659,-0.0129232405737718,0.02032));
#9916=CARTESIAN_POINT('',(0.136575328139541,-0.013194666876404,0.02032));
#9917=CARTESIAN_POINT('',(0.136575328139541,-0.0134305259093722,0.02032));
#9918=CARTESIAN_POINT('',(0.136575328139541,-0.0136663849423405,0.02032));
#9919=CARTESIAN_POINT('',(0.135678929851659,-0.0139378112449726,0.02032));
#9920=CARTESIAN_POINT('',(0.134782531563778,-0.0142092375476047,0.02032));
#9921=CARTESIAN_POINT('',(0.134782531563778,-0.0143195259093722,0.02032));
#9922=CARTESIAN_POINT('',(0.134782531563778,-0.0144298142711397,0.02032));
#9923=CARTESIAN_POINT('',(0.135678929851659,-0.0147012405737718,0.02032));
#9924=CARTESIAN_POINT('',(0.136575328139541,-0.014972666876404,0.02032));
#9925=CARTESIAN_POINT('',(0.136575328139541,-0.0152085259093722,0.02032));
#9926=CARTESIAN_POINT('',(0.136575328139541,-0.0154443849423405,0.02032));
#9927=CARTESIAN_POINT('',(0.135678929851659,-0.0157158112449726,0.02032));
#9928=CARTESIAN_POINT('',(0.134782531563778,-0.0159872375476048,0.02032));
#9929=CARTESIAN_POINT('',(0.134782531563778,-0.0160975259093722,0.02032));
#9930=CARTESIAN_POINT('',(0.134782531563778,-0.0162078142711397,0.02032));
#9931=CARTESIAN_POINT('',(0.135678929851659,-0.0164792405737719,0.02032));
#9932=CARTESIAN_POINT('',(0.136575328139541,-0.016750666876404,0.02032));
#9933=CARTESIAN_POINT('',(0.136575328139541,-0.0169865259093722,0.02032));
#9934=CARTESIAN_POINT('',(0.136575328139541,-0.0172223849423405,0.02032));
#9935=CARTESIAN_POINT('',(0.135678929851659,-0.0174938112449727,0.02032));
#9936=CARTESIAN_POINT('',(0.134782531563778,-0.0177652375476047,0.02032));
#9937=CARTESIAN_POINT('',(0.134782531563778,-0.0178755259093723,0.02032));
#9938=CARTESIAN_POINT('',(0.134782531563778,-0.0179858142711398,0.02032));
#9939=CARTESIAN_POINT('',(0.135678929851659,-0.0182572405737719,0.02032));
#9940=CARTESIAN_POINT('',(0.136575328139541,-0.0185286668764039,0.02032));
#9941=CARTESIAN_POINT('',(0.136575328139541,-0.0187645259093722,0.02032));
#9942=CARTESIAN_POINT('',(0.136575328139541,-0.0190003849423406,0.02032));
#9943=CARTESIAN_POINT('',(0.135678929851659,-0.0192718112449726,0.02032));
#9944=CARTESIAN_POINT('',(0.134782531563778,-0.0195432375476048,0.02032));
#9945=CARTESIAN_POINT('',(0.134782531563778,-0.0196535259093722,0.02032));
#9946=CARTESIAN_POINT('',(0.134782531563778,-0.0197638142711398,0.02032));
#9947=CARTESIAN_POINT('',(0.135678929851659,-0.0200352405737719,0.02032));
#9948=CARTESIAN_POINT('',(0.136575328139541,-0.020306666876404,0.02032));
#9949=CARTESIAN_POINT('',(0.136575328139541,-0.0205425259093723,0.02032));
#9950=CARTESIAN_POINT('',(0.136575328139541,-0.0207783849423405,0.02032));
#9951=CARTESIAN_POINT('',(0.135678929851659,-0.0210498112449727,0.02032));
#9952=CARTESIAN_POINT('',(0.134782531563778,-0.0213212375476047,0.02032));
#9953=CARTESIAN_POINT('',(0.134782531563778,-0.0214315259093723,0.02032));
#9954=CARTESIAN_POINT('',(0.134782531563778,-0.0215418142711397,0.02032));
#9955=CARTESIAN_POINT('',(0.135678929851659,-0.0218132405737719,0.02032));
#9956=CARTESIAN_POINT('',(0.136575328139541,-0.0220846668764039,0.02032));
#9957=CARTESIAN_POINT('',(0.136575328139541,-0.0223205259093722,0.02032));
#9958=CARTESIAN_POINT('',(0.136575328139541,-0.0225563849423406,0.02032));
#9959=CARTESIAN_POINT('',(0.135678929851659,-0.0228278112449726,0.02032));
#9960=CARTESIAN_POINT('',(0.134782531563778,-0.0230992375476048,0.02032));
#9961=CARTESIAN_POINT('',(0.134782531563778,-0.0232095259093722,0.02032));
#9962=CARTESIAN_POINT('',(0.134782531563778,-0.0233198142711398,0.02032));
#9963=CARTESIAN_POINT('',(0.135678929851659,-0.0235912405737718,0.02032));
#9964=CARTESIAN_POINT('',(0.136575328139541,-0.023862666876404,0.02032));
#9965=CARTESIAN_POINT('',(0.136575328139541,-0.0240985259093723,0.02032));
#9966=CARTESIAN_POINT('',(0.136575328139541,-0.0243343849423405,0.02032));
#9967=CARTESIAN_POINT('',(0.135678929851659,-0.0246058112449727,0.02032));
#9968=CARTESIAN_POINT('',(0.134782531563778,-0.0248772375476047,0.02032));
#9969=CARTESIAN_POINT('',(0.134782531563778,-0.0249875259093723,0.02032));
#9970=CARTESIAN_POINT('',(0.134782531563778,-0.0250978142711397,0.02032));
#9971=CARTESIAN_POINT('',(0.135678929851659,-0.0253692405737719,0.02032));
#9972=CARTESIAN_POINT('',(0.136575328139541,-0.0256406668764039,0.02032));
#9973=CARTESIAN_POINT('',(0.136575328139541,-0.0258765259093722,0.02032));
#9974=CARTESIAN_POINT('',(0.136575328139541,-0.0261123849423406,0.02032));
#9975=CARTESIAN_POINT('',(0.135678929851659,-0.0263838112449726,0.02032));
#9976=CARTESIAN_POINT('',(0.134782531563778,-0.0266552375476048,0.02032));
#9977=CARTESIAN_POINT('',(0.134782531563778,-0.0267655259093722,0.02032));
#9978=CARTESIAN_POINT('',(0.134782531563778,-0.0268758142711398,0.02032));
#9979=CARTESIAN_POINT('',(0.135678929851659,-0.0271472405737718,0.02032));
#9980=CARTESIAN_POINT('',(0.136575328139541,-0.027418666876404,0.02032));
#9981=CARTESIAN_POINT('',(0.136575328139541,-0.0276545259093723,0.02032));
#9982=CARTESIAN_POINT('',(0.136575328139541,-0.0278903849423406,0.02032));
#9983=CARTESIAN_POINT('',(0.135678929851659,-0.0281618112449727,0.02032));
#9984=CARTESIAN_POINT('',(0.134782531563778,-0.0284332375476047,0.02032));
#9985=CARTESIAN_POINT('',(0.134782531563778,-0.0285435259093722,0.02032));
#9986=CARTESIAN_POINT('',(0.134782531563778,-0.0286538142711397,0.02032));
#9987=CARTESIAN_POINT('',(0.135678929851659,-0.0289252405737719,0.02032));
#9988=CARTESIAN_POINT('',(0.136575328139541,-0.029196666876404,0.02032));
#9989=CARTESIAN_POINT('',(0.136575328139541,-0.0294325259093722,0.02032));
#9990=CARTESIAN_POINT('',(0.136575328139541,-0.0296683849423406,0.02032));
#9991=CARTESIAN_POINT('',(0.135678929851659,-0.0299398112449727,0.02032));
#9992=CARTESIAN_POINT('',(0.134782531563778,-0.0302112375476048,0.02032));
#9993=CARTESIAN_POINT('',(0.134782531563778,-0.0303215259093722,0.02032));
#9994=CARTESIAN_POINT('',(0.134782531563778,-0.0304318142711398,0.02032));
#9995=CARTESIAN_POINT('',(0.135678929851659,-0.0307032405737718,0.02032));
#9996=CARTESIAN_POINT('',(0.136575328139541,-0.030974666876404,0.02032));
#9997=CARTESIAN_POINT('',(0.136575328139541,-0.0312105259093723,0.02032));
#9998=CARTESIAN_POINT('',(0.136575328139541,-0.0314463849423405,0.02032));
#9999=CARTESIAN_POINT('',(0.135678929851659,-0.0317178112449727,0.02032));
#10000=CARTESIAN_POINT('',(0.134782531563778,-0.0319892375476047,0.02032));
#10001=CARTESIAN_POINT('',(0.134782531563778,-0.0320995259093723,0.02032));
#10002=CARTESIAN_POINT('',(0.134782531563778,-0.0322098142711397,0.02032));
#10003=CARTESIAN_POINT('',(0.135678929851659,-0.0324812405737719,0.02032));
#10004=CARTESIAN_POINT('',(0.136575328139541,-0.032752666876404,0.02032));
#10005=CARTESIAN_POINT('',(0.136575328139541,-0.0329885259093723,0.02032));
#10006=CARTESIAN_POINT('',(0.136575328139541,-0.0332243849423405,0.02032));
#10007=CARTESIAN_POINT('',(0.135678929851659,-0.0334958112449727,0.02032));
#10008=CARTESIAN_POINT('',(0.134782531563778,-0.0337672375476047,0.02032));
#10009=CARTESIAN_POINT('',(0.134782531563778,-0.0338775259093722,0.02032));
#10010=CARTESIAN_POINT('',(0.134782531563778,-0.0339878142711397,0.02032));
#10011=CARTESIAN_POINT('',(0.135678929851659,-0.0342592405737719,0.02032));
#10012=CARTESIAN_POINT('',(0.136575328139541,-0.034530666876404,0.02032));
#10013=CARTESIAN_POINT('',(0.136575328139541,-0.0347665259093723,0.02032));
#10014=CARTESIAN_POINT('',(0.136575328139541,-0.0350023849423406,0.02032));
#10015=CARTESIAN_POINT('',(0.135678929851659,-0.0352738112449726,0.02032));
#10016=CARTESIAN_POINT('',(0.134782531563778,-0.0355452375476047,0.02032));
#10017=CARTESIAN_POINT('',(0.134782531563778,-0.0356555259093723,0.02032));
#10018=CARTESIAN_POINT('',(0.134782531563778,-0.0357658142711397,0.02032));
#10019=CARTESIAN_POINT('',(0.135678929851659,-0.0360372405737718,0.02032));
#10020=CARTESIAN_POINT('',(0.136575328139541,-0.036308666876404,0.02032));
#10021=CARTESIAN_POINT('',(0.136575328139541,-0.0365445259093723,0.02032));
#10022=CARTESIAN_POINT('',(0.136575328139541,-0.0367803849423405,0.02032));
#10023=CARTESIAN_POINT('',(0.135678929851659,-0.0370518112449727,0.02032));
#10024=CARTESIAN_POINT('',(0.134782531563778,-0.0373232375476047,0.02032));
#10025=CARTESIAN_POINT('',(0.134782531563778,-0.0374335259093723,0.02032));
#10026=CARTESIAN_POINT('',(0.134782531563778,-0.0375438142711397,0.02032));
#10027=CARTESIAN_POINT('',(0.135678929851659,-0.0378152405737718,0.02032));
#10028=CARTESIAN_POINT('',(0.136575328139541,-0.038086666876404,0.02032));
#10029=CARTESIAN_POINT('',(0.136575328139541,-0.0383225259093723,0.02032));
#10030=CARTESIAN_POINT('',(0.136575328139541,-0.0385583849423405,0.02032));
#10031=CARTESIAN_POINT('',(0.135678929851659,-0.0388298112449727,0.02032));
#10032=CARTESIAN_POINT('',(0.134782531563778,-0.0391012375476047,0.02032));
#10033=CARTESIAN_POINT('',(0.134782531563778,-0.0392115259093723,0.02032));
#10034=CARTESIAN_POINT('',(0.134782531563778,-0.0393218142711397,0.02032));
#10035=CARTESIAN_POINT('',(0.135678929851659,-0.0395932405737719,0.02032));
#10036=CARTESIAN_POINT('',(0.136575328139541,-0.039864666876404,0.02032));
#10037=CARTESIAN_POINT('',(0.136575328139541,-0.0401005259093723,0.02032));
#10038=CARTESIAN_POINT('',(0.136575328139541,-0.0403363849423405,0.02032));
#10039=CARTESIAN_POINT('',(0.135678929851659,-0.0406078112449727,0.02032));
#10040=CARTESIAN_POINT('',(0.134782531563778,-0.0408792375476047,0.02032));
#10041=CARTESIAN_POINT('',(0.134782531563778,-0.0409895259093722,0.02032));
#10042=CARTESIAN_POINT('',(0.134782531563778,-0.0410998142711397,0.02032));
#10043=CARTESIAN_POINT('',(0.135678929851659,-0.0413712405737719,0.02032));
#10044=CARTESIAN_POINT('',(0.136575328139541,-0.041642666876404,0.02032));
#10045=CARTESIAN_POINT('',(0.136575328139541,-0.0418785259093723,0.02032));
#10046=CARTESIAN_POINT('',(0.136575328139541,-0.0421143849423406,0.02032));
#10047=CARTESIAN_POINT('',(0.135678929851659,-0.0423858112449726,0.02032));
#10048=CARTESIAN_POINT('',(0.134782531563778,-0.0426572375476047,0.02032));
#10049=CARTESIAN_POINT('',(0.134782531563778,-0.0427675259093723,0.02032));
#10050=CARTESIAN_POINT('',(0.134782531563778,-0.0428778142711397,0.02032));
#10051=CARTESIAN_POINT('',(0.135678929851659,-0.0431492405737718,0.02032));
#10052=CARTESIAN_POINT('',(0.136575328139541,-0.043420666876404,0.02032));
#10053=CARTESIAN_POINT('',(0.136575328139541,-0.0436565259093723,0.02032));
#10054=CARTESIAN_POINT('',(0.136575328139541,-0.0438923849423405,0.02032));
#10055=CARTESIAN_POINT('',(0.135678929851659,-0.0441638112449727,0.02032));
#10056=CARTESIAN_POINT('',(0.134782531563778,-0.0444352375476048,0.02032));
#10057=CARTESIAN_POINT('',(0.134782531563778,-0.0445455259093723,0.02032));
#10058=CARTESIAN_POINT('',(0.134782531563778,-0.0446558142711397,0.02032));
#10059=CARTESIAN_POINT('',(0.135678929851659,-0.0449272405737718,0.02032));
#10060=CARTESIAN_POINT('',(0.136575328139541,-0.045198666876404,0.02032));
#10061=CARTESIAN_POINT('',(0.136575328139541,-0.0454345259093723,0.02032));
#10062=CARTESIAN_POINT('',(0.136575328139541,-0.0456703849423405,0.02032));
#10063=CARTESIAN_POINT('',(0.135678929851659,-0.0459418112449727,0.02032));
#10064=CARTESIAN_POINT('',(0.134782531563778,-0.0462132375476048,0.02032));
#10065=CARTESIAN_POINT('',(0.134782531563778,-0.0463235259093723,0.02032));
#10066=CARTESIAN_POINT('',(0.134782531563778,-0.0464338142711398,0.02032));
#10067=CARTESIAN_POINT('',(0.135678929851659,-0.0467052405737719,0.02032));
#10068=CARTESIAN_POINT('',(0.136575328139541,-0.046976666876404,0.02032));
#10069=CARTESIAN_POINT('',(0.136575328139541,-0.0472125259093723,0.02032));
#10070=CARTESIAN_POINT('',(0.136575328139541,-0.0474483849423406,0.02032));
#10071=CARTESIAN_POINT('',(0.135678929851659,-0.0477198112449727,0.02032));
#10072=CARTESIAN_POINT('',(0.134782531563778,-0.0479912375476048,0.02032));
#10073=CARTESIAN_POINT('',(0.134782531563778,-0.0481015259093723,0.02032));
#10074=CARTESIAN_POINT('',(0.134782531563778,-0.0482118142711398,0.02032));
#10075=CARTESIAN_POINT('',(0.135678929851659,-0.0484832405737719,0.02032));
#10076=CARTESIAN_POINT('',(0.136575328139541,-0.048754666876404,0.02032));
#10077=CARTESIAN_POINT('',(0.136575328139541,-0.0489905259093723,0.02032));
#10078=CARTESIAN_POINT('',(0.136575328139541,-0.0492263849423405,0.02032));
#10079=CARTESIAN_POINT('',(0.135678929851659,-0.0494978112449727,0.02032));
#10080=CARTESIAN_POINT('',(0.134782531563778,-0.0497692375476048,0.02032));
#10081=CARTESIAN_POINT('',(0.134782531563778,-0.0498795259093723,0.02032));
#10082=CARTESIAN_POINT('',(0.134782531563778,-0.0499898142711398,0.02032));
#10083=CARTESIAN_POINT('',(0.135678929851659,-0.0502612405737719,0.02032));
#10084=CARTESIAN_POINT('',(0.136575328139541,-0.050532666876404,0.02032));
#10085=CARTESIAN_POINT('',(0.136851536294921,-0.050532666876404,0.02032));
#10086=CARTESIAN_POINT('',(0.13675700407114,-0.050532666876404,0.02032));
#10087=CARTESIAN_POINT('',(0.13675700407114,0.101843553727573,0.02032));
#10088=CARTESIAN_POINT('',(0.13675700407114,-0.0505564462724265,0.02032));
#10089=CARTESIAN_POINT('',(0.155807004071141,-0.0505564462724265,0.02032));
#10090=CARTESIAN_POINT('',(0.174857004071141,-0.0505564462724265,0.02032));
#10091=CARTESIAN_POINT('',(0.174857004071141,0.101843553727573,0.02032));
#10092=CARTESIAN_POINT('',(0.174857004071141,0.101843553727573,0.02032));
#10093=CARTESIAN_POINT('',(0.155807004071141,0.101843553727573,0.02032));
#10094=CARTESIAN_POINT('',(0.136854652162036,0.101843553727573,0.02032));
#10095=CARTESIAN_POINT('',(0.136991144484496,0.0256854740906278,0.02032));
#10096=CARTESIAN_POINT('',(0.136854544518691,0.10190361505766,0.02032));
#10097=CARTESIAN_POINT('',(0.136714936329116,0.10190361505766,0.02032));
#10098=CARTESIAN_POINT('',(0.136575328139541,0.10190361505766,0.02032));
#10099=CARTESIAN_POINT('',(0.135678929851659,0.101632188755027,0.02032));
#10100=CARTESIAN_POINT('',(0.134782531563778,0.101360762452395,0.02032));
#10101=CARTESIAN_POINT('',(0.134782531563778,0.101250474090628,0.02032));
#10102=CARTESIAN_POINT('',(0.134782531563778,0.10114018572886,0.02032));
#10103=CARTESIAN_POINT('',(0.135678929851659,0.100868759426228,0.02032));
#10104=CARTESIAN_POINT('',(0.136575328139541,0.100597333123596,0.02032));
#10105=CARTESIAN_POINT('',(0.136575328139541,0.100361474090628,0.02032));
#10106=CARTESIAN_POINT('',(0.136575328139541,0.10012561505766,0.02032));
#10107=CARTESIAN_POINT('',(0.135678929851659,0.0998541887550275,0.02032));
#10108=CARTESIAN_POINT('',(0.134782531563778,0.0995827624523954,0.02032));
#10109=CARTESIAN_POINT('',(0.134782531563778,0.0994724740906279,0.02032));
#10110=CARTESIAN_POINT('',(0.134782531563778,0.0993621857288604,0.02032));
#10111=CARTESIAN_POINT('',(0.135678929851659,0.0990907594262283,0.02032));
#10112=CARTESIAN_POINT('',(0.136575328139541,0.0988193331235962,0.02032));
#10113=CARTESIAN_POINT('',(0.136575328139541,0.0985834740906279,0.02032));
#10114=CARTESIAN_POINT('',(0.136575328139541,0.0983476150576596,0.02032));
#10115=CARTESIAN_POINT('',(0.135678929851659,0.0980761887550275,0.02032));
#10116=CARTESIAN_POINT('',(0.134782531563778,0.0978047624523954,0.02032));
#10117=CARTESIAN_POINT('',(0.134782531563778,0.0976944740906279,0.02032));
#10118=CARTESIAN_POINT('',(0.134782531563778,0.0975841857288604,0.02032));
#10119=CARTESIAN_POINT('',(0.135678929851659,0.0973127594262283,0.02032));
#10120=CARTESIAN_POINT('',(0.136575328139541,0.0970413331235962,0.02032));
#10121=CARTESIAN_POINT('',(0.136575328139541,0.0968054740906279,0.02032));
#10122=CARTESIAN_POINT('',(0.136575328139541,0.0965696150576596,0.02032));
#10123=CARTESIAN_POINT('',(0.135678929851659,0.0962981887550275,0.02032));
#10124=CARTESIAN_POINT('',(0.134782531563778,0.0960267624523954,0.02032));
#10125=CARTESIAN_POINT('',(0.134782531563778,0.0959164740906279,0.02032));
#10126=CARTESIAN_POINT('',(0.134782531563778,0.0958061857288604,0.02032));
#10127=CARTESIAN_POINT('',(0.135678929851659,0.0955347594262283,0.02032));
#10128=CARTESIAN_POINT('',(0.136575328139541,0.0952633331235962,0.02032));
#10129=CARTESIAN_POINT('',(0.136575328139541,0.0950274740906279,0.02032));
#10130=CARTESIAN_POINT('',(0.136575328139541,0.0947916150576596,0.02032));
#10131=CARTESIAN_POINT('',(0.135678929851659,0.0945201887550275,0.02032));
#10132=CARTESIAN_POINT('',(0.134782531563778,0.0942487624523954,0.02032));
#10133=CARTESIAN_POINT('',(0.134782531563778,0.0941384740906279,0.02032));
#10134=CARTESIAN_POINT('',(0.134782531563778,0.0940281857288604,0.02032));
#10135=CARTESIAN_POINT('',(0.135678929851659,0.0937567594262283,0.02032));
#10136=CARTESIAN_POINT('',(0.136575328139541,0.0934853331235962,0.02032));
#10137=CARTESIAN_POINT('',(0.136575328139541,0.0932494740906279,0.02032));
#10138=CARTESIAN_POINT('',(0.136575328139541,0.0930136150576596,0.02032));
#10139=CARTESIAN_POINT('',(0.135678929851659,0.0927421887550275,0.02032));
#10140=CARTESIAN_POINT('',(0.134782531563778,0.0924707624523954,0.02032));
#10141=CARTESIAN_POINT('',(0.134782531563778,0.0923604740906279,0.02032));
#10142=CARTESIAN_POINT('',(0.134782531563778,0.0922501857288604,0.02032));
#10143=CARTESIAN_POINT('',(0.135678929851659,0.0919787594262283,0.02032));
#10144=CARTESIAN_POINT('',(0.136575328139541,0.0917073331235961,0.02032));
#10145=CARTESIAN_POINT('',(0.136575328139541,0.0914714740906279,0.02032));
#10146=CARTESIAN_POINT('',(0.136575328139541,0.0912356150576596,0.02032));
#10147=CARTESIAN_POINT('',(0.135678929851659,0.0909641887550275,0.02032));
#10148=CARTESIAN_POINT('',(0.134782531563778,0.0906927624523954,0.02032));
#10149=CARTESIAN_POINT('',(0.134782531563778,0.0905824740906279,0.02032));
#10150=CARTESIAN_POINT('',(0.134782531563778,0.0904721857288604,0.02032));
#10151=CARTESIAN_POINT('',(0.135678929851659,0.0902007594262283,0.02032));
#10152=CARTESIAN_POINT('',(0.136575328139541,0.0899293331235962,0.02032));
#10153=CARTESIAN_POINT('',(0.136575328139541,0.0896934740906279,0.02032));
#10154=CARTESIAN_POINT('',(0.136575328139541,0.0894576150576596,0.02032));
#10155=CARTESIAN_POINT('',(0.135678929851659,0.0891861887550275,0.02032));
#10156=CARTESIAN_POINT('',(0.134782531563778,0.0889147624523954,0.02032));
#10157=CARTESIAN_POINT('',(0.134782531563778,0.0888044740906279,0.02032));
#10158=CARTESIAN_POINT('',(0.134782531563778,0.0886941857288604,0.02032));
#10159=CARTESIAN_POINT('',(0.135678929851659,0.0884227594262283,0.02032));
#10160=CARTESIAN_POINT('',(0.136575328139541,0.0881513331235962,0.02032));
#10161=CARTESIAN_POINT('',(0.136575328139541,0.0879154740906279,0.02032));
#10162=CARTESIAN_POINT('',(0.136575328139541,0.0876796150576596,0.02032));
#10163=CARTESIAN_POINT('',(0.135678929851659,0.0874081887550275,0.02032));
#10164=CARTESIAN_POINT('',(0.134782531563778,0.0871367624523954,0.02032));
#10165=CARTESIAN_POINT('',(0.134782531563778,0.0870264740906279,0.02032));
#10166=CARTESIAN_POINT('',(0.134782531563778,0.0869161857288604,0.02032));
#10167=CARTESIAN_POINT('',(0.135678929851659,0.0866447594262283,0.02032));
#10168=CARTESIAN_POINT('',(0.136575328139541,0.0863733331235961,0.02032));
#10169=CARTESIAN_POINT('',(0.136575328139541,0.0861374740906279,0.02032));
#10170=CARTESIAN_POINT('',(0.136575328139541,0.0859016150576596,0.02032));
#10171=CARTESIAN_POINT('',(0.135678929851659,0.0856301887550275,0.02032));
#10172=CARTESIAN_POINT('',(0.134782531563778,0.0853587624523954,0.02032));
#10173=CARTESIAN_POINT('',(0.134782531563778,0.0852484740906279,0.02032));
#10174=CARTESIAN_POINT('',(0.134782531563778,0.0851381857288604,0.02032));
#10175=CARTESIAN_POINT('',(0.135678929851659,0.0848667594262283,0.02032));
#10176=CARTESIAN_POINT('',(0.136575328139541,0.0845953331235961,0.02032));
#10177=CARTESIAN_POINT('',(0.136575328139541,0.0843594740906279,0.02032));
#10178=CARTESIAN_POINT('',(0.136575328139541,0.0841236150576596,0.02032));
#10179=CARTESIAN_POINT('',(0.135678929851659,0.0838521887550275,0.02032));
#10180=CARTESIAN_POINT('',(0.134782531563778,0.0835807624523954,0.02032));
#10181=CARTESIAN_POINT('',(0.134782531563778,0.0834704740906279,0.02032));
#10182=CARTESIAN_POINT('',(0.134782531563778,0.0833601857288604,0.02032));
#10183=CARTESIAN_POINT('',(0.135678929851659,0.0830887594262283,0.02032));
#10184=CARTESIAN_POINT('',(0.136575328139541,0.0828173331235961,0.02032));
#10185=CARTESIAN_POINT('',(0.136575328139541,0.0825814740906279,0.02032));
#10186=CARTESIAN_POINT('',(0.136575328139541,0.0823456150576596,0.02032));
#10187=CARTESIAN_POINT('',(0.135678929851659,0.0820741887550275,0.02032));
#10188=CARTESIAN_POINT('',(0.134782531563778,0.0818027624523954,0.02032));
#10189=CARTESIAN_POINT('',(0.134782531563778,0.0816924740906279,0.02032));
#10190=CARTESIAN_POINT('',(0.134782531563778,0.0815821857288604,0.02032));
#10191=CARTESIAN_POINT('',(0.135678929851659,0.0813107594262282,0.02032));
#10192=CARTESIAN_POINT('',(0.136575328139541,0.0810393331235961,0.02032));
#10193=CARTESIAN_POINT('',(0.136575328139541,0.0808034740906279,0.02032));
#10194=CARTESIAN_POINT('',(0.136575328139541,0.0805676150576596,0.02032));
#10195=CARTESIAN_POINT('',(0.135678929851659,0.0802961887550275,0.02032));
#10196=CARTESIAN_POINT('',(0.134782531563778,0.0800247624523954,0.02032));
#10197=CARTESIAN_POINT('',(0.134782531563778,0.0799144740906279,0.02032));
#10198=CARTESIAN_POINT('',(0.134782531563778,0.0798041857288604,0.02032));
#10199=CARTESIAN_POINT('',(0.135678929851659,0.0795327594262282,0.02032));
#10200=CARTESIAN_POINT('',(0.136575328139541,0.0792613331235961,0.02032));
#10201=CARTESIAN_POINT('',(0.136575328139541,0.0790254740906279,0.02032));
#10202=CARTESIAN_POINT('',(0.136575328139541,0.0787896150576596,0.02032));
#10203=CARTESIAN_POINT('',(0.135678929851659,0.0785181887550275,0.02032));
#10204=CARTESIAN_POINT('',(0.134782531563778,0.0782467624523954,0.02032));
#10205=CARTESIAN_POINT('',(0.134782531563778,0.0781364740906279,0.02032));
#10206=CARTESIAN_POINT('',(0.134782531563778,0.0780261857288604,0.02032));
#10207=CARTESIAN_POINT('',(0.135678929851659,0.0777547594262282,0.02032));
#10208=CARTESIAN_POINT('',(0.136575328139541,0.0774833331235961,0.02032));
#10209=CARTESIAN_POINT('',(0.136575328139541,0.0772474740906279,0.02032));
#10210=CARTESIAN_POINT('',(0.136575328139541,0.0770116150576596,0.02032));
#10211=CARTESIAN_POINT('',(0.135678929851659,0.0767401887550275,0.02032));
#10212=CARTESIAN_POINT('',(0.134782531563778,0.0764687624523954,0.02032));
#10213=CARTESIAN_POINT('',(0.134782531563778,0.0763584740906279,0.02032));
#10214=CARTESIAN_POINT('',(0.134782531563778,0.0762481857288604,0.02032));
#10215=CARTESIAN_POINT('',(0.135678929851659,0.0759767594262282,0.02032));
#10216=CARTESIAN_POINT('',(0.136575328139541,0.0757053331235961,0.02032));
#10217=CARTESIAN_POINT('',(0.136575328139541,0.0754694740906279,0.02032));
#10218=CARTESIAN_POINT('',(0.136575328139541,0.0752336150576596,0.02032));
#10219=CARTESIAN_POINT('',(0.135678929851659,0.0749621887550275,0.02032));
#10220=CARTESIAN_POINT('',(0.134782531563778,0.0746907624523954,0.02032));
#10221=CARTESIAN_POINT('',(0.134782531563778,0.0745804740906279,0.02032));
#10222=CARTESIAN_POINT('',(0.134782531563778,0.0744701857288604,0.02032));
#10223=CARTESIAN_POINT('',(0.135678929851659,0.0741987594262282,0.02032));
#10224=CARTESIAN_POINT('',(0.136575328139541,0.0739273331235961,0.02032));
#10225=CARTESIAN_POINT('',(0.136575328139541,0.0736914740906279,0.02032));
#10226=CARTESIAN_POINT('',(0.136575328139541,0.0734556150576596,0.02032));
#10227=CARTESIAN_POINT('',(0.135678929851659,0.0731841887550275,0.02032));
#10228=CARTESIAN_POINT('',(0.134782531563778,0.0729127624523954,0.02032));
#10229=CARTESIAN_POINT('',(0.134782531563778,0.0728024740906279,0.02032));
#10230=CARTESIAN_POINT('',(0.134782531563778,0.0726921857288604,0.02032));
#10231=CARTESIAN_POINT('',(0.135678929851659,0.0724207594262282,0.02032));
#10232=CARTESIAN_POINT('',(0.136575328139541,0.0721493331235961,0.02032));
#10233=CARTESIAN_POINT('',(0.136575328139541,0.0719134740906279,0.02032));
#10234=CARTESIAN_POINT('',(0.136575328139541,0.0716776150576596,0.02032));
#10235=CARTESIAN_POINT('',(0.135678929851659,0.0714061887550275,0.02032));
#10236=CARTESIAN_POINT('',(0.134782531563778,0.0711347624523954,0.02032));
#10237=CARTESIAN_POINT('',(0.134782531563778,0.0710244740906279,0.02032));
#10238=CARTESIAN_POINT('',(0.134782531563778,0.0709141857288604,0.02032));
#10239=CARTESIAN_POINT('',(0.135678929851659,0.0706427594262282,0.02032));
#10240=CARTESIAN_POINT('',(0.136575328139541,0.0703713331235961,0.02032));
#10241=CARTESIAN_POINT('',(0.136575328139541,0.0701354740906279,0.02032));
#10242=CARTESIAN_POINT('',(0.136575328139541,0.0698996150576596,0.02032));
#10243=CARTESIAN_POINT('',(0.135678929851659,0.0696281887550275,0.02032));
#10244=CARTESIAN_POINT('',(0.134782531563778,0.0693567624523954,0.02032));
#10245=CARTESIAN_POINT('',(0.134782531563778,0.0692464740906279,0.02032));
#10246=CARTESIAN_POINT('',(0.134782531563778,0.0691361857288604,0.02032));
#10247=CARTESIAN_POINT('',(0.135678929851659,0.0688647594262282,0.02032));
#10248=CARTESIAN_POINT('',(0.136575328139541,0.0685933331235961,0.02032));
#10249=CARTESIAN_POINT('',(0.136575328139541,0.0683574740906279,0.02032));
#10250=CARTESIAN_POINT('',(0.136575328139541,0.0681216150576596,0.02032));
#10251=CARTESIAN_POINT('',(0.135678929851659,0.0678501887550275,0.02032));
#10252=CARTESIAN_POINT('',(0.134782531563778,0.0675787624523953,0.02032));
#10253=CARTESIAN_POINT('',(0.134782531563778,0.0674684740906279,0.02032));
#10254=CARTESIAN_POINT('',(0.134782531563778,0.0673581857288604,0.02032));
#10255=CARTESIAN_POINT('',(0.135678929851659,0.0670867594262282,0.02032));
#10256=CARTESIAN_POINT('',(0.136575328139541,0.0668153331235961,0.02032));
#10257=CARTESIAN_POINT('',(0.136575328139541,0.0665794740906279,0.02032));
#10258=CARTESIAN_POINT('',(0.136575328139541,0.0663436150576596,0.02032));
#10259=CARTESIAN_POINT('',(0.135678929851659,0.0660721887550275,0.02032));
#10260=CARTESIAN_POINT('',(0.134782531563778,0.0658007624523953,0.02032));
#10261=CARTESIAN_POINT('',(0.134782531563778,0.0656904740906279,0.02032));
#10262=CARTESIAN_POINT('',(0.134782531563778,0.0655801857288604,0.02032));
#10263=CARTESIAN_POINT('',(0.135678929851659,0.0653087594262282,0.02032));
#10264=CARTESIAN_POINT('',(0.136575328139541,0.0650373331235961,0.02032));
#10265=CARTESIAN_POINT('',(0.136575328139541,0.0648014740906279,0.02032));
#10266=CARTESIAN_POINT('',(0.136575328139541,0.0645656150576596,0.02032));
#10267=CARTESIAN_POINT('',(0.135678929851659,0.0642941887550275,0.02032));
#10268=CARTESIAN_POINT('',(0.134782531563778,0.0640227624523953,0.02032));
#10269=CARTESIAN_POINT('',(0.134782531563778,0.0639124740906279,0.02032));
#10270=CARTESIAN_POINT('',(0.134782531563778,0.0638021857288604,0.02032));
#10271=CARTESIAN_POINT('',(0.135678929851659,0.0635307594262282,0.02032));
#10272=CARTESIAN_POINT('',(0.136575328139541,0.0632593331235961,0.02032));
#10273=CARTESIAN_POINT('',(0.136575328139541,0.0630234740906279,0.02032));
#10274=CARTESIAN_POINT('',(0.136575328139541,0.0627876150576596,0.02032));
#10275=CARTESIAN_POINT('',(0.135678929851659,0.0625161887550275,0.02032));
#10276=CARTESIAN_POINT('',(0.134782531563778,0.0622447624523953,0.02032));
#10277=CARTESIAN_POINT('',(0.134782531563778,0.0621344740906279,0.02032));
#10278=CARTESIAN_POINT('',(0.134782531563778,0.0620241857288604,0.02032));
#10279=CARTESIAN_POINT('',(0.135678929851659,0.0617527594262282,0.02032));
#10280=CARTESIAN_POINT('',(0.136575328139541,0.0614813331235961,0.02032));
#10281=CARTESIAN_POINT('',(0.136575328139541,0.0612454740906279,0.02032));
#10282=CARTESIAN_POINT('',(0.136575328139541,0.0610096150576596,0.02032));
#10283=CARTESIAN_POINT('',(0.135678929851659,0.0607381887550275,0.02032));
#10284=CARTESIAN_POINT('',(0.134782531563778,0.0604667624523953,0.02032));
#10285=CARTESIAN_POINT('',(0.134782531563778,0.0603564740906279,0.02032));
#10286=CARTESIAN_POINT('',(0.134782531563778,0.0602461857288604,0.02032));
#10287=CARTESIAN_POINT('',(0.135678929851659,0.0599747594262282,0.02032));
#10288=CARTESIAN_POINT('',(0.136575328139541,0.0597033331235961,0.02032));
#10289=CARTESIAN_POINT('',(0.136575328139541,0.0594674740906278,0.02032));
#10290=CARTESIAN_POINT('',(0.136575328139541,0.0592316150576596,0.02032));
#10291=CARTESIAN_POINT('',(0.135678929851659,0.0589601887550275,0.02032));
#10292=CARTESIAN_POINT('',(0.134782531563778,0.0586887624523953,0.02032));
#10293=CARTESIAN_POINT('',(0.134782531563778,0.0585784740906278,0.02032));
#10294=CARTESIAN_POINT('',(0.134782531563778,0.0584681857288604,0.02032));
#10295=CARTESIAN_POINT('',(0.135678929851659,0.0581967594262282,0.02032));
#10296=CARTESIAN_POINT('',(0.136575328139541,0.0579253331235961,0.02032));
#10297=CARTESIAN_POINT('',(0.136575328139541,0.0576894740906278,0.02032));
#10298=CARTESIAN_POINT('',(0.136575328139541,0.0574536150576596,0.02032));
#10299=CARTESIAN_POINT('',(0.135678929851659,0.0571821887550275,0.02032));
#10300=CARTESIAN_POINT('',(0.134782531563778,0.0569107624523953,0.02032));
#10301=CARTESIAN_POINT('',(0.134782531563778,0.0568004740906278,0.02032));
#10302=CARTESIAN_POINT('',(0.134782531563778,0.0566901857288604,0.02032));
#10303=CARTESIAN_POINT('',(0.135678929851659,0.0564187594262282,0.02032));
#10304=CARTESIAN_POINT('',(0.136575328139541,0.0561473331235961,0.02032));
#10305=CARTESIAN_POINT('',(0.136575328139541,0.0559114740906278,0.02032));
#10306=CARTESIAN_POINT('',(0.136575328139541,0.0556756150576596,0.02032));
#10307=CARTESIAN_POINT('',(0.135678929851659,0.0554041887550275,0.02032));
#10308=CARTESIAN_POINT('',(0.134782531563778,0.0551327624523953,0.02032));
#10309=CARTESIAN_POINT('',(0.134782531563778,0.0550224740906278,0.02032));
#10310=CARTESIAN_POINT('',(0.134782531563778,0.0549121857288604,0.02032));
#10311=CARTESIAN_POINT('',(0.135678929851659,0.0546407594262282,0.02032));
#10312=CARTESIAN_POINT('',(0.136575328139541,0.0543693331235961,0.02032));
#10313=CARTESIAN_POINT('',(0.136575328139541,0.0541334740906278,0.02032));
#10314=CARTESIAN_POINT('',(0.136575328139541,0.0538976150576596,0.02032));
#10315=CARTESIAN_POINT('',(0.135678929851659,0.0536261887550275,0.02032));
#10316=CARTESIAN_POINT('',(0.134782531563778,0.0533547624523953,0.02032));
#10317=CARTESIAN_POINT('',(0.134782531563778,0.0532444740906278,0.02032));
#10318=CARTESIAN_POINT('',(0.134782531563778,0.0531341857288604,0.02032));
#10319=CARTESIAN_POINT('',(0.135678929851659,0.0528627594262282,0.02032));
#10320=CARTESIAN_POINT('',(0.136575328139541,0.0525913331235961,0.02032));
#10321=CARTESIAN_POINT('',(0.136575328139541,0.0523554740906278,0.02032));
#10322=CARTESIAN_POINT('',(0.136575328139541,0.0521196150576596,0.02032));
#10323=CARTESIAN_POINT('',(0.114112880988954,0.0521196150576596,0.02032));
#10324=CARTESIAN_POINT('',(0.0916504338383675,0.0521196150576596,0.02032));
#10325=CARTESIAN_POINT('',(0.0817795731127262,0.0636311632293226,0.02032));
#10326=CARTESIAN_POINT('',(0.155855828116588,-0.0115713697796934,0.02032));
#10327=CARTESIAN_POINT('',(0.170460828116588,-0.0115713697796934,0.02032));
#10328=CARTESIAN_POINT('',(0.17319693297472,0.101843553727573,0.00246559155975303));
#10329=CARTESIAN_POINT('',(0.17319693297472,-0.0505564462724265,0.00246559155975303));
#10330=CARTESIAN_POINT('',(0.174857004071141,-0.0505564462724265,0.));
#10331=CARTESIAN_POINT('',(0.1715368618783,-0.0505564462724265,0.00493118311950604));
#10332=CARTESIAN_POINT('',(0.174857004071141,0.101843553727573,0.));
#10333=CARTESIAN_POINT('',(0.174857004071141,0.101843553727573,0.));
#10334=CARTESIAN_POINT('',(0.17319693297472,0.101843553727573,0.00246559155975303));
#10335=CARTESIAN_POINT('',(0.1715368618783,0.101843553727573,0.00493118311950604));
#10336=CARTESIAN_POINT('',(0.1715368618783,0.101843553727573,0.00493118311950604));
#10337=CARTESIAN_POINT('',(0.115355901420116,0.101843553727573,0.));
#10338=CARTESIAN_POINT('',(0.13675700407114,0.101843553727573,0.));
#10339=CARTESIAN_POINT('',(0.13675700407114,-0.050532666876404,0.));
#10340=CARTESIAN_POINT('',(0.13675700407114,-0.0505564462724265,0.));
#10341=CARTESIAN_POINT('',(0.136851536294921,-0.050532666876404,0.));
#10342=CARTESIAN_POINT('',(0.136575328139541,-0.050532666876404,0.));
#10343=CARTESIAN_POINT('',(0.135678929851659,-0.0502612405737719,0.));
#10344=CARTESIAN_POINT('',(0.134782531563778,-0.0499898142711398,0.));
#10345=CARTESIAN_POINT('',(0.134782531563778,-0.0498795259093723,0.));
#10346=CARTESIAN_POINT('',(0.134782531563778,-0.0497692375476048,0.));
#10347=CARTESIAN_POINT('',(0.135678929851659,-0.0494978112449727,0.));
#10348=CARTESIAN_POINT('',(0.136575328139541,-0.0492263849423405,0.));
#10349=CARTESIAN_POINT('',(0.136575328139541,-0.0489905259093723,0.));
#10350=CARTESIAN_POINT('',(0.136575328139541,-0.048754666876404,0.));
#10351=CARTESIAN_POINT('',(0.135678929851659,-0.0484832405737719,0.));
#10352=CARTESIAN_POINT('',(0.134782531563778,-0.0482118142711398,0.));
#10353=CARTESIAN_POINT('',(0.134782531563778,-0.0481015259093723,0.));
#10354=CARTESIAN_POINT('',(0.134782531563778,-0.0479912375476048,0.));
#10355=CARTESIAN_POINT('',(0.135678929851659,-0.0477198112449727,0.));
#10356=CARTESIAN_POINT('',(0.136575328139541,-0.0474483849423406,0.));
#10357=CARTESIAN_POINT('',(0.136575328139541,-0.0472125259093723,0.));
#10358=CARTESIAN_POINT('',(0.136575328139541,-0.046976666876404,0.));
#10359=CARTESIAN_POINT('',(0.135678929851659,-0.0467052405737719,0.));
#10360=CARTESIAN_POINT('',(0.134782531563778,-0.0464338142711398,0.));
#10361=CARTESIAN_POINT('',(0.134782531563778,-0.0463235259093723,0.));
#10362=CARTESIAN_POINT('',(0.134782531563778,-0.0462132375476048,0.));
#10363=CARTESIAN_POINT('',(0.135678929851659,-0.0459418112449727,0.));
#10364=CARTESIAN_POINT('',(0.136575328139541,-0.0456703849423405,0.));
#10365=CARTESIAN_POINT('',(0.136575328139541,-0.0454345259093723,0.));
#10366=CARTESIAN_POINT('',(0.136575328139541,-0.045198666876404,0.));
#10367=CARTESIAN_POINT('',(0.135678929851659,-0.0449272405737718,0.));
#10368=CARTESIAN_POINT('',(0.134782531563778,-0.0446558142711397,0.));
#10369=CARTESIAN_POINT('',(0.134782531563778,-0.0445455259093723,0.));
#10370=CARTESIAN_POINT('',(0.134782531563778,-0.0444352375476048,0.));
#10371=CARTESIAN_POINT('',(0.135678929851659,-0.0441638112449727,0.));
#10372=CARTESIAN_POINT('',(0.136575328139541,-0.0438923849423405,0.));
#10373=CARTESIAN_POINT('',(0.136575328139541,-0.0436565259093723,0.));
#10374=CARTESIAN_POINT('',(0.136575328139541,-0.043420666876404,0.));
#10375=CARTESIAN_POINT('',(0.135678929851659,-0.0431492405737718,0.));
#10376=CARTESIAN_POINT('',(0.134782531563778,-0.0428778142711397,0.));
#10377=CARTESIAN_POINT('',(0.134782531563778,-0.0427675259093723,0.));
#10378=CARTESIAN_POINT('',(0.134782531563778,-0.0426572375476047,0.));
#10379=CARTESIAN_POINT('',(0.135678929851659,-0.0423858112449726,0.));
#10380=CARTESIAN_POINT('',(0.136575328139541,-0.0421143849423406,0.));
#10381=CARTESIAN_POINT('',(0.136575328139541,-0.0418785259093723,0.));
#10382=CARTESIAN_POINT('',(0.136575328139541,-0.041642666876404,0.));
#10383=CARTESIAN_POINT('',(0.135678929851659,-0.0413712405737719,0.));
#10384=CARTESIAN_POINT('',(0.134782531563778,-0.0410998142711397,0.));
#10385=CARTESIAN_POINT('',(0.134782531563778,-0.0409895259093722,0.));
#10386=CARTESIAN_POINT('',(0.134782531563778,-0.0408792375476047,0.));
#10387=CARTESIAN_POINT('',(0.135678929851659,-0.0406078112449727,0.));
#10388=CARTESIAN_POINT('',(0.136575328139541,-0.0403363849423405,0.));
#10389=CARTESIAN_POINT('',(0.136575328139541,-0.0401005259093723,0.));
#10390=CARTESIAN_POINT('',(0.136575328139541,-0.039864666876404,0.));
#10391=CARTESIAN_POINT('',(0.135678929851659,-0.0395932405737719,0.));
#10392=CARTESIAN_POINT('',(0.134782531563778,-0.0393218142711397,0.));
#10393=CARTESIAN_POINT('',(0.134782531563778,-0.0392115259093723,0.));
#10394=CARTESIAN_POINT('',(0.134782531563778,-0.0391012375476047,0.));
#10395=CARTESIAN_POINT('',(0.135678929851659,-0.0388298112449727,0.));
#10396=CARTESIAN_POINT('',(0.136575328139541,-0.0385583849423405,0.));
#10397=CARTESIAN_POINT('',(0.136575328139541,-0.0383225259093723,0.));
#10398=CARTESIAN_POINT('',(0.136575328139541,-0.038086666876404,0.));
#10399=CARTESIAN_POINT('',(0.135678929851659,-0.0378152405737718,0.));
#10400=CARTESIAN_POINT('',(0.134782531563778,-0.0375438142711397,0.));
#10401=CARTESIAN_POINT('',(0.134782531563778,-0.0374335259093723,0.));
#10402=CARTESIAN_POINT('',(0.134782531563778,-0.0373232375476047,0.));
#10403=CARTESIAN_POINT('',(0.135678929851659,-0.0370518112449727,0.));
#10404=CARTESIAN_POINT('',(0.136575328139541,-0.0367803849423405,0.));
#10405=CARTESIAN_POINT('',(0.136575328139541,-0.0365445259093723,0.));
#10406=CARTESIAN_POINT('',(0.136575328139541,-0.036308666876404,0.));
#10407=CARTESIAN_POINT('',(0.135678929851659,-0.0360372405737718,0.));
#10408=CARTESIAN_POINT('',(0.134782531563778,-0.0357658142711397,0.));
#10409=CARTESIAN_POINT('',(0.134782531563778,-0.0356555259093723,0.));
#10410=CARTESIAN_POINT('',(0.134782531563778,-0.0355452375476047,0.));
#10411=CARTESIAN_POINT('',(0.135678929851659,-0.0352738112449726,0.));
#10412=CARTESIAN_POINT('',(0.136575328139541,-0.0350023849423406,0.));
#10413=CARTESIAN_POINT('',(0.136575328139541,-0.0347665259093723,0.));
#10414=CARTESIAN_POINT('',(0.136575328139541,-0.034530666876404,0.));
#10415=CARTESIAN_POINT('',(0.135678929851659,-0.0342592405737719,0.));
#10416=CARTESIAN_POINT('',(0.134782531563778,-0.0339878142711397,0.));
#10417=CARTESIAN_POINT('',(0.134782531563778,-0.0338775259093722,0.));
#10418=CARTESIAN_POINT('',(0.134782531563778,-0.0337672375476047,0.));
#10419=CARTESIAN_POINT('',(0.135678929851659,-0.0334958112449727,0.));
#10420=CARTESIAN_POINT('',(0.136575328139541,-0.0332243849423405,0.));
#10421=CARTESIAN_POINT('',(0.136575328139541,-0.0329885259093723,0.));
#10422=CARTESIAN_POINT('',(0.136575328139541,-0.032752666876404,0.));
#10423=CARTESIAN_POINT('',(0.135678929851659,-0.0324812405737719,0.));
#10424=CARTESIAN_POINT('',(0.134782531563778,-0.0322098142711397,0.));
#10425=CARTESIAN_POINT('',(0.134782531563778,-0.0320995259093723,0.));
#10426=CARTESIAN_POINT('',(0.134782531563778,-0.0319892375476047,0.));
#10427=CARTESIAN_POINT('',(0.135678929851659,-0.0317178112449727,0.));
#10428=CARTESIAN_POINT('',(0.136575328139541,-0.0314463849423405,0.));
#10429=CARTESIAN_POINT('',(0.136575328139541,-0.0312105259093723,0.));
#10430=CARTESIAN_POINT('',(0.136575328139541,-0.030974666876404,0.));
#10431=CARTESIAN_POINT('',(0.135678929851659,-0.0307032405737718,0.));
#10432=CARTESIAN_POINT('',(0.134782531563778,-0.0304318142711398,0.));
#10433=CARTESIAN_POINT('',(0.134782531563778,-0.0303215259093722,0.));
#10434=CARTESIAN_POINT('',(0.134782531563778,-0.0302112375476048,0.));
#10435=CARTESIAN_POINT('',(0.135678929851659,-0.0299398112449727,0.));
#10436=CARTESIAN_POINT('',(0.136575328139541,-0.0296683849423406,0.));
#10437=CARTESIAN_POINT('',(0.136575328139541,-0.0294325259093722,0.));
#10438=CARTESIAN_POINT('',(0.136575328139541,-0.029196666876404,0.));
#10439=CARTESIAN_POINT('',(0.135678929851659,-0.0289252405737719,0.));
#10440=CARTESIAN_POINT('',(0.134782531563778,-0.0286538142711397,0.));
#10441=CARTESIAN_POINT('',(0.134782531563778,-0.0285435259093722,0.));
#10442=CARTESIAN_POINT('',(0.134782531563778,-0.0284332375476047,0.));
#10443=CARTESIAN_POINT('',(0.135678929851659,-0.0281618112449727,0.));
#10444=CARTESIAN_POINT('',(0.136575328139541,-0.0278903849423406,0.));
#10445=CARTESIAN_POINT('',(0.136575328139541,-0.0276545259093723,0.));
#10446=CARTESIAN_POINT('',(0.136575328139541,-0.027418666876404,0.));
#10447=CARTESIAN_POINT('',(0.135678929851659,-0.0271472405737718,0.));
#10448=CARTESIAN_POINT('',(0.134782531563778,-0.0268758142711398,0.));
#10449=CARTESIAN_POINT('',(0.134782531563778,-0.0267655259093722,0.));
#10450=CARTESIAN_POINT('',(0.134782531563778,-0.0266552375476048,0.));
#10451=CARTESIAN_POINT('',(0.135678929851659,-0.0263838112449726,0.));
#10452=CARTESIAN_POINT('',(0.136575328139541,-0.0261123849423406,0.));
#10453=CARTESIAN_POINT('',(0.136575328139541,-0.0258765259093722,0.));
#10454=CARTESIAN_POINT('',(0.136575328139541,-0.0256406668764039,0.));
#10455=CARTESIAN_POINT('',(0.135678929851659,-0.0253692405737719,0.));
#10456=CARTESIAN_POINT('',(0.134782531563778,-0.0250978142711397,0.));
#10457=CARTESIAN_POINT('',(0.134782531563778,-0.0249875259093723,0.));
#10458=CARTESIAN_POINT('',(0.134782531563778,-0.0248772375476047,0.));
#10459=CARTESIAN_POINT('',(0.135678929851659,-0.0246058112449727,0.));
#10460=CARTESIAN_POINT('',(0.136575328139541,-0.0243343849423405,0.));
#10461=CARTESIAN_POINT('',(0.136575328139541,-0.0240985259093723,0.));
#10462=CARTESIAN_POINT('',(0.136575328139541,-0.023862666876404,0.));
#10463=CARTESIAN_POINT('',(0.135678929851659,-0.0235912405737718,0.));
#10464=CARTESIAN_POINT('',(0.134782531563778,-0.0233198142711398,0.));
#10465=CARTESIAN_POINT('',(0.134782531563778,-0.0232095259093722,0.));
#10466=CARTESIAN_POINT('',(0.134782531563778,-0.0230992375476048,0.));
#10467=CARTESIAN_POINT('',(0.135678929851659,-0.0228278112449726,0.));
#10468=CARTESIAN_POINT('',(0.136575328139541,-0.0225563849423406,0.));
#10469=CARTESIAN_POINT('',(0.136575328139541,-0.0223205259093722,0.));
#10470=CARTESIAN_POINT('',(0.136575328139541,-0.0220846668764039,0.));
#10471=CARTESIAN_POINT('',(0.135678929851659,-0.0218132405737719,0.));
#10472=CARTESIAN_POINT('',(0.134782531563778,-0.0215418142711397,0.));
#10473=CARTESIAN_POINT('',(0.134782531563778,-0.0214315259093723,0.));
#10474=CARTESIAN_POINT('',(0.134782531563778,-0.0213212375476047,0.));
#10475=CARTESIAN_POINT('',(0.135678929851659,-0.0210498112449727,0.));
#10476=CARTESIAN_POINT('',(0.136575328139541,-0.0207783849423405,0.));
#10477=CARTESIAN_POINT('',(0.136575328139541,-0.0205425259093723,0.));
#10478=CARTESIAN_POINT('',(0.136575328139541,-0.020306666876404,0.));
#10479=CARTESIAN_POINT('',(0.135678929851659,-0.0200352405737719,0.));
#10480=CARTESIAN_POINT('',(0.134782531563778,-0.0197638142711398,0.));
#10481=CARTESIAN_POINT('',(0.134782531563778,-0.0196535259093722,0.));
#10482=CARTESIAN_POINT('',(0.134782531563778,-0.0195432375476048,0.));
#10483=CARTESIAN_POINT('',(0.135678929851659,-0.0192718112449726,0.));
#10484=CARTESIAN_POINT('',(0.136575328139541,-0.0190003849423406,0.));
#10485=CARTESIAN_POINT('',(0.136575328139541,-0.0187645259093722,0.));
#10486=CARTESIAN_POINT('',(0.136575328139541,-0.0185286668764039,0.));
#10487=CARTESIAN_POINT('',(0.135678929851659,-0.0182572405737719,0.));
#10488=CARTESIAN_POINT('',(0.134782531563778,-0.0179858142711398,0.));
#10489=CARTESIAN_POINT('',(0.134782531563778,-0.0178755259093723,0.));
#10490=CARTESIAN_POINT('',(0.134782531563778,-0.0177652375476047,0.));
#10491=CARTESIAN_POINT('',(0.135678929851659,-0.0174938112449727,0.));
#10492=CARTESIAN_POINT('',(0.136575328139541,-0.0172223849423405,0.));
#10493=CARTESIAN_POINT('',(0.136575328139541,-0.0169865259093722,0.));
#10494=CARTESIAN_POINT('',(0.136575328139541,-0.016750666876404,0.));
#10495=CARTESIAN_POINT('',(0.135678929851659,-0.0164792405737719,0.));
#10496=CARTESIAN_POINT('',(0.134782531563778,-0.0162078142711397,0.));
#10497=CARTESIAN_POINT('',(0.134782531563778,-0.0160975259093722,0.));
#10498=CARTESIAN_POINT('',(0.134782531563778,-0.0159872375476048,0.));
#10499=CARTESIAN_POINT('',(0.135678929851659,-0.0157158112449726,0.));
#10500=CARTESIAN_POINT('',(0.136575328139541,-0.0154443849423405,0.));
#10501=CARTESIAN_POINT('',(0.136575328139541,-0.0152085259093722,0.));
#10502=CARTESIAN_POINT('',(0.136575328139541,-0.014972666876404,0.));
#10503=CARTESIAN_POINT('',(0.135678929851659,-0.0147012405737718,0.));
#10504=CARTESIAN_POINT('',(0.134782531563778,-0.0144298142711397,0.));
#10505=CARTESIAN_POINT('',(0.134782531563778,-0.0143195259093722,0.));
#10506=CARTESIAN_POINT('',(0.134782531563778,-0.0142092375476047,0.));
#10507=CARTESIAN_POINT('',(0.135678929851659,-0.0139378112449726,0.));
#10508=CARTESIAN_POINT('',(0.136575328139541,-0.0136663849423405,0.));
#10509=CARTESIAN_POINT('',(0.136575328139541,-0.0134305259093722,0.));
#10510=CARTESIAN_POINT('',(0.136575328139541,-0.013194666876404,0.));
#10511=CARTESIAN_POINT('',(0.135678929851659,-0.0129232405737718,0.));
#10512=CARTESIAN_POINT('',(0.134782531563778,-0.0126518142711397,0.));
#10513=CARTESIAN_POINT('',(0.134782531563778,-0.0125415259093722,0.));
#10514=CARTESIAN_POINT('',(0.134782531563778,-0.0124312375476047,0.));
#10515=CARTESIAN_POINT('',(0.135678929851659,-0.0121598112449726,0.));
#10516=CARTESIAN_POINT('',(0.136575328139541,-0.0118883849423405,0.));
#10517=CARTESIAN_POINT('',(0.136575328139541,-0.0116525259093722,0.));
#10518=CARTESIAN_POINT('',(0.136575328139541,-0.011416666876404,0.));
#10519=CARTESIAN_POINT('',(0.135678929851659,-0.0111452405737718,0.));
#10520=CARTESIAN_POINT('',(0.134782531563778,-0.0108738142711397,0.));
#10521=CARTESIAN_POINT('',(0.134782531563778,-0.0107635259093722,0.));
#10522=CARTESIAN_POINT('',(0.134782531563778,-0.0106532375476047,0.));
#10523=CARTESIAN_POINT('',(0.135678929851659,-0.0103818112449726,0.));
#10524=CARTESIAN_POINT('',(0.136575328139541,-0.0101103849423405,0.));
#10525=CARTESIAN_POINT('',(0.136575328139541,-0.00987452590937224,0.));
#10526=CARTESIAN_POINT('',(0.136575328139541,-0.00963866687640395,0.));
#10527=CARTESIAN_POINT('',(0.135678929851659,-0.00936724057377183,0.));
#10528=CARTESIAN_POINT('',(0.134782531563778,-0.00909581427113972,0.));
#10529=CARTESIAN_POINT('',(0.134782531563778,-0.00898552590937223,0.));
#10530=CARTESIAN_POINT('',(0.134782531563778,-0.00887523754760473,0.));
#10531=CARTESIAN_POINT('',(0.135678929851659,-0.00860381124497263,0.));
#10532=CARTESIAN_POINT('',(0.136575328139541,-0.00833238494234052,0.));
#10533=CARTESIAN_POINT('',(0.136575328139541,-0.00809652590937224,0.));
#10534=CARTESIAN_POINT('',(0.136575328139541,-0.00786066687640395,0.));
#10535=CARTESIAN_POINT('',(0.135678929851659,-0.00758924057377183,0.));
#10536=CARTESIAN_POINT('',(0.134782531563778,-0.00731781427113971,0.));
#10537=CARTESIAN_POINT('',(0.134782531563778,-0.00720752590937222,0.));
#10538=CARTESIAN_POINT('',(0.134782531563778,-0.00709723754760473,0.));
#10539=CARTESIAN_POINT('',(0.135678929851659,-0.00682581124497263,0.));
#10540=CARTESIAN_POINT('',(0.136575328139541,-0.00655438494234052,0.));
#10541=CARTESIAN_POINT('',(0.136575328139541,-0.00631852590937224,0.));
#10542=CARTESIAN_POINT('',(0.136575328139541,-0.00608266687640395,0.));
#10543=CARTESIAN_POINT('',(0.135678929851659,-0.00581124057377183,0.));
#10544=CARTESIAN_POINT('',(0.134782531563778,-0.00553981427113971,0.));
#10545=CARTESIAN_POINT('',(0.134782531563778,-0.00542952590937222,0.));
#10546=CARTESIAN_POINT('',(0.134782531563778,-0.00531923754760473,0.));
#10547=CARTESIAN_POINT('',(0.135678929851659,-0.00504781124497263,0.));
#10548=CARTESIAN_POINT('',(0.136575328139541,-0.00477638494234052,0.));
#10549=CARTESIAN_POINT('',(0.136575328139541,-0.00454052590937223,0.));
#10550=CARTESIAN_POINT('',(0.136575328139541,-0.00430466687640395,0.));
#10551=CARTESIAN_POINT('',(0.135678929851659,-0.00403324057377183,0.));
#10552=CARTESIAN_POINT('',(0.134782531563778,-0.00376181427113971,0.));
#10553=CARTESIAN_POINT('',(0.134782531563778,-0.00365152590937222,0.));
#10554=CARTESIAN_POINT('',(0.134782531563778,-0.00354123754760473,0.));
#10555=CARTESIAN_POINT('',(0.135678929851659,-0.00326981124497263,0.));
#10556=CARTESIAN_POINT('',(0.136575328139541,-0.00299838494234052,0.));
#10557=CARTESIAN_POINT('',(0.136575328139541,-0.00276252590937223,0.));
#10558=CARTESIAN_POINT('',(0.136575328139541,-0.00252666687640394,0.));
#10559=CARTESIAN_POINT('',(0.135678929851659,-0.00225524057377183,0.));
#10560=CARTESIAN_POINT('',(0.134782531563778,-0.00198381427113971,0.));
#10561=CARTESIAN_POINT('',(0.134782531563778,-0.00187352590937222,0.));
#10562=CARTESIAN_POINT('',(0.134782531563778,-0.00176323754760472,0.));
#10563=CARTESIAN_POINT('',(0.135678929851659,-0.00149181124497262,0.));
#10564=CARTESIAN_POINT('',(0.136575328139541,-0.0012203849423405,0.));
#10565=CARTESIAN_POINT('',(0.136575328139541,-0.000984525909372216,0.));
#10566=CARTESIAN_POINT('',(0.136575328139541,-0.000748666876403945,0.));
#10567=CARTESIAN_POINT('',(0.135678929851659,-0.000477240573771826,0.));
#10568=CARTESIAN_POINT('',(0.134782531563778,-0.000205814271139706,0.));
#10569=CARTESIAN_POINT('',(0.134782531563778,-9.55259093722155E-5,0.));
#10570=CARTESIAN_POINT('',(0.134782531563778,1.47624523952755E-5,0.));
#10571=CARTESIAN_POINT('',(0.135678929851659,0.000286188755027381,0.));
#10572=CARTESIAN_POINT('',(0.136575328139541,0.000557615057659486,0.));
#10573=CARTESIAN_POINT('',(0.136575328139541,0.000793474090627772,0.));
#10574=CARTESIAN_POINT('',(0.136575328139541,0.00102933312359606,0.));
#10575=CARTESIAN_POINT('',(0.135678929851659,0.00130075942622818,0.));
#10576=CARTESIAN_POINT('',(0.134782531563778,0.00157218572886029,0.));
#10577=CARTESIAN_POINT('',(0.134782531563778,0.00168247409062778,0.));
#10578=CARTESIAN_POINT('',(0.134782531563778,0.00179276245239527,0.));
#10579=CARTESIAN_POINT('',(0.135678929851659,0.00206418875502739,0.));
#10580=CARTESIAN_POINT('',(0.136575328139541,0.00233561505765949,0.));
#10581=CARTESIAN_POINT('',(0.136575328139541,0.00257147409062778,0.));
#10582=CARTESIAN_POINT('',(0.136575328139541,0.00280733312359606,0.));
#10583=CARTESIAN_POINT('',(0.135678929851659,0.00307875942622818,0.));
#10584=CARTESIAN_POINT('',(0.134782531563778,0.00335018572886029,0.));
#10585=CARTESIAN_POINT('',(0.134782531563778,0.00346047409062779,0.));
#10586=CARTESIAN_POINT('',(0.134782531563778,0.00357076245239528,0.));
#10587=CARTESIAN_POINT('',(0.135678929851659,0.00384218875502739,0.));
#10588=CARTESIAN_POINT('',(0.136575328139541,0.00411361505765949,0.));
#10589=CARTESIAN_POINT('',(0.136575328139541,0.00434947409062778,0.));
#10590=CARTESIAN_POINT('',(0.136575328139541,0.00458533312359606,0.));
#10591=CARTESIAN_POINT('',(0.135678929851659,0.00485675942622818,0.));
#10592=CARTESIAN_POINT('',(0.134782531563778,0.0051281857288603,0.));
#10593=CARTESIAN_POINT('',(0.134782531563778,0.00523847409062779,0.));
#10594=CARTESIAN_POINT('',(0.134782531563778,0.00534876245239528,0.));
#10595=CARTESIAN_POINT('',(0.135678929851659,0.00562018875502739,0.));
#10596=CARTESIAN_POINT('',(0.136575328139541,0.00589161505765949,0.));
#10597=CARTESIAN_POINT('',(0.136575328139541,0.00612747409062778,0.));
#10598=CARTESIAN_POINT('',(0.136575328139541,0.00636333312359606,0.));
#10599=CARTESIAN_POINT('',(0.135678929851659,0.00663475942622818,0.));
#10600=CARTESIAN_POINT('',(0.134782531563778,0.0069061857288603,0.));
#10601=CARTESIAN_POINT('',(0.134782531563778,0.00701647409062779,0.));
#10602=CARTESIAN_POINT('',(0.134782531563778,0.00712676245239528,0.));
#10603=CARTESIAN_POINT('',(0.135678929851659,0.00739818875502739,0.));
#10604=CARTESIAN_POINT('',(0.136575328139541,0.00766961505765949,0.));
#10605=CARTESIAN_POINT('',(0.136575328139541,0.00790547409062778,0.));
#10606=CARTESIAN_POINT('',(0.136575328139541,0.00814133312359607,0.));
#10607=CARTESIAN_POINT('',(0.135678929851659,0.00841275942622818,0.));
#10608=CARTESIAN_POINT('',(0.134782531563778,0.0086841857288603,0.));
#10609=CARTESIAN_POINT('',(0.134782531563778,0.00879447409062779,0.));
#10610=CARTESIAN_POINT('',(0.134782531563778,0.00890476245239529,0.));
#10611=CARTESIAN_POINT('',(0.135678929851659,0.00917618875502739,0.));
#10612=CARTESIAN_POINT('',(0.136575328139541,0.00944761505765949,0.));
#10613=CARTESIAN_POINT('',(0.136575328139541,0.00968347409062778,0.));
#10614=CARTESIAN_POINT('',(0.136575328139541,0.00991933312359607,0.));
#10615=CARTESIAN_POINT('',(0.135678929851659,0.0101907594262282,0.));
#10616=CARTESIAN_POINT('',(0.134782531563778,0.0104621857288603,0.));
#10617=CARTESIAN_POINT('',(0.134782531563778,0.0105724740906278,0.));
#10618=CARTESIAN_POINT('',(0.134782531563778,0.0106827624523953,0.));
#10619=CARTESIAN_POINT('',(0.135678929851659,0.0109541887550274,0.));
#10620=CARTESIAN_POINT('',(0.136575328139541,0.0112256150576595,0.));
#10621=CARTESIAN_POINT('',(0.136575328139541,0.0114614740906278,0.));
#10622=CARTESIAN_POINT('',(0.136575328139541,0.0116973331235961,0.));
#10623=CARTESIAN_POINT('',(0.135678929851659,0.0119687594262282,0.));
#10624=CARTESIAN_POINT('',(0.134782531563778,0.0122401857288603,0.));
#10625=CARTESIAN_POINT('',(0.134782531563778,0.0123504740906278,0.));
#10626=CARTESIAN_POINT('',(0.134782531563778,0.0124607624523953,0.));
#10627=CARTESIAN_POINT('',(0.135678929851659,0.0127321887550274,0.));
#10628=CARTESIAN_POINT('',(0.136575328139541,0.0130036150576595,0.));
#10629=CARTESIAN_POINT('',(0.136575328139541,0.0132394740906278,0.));
#10630=CARTESIAN_POINT('',(0.136575328139541,0.0134753331235961,0.));
#10631=CARTESIAN_POINT('',(0.135678929851659,0.0137467594262282,0.));
#10632=CARTESIAN_POINT('',(0.134782531563778,0.0140181857288603,0.));
#10633=CARTESIAN_POINT('',(0.134782531563778,0.0141284740906278,0.));
#10634=CARTESIAN_POINT('',(0.134782531563778,0.0142387624523953,0.));
#10635=CARTESIAN_POINT('',(0.135678929851659,0.0145101887550274,0.));
#10636=CARTESIAN_POINT('',(0.136575328139541,0.0147816150576595,0.));
#10637=CARTESIAN_POINT('',(0.136575328139541,0.0150174740906278,0.));
#10638=CARTESIAN_POINT('',(0.136575328139541,0.0152533331235961,0.));
#10639=CARTESIAN_POINT('',(0.135678929851659,0.0155247594262282,0.));
#10640=CARTESIAN_POINT('',(0.134782531563778,0.0157961857288603,0.));
#10641=CARTESIAN_POINT('',(0.134782531563778,0.0159064740906278,0.));
#10642=CARTESIAN_POINT('',(0.134782531563778,0.0160167624523953,0.));
#10643=CARTESIAN_POINT('',(0.135678929851659,0.0162881887550274,0.));
#10644=CARTESIAN_POINT('',(0.136575328139541,0.0165596150576595,0.));
#10645=CARTESIAN_POINT('',(0.136575328139541,0.0167954740906278,0.));
#10646=CARTESIAN_POINT('',(0.136575328139541,0.017031333123596,0.));
#10647=CARTESIAN_POINT('',(0.135678929851659,0.0173027594262282,0.));
#10648=CARTESIAN_POINT('',(0.134782531563778,0.0175741857288603,0.));
#10649=CARTESIAN_POINT('',(0.134782531563778,0.0176844740906278,0.));
#10650=CARTESIAN_POINT('',(0.134782531563778,0.0177947624523953,0.));
#10651=CARTESIAN_POINT('',(0.135678929851659,0.0180661887550274,0.));
#10652=CARTESIAN_POINT('',(0.136575328139541,0.0183376150576595,0.));
#10653=CARTESIAN_POINT('',(0.136575328139541,0.0185734740906278,0.));
#10654=CARTESIAN_POINT('',(0.136575328139541,0.0188093331235961,0.));
#10655=CARTESIAN_POINT('',(0.135678929851659,0.0190807594262282,0.));
#10656=CARTESIAN_POINT('',(0.134782531563778,0.0193521857288603,0.));
#10657=CARTESIAN_POINT('',(0.134782531563778,0.0194624740906278,0.));
#10658=CARTESIAN_POINT('',(0.134782531563778,0.0195727624523953,0.));
#10659=CARTESIAN_POINT('',(0.135678929851659,0.0198441887550274,0.));
#10660=CARTESIAN_POINT('',(0.136575328139541,0.0201156150576595,0.));
#10661=CARTESIAN_POINT('',(0.136575328139541,0.0203514740906278,0.));
#10662=CARTESIAN_POINT('',(0.136575328139541,0.0205873331235961,0.));
#10663=CARTESIAN_POINT('',(0.135678929851659,0.0208587594262282,0.));
#10664=CARTESIAN_POINT('',(0.134782531563778,0.0211301857288603,0.));
#10665=CARTESIAN_POINT('',(0.134782531563778,0.0212404740906278,0.));
#10666=CARTESIAN_POINT('',(0.134782531563778,0.0213507624523953,0.));
#10667=CARTESIAN_POINT('',(0.135678929851659,0.0216221887550274,0.));
#10668=CARTESIAN_POINT('',(0.136575328139541,0.0218936150576595,0.));
#10669=CARTESIAN_POINT('',(0.136575328139541,0.0221294740906278,0.));
#10670=CARTESIAN_POINT('',(0.136575328139541,0.0223653331235961,0.));
#10671=CARTESIAN_POINT('',(0.135678929851659,0.0226367594262282,0.));
#10672=CARTESIAN_POINT('',(0.134782531563778,0.0229081857288603,0.));
#10673=CARTESIAN_POINT('',(0.134782531563778,0.0230184740906278,0.));
#10674=CARTESIAN_POINT('',(0.134782531563778,0.0231287624523953,0.));
#10675=CARTESIAN_POINT('',(0.135678929851659,0.0234001887550274,0.));
#10676=CARTESIAN_POINT('',(0.136575328139541,0.0236716150576596,0.));
#10677=CARTESIAN_POINT('',(0.136575328139541,0.0239074740906278,0.));
#10678=CARTESIAN_POINT('',(0.136575328139541,0.0241433331235961,0.));
#10679=CARTESIAN_POINT('',(0.135678929851659,0.0244147594262282,0.));
#10680=CARTESIAN_POINT('',(0.134782531563778,0.0246861857288603,0.));
#10681=CARTESIAN_POINT('',(0.134782531563778,0.0247964740906278,0.));
#10682=CARTESIAN_POINT('',(0.134782531563778,0.0249067624523953,0.));
#10683=CARTESIAN_POINT('',(0.135678929851659,0.0251781887550274,0.));
#10684=CARTESIAN_POINT('',(0.136575328139541,0.0254496150576595,0.));
#10685=CARTESIAN_POINT('',(0.136575328139541,0.0256854740906278,0.));
#10686=CARTESIAN_POINT('',(0.136575328139541,0.0259213331235961,0.));
#10687=CARTESIAN_POINT('',(0.135678929851659,0.0261927594262282,0.));
#10688=CARTESIAN_POINT('',(0.134782531563778,0.0264641857288603,0.));
#10689=CARTESIAN_POINT('',(0.134782531563778,0.0265744740906278,0.));
#10690=CARTESIAN_POINT('',(0.134782531563778,0.0266847624523953,0.));
#10691=CARTESIAN_POINT('',(0.135678929851659,0.0269561887550274,0.));
#10692=CARTESIAN_POINT('',(0.136575328139541,0.0272276150576595,0.));
#10693=CARTESIAN_POINT('',(0.136575328139541,0.0274634740906278,0.));
#10694=CARTESIAN_POINT('',(0.136575328139541,0.0276993331235961,0.));
#10695=CARTESIAN_POINT('',(0.135678929851659,0.0279707594262282,0.));
#10696=CARTESIAN_POINT('',(0.134782531563778,0.0282421857288603,0.));
#10697=CARTESIAN_POINT('',(0.134782531563778,0.0283524740906278,0.));
#10698=CARTESIAN_POINT('',(0.134782531563778,0.0284627624523953,0.));
#10699=CARTESIAN_POINT('',(0.135678929851659,0.0287341887550274,0.));
#10700=CARTESIAN_POINT('',(0.136575328139541,0.0290056150576595,0.));
#10701=CARTESIAN_POINT('',(0.136575328139541,0.0292414740906278,0.));
#10702=CARTESIAN_POINT('',(0.136575328139541,0.0294773331235961,0.));
#10703=CARTESIAN_POINT('',(0.135678929851659,0.0297487594262282,0.));
#10704=CARTESIAN_POINT('',(0.134782531563778,0.0300201857288604,0.));
#10705=CARTESIAN_POINT('',(0.134782531563778,0.0301304740906278,0.));
#10706=CARTESIAN_POINT('',(0.134782531563778,0.0302407624523953,0.));
#10707=CARTESIAN_POINT('',(0.135678929851659,0.0305121887550274,0.));
#10708=CARTESIAN_POINT('',(0.136575328139541,0.0307836150576595,0.));
#10709=CARTESIAN_POINT('',(0.136575328139541,0.0310194740906278,0.));
#10710=CARTESIAN_POINT('',(0.136575328139541,0.0312553331235961,0.));
#10711=CARTESIAN_POINT('',(0.135678929851659,0.0315267594262282,0.));
#10712=CARTESIAN_POINT('',(0.134782531563778,0.0317981857288604,0.));
#10713=CARTESIAN_POINT('',(0.134782531563778,0.0319084740906278,0.));
#10714=CARTESIAN_POINT('',(0.134782531563778,0.0320187624523953,0.));
#10715=CARTESIAN_POINT('',(0.135678929851659,0.0322901887550274,0.));
#10716=CARTESIAN_POINT('',(0.136575328139541,0.0325616150576595,0.));
#10717=CARTESIAN_POINT('',(0.136575328139541,0.0327974740906278,0.));
#10718=CARTESIAN_POINT('',(0.136575328139541,0.0330333331235961,0.));
#10719=CARTESIAN_POINT('',(0.135678929851659,0.0333047594262282,0.));
#10720=CARTESIAN_POINT('',(0.134782531563778,0.0335761857288603,0.));
#10721=CARTESIAN_POINT('',(0.134782531563778,0.0336864740906278,0.));
#10722=CARTESIAN_POINT('',(0.134782531563778,0.0337967624523953,0.));
#10723=CARTESIAN_POINT('',(0.135678929851659,0.0340681887550274,0.));
#10724=CARTESIAN_POINT('',(0.136575328139541,0.0343396150576595,0.));
#10725=CARTESIAN_POINT('',(0.136575328139541,0.0345754740906278,0.));
#10726=CARTESIAN_POINT('',(0.136575328139541,0.0348113331235961,0.));
#10727=CARTESIAN_POINT('',(0.135678929851659,0.0350827594262282,0.));
#10728=CARTESIAN_POINT('',(0.134782531563778,0.0353541857288604,0.));
#10729=CARTESIAN_POINT('',(0.134782531563778,0.0354644740906278,0.));
#10730=CARTESIAN_POINT('',(0.134782531563778,0.0355747624523953,0.));
#10731=CARTESIAN_POINT('',(0.135678929851659,0.0358461887550274,0.));
#10732=CARTESIAN_POINT('',(0.136575328139541,0.0361176150576595,0.));
#10733=CARTESIAN_POINT('',(0.136575328139541,0.0363534740906278,0.));
#10734=CARTESIAN_POINT('',(0.136575328139541,0.0365893331235961,0.));
#10735=CARTESIAN_POINT('',(0.135678929851659,0.0368607594262282,0.));
#10736=CARTESIAN_POINT('',(0.134782531563778,0.0371321857288604,0.));
#10737=CARTESIAN_POINT('',(0.134782531563778,0.0372424740906278,0.));
#10738=CARTESIAN_POINT('',(0.134782531563778,0.0373527624523953,0.));
#10739=CARTESIAN_POINT('',(0.135678929851659,0.0376241887550274,0.));
#10740=CARTESIAN_POINT('',(0.136575328139541,0.0378956150576596,0.));
#10741=CARTESIAN_POINT('',(0.136575328139541,0.0381314740906278,0.));
#10742=CARTESIAN_POINT('',(0.136575328139541,0.0383673331235961,0.));
#10743=CARTESIAN_POINT('',(0.135678929851659,0.0386387594262282,0.));
#10744=CARTESIAN_POINT('',(0.134782531563778,0.0389101857288604,0.));
#10745=CARTESIAN_POINT('',(0.134782531563778,0.0390204740906279,0.));
#10746=CARTESIAN_POINT('',(0.134782531563778,0.0391307624523953,0.));
#10747=CARTESIAN_POINT('',(0.135678929851659,0.0394021887550274,0.));
#10748=CARTESIAN_POINT('',(0.136575328139541,0.0396736150576596,0.));
#10749=CARTESIAN_POINT('',(0.136575328139541,0.0399094740906278,0.));
#10750=CARTESIAN_POINT('',(0.136575328139541,0.0401453331235961,0.));
#10751=CARTESIAN_POINT('',(0.135678929851659,0.0404167594262282,0.));
#10752=CARTESIAN_POINT('',(0.134782531563778,0.0406881857288603,0.));
#10753=CARTESIAN_POINT('',(0.134782531563778,0.0407984740906279,0.));
#10754=CARTESIAN_POINT('',(0.134782531563778,0.0409087624523953,0.));
#10755=CARTESIAN_POINT('',(0.135678929851659,0.0411801887550274,0.));
#10756=CARTESIAN_POINT('',(0.136575328139541,0.0414516150576595,0.));
#10757=CARTESIAN_POINT('',(0.136575328139541,0.0416874740906278,0.));
#10758=CARTESIAN_POINT('',(0.136575328139541,0.0419233331235961,0.));
#10759=CARTESIAN_POINT('',(0.135678929851659,0.0421947594262282,0.));
#10760=CARTESIAN_POINT('',(0.134782531563778,0.0424661857288604,0.));
#10761=CARTESIAN_POINT('',(0.134782531563778,0.0425764740906279,0.));
#10762=CARTESIAN_POINT('',(0.134782531563778,0.0426867624523953,0.));
#10763=CARTESIAN_POINT('',(0.135678929851659,0.0429581887550274,0.));
#10764=CARTESIAN_POINT('',(0.136575328139541,0.0432296150576595,0.));
#10765=CARTESIAN_POINT('',(0.136575328139541,0.0434654740906278,0.));
#10766=CARTESIAN_POINT('',(0.136575328139541,0.0437013331235961,0.));
#10767=CARTESIAN_POINT('',(0.135678929851659,0.0439727594262282,0.));
#10768=CARTESIAN_POINT('',(0.134782531563778,0.0442441857288604,0.));
#10769=CARTESIAN_POINT('',(0.134782531563778,0.0443544740906279,0.));
#10770=CARTESIAN_POINT('',(0.134782531563778,0.0444647624523953,0.));
#10771=CARTESIAN_POINT('',(0.135678929851659,0.0447361887550274,0.));
#10772=CARTESIAN_POINT('',(0.136575328139541,0.0450076150576595,0.));
#10773=CARTESIAN_POINT('',(0.136575328139541,0.0452434740906278,0.));
#10774=CARTESIAN_POINT('',(0.136575328139541,0.0454793331235961,0.));
#10775=CARTESIAN_POINT('',(0.135678929851659,0.0457507594262282,0.));
#10776=CARTESIAN_POINT('',(0.134782531563778,0.0460221857288603,0.));
#10777=CARTESIAN_POINT('',(0.134782531563778,0.0461324740906278,0.));
#10778=CARTESIAN_POINT('',(0.134782531563778,0.0462427624523953,0.));
#10779=CARTESIAN_POINT('',(0.135678929851659,0.0465141887550274,0.));
#10780=CARTESIAN_POINT('',(0.136575328139541,0.0467856150576595,0.));
#10781=CARTESIAN_POINT('',(0.136575328139541,0.0470214740906278,0.));
#10782=CARTESIAN_POINT('',(0.136575328139541,0.0472573331235961,0.));
#10783=CARTESIAN_POINT('',(0.135678929851659,0.0475287594262282,0.));
#10784=CARTESIAN_POINT('',(0.134782531563778,0.0478001857288603,0.));
#10785=CARTESIAN_POINT('',(0.134782531563778,0.0479104740906278,0.));
#10786=CARTESIAN_POINT('',(0.134782531563778,0.0480207624523953,0.));
#10787=CARTESIAN_POINT('',(0.135678929851659,0.0482921887550274,0.));
#10788=CARTESIAN_POINT('',(0.136575328139541,0.0485636150576595,0.));
#10789=CARTESIAN_POINT('',(0.136575328139541,0.0487994740906278,0.));
#10790=CARTESIAN_POINT('',(0.136575328139541,0.0490353331235961,0.));
#10791=CARTESIAN_POINT('',(0.135678929851659,0.0493067594262282,0.));
#10792=CARTESIAN_POINT('',(0.134782531563778,0.0495781857288603,0.));
#10793=CARTESIAN_POINT('',(0.134782531563778,0.0496884740906278,0.));
#10794=CARTESIAN_POINT('',(0.134782531563778,0.0497987624523953,0.));
#10795=CARTESIAN_POINT('',(0.135678929851659,0.0500701887550275,0.));
#10796=CARTESIAN_POINT('',(0.136575328139541,0.0503416150576596,0.));
#10797=CARTESIAN_POINT('',(0.136575328139541,0.0505774740906278,0.));
#10798=CARTESIAN_POINT('',(0.136575328139541,0.0508133331235961,0.));
#10799=CARTESIAN_POINT('',(0.135678929851659,0.0510847594262282,0.));
#10800=CARTESIAN_POINT('',(0.134782531563778,0.0513561857288604,0.));
#10801=CARTESIAN_POINT('',(0.134782531563778,0.0514664740906278,0.));
#10802=CARTESIAN_POINT('',(0.134782531563778,0.0515767624523953,0.));
#10803=CARTESIAN_POINT('',(0.135678929851659,0.0518481887550275,0.));
#10804=CARTESIAN_POINT('',(0.136575328139541,0.0521196150576596,0.));
#10805=CARTESIAN_POINT('',(0.136575328139541,0.0523554740906278,0.));
#10806=CARTESIAN_POINT('',(0.136575328139541,0.0525913331235961,0.));
#10807=CARTESIAN_POINT('',(0.135678929851659,0.0528627594262282,0.));
#10808=CARTESIAN_POINT('',(0.134782531563778,0.0531341857288604,0.));
#10809=CARTESIAN_POINT('',(0.134782531563778,0.0532444740906278,0.));
#10810=CARTESIAN_POINT('',(0.134782531563778,0.0533547624523953,0.));
#10811=CARTESIAN_POINT('',(0.135678929851659,0.0536261887550275,0.));
#10812=CARTESIAN_POINT('',(0.136575328139541,0.0538976150576596,0.));
#10813=CARTESIAN_POINT('',(0.136575328139541,0.0541334740906278,0.));
#10814=CARTESIAN_POINT('',(0.136575328139541,0.0543693331235961,0.));
#10815=CARTESIAN_POINT('',(0.135678929851659,0.0546407594262282,0.));
#10816=CARTESIAN_POINT('',(0.134782531563778,0.0549121857288604,0.));
#10817=CARTESIAN_POINT('',(0.134782531563778,0.0550224740906278,0.));
#10818=CARTESIAN_POINT('',(0.134782531563778,0.0551327624523953,0.));
#10819=CARTESIAN_POINT('',(0.135678929851659,0.0554041887550275,0.));
#10820=CARTESIAN_POINT('',(0.136575328139541,0.0556756150576596,0.));
#10821=CARTESIAN_POINT('',(0.136575328139541,0.0559114740906278,0.));
#10822=CARTESIAN_POINT('',(0.136575328139541,0.0561473331235961,0.));
#10823=CARTESIAN_POINT('',(0.135678929851659,0.0564187594262282,0.));
#10824=CARTESIAN_POINT('',(0.134782531563778,0.0566901857288604,0.));
#10825=CARTESIAN_POINT('',(0.134782531563778,0.0568004740906278,0.));
#10826=CARTESIAN_POINT('',(0.134782531563778,0.0569107624523953,0.));
#10827=CARTESIAN_POINT('',(0.135678929851659,0.0571821887550275,0.));
#10828=CARTESIAN_POINT('',(0.136575328139541,0.0574536150576596,0.));
#10829=CARTESIAN_POINT('',(0.136575328139541,0.0576894740906278,0.));
#10830=CARTESIAN_POINT('',(0.136575328139541,0.0579253331235961,0.));
#10831=CARTESIAN_POINT('',(0.135678929851659,0.0581967594262282,0.));
#10832=CARTESIAN_POINT('',(0.134782531563778,0.0584681857288604,0.));
#10833=CARTESIAN_POINT('',(0.134782531563778,0.0585784740906278,0.));
#10834=CARTESIAN_POINT('',(0.134782531563778,0.0586887624523953,0.));
#10835=CARTESIAN_POINT('',(0.135678929851659,0.0589601887550275,0.));
#10836=CARTESIAN_POINT('',(0.136575328139541,0.0592316150576596,0.));
#10837=CARTESIAN_POINT('',(0.136575328139541,0.0594674740906278,0.));
#10838=CARTESIAN_POINT('',(0.136575328139541,0.0597033331235961,0.));
#10839=CARTESIAN_POINT('',(0.135678929851659,0.0599747594262282,0.));
#10840=CARTESIAN_POINT('',(0.134782531563778,0.0602461857288604,0.));
#10841=CARTESIAN_POINT('',(0.134782531563778,0.0603564740906279,0.));
#10842=CARTESIAN_POINT('',(0.134782531563778,0.0604667624523953,0.));
#10843=CARTESIAN_POINT('',(0.135678929851659,0.0607381887550275,0.));
#10844=CARTESIAN_POINT('',(0.136575328139541,0.0610096150576596,0.));
#10845=CARTESIAN_POINT('',(0.136575328139541,0.0612454740906279,0.));
#10846=CARTESIAN_POINT('',(0.136575328139541,0.0614813331235961,0.));
#10847=CARTESIAN_POINT('',(0.135678929851659,0.0617527594262282,0.));
#10848=CARTESIAN_POINT('',(0.134782531563778,0.0620241857288604,0.));
#10849=CARTESIAN_POINT('',(0.134782531563778,0.0621344740906279,0.));
#10850=CARTESIAN_POINT('',(0.134782531563778,0.0622447624523953,0.));
#10851=CARTESIAN_POINT('',(0.135678929851659,0.0625161887550275,0.));
#10852=CARTESIAN_POINT('',(0.136575328139541,0.0627876150576596,0.));
#10853=CARTESIAN_POINT('',(0.136575328139541,0.0630234740906279,0.));
#10854=CARTESIAN_POINT('',(0.136575328139541,0.0632593331235961,0.));
#10855=CARTESIAN_POINT('',(0.135678929851659,0.0635307594262282,0.));
#10856=CARTESIAN_POINT('',(0.134782531563778,0.0638021857288604,0.));
#10857=CARTESIAN_POINT('',(0.134782531563778,0.0639124740906279,0.));
#10858=CARTESIAN_POINT('',(0.134782531563778,0.0640227624523953,0.));
#10859=CARTESIAN_POINT('',(0.135678929851659,0.0642941887550275,0.));
#10860=CARTESIAN_POINT('',(0.136575328139541,0.0645656150576596,0.));
#10861=CARTESIAN_POINT('',(0.136575328139541,0.0648014740906279,0.));
#10862=CARTESIAN_POINT('',(0.136575328139541,0.0650373331235961,0.));
#10863=CARTESIAN_POINT('',(0.135678929851659,0.0653087594262282,0.));
#10864=CARTESIAN_POINT('',(0.134782531563778,0.0655801857288604,0.));
#10865=CARTESIAN_POINT('',(0.134782531563778,0.0656904740906279,0.));
#10866=CARTESIAN_POINT('',(0.134782531563778,0.0658007624523953,0.));
#10867=CARTESIAN_POINT('',(0.135678929851659,0.0660721887550275,0.));
#10868=CARTESIAN_POINT('',(0.136575328139541,0.0663436150576596,0.));
#10869=CARTESIAN_POINT('',(0.136575328139541,0.0665794740906279,0.));
#10870=CARTESIAN_POINT('',(0.136575328139541,0.0668153331235961,0.));
#10871=CARTESIAN_POINT('',(0.135678929851659,0.0670867594262282,0.));
#10872=CARTESIAN_POINT('',(0.134782531563778,0.0673581857288604,0.));
#10873=CARTESIAN_POINT('',(0.134782531563778,0.0674684740906279,0.));
#10874=CARTESIAN_POINT('',(0.134782531563778,0.0675787624523953,0.));
#10875=CARTESIAN_POINT('',(0.135678929851659,0.0678501887550275,0.));
#10876=CARTESIAN_POINT('',(0.136575328139541,0.0681216150576596,0.));
#10877=CARTESIAN_POINT('',(0.136575328139541,0.0683574740906279,0.));
#10878=CARTESIAN_POINT('',(0.136575328139541,0.0685933331235961,0.));
#10879=CARTESIAN_POINT('',(0.135678929851659,0.0688647594262282,0.));
#10880=CARTESIAN_POINT('',(0.134782531563778,0.0691361857288604,0.));
#10881=CARTESIAN_POINT('',(0.134782531563778,0.0692464740906279,0.));
#10882=CARTESIAN_POINT('',(0.134782531563778,0.0693567624523954,0.));
#10883=CARTESIAN_POINT('',(0.135678929851659,0.0696281887550275,0.));
#10884=CARTESIAN_POINT('',(0.136575328139541,0.0698996150576596,0.));
#10885=CARTESIAN_POINT('',(0.136575328139541,0.0701354740906279,0.));
#10886=CARTESIAN_POINT('',(0.136575328139541,0.0703713331235961,0.));
#10887=CARTESIAN_POINT('',(0.135678929851659,0.0706427594262282,0.));
#10888=CARTESIAN_POINT('',(0.134782531563778,0.0709141857288604,0.));
#10889=CARTESIAN_POINT('',(0.134782531563778,0.0710244740906279,0.));
#10890=CARTESIAN_POINT('',(0.134782531563778,0.0711347624523954,0.));
#10891=CARTESIAN_POINT('',(0.135678929851659,0.0714061887550275,0.));
#10892=CARTESIAN_POINT('',(0.136575328139541,0.0716776150576596,0.));
#10893=CARTESIAN_POINT('',(0.136575328139541,0.0719134740906279,0.));
#10894=CARTESIAN_POINT('',(0.136575328139541,0.0721493331235961,0.));
#10895=CARTESIAN_POINT('',(0.135678929851659,0.0724207594262282,0.));
#10896=CARTESIAN_POINT('',(0.134782531563778,0.0726921857288604,0.));
#10897=CARTESIAN_POINT('',(0.134782531563778,0.0728024740906279,0.));
#10898=CARTESIAN_POINT('',(0.134782531563778,0.0729127624523954,0.));
#10899=CARTESIAN_POINT('',(0.135678929851659,0.0731841887550275,0.));
#10900=CARTESIAN_POINT('',(0.136575328139541,0.0734556150576596,0.));
#10901=CARTESIAN_POINT('',(0.136575328139541,0.0736914740906279,0.));
#10902=CARTESIAN_POINT('',(0.136575328139541,0.0739273331235961,0.));
#10903=CARTESIAN_POINT('',(0.135678929851659,0.0741987594262282,0.));
#10904=CARTESIAN_POINT('',(0.134782531563778,0.0744701857288604,0.));
#10905=CARTESIAN_POINT('',(0.134782531563778,0.0745804740906279,0.));
#10906=CARTESIAN_POINT('',(0.134782531563778,0.0746907624523954,0.));
#10907=CARTESIAN_POINT('',(0.135678929851659,0.0749621887550275,0.));
#10908=CARTESIAN_POINT('',(0.136575328139541,0.0752336150576596,0.));
#10909=CARTESIAN_POINT('',(0.136575328139541,0.0754694740906279,0.));
#10910=CARTESIAN_POINT('',(0.136575328139541,0.0757053331235961,0.));
#10911=CARTESIAN_POINT('',(0.135678929851659,0.0759767594262282,0.));
#10912=CARTESIAN_POINT('',(0.134782531563778,0.0762481857288604,0.));
#10913=CARTESIAN_POINT('',(0.134782531563778,0.0763584740906279,0.));
#10914=CARTESIAN_POINT('',(0.134782531563778,0.0764687624523954,0.));
#10915=CARTESIAN_POINT('',(0.135678929851659,0.0767401887550275,0.));
#10916=CARTESIAN_POINT('',(0.136575328139541,0.0770116150576596,0.));
#10917=CARTESIAN_POINT('',(0.136575328139541,0.0772474740906279,0.));
#10918=CARTESIAN_POINT('',(0.136575328139541,0.0774833331235961,0.));
#10919=CARTESIAN_POINT('',(0.135678929851659,0.0777547594262282,0.));
#10920=CARTESIAN_POINT('',(0.134782531563778,0.0780261857288604,0.));
#10921=CARTESIAN_POINT('',(0.134782531563778,0.0781364740906279,0.));
#10922=CARTESIAN_POINT('',(0.134782531563778,0.0782467624523954,0.));
#10923=CARTESIAN_POINT('',(0.135678929851659,0.0785181887550275,0.));
#10924=CARTESIAN_POINT('',(0.136575328139541,0.0787896150576596,0.));
#10925=CARTESIAN_POINT('',(0.136575328139541,0.0790254740906279,0.));
#10926=CARTESIAN_POINT('',(0.136575328139541,0.0792613331235961,0.));
#10927=CARTESIAN_POINT('',(0.135678929851659,0.0795327594262282,0.));
#10928=CARTESIAN_POINT('',(0.134782531563778,0.0798041857288604,0.));
#10929=CARTESIAN_POINT('',(0.134782531563778,0.0799144740906279,0.));
#10930=CARTESIAN_POINT('',(0.134782531563778,0.0800247624523954,0.));
#10931=CARTESIAN_POINT('',(0.135678929851659,0.0802961887550275,0.));
#10932=CARTESIAN_POINT('',(0.136575328139541,0.0805676150576596,0.));
#10933=CARTESIAN_POINT('',(0.136575328139541,0.0808034740906279,0.));
#10934=CARTESIAN_POINT('',(0.136575328139541,0.0810393331235961,0.));
#10935=CARTESIAN_POINT('',(0.135678929851659,0.0813107594262282,0.));
#10936=CARTESIAN_POINT('',(0.134782531563778,0.0815821857288604,0.));
#10937=CARTESIAN_POINT('',(0.134782531563778,0.0816924740906279,0.));
#10938=CARTESIAN_POINT('',(0.134782531563778,0.0818027624523954,0.));
#10939=CARTESIAN_POINT('',(0.135678929851659,0.0820741887550275,0.));
#10940=CARTESIAN_POINT('',(0.136575328139541,0.0823456150576596,0.));
#10941=CARTESIAN_POINT('',(0.136575328139541,0.0825814740906279,0.));
#10942=CARTESIAN_POINT('',(0.136575328139541,0.0828173331235961,0.));
#10943=CARTESIAN_POINT('',(0.135678929851659,0.0830887594262283,0.));
#10944=CARTESIAN_POINT('',(0.134782531563778,0.0833601857288604,0.));
#10945=CARTESIAN_POINT('',(0.134782531563778,0.0834704740906279,0.));
#10946=CARTESIAN_POINT('',(0.134782531563778,0.0835807624523954,0.));
#10947=CARTESIAN_POINT('',(0.135678929851659,0.0838521887550275,0.));
#10948=CARTESIAN_POINT('',(0.136575328139541,0.0841236150576596,0.));
#10949=CARTESIAN_POINT('',(0.136575328139541,0.0843594740906279,0.));
#10950=CARTESIAN_POINT('',(0.136575328139541,0.0845953331235961,0.));
#10951=CARTESIAN_POINT('',(0.135678929851659,0.0848667594262283,0.));
#10952=CARTESIAN_POINT('',(0.134782531563778,0.0851381857288604,0.));
#10953=CARTESIAN_POINT('',(0.134782531563778,0.0852484740906279,0.));
#10954=CARTESIAN_POINT('',(0.134782531563778,0.0853587624523954,0.));
#10955=CARTESIAN_POINT('',(0.135678929851659,0.0856301887550275,0.));
#10956=CARTESIAN_POINT('',(0.136575328139541,0.0859016150576596,0.));
#10957=CARTESIAN_POINT('',(0.136575328139541,0.0861374740906279,0.));
#10958=CARTESIAN_POINT('',(0.136575328139541,0.0863733331235961,0.));
#10959=CARTESIAN_POINT('',(0.135678929851659,0.0866447594262283,0.));
#10960=CARTESIAN_POINT('',(0.134782531563778,0.0869161857288604,0.));
#10961=CARTESIAN_POINT('',(0.134782531563778,0.0870264740906279,0.));
#10962=CARTESIAN_POINT('',(0.134782531563778,0.0871367624523954,0.));
#10963=CARTESIAN_POINT('',(0.135678929851659,0.0874081887550275,0.));
#10964=CARTESIAN_POINT('',(0.136575328139541,0.0876796150576596,0.));
#10965=CARTESIAN_POINT('',(0.136575328139541,0.0879154740906279,0.));
#10966=CARTESIAN_POINT('',(0.136575328139541,0.0881513331235962,0.));
#10967=CARTESIAN_POINT('',(0.135678929851659,0.0884227594262283,0.));
#10968=CARTESIAN_POINT('',(0.134782531563778,0.0886941857288604,0.));
#10969=CARTESIAN_POINT('',(0.134782531563778,0.0888044740906279,0.));
#10970=CARTESIAN_POINT('',(0.134782531563778,0.0889147624523954,0.));
#10971=CARTESIAN_POINT('',(0.135678929851659,0.0891861887550275,0.));
#10972=CARTESIAN_POINT('',(0.136575328139541,0.0894576150576596,0.));
#10973=CARTESIAN_POINT('',(0.136575328139541,0.0896934740906279,0.));
#10974=CARTESIAN_POINT('',(0.136575328139541,0.0899293331235962,0.));
#10975=CARTESIAN_POINT('',(0.135678929851659,0.0902007594262283,0.));
#10976=CARTESIAN_POINT('',(0.134782531563778,0.0904721857288604,0.));
#10977=CARTESIAN_POINT('',(0.134782531563778,0.0905824740906279,0.));
#10978=CARTESIAN_POINT('',(0.134782531563778,0.0906927624523954,0.));
#10979=CARTESIAN_POINT('',(0.135678929851659,0.0909641887550275,0.));
#10980=CARTESIAN_POINT('',(0.136575328139541,0.0912356150576596,0.));
#10981=CARTESIAN_POINT('',(0.136575328139541,0.0914714740906279,0.));
#10982=CARTESIAN_POINT('',(0.136575328139541,0.0917073331235961,0.));
#10983=CARTESIAN_POINT('',(0.135678929851659,0.0919787594262283,0.));
#10984=CARTESIAN_POINT('',(0.134782531563778,0.0922501857288604,0.));
#10985=CARTESIAN_POINT('',(0.134782531563778,0.0923604740906279,0.));
#10986=CARTESIAN_POINT('',(0.134782531563778,0.0924707624523954,0.));
#10987=CARTESIAN_POINT('',(0.135678929851659,0.0927421887550275,0.));
#10988=CARTESIAN_POINT('',(0.136575328139541,0.0930136150576596,0.));
#10989=CARTESIAN_POINT('',(0.136575328139541,0.0932494740906279,0.));
#10990=CARTESIAN_POINT('',(0.136575328139541,0.0934853331235962,0.));
#10991=CARTESIAN_POINT('',(0.135678929851659,0.0937567594262283,0.));
#10992=CARTESIAN_POINT('',(0.134782531563778,0.0940281857288604,0.));
#10993=CARTESIAN_POINT('',(0.134782531563778,0.0941384740906279,0.));
#10994=CARTESIAN_POINT('',(0.134782531563778,0.0942487624523954,0.));
#10995=CARTESIAN_POINT('',(0.135678929851659,0.0945201887550275,0.));
#10996=CARTESIAN_POINT('',(0.136575328139541,0.0947916150576596,0.));
#10997=CARTESIAN_POINT('',(0.136575328139541,0.0950274740906279,0.));
#10998=CARTESIAN_POINT('',(0.136575328139541,0.0952633331235962,0.));
#10999=CARTESIAN_POINT('',(0.135678929851659,0.0955347594262283,0.));
#11000=CARTESIAN_POINT('',(0.134782531563778,0.0958061857288604,0.));
#11001=CARTESIAN_POINT('',(0.134782531563778,0.0959164740906279,0.));
#11002=CARTESIAN_POINT('',(0.134782531563778,0.0960267624523954,0.));
#11003=CARTESIAN_POINT('',(0.135678929851659,0.0962981887550275,0.));
#11004=CARTESIAN_POINT('',(0.136575328139541,0.0965696150576596,0.));
#11005=CARTESIAN_POINT('',(0.136575328139541,0.0968054740906279,0.));
#11006=CARTESIAN_POINT('',(0.136575328139541,0.0970413331235962,0.));
#11007=CARTESIAN_POINT('',(0.135678929851659,0.0973127594262283,0.));
#11008=CARTESIAN_POINT('',(0.134782531563778,0.0975841857288604,0.));
#11009=CARTESIAN_POINT('',(0.134782531563778,0.0976944740906279,0.));
#11010=CARTESIAN_POINT('',(0.134782531563778,0.0978047624523954,0.));
#11011=CARTESIAN_POINT('',(0.135678929851659,0.0980761887550275,0.));
#11012=CARTESIAN_POINT('',(0.136575328139541,0.0983476150576596,0.));
#11013=CARTESIAN_POINT('',(0.136575328139541,0.0985834740906279,0.));
#11014=CARTESIAN_POINT('',(0.136575328139541,0.0988193331235962,0.));
#11015=CARTESIAN_POINT('',(0.135678929851659,0.0990907594262283,0.));
#11016=CARTESIAN_POINT('',(0.134782531563778,0.0993621857288604,0.));
#11017=CARTESIAN_POINT('',(0.134782531563778,0.0994724740906279,0.));
#11018=CARTESIAN_POINT('',(0.134782531563778,0.0995827624523954,0.));
#11019=CARTESIAN_POINT('',(0.135678929851659,0.0998541887550275,0.));
#11020=CARTESIAN_POINT('',(0.136575328139541,0.10012561505766,0.));
#11021=CARTESIAN_POINT('',(0.136575328139541,0.100361474090628,0.));
#11022=CARTESIAN_POINT('',(0.136575328139541,0.100597333123596,0.));
#11023=CARTESIAN_POINT('',(0.135678929851659,0.100868759426228,0.));
#11024=CARTESIAN_POINT('',(0.134782531563778,0.10114018572886,0.));
#11025=CARTESIAN_POINT('',(0.134782531563778,0.101250474090628,0.));
#11026=CARTESIAN_POINT('',(0.134782531563778,0.101360762452395,0.));
#11027=CARTESIAN_POINT('',(0.135678929851659,0.101632188755027,0.));
#11028=CARTESIAN_POINT('',(0.136575328139541,0.10190361505766,0.));
#11029=CARTESIAN_POINT('',(0.136714936329116,0.10190361505766,0.));
#11030=CARTESIAN_POINT('',(0.136854544518691,0.10190361505766,0.));
#11031=CARTESIAN_POINT('',(0.136991144484496,0.0256854740906278,0.));
#11032=CARTESIAN_POINT('',(0.136854652162036,0.101843553727573,0.));
#11033=CARTESIAN_POINT('',(0.115355901420116,0.101843553727573,0.));
#11034=CARTESIAN_POINT('',(0.115355901420116,-0.0505564462724265,0.));
#11035=CARTESIAN_POINT('',(0.13675700407114,0.101843553727573,0.00889));
#11036=CARTESIAN_POINT('',(0.13675700407114,-0.0505564462724265,0.00889));
#11037=CARTESIAN_POINT('',(0.13675700407114,-0.050532666876404,0.00889));
#11038=CARTESIAN_POINT('',(0.17319693297472,0.101843553727573,0.015314408440247));
#11039=CARTESIAN_POINT('',(0.17319693297472,-0.0505564462724265,0.015314408440247));
#11040=CARTESIAN_POINT('',(0.174857004071141,-0.0505564462724265,0.01778));
#11041=CARTESIAN_POINT('',(0.1715368618783,-0.0505564462724265,0.0128488168804939));
#11042=CARTESIAN_POINT('',(0.1715368618783,0.101843553727573,0.0128488168804939));
#11043=CARTESIAN_POINT('',(0.1715368618783,0.101843553727573,0.0128488168804939));
#11044=CARTESIAN_POINT('',(0.17319693297472,0.101843553727573,0.015314408440247));
#11045=CARTESIAN_POINT('',(0.174857004071141,0.101843553727573,0.01778));
#11046=CARTESIAN_POINT('',(0.174857004071141,0.101843553727573,0.01778));
#11047=CARTESIAN_POINT('',(0.1715368618783,0.101843553727573,0.010869408440247));
#11048=CARTESIAN_POINT('',(0.1715368618783,-0.0505564462724265,0.010869408440247));
#11049=CARTESIAN_POINT('',(0.1715368618783,0.101843553727573,0.010869408440247));
#11050=CARTESIAN_POINT('',(0.115355901420116,0.101843553727573,-0.0163380255267024));
#11051=CARTESIAN_POINT('',(0.136854652162036,0.101843553727573,-0.0163380255267024));
#11052=CARTESIAN_POINT('',(0.174857004071141,0.101843553727573,0.02032));
#11053=CARTESIAN_POINT('',(0.115355901420116,-0.0505564462724265,-0.0163380255267024));
#11054=CARTESIAN_POINT('',(0.174857004071141,-0.0505564462724265,0.02032));
#11055=CARTESIAN_POINT('',(0.136851536294921,-0.050532666876404,0.01778));
#11056=CARTESIAN_POINT('',(0.136575328139541,-0.050532666876404,0.01778));
#11057=CARTESIAN_POINT('',(0.135678929851659,-0.0484832405737719,0.01778));
#11058=CARTESIAN_POINT('',(0.136575328139541,-0.048754666876404,0.01778));
#11059=CARTESIAN_POINT('',(0.134782531563778,-0.0482118142711398,0.01778));
#11060=CARTESIAN_POINT('',(0.136575328139541,-0.0489905259093723,0.01778));
#11061=CARTESIAN_POINT('',(0.136575328139541,-0.0492263849423405,0.01778));
#11062=CARTESIAN_POINT('',(0.135678929851659,-0.0494978112449727,0.01778));
#11063=CARTESIAN_POINT('',(0.134782531563778,-0.0497692375476048,0.01778));
#11064=CARTESIAN_POINT('',(0.134782531563778,-0.0498795259093723,0.01778));
#11065=CARTESIAN_POINT('',(0.134782531563778,-0.0499898142711398,0.01778));
#11066=CARTESIAN_POINT('',(0.135678929851659,-0.0502612405737719,0.01778));
#11067=CARTESIAN_POINT('',(0.136991144484496,0.0256854740906278,0.01778));
#11068=CARTESIAN_POINT('',(0.136854544518691,0.10190361505766,0.01778));
#11069=CARTESIAN_POINT('',(0.136714936329116,0.10190361505766,0.01778));
#11070=CARTESIAN_POINT('',(0.136575328139541,0.10190361505766,0.01778));
#11071=CARTESIAN_POINT('',(0.135678929851659,0.101632188755027,0.01778));
#11072=CARTESIAN_POINT('',(0.134782531563778,0.101360762452395,0.01778));
#11073=CARTESIAN_POINT('',(0.134782531563778,0.101250474090628,0.01778));
#11074=CARTESIAN_POINT('',(0.134782531563778,0.10114018572886,0.01778));
#11075=CARTESIAN_POINT('',(0.135678929851659,0.100868759426228,0.01778));
#11076=CARTESIAN_POINT('',(0.136575328139541,0.100597333123596,0.01778));
#11077=CARTESIAN_POINT('',(0.136575328139541,0.100361474090628,0.01778));
#11078=CARTESIAN_POINT('',(0.136575328139541,0.10012561505766,0.01778));
#11079=CARTESIAN_POINT('',(0.135678929851659,0.0998541887550275,0.01778));
#11080=CARTESIAN_POINT('',(0.134782531563778,0.0995827624523954,0.01778));
#11081=CARTESIAN_POINT('',(0.134782531563778,0.0994724740906279,0.01778));
#11082=CARTESIAN_POINT('',(0.134782531563778,0.0993621857288604,0.01778));
#11083=CARTESIAN_POINT('',(0.135678929851659,0.0990907594262283,0.01778));
#11084=CARTESIAN_POINT('',(0.136575328139541,0.0988193331235962,0.01778));
#11085=CARTESIAN_POINT('',(0.136575328139541,0.0985834740906279,0.01778));
#11086=CARTESIAN_POINT('',(0.136575328139541,0.0983476150576596,0.01778));
#11087=CARTESIAN_POINT('',(0.135678929851659,0.0980761887550275,0.01778));
#11088=CARTESIAN_POINT('',(0.134782531563778,0.0978047624523954,0.01778));
#11089=CARTESIAN_POINT('',(0.134782531563778,0.0976944740906279,0.01778));
#11090=CARTESIAN_POINT('',(0.134782531563778,0.0975841857288604,0.01778));
#11091=CARTESIAN_POINT('',(0.135678929851659,0.0973127594262283,0.01778));
#11092=CARTESIAN_POINT('',(0.136575328139541,0.0970413331235962,0.01778));
#11093=CARTESIAN_POINT('',(0.136575328139541,0.0968054740906279,0.01778));
#11094=CARTESIAN_POINT('',(0.136575328139541,0.0965696150576596,0.01778));
#11095=CARTESIAN_POINT('',(0.135678929851659,0.0962981887550275,0.01778));
#11096=CARTESIAN_POINT('',(0.134782531563778,0.0960267624523954,0.01778));
#11097=CARTESIAN_POINT('',(0.134782531563778,0.0959164740906279,0.01778));
#11098=CARTESIAN_POINT('',(0.134782531563778,0.0958061857288604,0.01778));
#11099=CARTESIAN_POINT('',(0.135678929851659,0.0955347594262283,0.01778));
#11100=CARTESIAN_POINT('',(0.136575328139541,0.0952633331235962,0.01778));
#11101=CARTESIAN_POINT('',(0.136575328139541,0.0950274740906279,0.01778));
#11102=CARTESIAN_POINT('',(0.136575328139541,0.0947916150576596,0.01778));
#11103=CARTESIAN_POINT('',(0.135678929851659,0.0945201887550275,0.01778));
#11104=CARTESIAN_POINT('',(0.134782531563778,0.0942487624523954,0.01778));
#11105=CARTESIAN_POINT('',(0.134782531563778,0.0941384740906279,0.01778));
#11106=CARTESIAN_POINT('',(0.134782531563778,0.0940281857288604,0.01778));
#11107=CARTESIAN_POINT('',(0.135678929851659,0.0937567594262283,0.01778));
#11108=CARTESIAN_POINT('',(0.136575328139541,0.0934853331235962,0.01778));
#11109=CARTESIAN_POINT('',(0.136575328139541,0.0932494740906279,0.01778));
#11110=CARTESIAN_POINT('',(0.136575328139541,0.0930136150576596,0.01778));
#11111=CARTESIAN_POINT('',(0.135678929851659,0.0927421887550275,0.01778));
#11112=CARTESIAN_POINT('',(0.134782531563778,0.0924707624523954,0.01778));
#11113=CARTESIAN_POINT('',(0.134782531563778,0.0923604740906279,0.01778));
#11114=CARTESIAN_POINT('',(0.134782531563778,0.0922501857288604,0.01778));
#11115=CARTESIAN_POINT('',(0.135678929851659,0.0919787594262283,0.01778));
#11116=CARTESIAN_POINT('',(0.136575328139541,0.0917073331235961,0.01778));
#11117=CARTESIAN_POINT('',(0.136575328139541,0.0914714740906279,0.01778));
#11118=CARTESIAN_POINT('',(0.136575328139541,0.0912356150576596,0.01778));
#11119=CARTESIAN_POINT('',(0.135678929851659,0.0909641887550275,0.01778));
#11120=CARTESIAN_POINT('',(0.134782531563778,0.0906927624523954,0.01778));
#11121=CARTESIAN_POINT('',(0.134782531563778,0.0905824740906279,0.01778));
#11122=CARTESIAN_POINT('',(0.134782531563778,0.0904721857288604,0.01778));
#11123=CARTESIAN_POINT('',(0.135678929851659,0.0902007594262283,0.01778));
#11124=CARTESIAN_POINT('',(0.136575328139541,0.0899293331235962,0.01778));
#11125=CARTESIAN_POINT('',(0.136575328139541,0.0896934740906279,0.01778));
#11126=CARTESIAN_POINT('',(0.136575328139541,0.0894576150576596,0.01778));
#11127=CARTESIAN_POINT('',(0.135678929851659,0.0891861887550275,0.01778));
#11128=CARTESIAN_POINT('',(0.134782531563778,0.0889147624523954,0.01778));
#11129=CARTESIAN_POINT('',(0.134782531563778,0.0888044740906279,0.01778));
#11130=CARTESIAN_POINT('',(0.134782531563778,0.0886941857288604,0.01778));
#11131=CARTESIAN_POINT('',(0.135678929851659,0.0884227594262283,0.01778));
#11132=CARTESIAN_POINT('',(0.136575328139541,0.0881513331235962,0.01778));
#11133=CARTESIAN_POINT('',(0.136575328139541,0.0879154740906279,0.01778));
#11134=CARTESIAN_POINT('',(0.136575328139541,0.0876796150576596,0.01778));
#11135=CARTESIAN_POINT('',(0.135678929851659,0.0874081887550275,0.01778));
#11136=CARTESIAN_POINT('',(0.134782531563778,0.0871367624523954,0.01778));
#11137=CARTESIAN_POINT('',(0.134782531563778,0.0870264740906279,0.01778));
#11138=CARTESIAN_POINT('',(0.134782531563778,0.0869161857288604,0.01778));
#11139=CARTESIAN_POINT('',(0.135678929851659,0.0866447594262283,0.01778));
#11140=CARTESIAN_POINT('',(0.136575328139541,0.0863733331235961,0.01778));
#11141=CARTESIAN_POINT('',(0.136575328139541,0.0861374740906279,0.01778));
#11142=CARTESIAN_POINT('',(0.136575328139541,0.0859016150576596,0.01778));
#11143=CARTESIAN_POINT('',(0.135678929851659,0.0856301887550275,0.01778));
#11144=CARTESIAN_POINT('',(0.134782531563778,0.0853587624523954,0.01778));
#11145=CARTESIAN_POINT('',(0.134782531563778,0.0852484740906279,0.01778));
#11146=CARTESIAN_POINT('',(0.134782531563778,0.0851381857288604,0.01778));
#11147=CARTESIAN_POINT('',(0.135678929851659,0.0848667594262283,0.01778));
#11148=CARTESIAN_POINT('',(0.136575328139541,0.0845953331235961,0.01778));
#11149=CARTESIAN_POINT('',(0.136575328139541,0.0843594740906279,0.01778));
#11150=CARTESIAN_POINT('',(0.136575328139541,0.0841236150576596,0.01778));
#11151=CARTESIAN_POINT('',(0.135678929851659,0.0838521887550275,0.01778));
#11152=CARTESIAN_POINT('',(0.134782531563778,0.0835807624523954,0.01778));
#11153=CARTESIAN_POINT('',(0.134782531563778,0.0834704740906279,0.01778));
#11154=CARTESIAN_POINT('',(0.134782531563778,0.0833601857288604,0.01778));
#11155=CARTESIAN_POINT('',(0.135678929851659,0.0830887594262283,0.01778));
#11156=CARTESIAN_POINT('',(0.136575328139541,0.0828173331235961,0.01778));
#11157=CARTESIAN_POINT('',(0.136575328139541,0.0825814740906279,0.01778));
#11158=CARTESIAN_POINT('',(0.136575328139541,0.0823456150576596,0.01778));
#11159=CARTESIAN_POINT('',(0.135678929851659,0.0820741887550275,0.01778));
#11160=CARTESIAN_POINT('',(0.134782531563778,0.0818027624523954,0.01778));
#11161=CARTESIAN_POINT('',(0.134782531563778,0.0816924740906279,0.01778));
#11162=CARTESIAN_POINT('',(0.134782531563778,0.0815821857288604,0.01778));
#11163=CARTESIAN_POINT('',(0.135678929851659,0.0813107594262282,0.01778));
#11164=CARTESIAN_POINT('',(0.136575328139541,0.0810393331235961,0.01778));
#11165=CARTESIAN_POINT('',(0.136575328139541,0.0808034740906279,0.01778));
#11166=CARTESIAN_POINT('',(0.136575328139541,0.0805676150576596,0.01778));
#11167=CARTESIAN_POINT('',(0.135678929851659,0.0802961887550275,0.01778));
#11168=CARTESIAN_POINT('',(0.134782531563778,0.0800247624523954,0.01778));
#11169=CARTESIAN_POINT('',(0.134782531563778,0.0799144740906279,0.01778));
#11170=CARTESIAN_POINT('',(0.134782531563778,0.0798041857288604,0.01778));
#11171=CARTESIAN_POINT('',(0.135678929851659,0.0795327594262282,0.01778));
#11172=CARTESIAN_POINT('',(0.136575328139541,0.0792613331235961,0.01778));
#11173=CARTESIAN_POINT('',(0.136575328139541,0.0790254740906279,0.01778));
#11174=CARTESIAN_POINT('',(0.136575328139541,0.0787896150576596,0.01778));
#11175=CARTESIAN_POINT('',(0.135678929851659,0.0785181887550275,0.01778));
#11176=CARTESIAN_POINT('',(0.134782531563778,0.0782467624523954,0.01778));
#11177=CARTESIAN_POINT('',(0.134782531563778,0.0781364740906279,0.01778));
#11178=CARTESIAN_POINT('',(0.134782531563778,0.0780261857288604,0.01778));
#11179=CARTESIAN_POINT('',(0.135678929851659,0.0777547594262282,0.01778));
#11180=CARTESIAN_POINT('',(0.136575328139541,0.0774833331235961,0.01778));
#11181=CARTESIAN_POINT('',(0.136575328139541,0.0772474740906279,0.01778));
#11182=CARTESIAN_POINT('',(0.136575328139541,0.0770116150576596,0.01778));
#11183=CARTESIAN_POINT('',(0.135678929851659,0.0767401887550275,0.01778));
#11184=CARTESIAN_POINT('',(0.134782531563778,0.0764687624523954,0.01778));
#11185=CARTESIAN_POINT('',(0.134782531563778,0.0763584740906279,0.01778));
#11186=CARTESIAN_POINT('',(0.134782531563778,0.0762481857288604,0.01778));
#11187=CARTESIAN_POINT('',(0.135678929851659,0.0759767594262282,0.01778));
#11188=CARTESIAN_POINT('',(0.136575328139541,0.0757053331235961,0.01778));
#11189=CARTESIAN_POINT('',(0.136575328139541,0.0754694740906279,0.01778));
#11190=CARTESIAN_POINT('',(0.136575328139541,0.0752336150576596,0.01778));
#11191=CARTESIAN_POINT('',(0.135678929851659,0.0749621887550275,0.01778));
#11192=CARTESIAN_POINT('',(0.134782531563778,0.0746907624523954,0.01778));
#11193=CARTESIAN_POINT('',(0.134782531563778,0.0745804740906279,0.01778));
#11194=CARTESIAN_POINT('',(0.134782531563778,0.0744701857288604,0.01778));
#11195=CARTESIAN_POINT('',(0.135678929851659,0.0741987594262282,0.01778));
#11196=CARTESIAN_POINT('',(0.136575328139541,0.0739273331235961,0.01778));
#11197=CARTESIAN_POINT('',(0.136575328139541,0.0736914740906279,0.01778));
#11198=CARTESIAN_POINT('',(0.136575328139541,0.0734556150576596,0.01778));
#11199=CARTESIAN_POINT('',(0.135678929851659,0.0731841887550275,0.01778));
#11200=CARTESIAN_POINT('',(0.134782531563778,0.0729127624523954,0.01778));
#11201=CARTESIAN_POINT('',(0.134782531563778,0.0728024740906279,0.01778));
#11202=CARTESIAN_POINT('',(0.134782531563778,0.0726921857288604,0.01778));
#11203=CARTESIAN_POINT('',(0.135678929851659,0.0724207594262282,0.01778));
#11204=CARTESIAN_POINT('',(0.136575328139541,0.0721493331235961,0.01778));
#11205=CARTESIAN_POINT('',(0.136575328139541,0.0719134740906279,0.01778));
#11206=CARTESIAN_POINT('',(0.136575328139541,0.0716776150576596,0.01778));
#11207=CARTESIAN_POINT('',(0.135678929851659,0.0714061887550275,0.01778));
#11208=CARTESIAN_POINT('',(0.134782531563778,0.0711347624523954,0.01778));
#11209=CARTESIAN_POINT('',(0.134782531563778,0.0710244740906279,0.01778));
#11210=CARTESIAN_POINT('',(0.134782531563778,0.0709141857288604,0.01778));
#11211=CARTESIAN_POINT('',(0.135678929851659,0.0706427594262282,0.01778));
#11212=CARTESIAN_POINT('',(0.136575328139541,0.0703713331235961,0.01778));
#11213=CARTESIAN_POINT('',(0.136575328139541,0.0701354740906279,0.01778));
#11214=CARTESIAN_POINT('',(0.136575328139541,0.0698996150576596,0.01778));
#11215=CARTESIAN_POINT('',(0.135678929851659,0.0696281887550275,0.01778));
#11216=CARTESIAN_POINT('',(0.134782531563778,0.0693567624523954,0.01778));
#11217=CARTESIAN_POINT('',(0.134782531563778,0.0692464740906279,0.01778));
#11218=CARTESIAN_POINT('',(0.134782531563778,0.0691361857288604,0.01778));
#11219=CARTESIAN_POINT('',(0.135678929851659,0.0688647594262282,0.01778));
#11220=CARTESIAN_POINT('',(0.136575328139541,0.0685933331235961,0.01778));
#11221=CARTESIAN_POINT('',(0.136575328139541,0.0683574740906279,0.01778));
#11222=CARTESIAN_POINT('',(0.136575328139541,0.0681216150576596,0.01778));
#11223=CARTESIAN_POINT('',(0.135678929851659,0.0678501887550275,0.01778));
#11224=CARTESIAN_POINT('',(0.134782531563778,0.0675787624523953,0.01778));
#11225=CARTESIAN_POINT('',(0.134782531563778,0.0674684740906279,0.01778));
#11226=CARTESIAN_POINT('',(0.134782531563778,0.0673581857288604,0.01778));
#11227=CARTESIAN_POINT('',(0.135678929851659,0.0670867594262282,0.01778));
#11228=CARTESIAN_POINT('',(0.136575328139541,0.0668153331235961,0.01778));
#11229=CARTESIAN_POINT('',(0.136575328139541,0.0665794740906279,0.01778));
#11230=CARTESIAN_POINT('',(0.136575328139541,0.0663436150576596,0.01778));
#11231=CARTESIAN_POINT('',(0.135678929851659,0.0660721887550275,0.01778));
#11232=CARTESIAN_POINT('',(0.134782531563778,0.0658007624523953,0.01778));
#11233=CARTESIAN_POINT('',(0.134782531563778,0.0656904740906279,0.01778));
#11234=CARTESIAN_POINT('',(0.134782531563778,0.0655801857288604,0.01778));
#11235=CARTESIAN_POINT('',(0.135678929851659,0.0653087594262282,0.01778));
#11236=CARTESIAN_POINT('',(0.136575328139541,0.0650373331235961,0.01778));
#11237=CARTESIAN_POINT('',(0.136575328139541,0.0648014740906279,0.01778));
#11238=CARTESIAN_POINT('',(0.136575328139541,0.0645656150576596,0.01778));
#11239=CARTESIAN_POINT('',(0.135678929851659,0.0642941887550275,0.01778));
#11240=CARTESIAN_POINT('',(0.134782531563778,0.0640227624523953,0.01778));
#11241=CARTESIAN_POINT('',(0.134782531563778,0.0639124740906279,0.01778));
#11242=CARTESIAN_POINT('',(0.134782531563778,0.0638021857288604,0.01778));
#11243=CARTESIAN_POINT('',(0.135678929851659,0.0635307594262282,0.01778));
#11244=CARTESIAN_POINT('',(0.136575328139541,0.0632593331235961,0.01778));
#11245=CARTESIAN_POINT('',(0.136575328139541,0.0630234740906279,0.01778));
#11246=CARTESIAN_POINT('',(0.136575328139541,0.0627876150576596,0.01778));
#11247=CARTESIAN_POINT('',(0.135678929851659,0.0625161887550275,0.01778));
#11248=CARTESIAN_POINT('',(0.134782531563778,0.0622447624523953,0.01778));
#11249=CARTESIAN_POINT('',(0.134782531563778,0.0621344740906279,0.01778));
#11250=CARTESIAN_POINT('',(0.134782531563778,0.0620241857288604,0.01778));
#11251=CARTESIAN_POINT('',(0.135678929851659,0.0617527594262282,0.01778));
#11252=CARTESIAN_POINT('',(0.136575328139541,0.0614813331235961,0.01778));
#11253=CARTESIAN_POINT('',(0.136575328139541,0.0612454740906279,0.01778));
#11254=CARTESIAN_POINT('',(0.136575328139541,0.0610096150576596,0.01778));
#11255=CARTESIAN_POINT('',(0.135678929851659,0.0607381887550275,0.01778));
#11256=CARTESIAN_POINT('',(0.134782531563778,0.0604667624523953,0.01778));
#11257=CARTESIAN_POINT('',(0.134782531563778,0.0603564740906279,0.01778));
#11258=CARTESIAN_POINT('',(0.134782531563778,0.0602461857288604,0.01778));
#11259=CARTESIAN_POINT('',(0.135678929851659,0.0599747594262282,0.01778));
#11260=CARTESIAN_POINT('',(0.136575328139541,0.0597033331235961,0.01778));
#11261=CARTESIAN_POINT('',(0.136575328139541,0.0594674740906278,0.01778));
#11262=CARTESIAN_POINT('',(0.136575328139541,0.0592316150576596,0.01778));
#11263=CARTESIAN_POINT('',(0.135678929851659,0.0589601887550275,0.01778));
#11264=CARTESIAN_POINT('',(0.134782531563778,0.0586887624523953,0.01778));
#11265=CARTESIAN_POINT('',(0.134782531563778,0.0585784740906278,0.01778));
#11266=CARTESIAN_POINT('',(0.134782531563778,0.0584681857288604,0.01778));
#11267=CARTESIAN_POINT('',(0.135678929851659,0.0581967594262282,0.01778));
#11268=CARTESIAN_POINT('',(0.136575328139541,0.0579253331235961,0.01778));
#11269=CARTESIAN_POINT('',(0.136575328139541,0.0576894740906278,0.01778));
#11270=CARTESIAN_POINT('',(0.136575328139541,0.0574536150576596,0.01778));
#11271=CARTESIAN_POINT('',(0.135678929851659,0.0571821887550275,0.01778));
#11272=CARTESIAN_POINT('',(0.134782531563778,0.0569107624523953,0.01778));
#11273=CARTESIAN_POINT('',(0.134782531563778,0.0568004740906278,0.01778));
#11274=CARTESIAN_POINT('',(0.134782531563778,0.0566901857288604,0.01778));
#11275=CARTESIAN_POINT('',(0.135678929851659,0.0564187594262282,0.01778));
#11276=CARTESIAN_POINT('',(0.136575328139541,0.0561473331235961,0.01778));
#11277=CARTESIAN_POINT('',(0.136575328139541,0.0559114740906278,0.01778));
#11278=CARTESIAN_POINT('',(0.136575328139541,0.0556756150576596,0.01778));
#11279=CARTESIAN_POINT('',(0.135678929851659,0.0554041887550275,0.01778));
#11280=CARTESIAN_POINT('',(0.134782531563778,0.0551327624523953,0.01778));
#11281=CARTESIAN_POINT('',(0.134782531563778,0.0550224740906278,0.01778));
#11282=CARTESIAN_POINT('',(0.134782531563778,0.0549121857288604,0.01778));
#11283=CARTESIAN_POINT('',(0.135678929851659,0.0546407594262282,0.01778));
#11284=CARTESIAN_POINT('',(0.136575328139541,0.0543693331235961,0.01778));
#11285=CARTESIAN_POINT('',(0.136575328139541,0.0541334740906278,0.01778));
#11286=CARTESIAN_POINT('',(0.136575328139541,0.0538976150576596,0.01778));
#11287=CARTESIAN_POINT('',(0.135678929851659,0.0536261887550275,0.01778));
#11288=CARTESIAN_POINT('',(0.134782531563778,0.0533547624523953,0.01778));
#11289=CARTESIAN_POINT('',(0.134782531563778,0.0532444740906278,0.01778));
#11290=CARTESIAN_POINT('',(0.134782531563778,0.0531341857288604,0.01778));
#11291=CARTESIAN_POINT('',(0.135678929851659,0.0528627594262282,0.01778));
#11292=CARTESIAN_POINT('',(0.136575328139541,0.0525913331235961,0.01778));
#11293=CARTESIAN_POINT('',(0.136575328139541,0.0523554740906278,0.01778));
#11294=CARTESIAN_POINT('',(0.136575328139541,0.0521196150576596,0.01778));
#11295=CARTESIAN_POINT('',(0.136575328139541,0.0521196150576596,0.01778));
#11296=CARTESIAN_POINT('',(0.136575328139541,0.0521196150576596,0.02032));
#11297=CARTESIAN_POINT('',(0.135678929851659,0.0518481887550275,0.01778));
#11298=CARTESIAN_POINT('',(0.134782531563778,0.0515767624523953,0.01778));
#11299=CARTESIAN_POINT('',(0.134782531563778,0.0515767624523953,0.01778));
#11300=CARTESIAN_POINT('',(0.135678929851659,0.0518481887550275,0.01778));
#11301=CARTESIAN_POINT('',(0.134782531563778,0.0514664740906278,0.01778));
#11302=CARTESIAN_POINT('',(0.134782531563778,0.0513561857288604,0.01778));
#11303=CARTESIAN_POINT('',(0.134782531563778,0.0513561857288604,0.01778));
#11304=CARTESIAN_POINT('',(0.134782531563778,0.0514664740906278,0.01778));
#11305=CARTESIAN_POINT('',(0.135678929851659,0.0510847594262282,0.01778));
#11306=CARTESIAN_POINT('',(0.136575328139541,0.0508133331235961,0.01778));
#11307=CARTESIAN_POINT('',(0.136575328139541,0.0508133331235961,0.01778));
#11308=CARTESIAN_POINT('',(0.135678929851659,0.0510847594262282,0.01778));
#11309=CARTESIAN_POINT('',(0.136575328139541,0.0505774740906278,0.01778));
#11310=CARTESIAN_POINT('',(0.136575328139541,0.0503416150576596,0.01778));
#11311=CARTESIAN_POINT('',(0.136575328139541,0.0503416150576596,0.01778));
#11312=CARTESIAN_POINT('',(0.136575328139541,0.0505774740906278,0.01778));
#11313=CARTESIAN_POINT('',(0.135678929851659,0.0500701887550275,0.01778));
#11314=CARTESIAN_POINT('',(0.134782531563778,0.0497987624523953,0.01778));
#11315=CARTESIAN_POINT('',(0.134782531563778,0.0497987624523953,0.01778));
#11316=CARTESIAN_POINT('',(0.135678929851659,0.0500701887550275,0.01778));
#11317=CARTESIAN_POINT('',(0.134782531563778,0.0496884740906278,0.01778));
#11318=CARTESIAN_POINT('',(0.134782531563778,0.0495781857288603,0.01778));
#11319=CARTESIAN_POINT('',(0.134782531563778,0.0495781857288603,0.01778));
#11320=CARTESIAN_POINT('',(0.134782531563778,0.0496884740906278,0.01778));
#11321=CARTESIAN_POINT('',(0.135678929851659,0.0493067594262282,0.01778));
#11322=CARTESIAN_POINT('',(0.136575328139541,0.0490353331235961,0.01778));
#11323=CARTESIAN_POINT('',(0.136575328139541,0.0490353331235961,0.01778));
#11324=CARTESIAN_POINT('',(0.135678929851659,0.0493067594262282,0.01778));
#11325=CARTESIAN_POINT('',(0.136575328139541,0.0487994740906278,0.01778));
#11326=CARTESIAN_POINT('',(0.136575328139541,0.0485636150576595,0.01778));
#11327=CARTESIAN_POINT('',(0.136575328139541,0.0485636150576595,0.01778));
#11328=CARTESIAN_POINT('',(0.136575328139541,0.0487994740906278,0.01778));
#11329=CARTESIAN_POINT('',(0.135678929851659,0.0482921887550274,0.01778));
#11330=CARTESIAN_POINT('',(0.134782531563778,0.0480207624523953,0.01778));
#11331=CARTESIAN_POINT('',(0.134782531563778,0.0480207624523953,0.01778));
#11332=CARTESIAN_POINT('',(0.135678929851659,0.0482921887550274,0.01778));
#11333=CARTESIAN_POINT('',(0.134782531563778,0.0479104740906278,0.01778));
#11334=CARTESIAN_POINT('',(0.134782531563778,0.0478001857288603,0.01778));
#11335=CARTESIAN_POINT('',(0.134782531563778,0.0478001857288603,0.01778));
#11336=CARTESIAN_POINT('',(0.134782531563778,0.0479104740906278,0.01778));
#11337=CARTESIAN_POINT('',(0.135678929851659,0.0475287594262282,0.01778));
#11338=CARTESIAN_POINT('',(0.136575328139541,0.0472573331235961,0.01778));
#11339=CARTESIAN_POINT('',(0.136575328139541,0.0472573331235961,0.01778));
#11340=CARTESIAN_POINT('',(0.135678929851659,0.0475287594262282,0.01778));
#11341=CARTESIAN_POINT('',(0.136575328139541,0.0470214740906278,0.01778));
#11342=CARTESIAN_POINT('',(0.136575328139541,0.0467856150576595,0.01778));
#11343=CARTESIAN_POINT('',(0.136575328139541,0.0467856150576595,0.01778));
#11344=CARTESIAN_POINT('',(0.136575328139541,0.0470214740906278,0.01778));
#11345=CARTESIAN_POINT('',(0.135678929851659,0.0465141887550274,0.01778));
#11346=CARTESIAN_POINT('',(0.134782531563778,0.0462427624523953,0.01778));
#11347=CARTESIAN_POINT('',(0.134782531563778,0.0462427624523953,0.01778));
#11348=CARTESIAN_POINT('',(0.135678929851659,0.0465141887550274,0.01778));
#11349=CARTESIAN_POINT('',(0.134782531563778,0.0461324740906278,0.01778));
#11350=CARTESIAN_POINT('',(0.134782531563778,0.0460221857288603,0.01778));
#11351=CARTESIAN_POINT('',(0.134782531563778,0.0460221857288603,0.01778));
#11352=CARTESIAN_POINT('',(0.134782531563778,0.0461324740906278,0.01778));
#11353=CARTESIAN_POINT('',(0.135678929851659,0.0457507594262282,0.01778));
#11354=CARTESIAN_POINT('',(0.136575328139541,0.0454793331235961,0.01778));
#11355=CARTESIAN_POINT('',(0.136575328139541,0.0454793331235961,0.01778));
#11356=CARTESIAN_POINT('',(0.135678929851659,0.0457507594262282,0.01778));
#11357=CARTESIAN_POINT('',(0.136575328139541,0.0452434740906278,0.01778));
#11358=CARTESIAN_POINT('',(0.136575328139541,0.0450076150576595,0.01778));
#11359=CARTESIAN_POINT('',(0.136575328139541,0.0450076150576595,0.01778));
#11360=CARTESIAN_POINT('',(0.136575328139541,0.0452434740906278,0.01778));
#11361=CARTESIAN_POINT('',(0.135678929851659,0.0447361887550274,0.01778));
#11362=CARTESIAN_POINT('',(0.134782531563778,0.0444647624523953,0.01778));
#11363=CARTESIAN_POINT('',(0.134782531563778,0.0444647624523953,0.01778));
#11364=CARTESIAN_POINT('',(0.135678929851659,0.0447361887550274,0.01778));
#11365=CARTESIAN_POINT('',(0.134782531563778,0.0443544740906279,0.01778));
#11366=CARTESIAN_POINT('',(0.134782531563778,0.0442441857288604,0.01778));
#11367=CARTESIAN_POINT('',(0.134782531563778,0.0442441857288604,0.01778));
#11368=CARTESIAN_POINT('',(0.134782531563778,0.0443544740906279,0.01778));
#11369=CARTESIAN_POINT('',(0.135678929851659,0.0439727594262282,0.01778));
#11370=CARTESIAN_POINT('',(0.136575328139541,0.0437013331235961,0.01778));
#11371=CARTESIAN_POINT('',(0.136575328139541,0.0437013331235961,0.01778));
#11372=CARTESIAN_POINT('',(0.135678929851659,0.0439727594262282,0.01778));
#11373=CARTESIAN_POINT('',(0.136575328139541,0.0434654740906278,0.01778));
#11374=CARTESIAN_POINT('',(0.136575328139541,0.0432296150576595,0.01778));
#11375=CARTESIAN_POINT('',(0.136575328139541,0.0432296150576595,0.01778));
#11376=CARTESIAN_POINT('',(0.136575328139541,0.0434654740906278,0.01778));
#11377=CARTESIAN_POINT('',(0.135678929851659,0.0429581887550274,0.01778));
#11378=CARTESIAN_POINT('',(0.134782531563778,0.0426867624523953,0.01778));
#11379=CARTESIAN_POINT('',(0.134782531563778,0.0426867624523953,0.01778));
#11380=CARTESIAN_POINT('',(0.135678929851659,0.0429581887550274,0.01778));
#11381=CARTESIAN_POINT('',(0.134782531563778,0.0425764740906279,0.01778));
#11382=CARTESIAN_POINT('',(0.134782531563778,0.0424661857288604,0.01778));
#11383=CARTESIAN_POINT('',(0.134782531563778,0.0424661857288604,0.01778));
#11384=CARTESIAN_POINT('',(0.134782531563778,0.0425764740906279,0.01778));
#11385=CARTESIAN_POINT('',(0.135678929851659,0.0421947594262282,0.01778));
#11386=CARTESIAN_POINT('',(0.136575328139541,0.0419233331235961,0.01778));
#11387=CARTESIAN_POINT('',(0.136575328139541,0.0419233331235961,0.01778));
#11388=CARTESIAN_POINT('',(0.135678929851659,0.0421947594262282,0.01778));
#11389=CARTESIAN_POINT('',(0.136575328139541,0.0416874740906278,0.01778));
#11390=CARTESIAN_POINT('',(0.136575328139541,0.0414516150576595,0.01778));
#11391=CARTESIAN_POINT('',(0.136575328139541,0.0414516150576595,0.01778));
#11392=CARTESIAN_POINT('',(0.136575328139541,0.0416874740906278,0.01778));
#11393=CARTESIAN_POINT('',(0.135678929851659,0.0411801887550274,0.01778));
#11394=CARTESIAN_POINT('',(0.134782531563778,0.0409087624523953,0.01778));
#11395=CARTESIAN_POINT('',(0.134782531563778,0.0409087624523953,0.01778));
#11396=CARTESIAN_POINT('',(0.135678929851659,0.0411801887550274,0.01778));
#11397=CARTESIAN_POINT('',(0.134782531563778,0.0407984740906279,0.01778));
#11398=CARTESIAN_POINT('',(0.134782531563778,0.0406881857288603,0.01778));
#11399=CARTESIAN_POINT('',(0.134782531563778,0.0406881857288603,0.01778));
#11400=CARTESIAN_POINT('',(0.134782531563778,0.0407984740906279,0.01778));
#11401=CARTESIAN_POINT('',(0.135678929851659,0.0404167594262282,0.01778));
#11402=CARTESIAN_POINT('',(0.136575328139541,0.0401453331235961,0.01778));
#11403=CARTESIAN_POINT('',(0.136575328139541,0.0401453331235961,0.01778));
#11404=CARTESIAN_POINT('',(0.135678929851659,0.0404167594262282,0.01778));
#11405=CARTESIAN_POINT('',(0.136575328139541,0.0399094740906278,0.01778));
#11406=CARTESIAN_POINT('',(0.136575328139541,0.0396736150576596,0.01778));
#11407=CARTESIAN_POINT('',(0.136575328139541,0.0396736150576596,0.01778));
#11408=CARTESIAN_POINT('',(0.136575328139541,0.0399094740906278,0.01778));
#11409=CARTESIAN_POINT('',(0.135678929851659,0.0394021887550274,0.01778));
#11410=CARTESIAN_POINT('',(0.134782531563778,0.0391307624523953,0.01778));
#11411=CARTESIAN_POINT('',(0.134782531563778,0.0391307624523953,0.01778));
#11412=CARTESIAN_POINT('',(0.135678929851659,0.0394021887550274,0.01778));
#11413=CARTESIAN_POINT('',(0.134782531563778,0.0390204740906279,0.01778));
#11414=CARTESIAN_POINT('',(0.134782531563778,0.0389101857288604,0.01778));
#11415=CARTESIAN_POINT('',(0.134782531563778,0.0389101857288604,0.01778));
#11416=CARTESIAN_POINT('',(0.134782531563778,0.0390204740906279,0.01778));
#11417=CARTESIAN_POINT('',(0.135678929851659,0.0386387594262282,0.01778));
#11418=CARTESIAN_POINT('',(0.136575328139541,0.0383673331235961,0.01778));
#11419=CARTESIAN_POINT('',(0.136575328139541,0.0383673331235961,0.01778));
#11420=CARTESIAN_POINT('',(0.135678929851659,0.0386387594262282,0.01778));
#11421=CARTESIAN_POINT('',(0.136575328139541,0.0381314740906278,0.01778));
#11422=CARTESIAN_POINT('',(0.136575328139541,0.0378956150576596,0.01778));
#11423=CARTESIAN_POINT('',(0.136575328139541,0.0378956150576596,0.01778));
#11424=CARTESIAN_POINT('',(0.136575328139541,0.0381314740906278,0.01778));
#11425=CARTESIAN_POINT('',(0.135678929851659,0.0376241887550274,0.01778));
#11426=CARTESIAN_POINT('',(0.134782531563778,0.0373527624523953,0.01778));
#11427=CARTESIAN_POINT('',(0.134782531563778,0.0373527624523953,0.01778));
#11428=CARTESIAN_POINT('',(0.135678929851659,0.0376241887550274,0.01778));
#11429=CARTESIAN_POINT('',(0.134782531563778,0.0372424740906278,0.01778));
#11430=CARTESIAN_POINT('',(0.134782531563778,0.0371321857288604,0.01778));
#11431=CARTESIAN_POINT('',(0.134782531563778,0.0371321857288604,0.01778));
#11432=CARTESIAN_POINT('',(0.134782531563778,0.0372424740906278,0.01778));
#11433=CARTESIAN_POINT('',(0.135678929851659,0.0368607594262282,0.01778));
#11434=CARTESIAN_POINT('',(0.136575328139541,0.0365893331235961,0.01778));
#11435=CARTESIAN_POINT('',(0.136575328139541,0.0365893331235961,0.01778));
#11436=CARTESIAN_POINT('',(0.135678929851659,0.0368607594262282,0.01778));
#11437=CARTESIAN_POINT('',(0.136575328139541,0.0363534740906278,0.01778));
#11438=CARTESIAN_POINT('',(0.136575328139541,0.0361176150576595,0.01778));
#11439=CARTESIAN_POINT('',(0.136575328139541,0.0361176150576595,0.01778));
#11440=CARTESIAN_POINT('',(0.136575328139541,0.0363534740906278,0.01778));
#11441=CARTESIAN_POINT('',(0.135678929851659,0.0358461887550274,0.01778));
#11442=CARTESIAN_POINT('',(0.134782531563778,0.0355747624523953,0.01778));
#11443=CARTESIAN_POINT('',(0.134782531563778,0.0355747624523953,0.01778));
#11444=CARTESIAN_POINT('',(0.135678929851659,0.0358461887550274,0.01778));
#11445=CARTESIAN_POINT('',(0.134782531563778,0.0354644740906278,0.01778));
#11446=CARTESIAN_POINT('',(0.134782531563778,0.0353541857288604,0.01778));
#11447=CARTESIAN_POINT('',(0.134782531563778,0.0353541857288604,0.01778));
#11448=CARTESIAN_POINT('',(0.134782531563778,0.0354644740906278,0.01778));
#11449=CARTESIAN_POINT('',(0.135678929851659,0.0350827594262282,0.01778));
#11450=CARTESIAN_POINT('',(0.136575328139541,0.0348113331235961,0.01778));
#11451=CARTESIAN_POINT('',(0.136575328139541,0.0348113331235961,0.01778));
#11452=CARTESIAN_POINT('',(0.135678929851659,0.0350827594262282,0.01778));
#11453=CARTESIAN_POINT('',(0.136575328139541,0.0345754740906278,0.01778));
#11454=CARTESIAN_POINT('',(0.136575328139541,0.0343396150576595,0.01778));
#11455=CARTESIAN_POINT('',(0.136575328139541,0.0343396150576595,0.01778));
#11456=CARTESIAN_POINT('',(0.136575328139541,0.0345754740906278,0.01778));
#11457=CARTESIAN_POINT('',(0.135678929851659,0.0340681887550274,0.01778));
#11458=CARTESIAN_POINT('',(0.134782531563778,0.0337967624523953,0.01778));
#11459=CARTESIAN_POINT('',(0.134782531563778,0.0337967624523953,0.01778));
#11460=CARTESIAN_POINT('',(0.135678929851659,0.0340681887550274,0.01778));
#11461=CARTESIAN_POINT('',(0.134782531563778,0.0336864740906278,0.01778));
#11462=CARTESIAN_POINT('',(0.134782531563778,0.0335761857288603,0.01778));
#11463=CARTESIAN_POINT('',(0.134782531563778,0.0335761857288603,0.01778));
#11464=CARTESIAN_POINT('',(0.134782531563778,0.0336864740906278,0.01778));
#11465=CARTESIAN_POINT('',(0.135678929851659,0.0333047594262282,0.01778));
#11466=CARTESIAN_POINT('',(0.136575328139541,0.0330333331235961,0.01778));
#11467=CARTESIAN_POINT('',(0.136575328139541,0.0330333331235961,0.01778));
#11468=CARTESIAN_POINT('',(0.135678929851659,0.0333047594262282,0.01778));
#11469=CARTESIAN_POINT('',(0.136575328139541,0.0327974740906278,0.01778));
#11470=CARTESIAN_POINT('',(0.136575328139541,0.0325616150576595,0.01778));
#11471=CARTESIAN_POINT('',(0.136575328139541,0.0325616150576595,0.01778));
#11472=CARTESIAN_POINT('',(0.136575328139541,0.0327974740906278,0.01778));
#11473=CARTESIAN_POINT('',(0.135678929851659,0.0322901887550274,0.01778));
#11474=CARTESIAN_POINT('',(0.134782531563778,0.0320187624523953,0.01778));
#11475=CARTESIAN_POINT('',(0.134782531563778,0.0320187624523953,0.01778));
#11476=CARTESIAN_POINT('',(0.135678929851659,0.0322901887550274,0.01778));
#11477=CARTESIAN_POINT('',(0.134782531563778,0.0319084740906278,0.01778));
#11478=CARTESIAN_POINT('',(0.134782531563778,0.0317981857288604,0.01778));
#11479=CARTESIAN_POINT('',(0.134782531563778,0.0317981857288604,0.01778));
#11480=CARTESIAN_POINT('',(0.134782531563778,0.0319084740906278,0.01778));
#11481=CARTESIAN_POINT('',(0.135678929851659,0.0315267594262282,0.01778));
#11482=CARTESIAN_POINT('',(0.136575328139541,0.0312553331235961,0.01778));
#11483=CARTESIAN_POINT('',(0.136575328139541,0.0312553331235961,0.01778));
#11484=CARTESIAN_POINT('',(0.135678929851659,0.0315267594262282,0.01778));
#11485=CARTESIAN_POINT('',(0.136575328139541,0.0310194740906278,0.01778));
#11486=CARTESIAN_POINT('',(0.136575328139541,0.0307836150576595,0.01778));
#11487=CARTESIAN_POINT('',(0.136575328139541,0.0307836150576595,0.01778));
#11488=CARTESIAN_POINT('',(0.136575328139541,0.0310194740906278,0.01778));
#11489=CARTESIAN_POINT('',(0.135678929851659,0.0305121887550274,0.01778));
#11490=CARTESIAN_POINT('',(0.134782531563778,0.0302407624523953,0.01778));
#11491=CARTESIAN_POINT('',(0.134782531563778,0.0302407624523953,0.01778));
#11492=CARTESIAN_POINT('',(0.135678929851659,0.0305121887550274,0.01778));
#11493=CARTESIAN_POINT('',(0.134782531563778,0.0301304740906278,0.01778));
#11494=CARTESIAN_POINT('',(0.134782531563778,0.0300201857288604,0.01778));
#11495=CARTESIAN_POINT('',(0.134782531563778,0.0300201857288604,0.01778));
#11496=CARTESIAN_POINT('',(0.134782531563778,0.0301304740906278,0.01778));
#11497=CARTESIAN_POINT('',(0.135678929851659,0.0297487594262282,0.01778));
#11498=CARTESIAN_POINT('',(0.136575328139541,0.0294773331235961,0.01778));
#11499=CARTESIAN_POINT('',(0.136575328139541,0.0294773331235961,0.01778));
#11500=CARTESIAN_POINT('',(0.135678929851659,0.0297487594262282,0.01778));
#11501=CARTESIAN_POINT('',(0.136575328139541,0.0292414740906278,0.01778));
#11502=CARTESIAN_POINT('',(0.136575328139541,0.0290056150576595,0.01778));
#11503=CARTESIAN_POINT('',(0.136575328139541,0.0290056150576595,0.01778));
#11504=CARTESIAN_POINT('',(0.136575328139541,0.0292414740906278,0.01778));
#11505=CARTESIAN_POINT('',(0.135678929851659,0.0287341887550274,0.01778));
#11506=CARTESIAN_POINT('',(0.134782531563778,0.0284627624523953,0.01778));
#11507=CARTESIAN_POINT('',(0.134782531563778,0.0284627624523953,0.01778));
#11508=CARTESIAN_POINT('',(0.135678929851659,0.0287341887550274,0.01778));
#11509=CARTESIAN_POINT('',(0.134782531563778,0.0283524740906278,0.01778));
#11510=CARTESIAN_POINT('',(0.134782531563778,0.0282421857288603,0.01778));
#11511=CARTESIAN_POINT('',(0.134782531563778,0.0282421857288603,0.01778));
#11512=CARTESIAN_POINT('',(0.134782531563778,0.0283524740906278,0.01778));
#11513=CARTESIAN_POINT('',(0.135678929851659,0.0279707594262282,0.01778));
#11514=CARTESIAN_POINT('',(0.136575328139541,0.0276993331235961,0.01778));
#11515=CARTESIAN_POINT('',(0.136575328139541,0.0276993331235961,0.01778));
#11516=CARTESIAN_POINT('',(0.135678929851659,0.0279707594262282,0.01778));
#11517=CARTESIAN_POINT('',(0.136575328139541,0.0274634740906278,0.01778));
#11518=CARTESIAN_POINT('',(0.136575328139541,0.0272276150576595,0.01778));
#11519=CARTESIAN_POINT('',(0.136575328139541,0.0272276150576595,0.01778));
#11520=CARTESIAN_POINT('',(0.136575328139541,0.0274634740906278,0.01778));
#11521=CARTESIAN_POINT('',(0.135678929851659,0.0269561887550274,0.01778));
#11522=CARTESIAN_POINT('',(0.134782531563778,0.0266847624523953,0.01778));
#11523=CARTESIAN_POINT('',(0.134782531563778,0.0266847624523953,0.01778));
#11524=CARTESIAN_POINT('',(0.135678929851659,0.0269561887550274,0.01778));
#11525=CARTESIAN_POINT('',(0.134782531563778,0.0265744740906278,0.01778));
#11526=CARTESIAN_POINT('',(0.134782531563778,0.0264641857288603,0.01778));
#11527=CARTESIAN_POINT('',(0.134782531563778,0.0264641857288603,0.01778));
#11528=CARTESIAN_POINT('',(0.134782531563778,0.0265744740906278,0.01778));
#11529=CARTESIAN_POINT('',(0.135678929851659,0.0261927594262282,0.01778));
#11530=CARTESIAN_POINT('',(0.136575328139541,0.0259213331235961,0.01778));
#11531=CARTESIAN_POINT('',(0.136575328139541,0.0259213331235961,0.01778));
#11532=CARTESIAN_POINT('',(0.135678929851659,0.0261927594262282,0.01778));
#11533=CARTESIAN_POINT('',(0.136575328139541,0.0256854740906278,0.01778));
#11534=CARTESIAN_POINT('',(0.136575328139541,0.0254496150576595,0.01778));
#11535=CARTESIAN_POINT('',(0.136575328139541,0.0254496150576595,0.01778));
#11536=CARTESIAN_POINT('',(0.136575328139541,0.0256854740906278,0.01778));
#11537=CARTESIAN_POINT('',(0.135678929851659,0.0251781887550274,0.01778));
#11538=CARTESIAN_POINT('',(0.134782531563778,0.0249067624523953,0.01778));
#11539=CARTESIAN_POINT('',(0.134782531563778,0.0249067624523953,0.01778));
#11540=CARTESIAN_POINT('',(0.135678929851659,0.0251781887550274,0.01778));
#11541=CARTESIAN_POINT('',(0.134782531563778,0.0247964740906278,0.01778));
#11542=CARTESIAN_POINT('',(0.134782531563778,0.0246861857288603,0.01778));
#11543=CARTESIAN_POINT('',(0.134782531563778,0.0246861857288603,0.01778));
#11544=CARTESIAN_POINT('',(0.134782531563778,0.0247964740906278,0.01778));
#11545=CARTESIAN_POINT('',(0.135678929851659,0.0244147594262282,0.01778));
#11546=CARTESIAN_POINT('',(0.136575328139541,0.0241433331235961,0.01778));
#11547=CARTESIAN_POINT('',(0.136575328139541,0.0241433331235961,0.01778));
#11548=CARTESIAN_POINT('',(0.135678929851659,0.0244147594262282,0.01778));
#11549=CARTESIAN_POINT('',(0.136575328139541,0.0239074740906278,0.01778));
#11550=CARTESIAN_POINT('',(0.136575328139541,0.0236716150576596,0.01778));
#11551=CARTESIAN_POINT('',(0.136575328139541,0.0236716150576596,0.01778));
#11552=CARTESIAN_POINT('',(0.136575328139541,0.0239074740906278,0.01778));
#11553=CARTESIAN_POINT('',(0.135678929851659,0.0234001887550274,0.01778));
#11554=CARTESIAN_POINT('',(0.134782531563778,0.0231287624523953,0.01778));
#11555=CARTESIAN_POINT('',(0.134782531563778,0.0231287624523953,0.01778));
#11556=CARTESIAN_POINT('',(0.135678929851659,0.0234001887550274,0.01778));
#11557=CARTESIAN_POINT('',(0.134782531563778,0.0230184740906278,0.01778));
#11558=CARTESIAN_POINT('',(0.134782531563778,0.0229081857288603,0.01778));
#11559=CARTESIAN_POINT('',(0.134782531563778,0.0229081857288603,0.01778));
#11560=CARTESIAN_POINT('',(0.134782531563778,0.0230184740906278,0.01778));
#11561=CARTESIAN_POINT('',(0.135678929851659,0.0226367594262282,0.01778));
#11562=CARTESIAN_POINT('',(0.136575328139541,0.0223653331235961,0.01778));
#11563=CARTESIAN_POINT('',(0.136575328139541,0.0223653331235961,0.01778));
#11564=CARTESIAN_POINT('',(0.135678929851659,0.0226367594262282,0.01778));
#11565=CARTESIAN_POINT('',(0.136575328139541,0.0221294740906278,0.01778));
#11566=CARTESIAN_POINT('',(0.136575328139541,0.0218936150576595,0.01778));
#11567=CARTESIAN_POINT('',(0.136575328139541,0.0218936150576595,0.01778));
#11568=CARTESIAN_POINT('',(0.136575328139541,0.0221294740906278,0.01778));
#11569=CARTESIAN_POINT('',(0.135678929851659,0.0216221887550274,0.01778));
#11570=CARTESIAN_POINT('',(0.134782531563778,0.0213507624523953,0.01778));
#11571=CARTESIAN_POINT('',(0.134782531563778,0.0213507624523953,0.01778));
#11572=CARTESIAN_POINT('',(0.135678929851659,0.0216221887550274,0.01778));
#11573=CARTESIAN_POINT('',(0.134782531563778,0.0212404740906278,0.01778));
#11574=CARTESIAN_POINT('',(0.134782531563778,0.0211301857288603,0.01778));
#11575=CARTESIAN_POINT('',(0.134782531563778,0.0211301857288603,0.01778));
#11576=CARTESIAN_POINT('',(0.134782531563778,0.0212404740906278,0.01778));
#11577=CARTESIAN_POINT('',(0.135678929851659,0.0208587594262282,0.01778));
#11578=CARTESIAN_POINT('',(0.136575328139541,0.0205873331235961,0.01778));
#11579=CARTESIAN_POINT('',(0.136575328139541,0.0205873331235961,0.01778));
#11580=CARTESIAN_POINT('',(0.135678929851659,0.0208587594262282,0.01778));
#11581=CARTESIAN_POINT('',(0.136575328139541,0.0203514740906278,0.01778));
#11582=CARTESIAN_POINT('',(0.136575328139541,0.0201156150576595,0.01778));
#11583=CARTESIAN_POINT('',(0.136575328139541,0.0201156150576595,0.01778));
#11584=CARTESIAN_POINT('',(0.136575328139541,0.0203514740906278,0.01778));
#11585=CARTESIAN_POINT('',(0.135678929851659,0.0198441887550274,0.01778));
#11586=CARTESIAN_POINT('',(0.134782531563778,0.0195727624523953,0.01778));
#11587=CARTESIAN_POINT('',(0.134782531563778,0.0195727624523953,0.01778));
#11588=CARTESIAN_POINT('',(0.135678929851659,0.0198441887550274,0.01778));
#11589=CARTESIAN_POINT('',(0.134782531563778,0.0194624740906278,0.01778));
#11590=CARTESIAN_POINT('',(0.134782531563778,0.0193521857288603,0.01778));
#11591=CARTESIAN_POINT('',(0.134782531563778,0.0193521857288603,0.01778));
#11592=CARTESIAN_POINT('',(0.134782531563778,0.0194624740906278,0.01778));
#11593=CARTESIAN_POINT('',(0.135678929851659,0.0190807594262282,0.01778));
#11594=CARTESIAN_POINT('',(0.136575328139541,0.0188093331235961,0.01778));
#11595=CARTESIAN_POINT('',(0.136575328139541,0.0188093331235961,0.01778));
#11596=CARTESIAN_POINT('',(0.135678929851659,0.0190807594262282,0.01778));
#11597=CARTESIAN_POINT('',(0.136575328139541,0.0185734740906278,0.01778));
#11598=CARTESIAN_POINT('',(0.136575328139541,0.0183376150576595,0.01778));
#11599=CARTESIAN_POINT('',(0.136575328139541,0.0183376150576595,0.01778));
#11600=CARTESIAN_POINT('',(0.136575328139541,0.0185734740906278,0.01778));
#11601=CARTESIAN_POINT('',(0.135678929851659,0.0180661887550274,0.01778));
#11602=CARTESIAN_POINT('',(0.134782531563778,0.0177947624523953,0.01778));
#11603=CARTESIAN_POINT('',(0.134782531563778,0.0177947624523953,0.01778));
#11604=CARTESIAN_POINT('',(0.135678929851659,0.0180661887550274,0.01778));
#11605=CARTESIAN_POINT('',(0.134782531563778,0.0176844740906278,0.01778));
#11606=CARTESIAN_POINT('',(0.134782531563778,0.0175741857288603,0.01778));
#11607=CARTESIAN_POINT('',(0.134782531563778,0.0175741857288603,0.01778));
#11608=CARTESIAN_POINT('',(0.134782531563778,0.0176844740906278,0.01778));
#11609=CARTESIAN_POINT('',(0.135678929851659,0.0173027594262282,0.01778));
#11610=CARTESIAN_POINT('',(0.136575328139541,0.017031333123596,0.01778));
#11611=CARTESIAN_POINT('',(0.136575328139541,0.017031333123596,0.01778));
#11612=CARTESIAN_POINT('',(0.135678929851659,0.0173027594262282,0.01778));
#11613=CARTESIAN_POINT('',(0.136575328139541,0.0167954740906278,0.01778));
#11614=CARTESIAN_POINT('',(0.136575328139541,0.0165596150576595,0.01778));
#11615=CARTESIAN_POINT('',(0.136575328139541,0.0165596150576595,0.01778));
#11616=CARTESIAN_POINT('',(0.136575328139541,0.0167954740906278,0.01778));
#11617=CARTESIAN_POINT('',(0.135678929851659,0.0162881887550274,0.01778));
#11618=CARTESIAN_POINT('',(0.134782531563778,0.0160167624523953,0.01778));
#11619=CARTESIAN_POINT('',(0.134782531563778,0.0160167624523953,0.01778));
#11620=CARTESIAN_POINT('',(0.135678929851659,0.0162881887550274,0.01778));
#11621=CARTESIAN_POINT('',(0.134782531563778,0.0159064740906278,0.01778));
#11622=CARTESIAN_POINT('',(0.134782531563778,0.0157961857288603,0.01778));
#11623=CARTESIAN_POINT('',(0.134782531563778,0.0157961857288603,0.01778));
#11624=CARTESIAN_POINT('',(0.134782531563778,0.0159064740906278,0.01778));
#11625=CARTESIAN_POINT('',(0.135678929851659,0.0155247594262282,0.01778));
#11626=CARTESIAN_POINT('',(0.136575328139541,0.0152533331235961,0.01778));
#11627=CARTESIAN_POINT('',(0.136575328139541,0.0152533331235961,0.01778));
#11628=CARTESIAN_POINT('',(0.135678929851659,0.0155247594262282,0.01778));
#11629=CARTESIAN_POINT('',(0.136575328139541,0.0150174740906278,0.01778));
#11630=CARTESIAN_POINT('',(0.136575328139541,0.0147816150576595,0.01778));
#11631=CARTESIAN_POINT('',(0.136575328139541,0.0147816150576595,0.01778));
#11632=CARTESIAN_POINT('',(0.136575328139541,0.0150174740906278,0.01778));
#11633=CARTESIAN_POINT('',(0.135678929851659,0.0145101887550274,0.01778));
#11634=CARTESIAN_POINT('',(0.134782531563778,0.0142387624523953,0.01778));
#11635=CARTESIAN_POINT('',(0.134782531563778,0.0142387624523953,0.01778));
#11636=CARTESIAN_POINT('',(0.135678929851659,0.0145101887550274,0.01778));
#11637=CARTESIAN_POINT('',(0.134782531563778,0.0141284740906278,0.01778));
#11638=CARTESIAN_POINT('',(0.134782531563778,0.0140181857288603,0.01778));
#11639=CARTESIAN_POINT('',(0.134782531563778,0.0140181857288603,0.01778));
#11640=CARTESIAN_POINT('',(0.134782531563778,0.0141284740906278,0.01778));
#11641=CARTESIAN_POINT('',(0.135678929851659,0.0137467594262282,0.01778));
#11642=CARTESIAN_POINT('',(0.136575328139541,0.0134753331235961,0.01778));
#11643=CARTESIAN_POINT('',(0.136575328139541,0.0134753331235961,0.01778));
#11644=CARTESIAN_POINT('',(0.135678929851659,0.0137467594262282,0.01778));
#11645=CARTESIAN_POINT('',(0.136575328139541,0.0132394740906278,0.01778));
#11646=CARTESIAN_POINT('',(0.136575328139541,0.0130036150576595,0.01778));
#11647=CARTESIAN_POINT('',(0.136575328139541,0.0130036150576595,0.01778));
#11648=CARTESIAN_POINT('',(0.136575328139541,0.0132394740906278,0.01778));
#11649=CARTESIAN_POINT('',(0.135678929851659,0.0127321887550274,0.01778));
#11650=CARTESIAN_POINT('',(0.134782531563778,0.0124607624523953,0.01778));
#11651=CARTESIAN_POINT('',(0.134782531563778,0.0124607624523953,0.01778));
#11652=CARTESIAN_POINT('',(0.135678929851659,0.0127321887550274,0.01778));
#11653=CARTESIAN_POINT('',(0.134782531563778,0.0123504740906278,0.01778));
#11654=CARTESIAN_POINT('',(0.134782531563778,0.0122401857288603,0.01778));
#11655=CARTESIAN_POINT('',(0.134782531563778,0.0122401857288603,0.01778));
#11656=CARTESIAN_POINT('',(0.134782531563778,0.0123504740906278,0.01778));
#11657=CARTESIAN_POINT('',(0.135678929851659,0.0119687594262282,0.01778));
#11658=CARTESIAN_POINT('',(0.136575328139541,0.0116973331235961,0.01778));
#11659=CARTESIAN_POINT('',(0.136575328139541,0.0116973331235961,0.01778));
#11660=CARTESIAN_POINT('',(0.135678929851659,0.0119687594262282,0.01778));
#11661=CARTESIAN_POINT('',(0.136575328139541,0.0114614740906278,0.01778));
#11662=CARTESIAN_POINT('',(0.136575328139541,0.0112256150576595,0.01778));
#11663=CARTESIAN_POINT('',(0.136575328139541,0.0112256150576595,0.01778));
#11664=CARTESIAN_POINT('',(0.136575328139541,0.0114614740906278,0.01778));
#11665=CARTESIAN_POINT('',(0.135678929851659,0.0109541887550274,0.01778));
#11666=CARTESIAN_POINT('',(0.134782531563778,0.0106827624523953,0.01778));
#11667=CARTESIAN_POINT('',(0.134782531563778,0.0106827624523953,0.01778));
#11668=CARTESIAN_POINT('',(0.135678929851659,0.0109541887550274,0.01778));
#11669=CARTESIAN_POINT('',(0.134782531563778,0.0105724740906278,0.01778));
#11670=CARTESIAN_POINT('',(0.134782531563778,0.0104621857288603,0.01778));
#11671=CARTESIAN_POINT('',(0.134782531563778,0.0104621857288603,0.01778));
#11672=CARTESIAN_POINT('',(0.134782531563778,0.0105724740906278,0.01778));
#11673=CARTESIAN_POINT('',(0.135678929851659,0.0101907594262282,0.01778));
#11674=CARTESIAN_POINT('',(0.136575328139541,0.00991933312359607,0.01778));
#11675=CARTESIAN_POINT('',(0.136575328139541,0.00991933312359607,0.01778));
#11676=CARTESIAN_POINT('',(0.135678929851659,0.0101907594262282,0.01778));
#11677=CARTESIAN_POINT('',(0.136575328139541,0.00968347409062778,0.01778));
#11678=CARTESIAN_POINT('',(0.136575328139541,0.00944761505765949,0.01778));
#11679=CARTESIAN_POINT('',(0.136575328139541,0.00944761505765949,0.01778));
#11680=CARTESIAN_POINT('',(0.136575328139541,0.00968347409062778,0.01778));
#11681=CARTESIAN_POINT('',(0.135678929851659,0.00917618875502739,0.01778));
#11682=CARTESIAN_POINT('',(0.134782531563778,0.00890476245239529,0.01778));
#11683=CARTESIAN_POINT('',(0.134782531563778,0.00890476245239529,0.01778));
#11684=CARTESIAN_POINT('',(0.135678929851659,0.00917618875502739,0.01778));
#11685=CARTESIAN_POINT('',(0.134782531563778,0.00879447409062779,0.01778));
#11686=CARTESIAN_POINT('',(0.134782531563778,0.0086841857288603,0.01778));
#11687=CARTESIAN_POINT('',(0.134782531563778,0.0086841857288603,0.01778));
#11688=CARTESIAN_POINT('',(0.134782531563778,0.00879447409062779,0.01778));
#11689=CARTESIAN_POINT('',(0.135678929851659,0.00841275942622818,0.01778));
#11690=CARTESIAN_POINT('',(0.136575328139541,0.00814133312359607,0.01778));
#11691=CARTESIAN_POINT('',(0.136575328139541,0.00814133312359607,0.01778));
#11692=CARTESIAN_POINT('',(0.135678929851659,0.00841275942622818,0.01778));
#11693=CARTESIAN_POINT('',(0.136575328139541,0.00790547409062778,0.01778));
#11694=CARTESIAN_POINT('',(0.136575328139541,0.00766961505765949,0.01778));
#11695=CARTESIAN_POINT('',(0.136575328139541,0.00766961505765949,0.01778));
#11696=CARTESIAN_POINT('',(0.136575328139541,0.00790547409062778,0.01778));
#11697=CARTESIAN_POINT('',(0.135678929851659,0.00739818875502739,0.01778));
#11698=CARTESIAN_POINT('',(0.134782531563778,0.00712676245239528,0.01778));
#11699=CARTESIAN_POINT('',(0.134782531563778,0.00712676245239528,0.01778));
#11700=CARTESIAN_POINT('',(0.135678929851659,0.00739818875502739,0.01778));
#11701=CARTESIAN_POINT('',(0.134782531563778,0.00701647409062779,0.01778));
#11702=CARTESIAN_POINT('',(0.134782531563778,0.0069061857288603,0.01778));
#11703=CARTESIAN_POINT('',(0.134782531563778,0.0069061857288603,0.01778));
#11704=CARTESIAN_POINT('',(0.134782531563778,0.00701647409062779,0.01778));
#11705=CARTESIAN_POINT('',(0.135678929851659,0.00663475942622818,0.01778));
#11706=CARTESIAN_POINT('',(0.136575328139541,0.00636333312359606,0.01778));
#11707=CARTESIAN_POINT('',(0.136575328139541,0.00636333312359606,0.01778));
#11708=CARTESIAN_POINT('',(0.135678929851659,0.00663475942622818,0.01778));
#11709=CARTESIAN_POINT('',(0.136575328139541,0.00612747409062778,0.01778));
#11710=CARTESIAN_POINT('',(0.136575328139541,0.00589161505765949,0.01778));
#11711=CARTESIAN_POINT('',(0.136575328139541,0.00589161505765949,0.01778));
#11712=CARTESIAN_POINT('',(0.136575328139541,0.00612747409062778,0.01778));
#11713=CARTESIAN_POINT('',(0.135678929851659,0.00562018875502739,0.01778));
#11714=CARTESIAN_POINT('',(0.134782531563778,0.00534876245239528,0.01778));
#11715=CARTESIAN_POINT('',(0.134782531563778,0.00534876245239528,0.01778));
#11716=CARTESIAN_POINT('',(0.135678929851659,0.00562018875502739,0.01778));
#11717=CARTESIAN_POINT('',(0.134782531563778,0.00523847409062779,0.01778));
#11718=CARTESIAN_POINT('',(0.134782531563778,0.0051281857288603,0.01778));
#11719=CARTESIAN_POINT('',(0.134782531563778,0.0051281857288603,0.01778));
#11720=CARTESIAN_POINT('',(0.134782531563778,0.00523847409062779,0.01778));
#11721=CARTESIAN_POINT('',(0.135678929851659,0.00485675942622818,0.01778));
#11722=CARTESIAN_POINT('',(0.136575328139541,0.00458533312359606,0.01778));
#11723=CARTESIAN_POINT('',(0.136575328139541,0.00458533312359606,0.01778));
#11724=CARTESIAN_POINT('',(0.135678929851659,0.00485675942622818,0.01778));
#11725=CARTESIAN_POINT('',(0.136575328139541,0.00434947409062778,0.01778));
#11726=CARTESIAN_POINT('',(0.136575328139541,0.00411361505765949,0.01778));
#11727=CARTESIAN_POINT('',(0.136575328139541,0.00411361505765949,0.01778));
#11728=CARTESIAN_POINT('',(0.136575328139541,0.00434947409062778,0.01778));
#11729=CARTESIAN_POINT('',(0.135678929851659,0.00384218875502739,0.01778));
#11730=CARTESIAN_POINT('',(0.134782531563778,0.00357076245239528,0.01778));
#11731=CARTESIAN_POINT('',(0.134782531563778,0.00357076245239528,0.01778));
#11732=CARTESIAN_POINT('',(0.135678929851659,0.00384218875502739,0.01778));
#11733=CARTESIAN_POINT('',(0.134782531563778,0.00346047409062779,0.01778));
#11734=CARTESIAN_POINT('',(0.134782531563778,0.00335018572886029,0.01778));
#11735=CARTESIAN_POINT('',(0.134782531563778,0.00335018572886029,0.01778));
#11736=CARTESIAN_POINT('',(0.134782531563778,0.00346047409062779,0.01778));
#11737=CARTESIAN_POINT('',(0.135678929851659,0.00307875942622818,0.01778));
#11738=CARTESIAN_POINT('',(0.136575328139541,0.00280733312359606,0.01778));
#11739=CARTESIAN_POINT('',(0.136575328139541,0.00280733312359606,0.01778));
#11740=CARTESIAN_POINT('',(0.135678929851659,0.00307875942622818,0.01778));
#11741=CARTESIAN_POINT('',(0.136575328139541,0.00257147409062778,0.01778));
#11742=CARTESIAN_POINT('',(0.136575328139541,0.00233561505765949,0.01778));
#11743=CARTESIAN_POINT('',(0.136575328139541,0.00233561505765949,0.01778));
#11744=CARTESIAN_POINT('',(0.136575328139541,0.00257147409062778,0.01778));
#11745=CARTESIAN_POINT('',(0.135678929851659,0.00206418875502739,0.01778));
#11746=CARTESIAN_POINT('',(0.134782531563778,0.00179276245239527,0.01778));
#11747=CARTESIAN_POINT('',(0.134782531563778,0.00179276245239527,0.01778));
#11748=CARTESIAN_POINT('',(0.135678929851659,0.00206418875502739,0.01778));
#11749=CARTESIAN_POINT('',(0.134782531563778,0.00168247409062778,0.01778));
#11750=CARTESIAN_POINT('',(0.134782531563778,0.00157218572886029,0.01778));
#11751=CARTESIAN_POINT('',(0.134782531563778,0.00157218572886029,0.01778));
#11752=CARTESIAN_POINT('',(0.134782531563778,0.00168247409062778,0.01778));
#11753=CARTESIAN_POINT('',(0.135678929851659,0.00130075942622818,0.01778));
#11754=CARTESIAN_POINT('',(0.136575328139541,0.00102933312359606,0.01778));
#11755=CARTESIAN_POINT('',(0.136575328139541,0.00102933312359606,0.01778));
#11756=CARTESIAN_POINT('',(0.135678929851659,0.00130075942622818,0.01778));
#11757=CARTESIAN_POINT('',(0.136575328139541,0.000793474090627772,0.01778));
#11758=CARTESIAN_POINT('',(0.136575328139541,0.000557615057659486,0.01778));
#11759=CARTESIAN_POINT('',(0.136575328139541,0.000557615057659486,0.01778));
#11760=CARTESIAN_POINT('',(0.136575328139541,0.000793474090627772,0.01778));
#11761=CARTESIAN_POINT('',(0.135678929851659,0.000286188755027381,0.01778));
#11762=CARTESIAN_POINT('',(0.134782531563778,1.47624523952755E-5,0.01778));
#11763=CARTESIAN_POINT('',(0.134782531563778,1.47624523952755E-5,0.01778));
#11764=CARTESIAN_POINT('',(0.135678929851659,0.000286188755027381,0.01778));
#11765=CARTESIAN_POINT('',(0.134782531563778,-9.55259093722155E-5,0.01778));
#11766=CARTESIAN_POINT('',(0.134782531563778,-0.000205814271139706,0.01778));
#11767=CARTESIAN_POINT('',(0.134782531563778,-0.000205814271139706,0.01778));
#11768=CARTESIAN_POINT('',(0.134782531563778,-9.55259093722155E-5,0.01778));
#11769=CARTESIAN_POINT('',(0.135678929851659,-0.000477240573771826,0.01778));
#11770=CARTESIAN_POINT('',(0.136575328139541,-0.000748666876403945,0.01778));
#11771=CARTESIAN_POINT('',(0.136575328139541,-0.000748666876403945,0.01778));
#11772=CARTESIAN_POINT('',(0.135678929851659,-0.000477240573771826,0.01778));
#11773=CARTESIAN_POINT('',(0.136575328139541,-0.000984525909372216,0.01778));
#11774=CARTESIAN_POINT('',(0.136575328139541,-0.0012203849423405,0.01778));
#11775=CARTESIAN_POINT('',(0.136575328139541,-0.0012203849423405,0.01778));
#11776=CARTESIAN_POINT('',(0.136575328139541,-0.000984525909372216,0.01778));
#11777=CARTESIAN_POINT('',(0.135678929851659,-0.00149181124497262,0.01778));
#11778=CARTESIAN_POINT('',(0.134782531563778,-0.00176323754760472,0.01778));
#11779=CARTESIAN_POINT('',(0.134782531563778,-0.00176323754760472,0.01778));
#11780=CARTESIAN_POINT('',(0.135678929851659,-0.00149181124497262,0.01778));
#11781=CARTESIAN_POINT('',(0.134782531563778,-0.00187352590937222,0.01778));
#11782=CARTESIAN_POINT('',(0.134782531563778,-0.00198381427113971,0.01778));
#11783=CARTESIAN_POINT('',(0.134782531563778,-0.00198381427113971,0.01778));
#11784=CARTESIAN_POINT('',(0.134782531563778,-0.00187352590937222,0.01778));
#11785=CARTESIAN_POINT('',(0.135678929851659,-0.00225524057377183,0.01778));
#11786=CARTESIAN_POINT('',(0.136575328139541,-0.00252666687640394,0.01778));
#11787=CARTESIAN_POINT('',(0.136575328139541,-0.00252666687640394,0.01778));
#11788=CARTESIAN_POINT('',(0.135678929851659,-0.00225524057377183,0.01778));
#11789=CARTESIAN_POINT('',(0.136575328139541,-0.00276252590937223,0.01778));
#11790=CARTESIAN_POINT('',(0.136575328139541,-0.00299838494234052,0.01778));
#11791=CARTESIAN_POINT('',(0.136575328139541,-0.00299838494234052,0.01778));
#11792=CARTESIAN_POINT('',(0.136575328139541,-0.00276252590937223,0.01778));
#11793=CARTESIAN_POINT('',(0.135678929851659,-0.00326981124497263,0.01778));
#11794=CARTESIAN_POINT('',(0.134782531563778,-0.00354123754760473,0.01778));
#11795=CARTESIAN_POINT('',(0.134782531563778,-0.00354123754760473,0.01778));
#11796=CARTESIAN_POINT('',(0.135678929851659,-0.00326981124497263,0.01778));
#11797=CARTESIAN_POINT('',(0.134782531563778,-0.00365152590937222,0.01778));
#11798=CARTESIAN_POINT('',(0.134782531563778,-0.00376181427113971,0.01778));
#11799=CARTESIAN_POINT('',(0.134782531563778,-0.00376181427113971,0.01778));
#11800=CARTESIAN_POINT('',(0.134782531563778,-0.00365152590937222,0.01778));
#11801=CARTESIAN_POINT('',(0.135678929851659,-0.00403324057377183,0.01778));
#11802=CARTESIAN_POINT('',(0.136575328139541,-0.00430466687640395,0.01778));
#11803=CARTESIAN_POINT('',(0.136575328139541,-0.00430466687640395,0.01778));
#11804=CARTESIAN_POINT('',(0.135678929851659,-0.00403324057377183,0.01778));
#11805=CARTESIAN_POINT('',(0.136575328139541,-0.00454052590937223,0.01778));
#11806=CARTESIAN_POINT('',(0.136575328139541,-0.00477638494234052,0.01778));
#11807=CARTESIAN_POINT('',(0.136575328139541,-0.00477638494234052,0.01778));
#11808=CARTESIAN_POINT('',(0.136575328139541,-0.00454052590937223,0.01778));
#11809=CARTESIAN_POINT('',(0.135678929851659,-0.00504781124497263,0.01778));
#11810=CARTESIAN_POINT('',(0.134782531563778,-0.00531923754760473,0.01778));
#11811=CARTESIAN_POINT('',(0.134782531563778,-0.00531923754760473,0.01778));
#11812=CARTESIAN_POINT('',(0.135678929851659,-0.00504781124497263,0.01778));
#11813=CARTESIAN_POINT('',(0.134782531563778,-0.00542952590937222,0.01778));
#11814=CARTESIAN_POINT('',(0.134782531563778,-0.00553981427113971,0.01778));
#11815=CARTESIAN_POINT('',(0.134782531563778,-0.00553981427113971,0.01778));
#11816=CARTESIAN_POINT('',(0.134782531563778,-0.00542952590937222,0.01778));
#11817=CARTESIAN_POINT('',(0.135678929851659,-0.00581124057377183,0.01778));
#11818=CARTESIAN_POINT('',(0.136575328139541,-0.00608266687640395,0.01778));
#11819=CARTESIAN_POINT('',(0.136575328139541,-0.00608266687640395,0.01778));
#11820=CARTESIAN_POINT('',(0.135678929851659,-0.00581124057377183,0.01778));
#11821=CARTESIAN_POINT('',(0.136575328139541,-0.00631852590937224,0.01778));
#11822=CARTESIAN_POINT('',(0.136575328139541,-0.00655438494234052,0.01778));
#11823=CARTESIAN_POINT('',(0.136575328139541,-0.00655438494234052,0.01778));
#11824=CARTESIAN_POINT('',(0.136575328139541,-0.00631852590937224,0.01778));
#11825=CARTESIAN_POINT('',(0.135678929851659,-0.00682581124497263,0.01778));
#11826=CARTESIAN_POINT('',(0.134782531563778,-0.00709723754760473,0.01778));
#11827=CARTESIAN_POINT('',(0.134782531563778,-0.00709723754760473,0.01778));
#11828=CARTESIAN_POINT('',(0.135678929851659,-0.00682581124497263,0.01778));
#11829=CARTESIAN_POINT('',(0.134782531563778,-0.00720752590937222,0.01778));
#11830=CARTESIAN_POINT('',(0.134782531563778,-0.00731781427113971,0.01778));
#11831=CARTESIAN_POINT('',(0.134782531563778,-0.00731781427113971,0.01778));
#11832=CARTESIAN_POINT('',(0.134782531563778,-0.00720752590937222,0.01778));
#11833=CARTESIAN_POINT('',(0.135678929851659,-0.00758924057377183,0.01778));
#11834=CARTESIAN_POINT('',(0.136575328139541,-0.00786066687640395,0.01778));
#11835=CARTESIAN_POINT('',(0.135498622517674,-0.00753464413638156,0.02032));
#11836=CARTESIAN_POINT('',(0.135498622517674,-0.00753464413638156,0.01778));
#11837=CARTESIAN_POINT('',(0.135678929851659,-0.00758924057377183,0.01778));
#11838=CARTESIAN_POINT('',(0.136575328139541,-0.00809652590937224,0.01778));
#11839=CARTESIAN_POINT('',(0.136575328139541,-0.00833238494234052,0.01778));
#11840=CARTESIAN_POINT('',(0.135678929851659,-0.00860381124497263,0.01778));
#11841=CARTESIAN_POINT('',(0.134782531563778,-0.00887523754760473,0.01778));
#11842=CARTESIAN_POINT('',(0.134782531563778,-0.00898552590937223,0.01778));
#11843=CARTESIAN_POINT('',(0.134782531563778,-0.00909581427113972,0.01778));
#11844=CARTESIAN_POINT('',(0.135678929851659,-0.00936724057377183,0.01778));
#11845=CARTESIAN_POINT('',(0.136575328139541,-0.00963866687640395,0.01778));
#11846=CARTESIAN_POINT('',(0.136575328139541,-0.00987452590937224,0.01778));
#11847=CARTESIAN_POINT('',(0.136575328139541,-0.0101103849423405,0.01778));
#11848=CARTESIAN_POINT('',(0.135678929851659,-0.0103818112449726,0.01778));
#11849=CARTESIAN_POINT('',(0.134782531563778,-0.0106532375476047,0.01778));
#11850=CARTESIAN_POINT('',(0.134782531563778,-0.0107635259093722,0.01778));
#11851=CARTESIAN_POINT('',(0.134782531563778,-0.0108738142711397,0.01778));
#11852=CARTESIAN_POINT('',(0.135678929851659,-0.0111452405737718,0.01778));
#11853=CARTESIAN_POINT('',(0.136575328139541,-0.011416666876404,0.01778));
#11854=CARTESIAN_POINT('',(0.136575328139541,-0.0116525259093722,0.01778));
#11855=CARTESIAN_POINT('',(0.136575328139541,-0.0118883849423405,0.01778));
#11856=CARTESIAN_POINT('',(0.135678929851659,-0.0121598112449726,0.01778));
#11857=CARTESIAN_POINT('',(0.134782531563778,-0.0124312375476047,0.01778));
#11858=CARTESIAN_POINT('',(0.134782531563778,-0.0125415259093722,0.01778));
#11859=CARTESIAN_POINT('',(0.134782531563778,-0.0126518142711397,0.01778));
#11860=CARTESIAN_POINT('',(0.135678929851659,-0.0129232405737718,0.01778));
#11861=CARTESIAN_POINT('',(0.136575328139541,-0.013194666876404,0.01778));
#11862=CARTESIAN_POINT('',(0.136575328139541,-0.0134305259093722,0.01778));
#11863=CARTESIAN_POINT('',(0.136575328139541,-0.0136663849423405,0.01778));
#11864=CARTESIAN_POINT('',(0.135678929851659,-0.0139378112449726,0.01778));
#11865=CARTESIAN_POINT('',(0.134782531563778,-0.0142092375476047,0.01778));
#11866=CARTESIAN_POINT('',(0.134782531563778,-0.0143195259093722,0.01778));
#11867=CARTESIAN_POINT('',(0.134782531563778,-0.0144298142711397,0.01778));
#11868=CARTESIAN_POINT('',(0.135678929851659,-0.0147012405737718,0.01778));
#11869=CARTESIAN_POINT('',(0.136575328139541,-0.014972666876404,0.01778));
#11870=CARTESIAN_POINT('',(0.136575328139541,-0.0152085259093722,0.01778));
#11871=CARTESIAN_POINT('',(0.136575328139541,-0.0154443849423405,0.01778));
#11872=CARTESIAN_POINT('',(0.135678929851659,-0.0157158112449726,0.01778));
#11873=CARTESIAN_POINT('',(0.134782531563778,-0.0159872375476048,0.01778));
#11874=CARTESIAN_POINT('',(0.134782531563778,-0.0160975259093722,0.01778));
#11875=CARTESIAN_POINT('',(0.134782531563778,-0.0162078142711397,0.01778));
#11876=CARTESIAN_POINT('',(0.135678929851659,-0.0164792405737719,0.01778));
#11877=CARTESIAN_POINT('',(0.136575328139541,-0.016750666876404,0.01778));
#11878=CARTESIAN_POINT('',(0.136575328139541,-0.0169865259093722,0.01778));
#11879=CARTESIAN_POINT('',(0.136575328139541,-0.0172223849423405,0.01778));
#11880=CARTESIAN_POINT('',(0.135678929851659,-0.0174938112449727,0.01778));
#11881=CARTESIAN_POINT('',(0.134782531563778,-0.0177652375476047,0.01778));
#11882=CARTESIAN_POINT('',(0.134782531563778,-0.0178755259093723,0.01778));
#11883=CARTESIAN_POINT('',(0.134782531563778,-0.0179858142711398,0.01778));
#11884=CARTESIAN_POINT('',(0.135678929851659,-0.0182572405737719,0.01778));
#11885=CARTESIAN_POINT('',(0.136575328139541,-0.0185286668764039,0.01778));
#11886=CARTESIAN_POINT('',(0.136575328139541,-0.0187645259093722,0.01778));
#11887=CARTESIAN_POINT('',(0.136575328139541,-0.0190003849423406,0.01778));
#11888=CARTESIAN_POINT('',(0.135678929851659,-0.0192718112449726,0.01778));
#11889=CARTESIAN_POINT('',(0.134782531563778,-0.0195432375476048,0.01778));
#11890=CARTESIAN_POINT('',(0.134782531563778,-0.0196535259093722,0.01778));
#11891=CARTESIAN_POINT('',(0.134782531563778,-0.0197638142711398,0.01778));
#11892=CARTESIAN_POINT('',(0.135678929851659,-0.0200352405737719,0.01778));
#11893=CARTESIAN_POINT('',(0.136575328139541,-0.020306666876404,0.01778));
#11894=CARTESIAN_POINT('',(0.136575328139541,-0.0205425259093723,0.01778));
#11895=CARTESIAN_POINT('',(0.136575328139541,-0.0207783849423405,0.01778));
#11896=CARTESIAN_POINT('',(0.135678929851659,-0.0210498112449727,0.01778));
#11897=CARTESIAN_POINT('',(0.134782531563778,-0.0213212375476047,0.01778));
#11898=CARTESIAN_POINT('',(0.134782531563778,-0.0214315259093723,0.01778));
#11899=CARTESIAN_POINT('',(0.134782531563778,-0.0215418142711397,0.01778));
#11900=CARTESIAN_POINT('',(0.135678929851659,-0.0218132405737719,0.01778));
#11901=CARTESIAN_POINT('',(0.136575328139541,-0.0220846668764039,0.01778));
#11902=CARTESIAN_POINT('',(0.136575328139541,-0.0223205259093722,0.01778));
#11903=CARTESIAN_POINT('',(0.136575328139541,-0.0225563849423406,0.01778));
#11904=CARTESIAN_POINT('',(0.135678929851659,-0.0228278112449726,0.01778));
#11905=CARTESIAN_POINT('',(0.134782531563778,-0.0230992375476048,0.01778));
#11906=CARTESIAN_POINT('',(0.134782531563778,-0.0232095259093722,0.01778));
#11907=CARTESIAN_POINT('',(0.134782531563778,-0.0233198142711398,0.01778));
#11908=CARTESIAN_POINT('',(0.135678929851659,-0.0235912405737718,0.01778));
#11909=CARTESIAN_POINT('',(0.136575328139541,-0.023862666876404,0.01778));
#11910=CARTESIAN_POINT('',(0.136575328139541,-0.0240985259093723,0.01778));
#11911=CARTESIAN_POINT('',(0.136575328139541,-0.0243343849423405,0.01778));
#11912=CARTESIAN_POINT('',(0.135678929851659,-0.0246058112449727,0.01778));
#11913=CARTESIAN_POINT('',(0.134782531563778,-0.0248772375476047,0.01778));
#11914=CARTESIAN_POINT('',(0.134782531563778,-0.0249875259093723,0.01778));
#11915=CARTESIAN_POINT('',(0.134782531563778,-0.0250978142711397,0.01778));
#11916=CARTESIAN_POINT('',(0.135678929851659,-0.0253692405737719,0.01778));
#11917=CARTESIAN_POINT('',(0.136575328139541,-0.0256406668764039,0.01778));
#11918=CARTESIAN_POINT('',(0.136575328139541,-0.0258765259093722,0.01778));
#11919=CARTESIAN_POINT('',(0.136575328139541,-0.0261123849423406,0.01778));
#11920=CARTESIAN_POINT('',(0.135678929851659,-0.0263838112449726,0.01778));
#11921=CARTESIAN_POINT('',(0.134782531563778,-0.0266552375476048,0.01778));
#11922=CARTESIAN_POINT('',(0.134782531563778,-0.0267655259093722,0.01778));
#11923=CARTESIAN_POINT('',(0.134782531563778,-0.0268758142711398,0.01778));
#11924=CARTESIAN_POINT('',(0.135678929851659,-0.0271472405737718,0.01778));
#11925=CARTESIAN_POINT('',(0.136575328139541,-0.027418666876404,0.01778));
#11926=CARTESIAN_POINT('',(0.136575328139541,-0.0276545259093723,0.01778));
#11927=CARTESIAN_POINT('',(0.136575328139541,-0.0278903849423406,0.01778));
#11928=CARTESIAN_POINT('',(0.135678929851659,-0.0281618112449727,0.01778));
#11929=CARTESIAN_POINT('',(0.134782531563778,-0.0284332375476047,0.01778));
#11930=CARTESIAN_POINT('',(0.134782531563778,-0.0285435259093722,0.01778));
#11931=CARTESIAN_POINT('',(0.134782531563778,-0.0286538142711397,0.01778));
#11932=CARTESIAN_POINT('',(0.135678929851659,-0.0289252405737719,0.01778));
#11933=CARTESIAN_POINT('',(0.136575328139541,-0.029196666876404,0.01778));
#11934=CARTESIAN_POINT('',(0.136575328139541,-0.0294325259093722,0.01778));
#11935=CARTESIAN_POINT('',(0.136575328139541,-0.0296683849423406,0.01778));
#11936=CARTESIAN_POINT('',(0.135678929851659,-0.0299398112449727,0.01778));
#11937=CARTESIAN_POINT('',(0.134782531563778,-0.0302112375476048,0.01778));
#11938=CARTESIAN_POINT('',(0.134782531563778,-0.0303215259093722,0.01778));
#11939=CARTESIAN_POINT('',(0.134782531563778,-0.0304318142711398,0.01778));
#11940=CARTESIAN_POINT('',(0.135678929851659,-0.0307032405737718,0.01778));
#11941=CARTESIAN_POINT('',(0.136575328139541,-0.030974666876404,0.01778));
#11942=CARTESIAN_POINT('',(0.136575328139541,-0.0312105259093723,0.01778));
#11943=CARTESIAN_POINT('',(0.136575328139541,-0.0314463849423405,0.01778));
#11944=CARTESIAN_POINT('',(0.135678929851659,-0.0317178112449727,0.01778));
#11945=CARTESIAN_POINT('',(0.134782531563778,-0.0319892375476047,0.01778));
#11946=CARTESIAN_POINT('',(0.134782531563778,-0.0320995259093723,0.01778));
#11947=CARTESIAN_POINT('',(0.134782531563778,-0.0322098142711397,0.01778));
#11948=CARTESIAN_POINT('',(0.135678929851659,-0.0324812405737719,0.01778));
#11949=CARTESIAN_POINT('',(0.136575328139541,-0.032752666876404,0.01778));
#11950=CARTESIAN_POINT('',(0.136575328139541,-0.0329885259093723,0.01778));
#11951=CARTESIAN_POINT('',(0.136575328139541,-0.0332243849423405,0.01778));
#11952=CARTESIAN_POINT('',(0.135678929851659,-0.0334958112449727,0.01778));
#11953=CARTESIAN_POINT('',(0.134782531563778,-0.0337672375476047,0.01778));
#11954=CARTESIAN_POINT('',(0.134782531563778,-0.0338775259093722,0.01778));
#11955=CARTESIAN_POINT('',(0.134782531563778,-0.0339878142711397,0.01778));
#11956=CARTESIAN_POINT('',(0.135678929851659,-0.0342592405737719,0.01778));
#11957=CARTESIAN_POINT('',(0.136575328139541,-0.034530666876404,0.01778));
#11958=CARTESIAN_POINT('',(0.136575328139541,-0.0347665259093723,0.01778));
#11959=CARTESIAN_POINT('',(0.136575328139541,-0.0350023849423406,0.01778));
#11960=CARTESIAN_POINT('',(0.135678929851659,-0.0352738112449726,0.01778));
#11961=CARTESIAN_POINT('',(0.134782531563778,-0.0355452375476047,0.01778));
#11962=CARTESIAN_POINT('',(0.134782531563778,-0.0356555259093723,0.01778));
#11963=CARTESIAN_POINT('',(0.134782531563778,-0.0357658142711397,0.01778));
#11964=CARTESIAN_POINT('',(0.135678929851659,-0.0360372405737718,0.01778));
#11965=CARTESIAN_POINT('',(0.136575328139541,-0.036308666876404,0.01778));
#11966=CARTESIAN_POINT('',(0.136575328139541,-0.0365445259093723,0.01778));
#11967=CARTESIAN_POINT('',(0.136575328139541,-0.0367803849423405,0.01778));
#11968=CARTESIAN_POINT('',(0.135678929851659,-0.0370518112449727,0.01778));
#11969=CARTESIAN_POINT('',(0.134782531563778,-0.0373232375476047,0.01778));
#11970=CARTESIAN_POINT('',(0.134782531563778,-0.0374335259093723,0.01778));
#11971=CARTESIAN_POINT('',(0.134782531563778,-0.0375438142711397,0.01778));
#11972=CARTESIAN_POINT('',(0.135678929851659,-0.0378152405737718,0.01778));
#11973=CARTESIAN_POINT('',(0.136575328139541,-0.038086666876404,0.01778));
#11974=CARTESIAN_POINT('',(0.136575328139541,-0.0383225259093723,0.01778));
#11975=CARTESIAN_POINT('',(0.136575328139541,-0.0385583849423405,0.01778));
#11976=CARTESIAN_POINT('',(0.135678929851659,-0.0388298112449727,0.01778));
#11977=CARTESIAN_POINT('',(0.134782531563778,-0.0391012375476047,0.01778));
#11978=CARTESIAN_POINT('',(0.134782531563778,-0.0392115259093723,0.01778));
#11979=CARTESIAN_POINT('',(0.134782531563778,-0.0393218142711397,0.01778));
#11980=CARTESIAN_POINT('',(0.135678929851659,-0.0395932405737719,0.01778));
#11981=CARTESIAN_POINT('',(0.136575328139541,-0.039864666876404,0.01778));
#11982=CARTESIAN_POINT('',(0.136575328139541,-0.0401005259093723,0.01778));
#11983=CARTESIAN_POINT('',(0.136575328139541,-0.0403363849423405,0.01778));
#11984=CARTESIAN_POINT('',(0.135678929851659,-0.0406078112449727,0.01778));
#11985=CARTESIAN_POINT('',(0.134782531563778,-0.0408792375476047,0.01778));
#11986=CARTESIAN_POINT('',(0.134782531563778,-0.0409895259093722,0.01778));
#11987=CARTESIAN_POINT('',(0.134782531563778,-0.0410998142711397,0.01778));
#11988=CARTESIAN_POINT('',(0.135678929851659,-0.0413712405737719,0.01778));
#11989=CARTESIAN_POINT('',(0.136575328139541,-0.041642666876404,0.01778));
#11990=CARTESIAN_POINT('',(0.136575328139541,-0.0418785259093723,0.01778));
#11991=CARTESIAN_POINT('',(0.136575328139541,-0.0421143849423406,0.01778));
#11992=CARTESIAN_POINT('',(0.135678929851659,-0.0423858112449726,0.01778));
#11993=CARTESIAN_POINT('',(0.134782531563778,-0.0426572375476047,0.01778));
#11994=CARTESIAN_POINT('',(0.134782531563778,-0.0427675259093723,0.01778));
#11995=CARTESIAN_POINT('',(0.134782531563778,-0.0428778142711397,0.01778));
#11996=CARTESIAN_POINT('',(0.135678929851659,-0.0431492405737718,0.01778));
#11997=CARTESIAN_POINT('',(0.136575328139541,-0.043420666876404,0.01778));
#11998=CARTESIAN_POINT('',(0.136575328139541,-0.0436565259093723,0.01778));
#11999=CARTESIAN_POINT('',(0.136575328139541,-0.0438923849423405,0.01778));
#12000=CARTESIAN_POINT('',(0.135678929851659,-0.0441638112449727,0.01778));
#12001=CARTESIAN_POINT('',(0.134782531563778,-0.0444352375476048,0.01778));
#12002=CARTESIAN_POINT('',(0.134782531563778,-0.0445455259093723,0.01778));
#12003=CARTESIAN_POINT('',(0.134782531563778,-0.0446558142711397,0.01778));
#12004=CARTESIAN_POINT('',(0.135678929851659,-0.0449272405737718,0.01778));
#12005=CARTESIAN_POINT('',(0.136575328139541,-0.045198666876404,0.01778));
#12006=CARTESIAN_POINT('',(0.136575328139541,-0.0454345259093723,0.01778));
#12007=CARTESIAN_POINT('',(0.136575328139541,-0.0456703849423405,0.01778));
#12008=CARTESIAN_POINT('',(0.135678929851659,-0.0459418112449727,0.01778));
#12009=CARTESIAN_POINT('',(0.134782531563778,-0.0462132375476048,0.01778));
#12010=CARTESIAN_POINT('',(0.134782531563778,-0.0463235259093723,0.01778));
#12011=CARTESIAN_POINT('',(0.134782531563778,-0.0464338142711398,0.01778));
#12012=CARTESIAN_POINT('',(0.135678929851659,-0.0467052405737719,0.01778));
#12013=CARTESIAN_POINT('',(0.136575328139541,-0.046976666876404,0.01778));
#12014=CARTESIAN_POINT('',(0.136575328139541,-0.0472125259093723,0.01778));
#12015=CARTESIAN_POINT('',(0.136575328139541,-0.0474483849423406,0.01778));
#12016=CARTESIAN_POINT('',(0.135678929851659,-0.0477198112449727,0.01778));
#12017=CARTESIAN_POINT('',(0.134782531563778,-0.0479912375476048,0.01778));
#12018=CARTESIAN_POINT('',(0.134782531563778,-0.0481015259093723,0.01778));
#12019=CARTESIAN_POINT('',(0.174857004071141,0.101843553727573,0.02032));
#12020=CARTESIAN_POINT('',(0.155807004071141,0.101843553727573,0.01778));
#12021=CARTESIAN_POINT('',(0.0605009449805772,-0.0305577404797077,0.01778));
#12022=CARTESIAN_POINT('',(0.071908712387085,-0.0305577404797077,0.01778));
#12023=CARTESIAN_POINT('',(0.0503631775740695,-0.0305577404797077,0.01778));
#12024=CARTESIAN_POINT('',(0.0503631775740695,0.0751427114009857,0.01778));
#12025=CARTESIAN_POINT('',(0.0503631775740695,0.0751427114009857,0.01778));
#12026=CARTESIAN_POINT('',(0.0605009449805772,0.0751427114009857,0.01778));
#12027=CARTESIAN_POINT('',(0.071908712387085,0.0751427114009857,0.01778));
#12028=CARTESIAN_POINT('',(0.0817795731127262,0.0636311632293226,0.01778));
#12029=CARTESIAN_POINT('',(0.0916504338383675,0.0521196150576596,0.01778));
#12030=CARTESIAN_POINT('',(0.114112880988954,0.0521196150576596,0.01778));
#12031=CARTESIAN_POINT('',(0.114112880988954,-0.00753464413638157,0.01778));
#12032=CARTESIAN_POINT('',(0.0916504338383675,-0.00753464413638157,0.01778));
#12033=CARTESIAN_POINT('',(0.0817795731127262,-0.0190461923080446,0.01778));
#12034=CARTESIAN_POINT('',(0.114112880988954,-0.00753464413638157,0.02032));
#12035=CARTESIAN_POINT('',(0.0916504338383675,-0.00753464413638157,0.02032));
#12036=CARTESIAN_POINT('',(0.0605009449805772,0.0751427114009857,0.02032));
#12037=CARTESIAN_POINT('',(0.0490931775740695,0.0751427114009857,0.01905));
#12038=CARTESIAN_POINT('',(0.0490931775740695,0.0751427114009857,0.01905));
#12039=CARTESIAN_POINT('',(0.0503631775740695,0.0751427114009857,0.02032));
#12040=CARTESIAN_POINT('',(0.071908712387085,0.0751427114009857,0.02032));
#12041=CARTESIAN_POINT('',(0.0605009449805772,-0.0305577404797077,0.02032));
#12042=CARTESIAN_POINT('',(0.0554320612773233,-0.0305577404797077,0.0253888837032539));
#12043=CARTESIAN_POINT('',(0.0490931775740695,-0.0305577404797077,0.01905));
#12044=CARTESIAN_POINT('',(0.0541620612773233,-0.0305577404797077,0.0139811162967461));
#12045=CARTESIAN_POINT('',(0.071908712387085,-0.0305577404797077,0.02032));
#12046=CARTESIAN_POINT('',(0.0817795731127262,-0.0190461923080446,0.02032));
#12047=CARTESIAN_POINT('',(0.114112880988954,0.0521196150576596,0.02032));
#12048=CARTESIAN_POINT('',(0.0916504338383675,0.0521196150576596,0.02032));
#12049=CARTESIAN_POINT('',(0.0817795731127262,0.0636311632293226,0.02032));
#12050=CARTESIAN_POINT('',(0.155855828116588,0.0628584772348404,0.017399));
#12051=CARTESIAN_POINT('',(0.155855828116588,0.0628584772348404,0.017399));
#12052=CARTESIAN_POINT('',(0.170460828116588,0.0628584772348404,0.017399));
#12053=CARTESIAN_POINT('',(0.111975090822605,0.0256735843926165,0.017399));
#12054=CARTESIAN_POINT('',(0.155855828116588,-0.0115713697796934,0.017399));
#12055=CARTESIAN_POINT('',(0.155855828116588,-0.0115713697796934,0.017399));
#12056=CARTESIAN_POINT('',(0.170460828116588,-0.0115713697796934,0.017399));
#12057=CARTESIAN_POINT('',(0.111975090822605,0.0256735843926165,0.017399));
#12058=CARTESIAN_POINT('',(0.0490931775740695,0.0487175984308124,0.01905));
#12059=CARTESIAN_POINT('',(0.0490931775740695,-0.0305577404797077,0.01905));
#12060=CARTESIAN_POINT('',(0.0503631775740695,0.101843553727573,0.02032));
#12061=MECHANICAL_DESIGN_GEOMETRIC_PRESENTATION_REPRESENTATION('',(#7661),
#12062);
#12062=(
GEOMETRIC_REPRESENTATION_CONTEXT(3)
GLOBAL_UNCERTAINTY_ASSIGNED_CONTEXT((#12063))
GLOBAL_UNIT_ASSIGNED_CONTEXT((#12066,#12065,#12064))
REPRESENTATION_CONTEXT('Part 12','TOP_LEVEL_ASSEMBLY_PART')
);
#12063=UNCERTAINTY_MEASURE_WITH_UNIT(LENGTH_MEASURE(1.E-8),#12066,
'DISTANCE_ACCURACY_VALUE','Maximum Tolerance applied to model');
#12064=(
NAMED_UNIT(*)
SI_UNIT($,.STERADIAN.)
SOLID_ANGLE_UNIT()
);
#12065=(
NAMED_UNIT(*)
PLANE_ANGLE_UNIT()
SI_UNIT($,.RADIAN.)
);
#12066=(
LENGTH_UNIT()
NAMED_UNIT(*)
SI_UNIT($,.METRE.)
);
#12067=PRODUCT_DEFINITION_SHAPE('','',#12068);
#12068=PRODUCT_DEFINITION('','',#12070,#12069);
#12069=PRODUCT_DEFINITION_CONTEXT('',#12076,'design');
#12070=PRODUCT_DEFINITION_FORMATION_WITH_SPECIFIED_SOURCE('','',#12072,
 .NOT_KNOWN.);
#12071=PRODUCT_RELATED_PRODUCT_CATEGORY('','',(#12072));
#12072=PRODUCT('Part 12','Part 12','Part 12',(#12074));
#12073=PRODUCT_CATEGORY('','');
#12074=PRODUCT_CONTEXT('',#12076,'mechanical');
#12075=APPLICATION_PROTOCOL_DEFINITION('international standard',
'ap242_managed_model_based_3d_engineering',2020,#12076);
#12076=APPLICATION_CONTEXT('managed model based 3d engineering');
ENDSEC;
END-ISO-10303-21;
