ISO-10303-21;
HEADER;
/* Generated by software containing ST-Developer
 * from STEP Tools, Inc. (www.steptools.com) 
 */
/* OPTION: using custom renumber hook */

FILE_DESCRIPTION(
/* description */ ('STEP AP242 Edition 2',
'CAx-IF Rec.Pracs.---Representation and Presentation of Product Manufa
cturing Information (PMI)---4.0---2014-10-13',
'CAx-IF Rec.Pracs.---3D Tessellated Geometry---0.4---2014-09-14','2;1',
'CAx-IF Rec.Pracs.---User Defined Attributes---1.5---2016-08-15'),
/* implementation_level */ '2;1');

FILE_NAME(
/* name */ 'V2 - Part 13',
/* time_stamp */ '2026-05-14T03:10:24Z',
/* author */ (''),
/* organization */ (''),
/* preprocessor_version */ 'ST-DEVELOPER v20',
/* originating_system */ 'ONSHAPE BY PTC INC, 1.214',
/* authorisation */ '  ');

FILE_SCHEMA (('AP242_MANAGED_MODEL_BASED_3D_ENGINEERING_MIM_LF { 1 0 10303 442 3 1 4 }'));
ENDSEC;

DATA;
#10=SHAPE_REPRESENTATION_RELATIONSHIP('','',#1923,#11);
#11=ADVANCED_BREP_SHAPE_REPRESENTATION('',(#1921),#3021);
#12=PLANE('',#1928);
#13=PLANE('',#1929);
#14=PLANE('',#1930);
#15=PLANE('',#1931);
#16=PLANE('',#1932);
#17=PLANE('',#1933);
#18=PLANE('',#1934);
#19=PLANE('',#1935);
#20=PLANE('',#1936);
#21=PLANE('',#1937);
#22=PLANE('',#1938);
#23=PLANE('',#1939);
#24=PLANE('',#1940);
#25=PLANE('',#1941);
#26=PLANE('',#1942);
#27=PLANE('',#1943);
#28=PLANE('',#1944);
#29=PLANE('',#1945);
#30=PLANE('',#1946);
#31=PLANE('',#1947);
#32=PLANE('',#1948);
#33=PLANE('',#1949);
#34=PLANE('',#1950);
#35=PLANE('',#1951);
#36=PLANE('',#1952);
#37=PLANE('',#1953);
#38=PLANE('',#1954);
#39=PLANE('',#1955);
#40=PLANE('',#1956);
#41=PLANE('',#1957);
#42=PLANE('',#1958);
#43=PLANE('',#1959);
#44=PLANE('',#1960);
#45=PLANE('',#1961);
#46=PLANE('',#1962);
#47=PLANE('',#1963);
#48=PLANE('',#1964);
#49=PLANE('',#1965);
#50=PLANE('',#1966);
#51=PLANE('',#1967);
#52=PLANE('',#1968);
#53=PLANE('',#1969);
#54=PLANE('',#1970);
#55=PLANE('',#1971);
#56=PLANE('',#1972);
#57=PLANE('',#1973);
#58=PLANE('',#1974);
#59=PLANE('',#1975);
#60=PLANE('',#1976);
#61=PLANE('',#1977);
#62=PLANE('',#1978);
#63=PLANE('',#1979);
#64=PLANE('',#1980);
#65=PLANE('',#1981);
#66=PLANE('',#1982);
#67=PLANE('',#1983);
#68=PLANE('',#1984);
#69=PLANE('',#1985);
#70=PLANE('',#1986);
#71=PLANE('',#1987);
#72=PLANE('',#1988);
#73=PLANE('',#1989);
#74=PLANE('',#1990);
#75=PLANE('',#1991);
#76=PLANE('',#1992);
#77=PLANE('',#1993);
#78=PLANE('',#1994);
#79=PLANE('',#1995);
#80=PLANE('',#1996);
#81=PLANE('',#1997);
#82=PLANE('',#1998);
#83=PLANE('',#1999);
#84=PLANE('',#2000);
#85=PLANE('',#2001);
#86=PLANE('',#2002);
#87=PLANE('',#2003);
#88=PLANE('',#2004);
#89=PLANE('',#2005);
#90=PLANE('',#2006);
#91=PLANE('',#2007);
#92=PLANE('',#2008);
#93=PLANE('',#2009);
#94=PLANE('',#2010);
#95=PLANE('',#2011);
#96=PLANE('',#2012);
#97=PLANE('',#2013);
#98=PLANE('',#2014);
#99=PLANE('',#2015);
#100=PLANE('',#2016);
#101=PLANE('',#2017);
#102=PLANE('',#2018);
#103=LINE('',#2482,#371);
#104=LINE('',#2486,#372);
#105=LINE('',#2488,#373);
#106=LINE('',#2491,#374);
#107=LINE('',#2493,#375);
#108=LINE('',#2495,#376);
#109=LINE('',#2497,#377);
#110=LINE('',#2499,#378);
#111=LINE('',#2501,#379);
#112=LINE('',#2503,#380);
#113=LINE('',#2505,#381);
#114=LINE('',#2507,#382);
#115=LINE('',#2509,#383);
#116=LINE('',#2511,#384);
#117=LINE('',#2513,#385);
#118=LINE('',#2515,#386);
#119=LINE('',#2517,#387);
#120=LINE('',#2519,#388);
#121=LINE('',#2521,#389);
#122=LINE('',#2523,#390);
#123=LINE('',#2525,#391);
#124=LINE('',#2527,#392);
#125=LINE('',#2529,#393);
#126=LINE('',#2531,#394);
#127=LINE('',#2533,#395);
#128=LINE('',#2535,#396);
#129=LINE('',#2537,#397);
#130=LINE('',#2539,#398);
#131=LINE('',#2541,#399);
#132=LINE('',#2543,#400);
#133=LINE('',#2545,#401);
#134=LINE('',#2547,#402);
#135=LINE('',#2549,#403);
#136=LINE('',#2551,#404);
#137=LINE('',#2553,#405);
#138=LINE('',#2555,#406);
#139=LINE('',#2557,#407);
#140=LINE('',#2559,#408);
#141=LINE('',#2561,#409);
#142=LINE('',#2563,#410);
#143=LINE('',#2565,#411);
#144=LINE('',#2567,#412);
#145=LINE('',#2569,#413);
#146=LINE('',#2571,#414);
#147=LINE('',#2573,#415);
#148=LINE('',#2575,#416);
#149=LINE('',#2577,#417);
#150=LINE('',#2579,#418);
#151=LINE('',#2581,#419);
#152=LINE('',#2583,#420);
#153=LINE('',#2585,#421);
#154=LINE('',#2587,#422);
#155=LINE('',#2589,#423);
#156=LINE('',#2591,#424);
#157=LINE('',#2593,#425);
#158=LINE('',#2595,#426);
#159=LINE('',#2597,#427);
#160=LINE('',#2599,#428);
#161=LINE('',#2601,#429);
#162=LINE('',#2603,#430);
#163=LINE('',#2605,#431);
#164=LINE('',#2607,#432);
#165=LINE('',#2609,#433);
#166=LINE('',#2611,#434);
#167=LINE('',#2613,#435);
#168=LINE('',#2615,#436);
#169=LINE('',#2617,#437);
#170=LINE('',#2619,#438);
#171=LINE('',#2621,#439);
#172=LINE('',#2623,#440);
#173=LINE('',#2625,#441);
#174=LINE('',#2627,#442);
#175=LINE('',#2629,#443);
#176=LINE('',#2631,#444);
#177=LINE('',#2633,#445);
#178=LINE('',#2635,#446);
#179=LINE('',#2637,#447);
#180=LINE('',#2639,#448);
#181=LINE('',#2641,#449);
#182=LINE('',#2643,#450);
#183=LINE('',#2645,#451);
#184=LINE('',#2647,#452);
#185=LINE('',#2649,#453);
#186=LINE('',#2651,#454);
#187=LINE('',#2653,#455);
#188=LINE('',#2655,#456);
#189=LINE('',#2657,#457);
#190=LINE('',#2659,#458);
#191=LINE('',#2661,#459);
#192=LINE('',#2663,#460);
#193=LINE('',#2665,#461);
#194=LINE('',#2667,#462);
#195=LINE('',#2669,#463);
#196=LINE('',#2671,#464);
#197=LINE('',#2673,#465);
#198=LINE('',#2675,#466);
#199=LINE('',#2677,#467);
#200=LINE('',#2679,#468);
#201=LINE('',#2681,#469);
#202=LINE('',#2683,#470);
#203=LINE('',#2685,#471);
#204=LINE('',#2687,#472);
#205=LINE('',#2689,#473);
#206=LINE('',#2691,#474);
#207=LINE('',#2693,#475);
#208=LINE('',#2695,#476);
#209=LINE('',#2697,#477);
#210=LINE('',#2699,#478);
#211=LINE('',#2701,#479);
#212=LINE('',#2703,#480);
#213=LINE('',#2705,#481);
#214=LINE('',#2707,#482);
#215=LINE('',#2709,#483);
#216=LINE('',#2711,#484);
#217=LINE('',#2713,#485);
#218=LINE('',#2715,#486);
#219=LINE('',#2717,#487);
#220=LINE('',#2719,#488);
#221=LINE('',#2721,#489);
#222=LINE('',#2723,#490);
#223=LINE('',#2725,#491);
#224=LINE('',#2727,#492);
#225=LINE('',#2729,#493);
#226=LINE('',#2731,#494);
#227=LINE('',#2733,#495);
#228=LINE('',#2735,#496);
#229=LINE('',#2737,#497);
#230=LINE('',#2739,#498);
#231=LINE('',#2741,#499);
#232=LINE('',#2743,#500);
#233=LINE('',#2745,#501);
#234=LINE('',#2747,#502);
#235=LINE('',#2749,#503);
#236=LINE('',#2751,#504);
#237=LINE('',#2753,#505);
#238=LINE('',#2755,#506);
#239=LINE('',#2757,#507);
#240=LINE('',#2759,#508);
#241=LINE('',#2761,#509);
#242=LINE('',#2763,#510);
#243=LINE('',#2765,#511);
#244=LINE('',#2767,#512);
#245=LINE('',#2769,#513);
#246=LINE('',#2771,#514);
#247=LINE('',#2773,#515);
#248=LINE('',#2775,#516);
#249=LINE('',#2777,#517);
#250=LINE('',#2779,#518);
#251=LINE('',#2781,#519);
#252=LINE('',#2783,#520);
#253=LINE('',#2785,#521);
#254=LINE('',#2787,#522);
#255=LINE('',#2789,#523);
#256=LINE('',#2791,#524);
#257=LINE('',#2793,#525);
#258=LINE('',#2795,#526);
#259=LINE('',#2797,#527);
#260=LINE('',#2799,#528);
#261=LINE('',#2801,#529);
#262=LINE('',#2803,#530);
#263=LINE('',#2805,#531);
#264=LINE('',#2807,#532);
#265=LINE('',#2809,#533);
#266=LINE('',#2811,#534);
#267=LINE('',#2813,#535);
#268=LINE('',#2815,#536);
#269=LINE('',#2817,#537);
#270=LINE('',#2819,#538);
#271=LINE('',#2821,#539);
#272=LINE('',#2823,#540);
#273=LINE('',#2825,#541);
#274=LINE('',#2827,#542);
#275=LINE('',#2829,#543);
#276=LINE('',#2831,#544);
#277=LINE('',#2833,#545);
#278=LINE('',#2835,#546);
#279=LINE('',#2837,#547);
#280=LINE('',#2839,#548);
#281=LINE('',#2841,#549);
#282=LINE('',#2843,#550);
#283=LINE('',#2845,#551);
#284=LINE('',#2847,#552);
#285=LINE('',#2849,#553);
#286=LINE('',#2851,#554);
#287=LINE('',#2853,#555);
#288=LINE('',#2855,#556);
#289=LINE('',#2857,#557);
#290=LINE('',#2859,#558);
#291=LINE('',#2861,#559);
#292=LINE('',#2863,#560);
#293=LINE('',#2865,#561);
#294=LINE('',#2867,#562);
#295=LINE('',#2869,#563);
#296=LINE('',#2871,#564);
#297=LINE('',#2873,#565);
#298=LINE('',#2875,#566);
#299=LINE('',#2877,#567);
#300=LINE('',#2879,#568);
#301=LINE('',#2881,#569);
#302=LINE('',#2883,#570);
#303=LINE('',#2885,#571);
#304=LINE('',#2887,#572);
#305=LINE('',#2889,#573);
#306=LINE('',#2891,#574);
#307=LINE('',#2893,#575);
#308=LINE('',#2895,#576);
#309=LINE('',#2897,#577);
#310=LINE('',#2899,#578);
#311=LINE('',#2901,#579);
#312=LINE('',#2903,#580);
#313=LINE('',#2905,#581);
#314=LINE('',#2907,#582);
#315=LINE('',#2909,#583);
#316=LINE('',#2911,#584);
#317=LINE('',#2913,#585);
#318=LINE('',#2915,#586);
#319=LINE('',#2917,#587);
#320=LINE('',#2919,#588);
#321=LINE('',#2921,#589);
#322=LINE('',#2923,#590);
#323=LINE('',#2925,#591);
#324=LINE('',#2927,#592);
#325=LINE('',#2929,#593);
#326=LINE('',#2931,#594);
#327=LINE('',#2933,#595);
#328=LINE('',#2935,#596);
#329=LINE('',#2937,#597);
#330=LINE('',#2939,#598);
#331=LINE('',#2941,#599);
#332=LINE('',#2943,#600);
#333=LINE('',#2945,#601);
#334=LINE('',#2947,#602);
#335=LINE('',#2949,#603);
#336=LINE('',#2951,#604);
#337=LINE('',#2953,#605);
#338=LINE('',#2955,#606);
#339=LINE('',#2957,#607);
#340=LINE('',#2959,#608);
#341=LINE('',#2961,#609);
#342=LINE('',#2963,#610);
#343=LINE('',#2965,#611);
#344=LINE('',#2967,#612);
#345=LINE('',#2969,#613);
#346=LINE('',#2971,#614);
#347=LINE('',#2973,#615);
#348=LINE('',#2975,#616);
#349=LINE('',#2977,#617);
#350=LINE('',#2979,#618);
#351=LINE('',#2981,#619);
#352=LINE('',#2983,#620);
#353=LINE('',#2985,#621);
#354=LINE('',#2987,#622);
#355=LINE('',#2989,#623);
#356=LINE('',#2991,#624);
#357=LINE('',#2993,#625);
#358=LINE('',#2995,#626);
#359=LINE('',#2997,#627);
#360=LINE('',#2999,#628);
#361=LINE('',#3001,#629);
#362=LINE('',#3003,#630);
#363=LINE('',#3005,#631);
#364=LINE('',#3007,#632);
#365=LINE('',#3009,#633);
#366=LINE('',#3011,#634);
#367=LINE('',#3013,#635);
#368=LINE('',#3014,#636);
#369=LINE('',#3016,#637);
#370=LINE('',#3017,#638);
#371=VECTOR('',#2025,1.);
#372=VECTOR('',#2028,1.);
#373=VECTOR('',#2031,1.);
#374=VECTOR('',#2032,1.);
#375=VECTOR('',#2033,1.);
#376=VECTOR('',#2034,1.);
#377=VECTOR('',#2037,1.);
#378=VECTOR('',#2038,1.);
#379=VECTOR('',#2039,1.);
#380=VECTOR('',#2042,1.);
#381=VECTOR('',#2043,1.);
#382=VECTOR('',#2044,1.);
#383=VECTOR('',#2047,1.);
#384=VECTOR('',#2048,1.);
#385=VECTOR('',#2049,1.);
#386=VECTOR('',#2052,1.);
#387=VECTOR('',#2053,1.);
#388=VECTOR('',#2054,1.);
#389=VECTOR('',#2057,1.);
#390=VECTOR('',#2058,1.);
#391=VECTOR('',#2059,1.);
#392=VECTOR('',#2062,1.);
#393=VECTOR('',#2063,1.);
#394=VECTOR('',#2064,1.);
#395=VECTOR('',#2067,1.);
#396=VECTOR('',#2068,1.);
#397=VECTOR('',#2069,1.);
#398=VECTOR('',#2072,1.);
#399=VECTOR('',#2073,1.);
#400=VECTOR('',#2074,1.);
#401=VECTOR('',#2077,1.);
#402=VECTOR('',#2078,1.);
#403=VECTOR('',#2079,1.);
#404=VECTOR('',#2082,1.);
#405=VECTOR('',#2083,1.);
#406=VECTOR('',#2084,1.);
#407=VECTOR('',#2087,1.);
#408=VECTOR('',#2088,1.);
#409=VECTOR('',#2089,1.);
#410=VECTOR('',#2092,1.);
#411=VECTOR('',#2093,1.);
#412=VECTOR('',#2094,1.);
#413=VECTOR('',#2097,1.);
#414=VECTOR('',#2098,1.);
#415=VECTOR('',#2099,1.);
#416=VECTOR('',#2102,1.);
#417=VECTOR('',#2103,1.);
#418=VECTOR('',#2104,1.);
#419=VECTOR('',#2107,1.);
#420=VECTOR('',#2108,1.);
#421=VECTOR('',#2109,1.);
#422=VECTOR('',#2112,1.);
#423=VECTOR('',#2113,1.);
#424=VECTOR('',#2114,1.);
#425=VECTOR('',#2117,1.);
#426=VECTOR('',#2118,1.);
#427=VECTOR('',#2119,1.);
#428=VECTOR('',#2122,1.);
#429=VECTOR('',#2123,1.);
#430=VECTOR('',#2124,1.);
#431=VECTOR('',#2127,1.);
#432=VECTOR('',#2128,1.);
#433=VECTOR('',#2129,1.);
#434=VECTOR('',#2132,1.);
#435=VECTOR('',#2133,1.);
#436=VECTOR('',#2134,1.);
#437=VECTOR('',#2137,1.);
#438=VECTOR('',#2138,1.);
#439=VECTOR('',#2139,1.);
#440=VECTOR('',#2142,1.);
#441=VECTOR('',#2143,1.);
#442=VECTOR('',#2144,1.);
#443=VECTOR('',#2147,1.);
#444=VECTOR('',#2148,1.);
#445=VECTOR('',#2149,1.);
#446=VECTOR('',#2152,1.);
#447=VECTOR('',#2153,1.);
#448=VECTOR('',#2154,1.);
#449=VECTOR('',#2157,1.);
#450=VECTOR('',#2158,1.);
#451=VECTOR('',#2159,1.);
#452=VECTOR('',#2162,1.);
#453=VECTOR('',#2163,1.);
#454=VECTOR('',#2164,1.);
#455=VECTOR('',#2167,1.);
#456=VECTOR('',#2168,1.);
#457=VECTOR('',#2169,1.);
#458=VECTOR('',#2172,1.);
#459=VECTOR('',#2173,1.);
#460=VECTOR('',#2174,1.);
#461=VECTOR('',#2177,1.);
#462=VECTOR('',#2178,1.);
#463=VECTOR('',#2179,1.);
#464=VECTOR('',#2182,1.);
#465=VECTOR('',#2183,1.);
#466=VECTOR('',#2184,1.);
#467=VECTOR('',#2187,1.);
#468=VECTOR('',#2188,1.);
#469=VECTOR('',#2189,1.);
#470=VECTOR('',#2192,1.);
#471=VECTOR('',#2193,1.);
#472=VECTOR('',#2194,1.);
#473=VECTOR('',#2197,1.);
#474=VECTOR('',#2198,1.);
#475=VECTOR('',#2199,1.);
#476=VECTOR('',#2202,1.);
#477=VECTOR('',#2203,1.);
#478=VECTOR('',#2204,1.);
#479=VECTOR('',#2207,1.);
#480=VECTOR('',#2208,1.);
#481=VECTOR('',#2209,1.);
#482=VECTOR('',#2212,1.);
#483=VECTOR('',#2213,1.);
#484=VECTOR('',#2214,1.);
#485=VECTOR('',#2217,1.);
#486=VECTOR('',#2218,1.);
#487=VECTOR('',#2219,1.);
#488=VECTOR('',#2222,1.);
#489=VECTOR('',#2223,1.);
#490=VECTOR('',#2224,1.);
#491=VECTOR('',#2227,1.);
#492=VECTOR('',#2228,1.);
#493=VECTOR('',#2229,1.);
#494=VECTOR('',#2232,1.);
#495=VECTOR('',#2233,1.);
#496=VECTOR('',#2234,1.);
#497=VECTOR('',#2237,1.);
#498=VECTOR('',#2238,1.);
#499=VECTOR('',#2239,1.);
#500=VECTOR('',#2242,1.);
#501=VECTOR('',#2243,1.);
#502=VECTOR('',#2244,1.);
#503=VECTOR('',#2247,1.);
#504=VECTOR('',#2248,1.);
#505=VECTOR('',#2249,1.);
#506=VECTOR('',#2252,1.);
#507=VECTOR('',#2253,1.);
#508=VECTOR('',#2254,1.);
#509=VECTOR('',#2257,1.);
#510=VECTOR('',#2258,1.);
#511=VECTOR('',#2259,1.);
#512=VECTOR('',#2262,1.);
#513=VECTOR('',#2263,1.);
#514=VECTOR('',#2264,1.);
#515=VECTOR('',#2267,1.);
#516=VECTOR('',#2268,1.);
#517=VECTOR('',#2269,1.);
#518=VECTOR('',#2272,1.);
#519=VECTOR('',#2273,1.);
#520=VECTOR('',#2274,1.);
#521=VECTOR('',#2277,1.);
#522=VECTOR('',#2278,1.);
#523=VECTOR('',#2279,1.);
#524=VECTOR('',#2282,1.);
#525=VECTOR('',#2283,1.);
#526=VECTOR('',#2284,1.);
#527=VECTOR('',#2287,1.);
#528=VECTOR('',#2288,1.);
#529=VECTOR('',#2289,1.);
#530=VECTOR('',#2292,1.);
#531=VECTOR('',#2293,1.);
#532=VECTOR('',#2294,1.);
#533=VECTOR('',#2297,1.);
#534=VECTOR('',#2298,1.);
#535=VECTOR('',#2299,1.);
#536=VECTOR('',#2302,1.);
#537=VECTOR('',#2303,1.);
#538=VECTOR('',#2304,1.);
#539=VECTOR('',#2307,1.);
#540=VECTOR('',#2308,1.);
#541=VECTOR('',#2309,1.);
#542=VECTOR('',#2312,1.);
#543=VECTOR('',#2313,1.);
#544=VECTOR('',#2314,1.);
#545=VECTOR('',#2317,1.);
#546=VECTOR('',#2318,1.);
#547=VECTOR('',#2319,1.);
#548=VECTOR('',#2322,1.);
#549=VECTOR('',#2323,1.);
#550=VECTOR('',#2324,1.);
#551=VECTOR('',#2327,1.);
#552=VECTOR('',#2328,1.);
#553=VECTOR('',#2329,1.);
#554=VECTOR('',#2332,1.);
#555=VECTOR('',#2333,1.);
#556=VECTOR('',#2334,1.);
#557=VECTOR('',#2337,1.);
#558=VECTOR('',#2338,1.);
#559=VECTOR('',#2339,1.);
#560=VECTOR('',#2342,1.);
#561=VECTOR('',#2343,1.);
#562=VECTOR('',#2344,1.);
#563=VECTOR('',#2347,1.);
#564=VECTOR('',#2348,1.);
#565=VECTOR('',#2349,1.);
#566=VECTOR('',#2352,1.);
#567=VECTOR('',#2353,1.);
#568=VECTOR('',#2354,1.);
#569=VECTOR('',#2357,1.);
#570=VECTOR('',#2358,1.);
#571=VECTOR('',#2359,1.);
#572=VECTOR('',#2362,1.);
#573=VECTOR('',#2363,1.);
#574=VECTOR('',#2364,1.);
#575=VECTOR('',#2367,1.);
#576=VECTOR('',#2368,1.);
#577=VECTOR('',#2369,1.);
#578=VECTOR('',#2372,1.);
#579=VECTOR('',#2373,1.);
#580=VECTOR('',#2374,1.);
#581=VECTOR('',#2377,1.);
#582=VECTOR('',#2378,1.);
#583=VECTOR('',#2379,1.);
#584=VECTOR('',#2382,1.);
#585=VECTOR('',#2383,1.);
#586=VECTOR('',#2384,1.);
#587=VECTOR('',#2387,1.);
#588=VECTOR('',#2388,1.);
#589=VECTOR('',#2389,1.);
#590=VECTOR('',#2392,1.);
#591=VECTOR('',#2393,1.);
#592=VECTOR('',#2394,1.);
#593=VECTOR('',#2397,1.);
#594=VECTOR('',#2398,1.);
#595=VECTOR('',#2399,1.);
#596=VECTOR('',#2402,1.);
#597=VECTOR('',#2403,1.);
#598=VECTOR('',#2404,1.);
#599=VECTOR('',#2407,1.);
#600=VECTOR('',#2408,1.);
#601=VECTOR('',#2409,1.);
#602=VECTOR('',#2412,1.);
#603=VECTOR('',#2413,1.);
#604=VECTOR('',#2414,1.);
#605=VECTOR('',#2417,1.);
#606=VECTOR('',#2418,1.);
#607=VECTOR('',#2419,1.);
#608=VECTOR('',#2422,1.);
#609=VECTOR('',#2423,1.);
#610=VECTOR('',#2424,1.);
#611=VECTOR('',#2427,1.);
#612=VECTOR('',#2428,1.);
#613=VECTOR('',#2429,1.);
#614=VECTOR('',#2432,1.);
#615=VECTOR('',#2433,1.);
#616=VECTOR('',#2434,1.);
#617=VECTOR('',#2437,1.);
#618=VECTOR('',#2438,1.);
#619=VECTOR('',#2439,1.);
#620=VECTOR('',#2442,1.);
#621=VECTOR('',#2443,1.);
#622=VECTOR('',#2444,1.);
#623=VECTOR('',#2447,1.);
#624=VECTOR('',#2448,1.);
#625=VECTOR('',#2449,1.);
#626=VECTOR('',#2452,1.);
#627=VECTOR('',#2453,1.);
#628=VECTOR('',#2454,1.);
#629=VECTOR('',#2457,1.);
#630=VECTOR('',#2458,1.);
#631=VECTOR('',#2459,1.);
#632=VECTOR('',#2462,1.);
#633=VECTOR('',#2463,1.);
#634=VECTOR('',#2464,1.);
#635=VECTOR('',#2467,1.);
#636=VECTOR('',#2468,1.);
#637=VECTOR('',#2471,1.);
#638=VECTOR('',#2472,1.);
#639=ORIENTED_EDGE('',*,*,#1179,.F.);
#640=ORIENTED_EDGE('',*,*,#1180,.F.);
#641=ORIENTED_EDGE('',*,*,#1181,.T.);
#642=ORIENTED_EDGE('',*,*,#1182,.T.);
#643=ORIENTED_EDGE('',*,*,#1183,.T.);
#644=ORIENTED_EDGE('',*,*,#1184,.F.);
#645=ORIENTED_EDGE('',*,*,#1185,.F.);
#646=ORIENTED_EDGE('',*,*,#1186,.T.);
#647=ORIENTED_EDGE('',*,*,#1187,.T.);
#648=ORIENTED_EDGE('',*,*,#1188,.F.);
#649=ORIENTED_EDGE('',*,*,#1189,.F.);
#650=ORIENTED_EDGE('',*,*,#1184,.T.);
#651=ORIENTED_EDGE('',*,*,#1190,.F.);
#652=ORIENTED_EDGE('',*,*,#1191,.F.);
#653=ORIENTED_EDGE('',*,*,#1192,.T.);
#654=ORIENTED_EDGE('',*,*,#1188,.T.);
#655=ORIENTED_EDGE('',*,*,#1193,.F.);
#656=ORIENTED_EDGE('',*,*,#1194,.F.);
#657=ORIENTED_EDGE('',*,*,#1195,.T.);
#658=ORIENTED_EDGE('',*,*,#1191,.T.);
#659=ORIENTED_EDGE('',*,*,#1196,.T.);
#660=ORIENTED_EDGE('',*,*,#1197,.F.);
#661=ORIENTED_EDGE('',*,*,#1198,.F.);
#662=ORIENTED_EDGE('',*,*,#1194,.T.);
#663=ORIENTED_EDGE('',*,*,#1199,.T.);
#664=ORIENTED_EDGE('',*,*,#1200,.F.);
#665=ORIENTED_EDGE('',*,*,#1201,.F.);
#666=ORIENTED_EDGE('',*,*,#1197,.T.);
#667=ORIENTED_EDGE('',*,*,#1202,.F.);
#668=ORIENTED_EDGE('',*,*,#1203,.F.);
#669=ORIENTED_EDGE('',*,*,#1204,.T.);
#670=ORIENTED_EDGE('',*,*,#1200,.T.);
#671=ORIENTED_EDGE('',*,*,#1205,.F.);
#672=ORIENTED_EDGE('',*,*,#1206,.F.);
#673=ORIENTED_EDGE('',*,*,#1207,.T.);
#674=ORIENTED_EDGE('',*,*,#1203,.T.);
#675=ORIENTED_EDGE('',*,*,#1208,.T.);
#676=ORIENTED_EDGE('',*,*,#1209,.F.);
#677=ORIENTED_EDGE('',*,*,#1210,.F.);
#678=ORIENTED_EDGE('',*,*,#1206,.T.);
#679=ORIENTED_EDGE('',*,*,#1211,.T.);
#680=ORIENTED_EDGE('',*,*,#1212,.F.);
#681=ORIENTED_EDGE('',*,*,#1213,.F.);
#682=ORIENTED_EDGE('',*,*,#1209,.T.);
#683=ORIENTED_EDGE('',*,*,#1214,.F.);
#684=ORIENTED_EDGE('',*,*,#1215,.F.);
#685=ORIENTED_EDGE('',*,*,#1216,.T.);
#686=ORIENTED_EDGE('',*,*,#1212,.T.);
#687=ORIENTED_EDGE('',*,*,#1217,.F.);
#688=ORIENTED_EDGE('',*,*,#1218,.F.);
#689=ORIENTED_EDGE('',*,*,#1219,.T.);
#690=ORIENTED_EDGE('',*,*,#1215,.T.);
#691=ORIENTED_EDGE('',*,*,#1220,.T.);
#692=ORIENTED_EDGE('',*,*,#1221,.F.);
#693=ORIENTED_EDGE('',*,*,#1222,.F.);
#694=ORIENTED_EDGE('',*,*,#1218,.T.);
#695=ORIENTED_EDGE('',*,*,#1223,.T.);
#696=ORIENTED_EDGE('',*,*,#1224,.F.);
#697=ORIENTED_EDGE('',*,*,#1225,.F.);
#698=ORIENTED_EDGE('',*,*,#1221,.T.);
#699=ORIENTED_EDGE('',*,*,#1226,.F.);
#700=ORIENTED_EDGE('',*,*,#1227,.F.);
#701=ORIENTED_EDGE('',*,*,#1228,.T.);
#702=ORIENTED_EDGE('',*,*,#1224,.T.);
#703=ORIENTED_EDGE('',*,*,#1229,.F.);
#704=ORIENTED_EDGE('',*,*,#1230,.F.);
#705=ORIENTED_EDGE('',*,*,#1231,.T.);
#706=ORIENTED_EDGE('',*,*,#1227,.T.);
#707=ORIENTED_EDGE('',*,*,#1232,.T.);
#708=ORIENTED_EDGE('',*,*,#1233,.F.);
#709=ORIENTED_EDGE('',*,*,#1234,.F.);
#710=ORIENTED_EDGE('',*,*,#1230,.T.);
#711=ORIENTED_EDGE('',*,*,#1235,.T.);
#712=ORIENTED_EDGE('',*,*,#1236,.F.);
#713=ORIENTED_EDGE('',*,*,#1237,.F.);
#714=ORIENTED_EDGE('',*,*,#1233,.T.);
#715=ORIENTED_EDGE('',*,*,#1238,.F.);
#716=ORIENTED_EDGE('',*,*,#1239,.F.);
#717=ORIENTED_EDGE('',*,*,#1240,.T.);
#718=ORIENTED_EDGE('',*,*,#1236,.T.);
#719=ORIENTED_EDGE('',*,*,#1241,.F.);
#720=ORIENTED_EDGE('',*,*,#1242,.F.);
#721=ORIENTED_EDGE('',*,*,#1243,.T.);
#722=ORIENTED_EDGE('',*,*,#1239,.T.);
#723=ORIENTED_EDGE('',*,*,#1244,.T.);
#724=ORIENTED_EDGE('',*,*,#1245,.F.);
#725=ORIENTED_EDGE('',*,*,#1246,.F.);
#726=ORIENTED_EDGE('',*,*,#1242,.T.);
#727=ORIENTED_EDGE('',*,*,#1247,.T.);
#728=ORIENTED_EDGE('',*,*,#1248,.F.);
#729=ORIENTED_EDGE('',*,*,#1249,.F.);
#730=ORIENTED_EDGE('',*,*,#1245,.T.);
#731=ORIENTED_EDGE('',*,*,#1250,.F.);
#732=ORIENTED_EDGE('',*,*,#1251,.F.);
#733=ORIENTED_EDGE('',*,*,#1252,.T.);
#734=ORIENTED_EDGE('',*,*,#1248,.T.);
#735=ORIENTED_EDGE('',*,*,#1253,.F.);
#736=ORIENTED_EDGE('',*,*,#1254,.F.);
#737=ORIENTED_EDGE('',*,*,#1255,.T.);
#738=ORIENTED_EDGE('',*,*,#1251,.T.);
#739=ORIENTED_EDGE('',*,*,#1256,.T.);
#740=ORIENTED_EDGE('',*,*,#1257,.F.);
#741=ORIENTED_EDGE('',*,*,#1258,.F.);
#742=ORIENTED_EDGE('',*,*,#1254,.T.);
#743=ORIENTED_EDGE('',*,*,#1259,.T.);
#744=ORIENTED_EDGE('',*,*,#1260,.F.);
#745=ORIENTED_EDGE('',*,*,#1261,.F.);
#746=ORIENTED_EDGE('',*,*,#1257,.T.);
#747=ORIENTED_EDGE('',*,*,#1262,.F.);
#748=ORIENTED_EDGE('',*,*,#1263,.F.);
#749=ORIENTED_EDGE('',*,*,#1264,.T.);
#750=ORIENTED_EDGE('',*,*,#1260,.T.);
#751=ORIENTED_EDGE('',*,*,#1265,.F.);
#752=ORIENTED_EDGE('',*,*,#1266,.F.);
#753=ORIENTED_EDGE('',*,*,#1267,.T.);
#754=ORIENTED_EDGE('',*,*,#1263,.T.);
#755=ORIENTED_EDGE('',*,*,#1268,.T.);
#756=ORIENTED_EDGE('',*,*,#1269,.F.);
#757=ORIENTED_EDGE('',*,*,#1270,.F.);
#758=ORIENTED_EDGE('',*,*,#1266,.T.);
#759=ORIENTED_EDGE('',*,*,#1271,.T.);
#760=ORIENTED_EDGE('',*,*,#1272,.F.);
#761=ORIENTED_EDGE('',*,*,#1273,.F.);
#762=ORIENTED_EDGE('',*,*,#1269,.T.);
#763=ORIENTED_EDGE('',*,*,#1274,.F.);
#764=ORIENTED_EDGE('',*,*,#1275,.F.);
#765=ORIENTED_EDGE('',*,*,#1276,.T.);
#766=ORIENTED_EDGE('',*,*,#1272,.T.);
#767=ORIENTED_EDGE('',*,*,#1277,.F.);
#768=ORIENTED_EDGE('',*,*,#1278,.F.);
#769=ORIENTED_EDGE('',*,*,#1279,.T.);
#770=ORIENTED_EDGE('',*,*,#1275,.T.);
#771=ORIENTED_EDGE('',*,*,#1280,.T.);
#772=ORIENTED_EDGE('',*,*,#1281,.F.);
#773=ORIENTED_EDGE('',*,*,#1282,.F.);
#774=ORIENTED_EDGE('',*,*,#1278,.T.);
#775=ORIENTED_EDGE('',*,*,#1283,.T.);
#776=ORIENTED_EDGE('',*,*,#1284,.F.);
#777=ORIENTED_EDGE('',*,*,#1285,.F.);
#778=ORIENTED_EDGE('',*,*,#1281,.T.);
#779=ORIENTED_EDGE('',*,*,#1286,.F.);
#780=ORIENTED_EDGE('',*,*,#1287,.F.);
#781=ORIENTED_EDGE('',*,*,#1288,.T.);
#782=ORIENTED_EDGE('',*,*,#1284,.T.);
#783=ORIENTED_EDGE('',*,*,#1289,.F.);
#784=ORIENTED_EDGE('',*,*,#1290,.F.);
#785=ORIENTED_EDGE('',*,*,#1291,.T.);
#786=ORIENTED_EDGE('',*,*,#1287,.T.);
#787=ORIENTED_EDGE('',*,*,#1292,.T.);
#788=ORIENTED_EDGE('',*,*,#1293,.F.);
#789=ORIENTED_EDGE('',*,*,#1294,.F.);
#790=ORIENTED_EDGE('',*,*,#1290,.T.);
#791=ORIENTED_EDGE('',*,*,#1295,.T.);
#792=ORIENTED_EDGE('',*,*,#1296,.F.);
#793=ORIENTED_EDGE('',*,*,#1297,.F.);
#794=ORIENTED_EDGE('',*,*,#1293,.T.);
#795=ORIENTED_EDGE('',*,*,#1298,.F.);
#796=ORIENTED_EDGE('',*,*,#1299,.F.);
#797=ORIENTED_EDGE('',*,*,#1300,.T.);
#798=ORIENTED_EDGE('',*,*,#1296,.T.);
#799=ORIENTED_EDGE('',*,*,#1301,.F.);
#800=ORIENTED_EDGE('',*,*,#1302,.F.);
#801=ORIENTED_EDGE('',*,*,#1303,.T.);
#802=ORIENTED_EDGE('',*,*,#1299,.T.);
#803=ORIENTED_EDGE('',*,*,#1304,.T.);
#804=ORIENTED_EDGE('',*,*,#1305,.F.);
#805=ORIENTED_EDGE('',*,*,#1306,.F.);
#806=ORIENTED_EDGE('',*,*,#1302,.T.);
#807=ORIENTED_EDGE('',*,*,#1307,.T.);
#808=ORIENTED_EDGE('',*,*,#1308,.F.);
#809=ORIENTED_EDGE('',*,*,#1309,.F.);
#810=ORIENTED_EDGE('',*,*,#1305,.T.);
#811=ORIENTED_EDGE('',*,*,#1310,.F.);
#812=ORIENTED_EDGE('',*,*,#1311,.F.);
#813=ORIENTED_EDGE('',*,*,#1312,.T.);
#814=ORIENTED_EDGE('',*,*,#1308,.T.);
#815=ORIENTED_EDGE('',*,*,#1313,.F.);
#816=ORIENTED_EDGE('',*,*,#1314,.F.);
#817=ORIENTED_EDGE('',*,*,#1315,.T.);
#818=ORIENTED_EDGE('',*,*,#1311,.T.);
#819=ORIENTED_EDGE('',*,*,#1316,.T.);
#820=ORIENTED_EDGE('',*,*,#1317,.F.);
#821=ORIENTED_EDGE('',*,*,#1318,.F.);
#822=ORIENTED_EDGE('',*,*,#1314,.T.);
#823=ORIENTED_EDGE('',*,*,#1319,.T.);
#824=ORIENTED_EDGE('',*,*,#1320,.F.);
#825=ORIENTED_EDGE('',*,*,#1321,.F.);
#826=ORIENTED_EDGE('',*,*,#1317,.T.);
#827=ORIENTED_EDGE('',*,*,#1322,.F.);
#828=ORIENTED_EDGE('',*,*,#1323,.F.);
#829=ORIENTED_EDGE('',*,*,#1324,.T.);
#830=ORIENTED_EDGE('',*,*,#1320,.T.);
#831=ORIENTED_EDGE('',*,*,#1325,.F.);
#832=ORIENTED_EDGE('',*,*,#1326,.F.);
#833=ORIENTED_EDGE('',*,*,#1327,.T.);
#834=ORIENTED_EDGE('',*,*,#1323,.T.);
#835=ORIENTED_EDGE('',*,*,#1328,.T.);
#836=ORIENTED_EDGE('',*,*,#1329,.F.);
#837=ORIENTED_EDGE('',*,*,#1330,.F.);
#838=ORIENTED_EDGE('',*,*,#1326,.T.);
#839=ORIENTED_EDGE('',*,*,#1331,.T.);
#840=ORIENTED_EDGE('',*,*,#1332,.F.);
#841=ORIENTED_EDGE('',*,*,#1333,.F.);
#842=ORIENTED_EDGE('',*,*,#1329,.T.);
#843=ORIENTED_EDGE('',*,*,#1334,.F.);
#844=ORIENTED_EDGE('',*,*,#1335,.F.);
#845=ORIENTED_EDGE('',*,*,#1336,.T.);
#846=ORIENTED_EDGE('',*,*,#1332,.T.);
#847=ORIENTED_EDGE('',*,*,#1337,.F.);
#848=ORIENTED_EDGE('',*,*,#1338,.F.);
#849=ORIENTED_EDGE('',*,*,#1339,.T.);
#850=ORIENTED_EDGE('',*,*,#1335,.T.);
#851=ORIENTED_EDGE('',*,*,#1340,.T.);
#852=ORIENTED_EDGE('',*,*,#1341,.F.);
#853=ORIENTED_EDGE('',*,*,#1342,.F.);
#854=ORIENTED_EDGE('',*,*,#1338,.T.);
#855=ORIENTED_EDGE('',*,*,#1343,.T.);
#856=ORIENTED_EDGE('',*,*,#1344,.F.);
#857=ORIENTED_EDGE('',*,*,#1345,.F.);
#858=ORIENTED_EDGE('',*,*,#1341,.T.);
#859=ORIENTED_EDGE('',*,*,#1346,.F.);
#860=ORIENTED_EDGE('',*,*,#1347,.F.);
#861=ORIENTED_EDGE('',*,*,#1348,.T.);
#862=ORIENTED_EDGE('',*,*,#1344,.T.);
#863=ORIENTED_EDGE('',*,*,#1349,.F.);
#864=ORIENTED_EDGE('',*,*,#1350,.F.);
#865=ORIENTED_EDGE('',*,*,#1351,.T.);
#866=ORIENTED_EDGE('',*,*,#1347,.T.);
#867=ORIENTED_EDGE('',*,*,#1352,.T.);
#868=ORIENTED_EDGE('',*,*,#1353,.F.);
#869=ORIENTED_EDGE('',*,*,#1354,.F.);
#870=ORIENTED_EDGE('',*,*,#1350,.T.);
#871=ORIENTED_EDGE('',*,*,#1355,.T.);
#872=ORIENTED_EDGE('',*,*,#1356,.F.);
#873=ORIENTED_EDGE('',*,*,#1357,.F.);
#874=ORIENTED_EDGE('',*,*,#1353,.T.);
#875=ORIENTED_EDGE('',*,*,#1358,.F.);
#876=ORIENTED_EDGE('',*,*,#1359,.F.);
#877=ORIENTED_EDGE('',*,*,#1360,.T.);
#878=ORIENTED_EDGE('',*,*,#1356,.T.);
#879=ORIENTED_EDGE('',*,*,#1361,.F.);
#880=ORIENTED_EDGE('',*,*,#1362,.F.);
#881=ORIENTED_EDGE('',*,*,#1363,.T.);
#882=ORIENTED_EDGE('',*,*,#1359,.T.);
#883=ORIENTED_EDGE('',*,*,#1364,.T.);
#884=ORIENTED_EDGE('',*,*,#1365,.F.);
#885=ORIENTED_EDGE('',*,*,#1366,.F.);
#886=ORIENTED_EDGE('',*,*,#1362,.T.);
#887=ORIENTED_EDGE('',*,*,#1367,.T.);
#888=ORIENTED_EDGE('',*,*,#1368,.F.);
#889=ORIENTED_EDGE('',*,*,#1369,.F.);
#890=ORIENTED_EDGE('',*,*,#1365,.T.);
#891=ORIENTED_EDGE('',*,*,#1370,.F.);
#892=ORIENTED_EDGE('',*,*,#1371,.F.);
#893=ORIENTED_EDGE('',*,*,#1372,.T.);
#894=ORIENTED_EDGE('',*,*,#1368,.T.);
#895=ORIENTED_EDGE('',*,*,#1373,.F.);
#896=ORIENTED_EDGE('',*,*,#1374,.F.);
#897=ORIENTED_EDGE('',*,*,#1375,.T.);
#898=ORIENTED_EDGE('',*,*,#1371,.T.);
#899=ORIENTED_EDGE('',*,*,#1376,.T.);
#900=ORIENTED_EDGE('',*,*,#1377,.F.);
#901=ORIENTED_EDGE('',*,*,#1378,.F.);
#902=ORIENTED_EDGE('',*,*,#1374,.T.);
#903=ORIENTED_EDGE('',*,*,#1379,.T.);
#904=ORIENTED_EDGE('',*,*,#1380,.F.);
#905=ORIENTED_EDGE('',*,*,#1381,.F.);
#906=ORIENTED_EDGE('',*,*,#1377,.T.);
#907=ORIENTED_EDGE('',*,*,#1382,.F.);
#908=ORIENTED_EDGE('',*,*,#1383,.F.);
#909=ORIENTED_EDGE('',*,*,#1384,.T.);
#910=ORIENTED_EDGE('',*,*,#1380,.T.);
#911=ORIENTED_EDGE('',*,*,#1385,.F.);
#912=ORIENTED_EDGE('',*,*,#1386,.F.);
#913=ORIENTED_EDGE('',*,*,#1387,.T.);
#914=ORIENTED_EDGE('',*,*,#1383,.T.);
#915=ORIENTED_EDGE('',*,*,#1388,.T.);
#916=ORIENTED_EDGE('',*,*,#1389,.F.);
#917=ORIENTED_EDGE('',*,*,#1390,.F.);
#918=ORIENTED_EDGE('',*,*,#1386,.T.);
#919=ORIENTED_EDGE('',*,*,#1391,.T.);
#920=ORIENTED_EDGE('',*,*,#1392,.F.);
#921=ORIENTED_EDGE('',*,*,#1393,.F.);
#922=ORIENTED_EDGE('',*,*,#1389,.T.);
#923=ORIENTED_EDGE('',*,*,#1394,.F.);
#924=ORIENTED_EDGE('',*,*,#1395,.F.);
#925=ORIENTED_EDGE('',*,*,#1396,.T.);
#926=ORIENTED_EDGE('',*,*,#1392,.T.);
#927=ORIENTED_EDGE('',*,*,#1397,.F.);
#928=ORIENTED_EDGE('',*,*,#1398,.F.);
#929=ORIENTED_EDGE('',*,*,#1399,.T.);
#930=ORIENTED_EDGE('',*,*,#1395,.T.);
#931=ORIENTED_EDGE('',*,*,#1400,.T.);
#932=ORIENTED_EDGE('',*,*,#1401,.F.);
#933=ORIENTED_EDGE('',*,*,#1402,.F.);
#934=ORIENTED_EDGE('',*,*,#1398,.T.);
#935=ORIENTED_EDGE('',*,*,#1403,.T.);
#936=ORIENTED_EDGE('',*,*,#1404,.F.);
#937=ORIENTED_EDGE('',*,*,#1405,.F.);
#938=ORIENTED_EDGE('',*,*,#1401,.T.);
#939=ORIENTED_EDGE('',*,*,#1406,.F.);
#940=ORIENTED_EDGE('',*,*,#1407,.F.);
#941=ORIENTED_EDGE('',*,*,#1408,.T.);
#942=ORIENTED_EDGE('',*,*,#1404,.T.);
#943=ORIENTED_EDGE('',*,*,#1409,.F.);
#944=ORIENTED_EDGE('',*,*,#1410,.F.);
#945=ORIENTED_EDGE('',*,*,#1411,.T.);
#946=ORIENTED_EDGE('',*,*,#1407,.T.);
#947=ORIENTED_EDGE('',*,*,#1412,.T.);
#948=ORIENTED_EDGE('',*,*,#1413,.F.);
#949=ORIENTED_EDGE('',*,*,#1414,.F.);
#950=ORIENTED_EDGE('',*,*,#1410,.T.);
#951=ORIENTED_EDGE('',*,*,#1415,.T.);
#952=ORIENTED_EDGE('',*,*,#1416,.F.);
#953=ORIENTED_EDGE('',*,*,#1417,.F.);
#954=ORIENTED_EDGE('',*,*,#1413,.T.);
#955=ORIENTED_EDGE('',*,*,#1418,.F.);
#956=ORIENTED_EDGE('',*,*,#1419,.F.);
#957=ORIENTED_EDGE('',*,*,#1420,.T.);
#958=ORIENTED_EDGE('',*,*,#1416,.T.);
#959=ORIENTED_EDGE('',*,*,#1421,.F.);
#960=ORIENTED_EDGE('',*,*,#1422,.F.);
#961=ORIENTED_EDGE('',*,*,#1423,.T.);
#962=ORIENTED_EDGE('',*,*,#1419,.T.);
#963=ORIENTED_EDGE('',*,*,#1424,.T.);
#964=ORIENTED_EDGE('',*,*,#1425,.F.);
#965=ORIENTED_EDGE('',*,*,#1426,.F.);
#966=ORIENTED_EDGE('',*,*,#1422,.T.);
#967=ORIENTED_EDGE('',*,*,#1427,.T.);
#968=ORIENTED_EDGE('',*,*,#1428,.F.);
#969=ORIENTED_EDGE('',*,*,#1429,.F.);
#970=ORIENTED_EDGE('',*,*,#1425,.T.);
#971=ORIENTED_EDGE('',*,*,#1430,.F.);
#972=ORIENTED_EDGE('',*,*,#1431,.F.);
#973=ORIENTED_EDGE('',*,*,#1432,.T.);
#974=ORIENTED_EDGE('',*,*,#1428,.T.);
#975=ORIENTED_EDGE('',*,*,#1433,.F.);
#976=ORIENTED_EDGE('',*,*,#1434,.F.);
#977=ORIENTED_EDGE('',*,*,#1435,.T.);
#978=ORIENTED_EDGE('',*,*,#1431,.T.);
#979=ORIENTED_EDGE('',*,*,#1436,.T.);
#980=ORIENTED_EDGE('',*,*,#1437,.F.);
#981=ORIENTED_EDGE('',*,*,#1438,.F.);
#982=ORIENTED_EDGE('',*,*,#1434,.T.);
#983=ORIENTED_EDGE('',*,*,#1439,.T.);
#984=ORIENTED_EDGE('',*,*,#1440,.F.);
#985=ORIENTED_EDGE('',*,*,#1441,.F.);
#986=ORIENTED_EDGE('',*,*,#1437,.T.);
#987=ORIENTED_EDGE('',*,*,#1442,.F.);
#988=ORIENTED_EDGE('',*,*,#1443,.F.);
#989=ORIENTED_EDGE('',*,*,#1444,.T.);
#990=ORIENTED_EDGE('',*,*,#1440,.T.);
#991=ORIENTED_EDGE('',*,*,#1445,.F.);
#992=ORIENTED_EDGE('',*,*,#1186,.F.);
#993=ORIENTED_EDGE('',*,*,#1446,.T.);
#994=ORIENTED_EDGE('',*,*,#1443,.T.);
#995=ORIENTED_EDGE('',*,*,#1447,.F.);
#996=ORIENTED_EDGE('',*,*,#1182,.F.);
#997=ORIENTED_EDGE('',*,*,#1448,.T.);
#998=ORIENTED_EDGE('',*,*,#1180,.T.);
#999=ORIENTED_EDGE('',*,*,#1185,.T.);
#1000=ORIENTED_EDGE('',*,*,#1189,.T.);
#1001=ORIENTED_EDGE('',*,*,#1192,.F.);
#1002=ORIENTED_EDGE('',*,*,#1195,.F.);
#1003=ORIENTED_EDGE('',*,*,#1198,.T.);
#1004=ORIENTED_EDGE('',*,*,#1201,.T.);
#1005=ORIENTED_EDGE('',*,*,#1204,.F.);
#1006=ORIENTED_EDGE('',*,*,#1207,.F.);
#1007=ORIENTED_EDGE('',*,*,#1210,.T.);
#1008=ORIENTED_EDGE('',*,*,#1213,.T.);
#1009=ORIENTED_EDGE('',*,*,#1216,.F.);
#1010=ORIENTED_EDGE('',*,*,#1219,.F.);
#1011=ORIENTED_EDGE('',*,*,#1222,.T.);
#1012=ORIENTED_EDGE('',*,*,#1225,.T.);
#1013=ORIENTED_EDGE('',*,*,#1228,.F.);
#1014=ORIENTED_EDGE('',*,*,#1231,.F.);
#1015=ORIENTED_EDGE('',*,*,#1234,.T.);
#1016=ORIENTED_EDGE('',*,*,#1237,.T.);
#1017=ORIENTED_EDGE('',*,*,#1240,.F.);
#1018=ORIENTED_EDGE('',*,*,#1243,.F.);
#1019=ORIENTED_EDGE('',*,*,#1246,.T.);
#1020=ORIENTED_EDGE('',*,*,#1249,.T.);
#1021=ORIENTED_EDGE('',*,*,#1252,.F.);
#1022=ORIENTED_EDGE('',*,*,#1255,.F.);
#1023=ORIENTED_EDGE('',*,*,#1258,.T.);
#1024=ORIENTED_EDGE('',*,*,#1261,.T.);
#1025=ORIENTED_EDGE('',*,*,#1264,.F.);
#1026=ORIENTED_EDGE('',*,*,#1267,.F.);
#1027=ORIENTED_EDGE('',*,*,#1270,.T.);
#1028=ORIENTED_EDGE('',*,*,#1273,.T.);
#1029=ORIENTED_EDGE('',*,*,#1276,.F.);
#1030=ORIENTED_EDGE('',*,*,#1279,.F.);
#1031=ORIENTED_EDGE('',*,*,#1282,.T.);
#1032=ORIENTED_EDGE('',*,*,#1285,.T.);
#1033=ORIENTED_EDGE('',*,*,#1288,.F.);
#1034=ORIENTED_EDGE('',*,*,#1291,.F.);
#1035=ORIENTED_EDGE('',*,*,#1294,.T.);
#1036=ORIENTED_EDGE('',*,*,#1297,.T.);
#1037=ORIENTED_EDGE('',*,*,#1300,.F.);
#1038=ORIENTED_EDGE('',*,*,#1303,.F.);
#1039=ORIENTED_EDGE('',*,*,#1306,.T.);
#1040=ORIENTED_EDGE('',*,*,#1309,.T.);
#1041=ORIENTED_EDGE('',*,*,#1312,.F.);
#1042=ORIENTED_EDGE('',*,*,#1315,.F.);
#1043=ORIENTED_EDGE('',*,*,#1318,.T.);
#1044=ORIENTED_EDGE('',*,*,#1321,.T.);
#1045=ORIENTED_EDGE('',*,*,#1324,.F.);
#1046=ORIENTED_EDGE('',*,*,#1327,.F.);
#1047=ORIENTED_EDGE('',*,*,#1330,.T.);
#1048=ORIENTED_EDGE('',*,*,#1333,.T.);
#1049=ORIENTED_EDGE('',*,*,#1336,.F.);
#1050=ORIENTED_EDGE('',*,*,#1339,.F.);
#1051=ORIENTED_EDGE('',*,*,#1342,.T.);
#1052=ORIENTED_EDGE('',*,*,#1345,.T.);
#1053=ORIENTED_EDGE('',*,*,#1348,.F.);
#1054=ORIENTED_EDGE('',*,*,#1351,.F.);
#1055=ORIENTED_EDGE('',*,*,#1354,.T.);
#1056=ORIENTED_EDGE('',*,*,#1357,.T.);
#1057=ORIENTED_EDGE('',*,*,#1360,.F.);
#1058=ORIENTED_EDGE('',*,*,#1363,.F.);
#1059=ORIENTED_EDGE('',*,*,#1366,.T.);
#1060=ORIENTED_EDGE('',*,*,#1369,.T.);
#1061=ORIENTED_EDGE('',*,*,#1372,.F.);
#1062=ORIENTED_EDGE('',*,*,#1375,.F.);
#1063=ORIENTED_EDGE('',*,*,#1378,.T.);
#1064=ORIENTED_EDGE('',*,*,#1381,.T.);
#1065=ORIENTED_EDGE('',*,*,#1384,.F.);
#1066=ORIENTED_EDGE('',*,*,#1387,.F.);
#1067=ORIENTED_EDGE('',*,*,#1390,.T.);
#1068=ORIENTED_EDGE('',*,*,#1393,.T.);
#1069=ORIENTED_EDGE('',*,*,#1396,.F.);
#1070=ORIENTED_EDGE('',*,*,#1399,.F.);
#1071=ORIENTED_EDGE('',*,*,#1402,.T.);
#1072=ORIENTED_EDGE('',*,*,#1405,.T.);
#1073=ORIENTED_EDGE('',*,*,#1408,.F.);
#1074=ORIENTED_EDGE('',*,*,#1411,.F.);
#1075=ORIENTED_EDGE('',*,*,#1414,.T.);
#1076=ORIENTED_EDGE('',*,*,#1417,.T.);
#1077=ORIENTED_EDGE('',*,*,#1420,.F.);
#1078=ORIENTED_EDGE('',*,*,#1423,.F.);
#1079=ORIENTED_EDGE('',*,*,#1426,.T.);
#1080=ORIENTED_EDGE('',*,*,#1429,.T.);
#1081=ORIENTED_EDGE('',*,*,#1432,.F.);
#1082=ORIENTED_EDGE('',*,*,#1435,.F.);
#1083=ORIENTED_EDGE('',*,*,#1438,.T.);
#1084=ORIENTED_EDGE('',*,*,#1441,.T.);
#1085=ORIENTED_EDGE('',*,*,#1444,.F.);
#1086=ORIENTED_EDGE('',*,*,#1446,.F.);
#1087=ORIENTED_EDGE('',*,*,#1181,.F.);
#1088=ORIENTED_EDGE('',*,*,#1448,.F.);
#1089=ORIENTED_EDGE('',*,*,#1183,.F.);
#1090=ORIENTED_EDGE('',*,*,#1445,.T.);
#1091=ORIENTED_EDGE('',*,*,#1442,.T.);
#1092=ORIENTED_EDGE('',*,*,#1439,.F.);
#1093=ORIENTED_EDGE('',*,*,#1436,.F.);
#1094=ORIENTED_EDGE('',*,*,#1433,.T.);
#1095=ORIENTED_EDGE('',*,*,#1430,.T.);
#1096=ORIENTED_EDGE('',*,*,#1427,.F.);
#1097=ORIENTED_EDGE('',*,*,#1424,.F.);
#1098=ORIENTED_EDGE('',*,*,#1421,.T.);
#1099=ORIENTED_EDGE('',*,*,#1418,.T.);
#1100=ORIENTED_EDGE('',*,*,#1415,.F.);
#1101=ORIENTED_EDGE('',*,*,#1412,.F.);
#1102=ORIENTED_EDGE('',*,*,#1409,.T.);
#1103=ORIENTED_EDGE('',*,*,#1406,.T.);
#1104=ORIENTED_EDGE('',*,*,#1403,.F.);
#1105=ORIENTED_EDGE('',*,*,#1400,.F.);
#1106=ORIENTED_EDGE('',*,*,#1397,.T.);
#1107=ORIENTED_EDGE('',*,*,#1394,.T.);
#1108=ORIENTED_EDGE('',*,*,#1391,.F.);
#1109=ORIENTED_EDGE('',*,*,#1388,.F.);
#1110=ORIENTED_EDGE('',*,*,#1385,.T.);
#1111=ORIENTED_EDGE('',*,*,#1382,.T.);
#1112=ORIENTED_EDGE('',*,*,#1379,.F.);
#1113=ORIENTED_EDGE('',*,*,#1376,.F.);
#1114=ORIENTED_EDGE('',*,*,#1373,.T.);
#1115=ORIENTED_EDGE('',*,*,#1370,.T.);
#1116=ORIENTED_EDGE('',*,*,#1367,.F.);
#1117=ORIENTED_EDGE('',*,*,#1364,.F.);
#1118=ORIENTED_EDGE('',*,*,#1361,.T.);
#1119=ORIENTED_EDGE('',*,*,#1358,.T.);
#1120=ORIENTED_EDGE('',*,*,#1355,.F.);
#1121=ORIENTED_EDGE('',*,*,#1352,.F.);
#1122=ORIENTED_EDGE('',*,*,#1349,.T.);
#1123=ORIENTED_EDGE('',*,*,#1346,.T.);
#1124=ORIENTED_EDGE('',*,*,#1343,.F.);
#1125=ORIENTED_EDGE('',*,*,#1340,.F.);
#1126=ORIENTED_EDGE('',*,*,#1337,.T.);
#1127=ORIENTED_EDGE('',*,*,#1334,.T.);
#1128=ORIENTED_EDGE('',*,*,#1331,.F.);
#1129=ORIENTED_EDGE('',*,*,#1328,.F.);
#1130=ORIENTED_EDGE('',*,*,#1325,.T.);
#1131=ORIENTED_EDGE('',*,*,#1322,.T.);
#1132=ORIENTED_EDGE('',*,*,#1319,.F.);
#1133=ORIENTED_EDGE('',*,*,#1316,.F.);
#1134=ORIENTED_EDGE('',*,*,#1313,.T.);
#1135=ORIENTED_EDGE('',*,*,#1310,.T.);
#1136=ORIENTED_EDGE('',*,*,#1307,.F.);
#1137=ORIENTED_EDGE('',*,*,#1304,.F.);
#1138=ORIENTED_EDGE('',*,*,#1301,.T.);
#1139=ORIENTED_EDGE('',*,*,#1298,.T.);
#1140=ORIENTED_EDGE('',*,*,#1295,.F.);
#1141=ORIENTED_EDGE('',*,*,#1292,.F.);
#1142=ORIENTED_EDGE('',*,*,#1289,.T.);
#1143=ORIENTED_EDGE('',*,*,#1286,.T.);
#1144=ORIENTED_EDGE('',*,*,#1283,.F.);
#1145=ORIENTED_EDGE('',*,*,#1280,.F.);
#1146=ORIENTED_EDGE('',*,*,#1277,.T.);
#1147=ORIENTED_EDGE('',*,*,#1274,.T.);
#1148=ORIENTED_EDGE('',*,*,#1271,.F.);
#1149=ORIENTED_EDGE('',*,*,#1268,.F.);
#1150=ORIENTED_EDGE('',*,*,#1265,.T.);
#1151=ORIENTED_EDGE('',*,*,#1262,.T.);
#1152=ORIENTED_EDGE('',*,*,#1259,.F.);
#1153=ORIENTED_EDGE('',*,*,#1256,.F.);
#1154=ORIENTED_EDGE('',*,*,#1253,.T.);
#1155=ORIENTED_EDGE('',*,*,#1250,.T.);
#1156=ORIENTED_EDGE('',*,*,#1247,.F.);
#1157=ORIENTED_EDGE('',*,*,#1244,.F.);
#1158=ORIENTED_EDGE('',*,*,#1241,.T.);
#1159=ORIENTED_EDGE('',*,*,#1238,.T.);
#1160=ORIENTED_EDGE('',*,*,#1235,.F.);
#1161=ORIENTED_EDGE('',*,*,#1232,.F.);
#1162=ORIENTED_EDGE('',*,*,#1229,.T.);
#1163=ORIENTED_EDGE('',*,*,#1226,.T.);
#1164=ORIENTED_EDGE('',*,*,#1223,.F.);
#1165=ORIENTED_EDGE('',*,*,#1220,.F.);
#1166=ORIENTED_EDGE('',*,*,#1217,.T.);
#1167=ORIENTED_EDGE('',*,*,#1214,.T.);
#1168=ORIENTED_EDGE('',*,*,#1211,.F.);
#1169=ORIENTED_EDGE('',*,*,#1208,.F.);
#1170=ORIENTED_EDGE('',*,*,#1205,.T.);
#1171=ORIENTED_EDGE('',*,*,#1202,.T.);
#1172=ORIENTED_EDGE('',*,*,#1199,.F.);
#1173=ORIENTED_EDGE('',*,*,#1196,.F.);
#1174=ORIENTED_EDGE('',*,*,#1193,.T.);
#1175=ORIENTED_EDGE('',*,*,#1190,.T.);
#1176=ORIENTED_EDGE('',*,*,#1187,.F.);
#1177=ORIENTED_EDGE('',*,*,#1179,.T.);
#1178=ORIENTED_EDGE('',*,*,#1447,.T.);
#1179=EDGE_CURVE('',#1449,#1450,#1629,.T.);
#1180=EDGE_CURVE('',#1451,#1449,#103,.T.);
#1181=EDGE_CURVE('',#1451,#1452,#1630,.T.);
#1182=EDGE_CURVE('',#1452,#1450,#104,.T.);
#1183=EDGE_CURVE('',#1453,#1454,#105,.T.);
#1184=EDGE_CURVE('',#1455,#1454,#106,.T.);
#1185=EDGE_CURVE('',#1456,#1455,#107,.T.);
#1186=EDGE_CURVE('',#1456,#1453,#108,.T.);
#1187=EDGE_CURVE('',#1454,#1457,#109,.T.);
#1188=EDGE_CURVE('',#1458,#1457,#110,.T.);
#1189=EDGE_CURVE('',#1455,#1458,#111,.T.);
#1190=EDGE_CURVE('',#1459,#1457,#112,.T.);
#1191=EDGE_CURVE('',#1460,#1459,#113,.T.);
#1192=EDGE_CURVE('',#1460,#1458,#114,.T.);
#1193=EDGE_CURVE('',#1461,#1459,#115,.T.);
#1194=EDGE_CURVE('',#1462,#1461,#116,.T.);
#1195=EDGE_CURVE('',#1462,#1460,#117,.T.);
#1196=EDGE_CURVE('',#1461,#1463,#118,.T.);
#1197=EDGE_CURVE('',#1464,#1463,#119,.T.);
#1198=EDGE_CURVE('',#1462,#1464,#120,.T.);
#1199=EDGE_CURVE('',#1463,#1465,#121,.T.);
#1200=EDGE_CURVE('',#1466,#1465,#122,.T.);
#1201=EDGE_CURVE('',#1464,#1466,#123,.T.);
#1202=EDGE_CURVE('',#1467,#1465,#124,.T.);
#1203=EDGE_CURVE('',#1468,#1467,#125,.T.);
#1204=EDGE_CURVE('',#1468,#1466,#126,.T.);
#1205=EDGE_CURVE('',#1469,#1467,#127,.T.);
#1206=EDGE_CURVE('',#1470,#1469,#128,.T.);
#1207=EDGE_CURVE('',#1470,#1468,#129,.T.);
#1208=EDGE_CURVE('',#1469,#1471,#130,.T.);
#1209=EDGE_CURVE('',#1472,#1471,#131,.T.);
#1210=EDGE_CURVE('',#1470,#1472,#132,.T.);
#1211=EDGE_CURVE('',#1471,#1473,#133,.T.);
#1212=EDGE_CURVE('',#1474,#1473,#134,.T.);
#1213=EDGE_CURVE('',#1472,#1474,#135,.T.);
#1214=EDGE_CURVE('',#1475,#1473,#136,.T.);
#1215=EDGE_CURVE('',#1476,#1475,#137,.T.);
#1216=EDGE_CURVE('',#1476,#1474,#138,.T.);
#1217=EDGE_CURVE('',#1477,#1475,#139,.T.);
#1218=EDGE_CURVE('',#1478,#1477,#140,.T.);
#1219=EDGE_CURVE('',#1478,#1476,#141,.T.);
#1220=EDGE_CURVE('',#1477,#1479,#142,.T.);
#1221=EDGE_CURVE('',#1480,#1479,#143,.T.);
#1222=EDGE_CURVE('',#1478,#1480,#144,.T.);
#1223=EDGE_CURVE('',#1479,#1481,#145,.T.);
#1224=EDGE_CURVE('',#1482,#1481,#146,.T.);
#1225=EDGE_CURVE('',#1480,#1482,#147,.T.);
#1226=EDGE_CURVE('',#1483,#1481,#148,.T.);
#1227=EDGE_CURVE('',#1484,#1483,#149,.T.);
#1228=EDGE_CURVE('',#1484,#1482,#150,.T.);
#1229=EDGE_CURVE('',#1485,#1483,#151,.T.);
#1230=EDGE_CURVE('',#1486,#1485,#152,.T.);
#1231=EDGE_CURVE('',#1486,#1484,#153,.T.);
#1232=EDGE_CURVE('',#1485,#1487,#154,.T.);
#1233=EDGE_CURVE('',#1488,#1487,#155,.T.);
#1234=EDGE_CURVE('',#1486,#1488,#156,.T.);
#1235=EDGE_CURVE('',#1487,#1489,#157,.T.);
#1236=EDGE_CURVE('',#1490,#1489,#158,.T.);
#1237=EDGE_CURVE('',#1488,#1490,#159,.T.);
#1238=EDGE_CURVE('',#1491,#1489,#160,.T.);
#1239=EDGE_CURVE('',#1492,#1491,#161,.T.);
#1240=EDGE_CURVE('',#1492,#1490,#162,.T.);
#1241=EDGE_CURVE('',#1493,#1491,#163,.T.);
#1242=EDGE_CURVE('',#1494,#1493,#164,.T.);
#1243=EDGE_CURVE('',#1494,#1492,#165,.T.);
#1244=EDGE_CURVE('',#1493,#1495,#166,.T.);
#1245=EDGE_CURVE('',#1496,#1495,#167,.T.);
#1246=EDGE_CURVE('',#1494,#1496,#168,.T.);
#1247=EDGE_CURVE('',#1495,#1497,#169,.T.);
#1248=EDGE_CURVE('',#1498,#1497,#170,.T.);
#1249=EDGE_CURVE('',#1496,#1498,#171,.T.);
#1250=EDGE_CURVE('',#1499,#1497,#172,.T.);
#1251=EDGE_CURVE('',#1500,#1499,#173,.T.);
#1252=EDGE_CURVE('',#1500,#1498,#174,.T.);
#1253=EDGE_CURVE('',#1501,#1499,#175,.T.);
#1254=EDGE_CURVE('',#1502,#1501,#176,.T.);
#1255=EDGE_CURVE('',#1502,#1500,#177,.T.);
#1256=EDGE_CURVE('',#1501,#1503,#178,.T.);
#1257=EDGE_CURVE('',#1504,#1503,#179,.T.);
#1258=EDGE_CURVE('',#1502,#1504,#180,.T.);
#1259=EDGE_CURVE('',#1503,#1505,#181,.T.);
#1260=EDGE_CURVE('',#1506,#1505,#182,.T.);
#1261=EDGE_CURVE('',#1504,#1506,#183,.T.);
#1262=EDGE_CURVE('',#1507,#1505,#184,.T.);
#1263=EDGE_CURVE('',#1508,#1507,#185,.T.);
#1264=EDGE_CURVE('',#1508,#1506,#186,.T.);
#1265=EDGE_CURVE('',#1509,#1507,#187,.T.);
#1266=EDGE_CURVE('',#1510,#1509,#188,.T.);
#1267=EDGE_CURVE('',#1510,#1508,#189,.T.);
#1268=EDGE_CURVE('',#1509,#1511,#190,.T.);
#1269=EDGE_CURVE('',#1512,#1511,#191,.T.);
#1270=EDGE_CURVE('',#1510,#1512,#192,.T.);
#1271=EDGE_CURVE('',#1511,#1513,#193,.T.);
#1272=EDGE_CURVE('',#1514,#1513,#194,.T.);
#1273=EDGE_CURVE('',#1512,#1514,#195,.T.);
#1274=EDGE_CURVE('',#1515,#1513,#196,.T.);
#1275=EDGE_CURVE('',#1516,#1515,#197,.T.);
#1276=EDGE_CURVE('',#1516,#1514,#198,.T.);
#1277=EDGE_CURVE('',#1517,#1515,#199,.T.);
#1278=EDGE_CURVE('',#1518,#1517,#200,.T.);
#1279=EDGE_CURVE('',#1518,#1516,#201,.T.);
#1280=EDGE_CURVE('',#1517,#1519,#202,.T.);
#1281=EDGE_CURVE('',#1520,#1519,#203,.T.);
#1282=EDGE_CURVE('',#1518,#1520,#204,.T.);
#1283=EDGE_CURVE('',#1519,#1521,#205,.T.);
#1284=EDGE_CURVE('',#1522,#1521,#206,.T.);
#1285=EDGE_CURVE('',#1520,#1522,#207,.T.);
#1286=EDGE_CURVE('',#1523,#1521,#208,.T.);
#1287=EDGE_CURVE('',#1524,#1523,#209,.T.);
#1288=EDGE_CURVE('',#1524,#1522,#210,.T.);
#1289=EDGE_CURVE('',#1525,#1523,#211,.T.);
#1290=EDGE_CURVE('',#1526,#1525,#212,.T.);
#1291=EDGE_CURVE('',#1526,#1524,#213,.T.);
#1292=EDGE_CURVE('',#1525,#1527,#214,.T.);
#1293=EDGE_CURVE('',#1528,#1527,#215,.T.);
#1294=EDGE_CURVE('',#1526,#1528,#216,.T.);
#1295=EDGE_CURVE('',#1527,#1529,#217,.T.);
#1296=EDGE_CURVE('',#1530,#1529,#218,.T.);
#1297=EDGE_CURVE('',#1528,#1530,#219,.T.);
#1298=EDGE_CURVE('',#1531,#1529,#220,.T.);
#1299=EDGE_CURVE('',#1532,#1531,#221,.T.);
#1300=EDGE_CURVE('',#1532,#1530,#222,.T.);
#1301=EDGE_CURVE('',#1533,#1531,#223,.T.);
#1302=EDGE_CURVE('',#1534,#1533,#224,.T.);
#1303=EDGE_CURVE('',#1534,#1532,#225,.T.);
#1304=EDGE_CURVE('',#1533,#1535,#226,.T.);
#1305=EDGE_CURVE('',#1536,#1535,#227,.T.);
#1306=EDGE_CURVE('',#1534,#1536,#228,.T.);
#1307=EDGE_CURVE('',#1535,#1537,#229,.T.);
#1308=EDGE_CURVE('',#1538,#1537,#230,.T.);
#1309=EDGE_CURVE('',#1536,#1538,#231,.T.);
#1310=EDGE_CURVE('',#1539,#1537,#232,.T.);
#1311=EDGE_CURVE('',#1540,#1539,#233,.T.);
#1312=EDGE_CURVE('',#1540,#1538,#234,.T.);
#1313=EDGE_CURVE('',#1541,#1539,#235,.T.);
#1314=EDGE_CURVE('',#1542,#1541,#236,.T.);
#1315=EDGE_CURVE('',#1542,#1540,#237,.T.);
#1316=EDGE_CURVE('',#1541,#1543,#238,.T.);
#1317=EDGE_CURVE('',#1544,#1543,#239,.T.);
#1318=EDGE_CURVE('',#1542,#1544,#240,.T.);
#1319=EDGE_CURVE('',#1543,#1545,#241,.T.);
#1320=EDGE_CURVE('',#1546,#1545,#242,.T.);
#1321=EDGE_CURVE('',#1544,#1546,#243,.T.);
#1322=EDGE_CURVE('',#1547,#1545,#244,.T.);
#1323=EDGE_CURVE('',#1548,#1547,#245,.T.);
#1324=EDGE_CURVE('',#1548,#1546,#246,.T.);
#1325=EDGE_CURVE('',#1549,#1547,#247,.T.);
#1326=EDGE_CURVE('',#1550,#1549,#248,.T.);
#1327=EDGE_CURVE('',#1550,#1548,#249,.T.);
#1328=EDGE_CURVE('',#1549,#1551,#250,.T.);
#1329=EDGE_CURVE('',#1552,#1551,#251,.T.);
#1330=EDGE_CURVE('',#1550,#1552,#252,.T.);
#1331=EDGE_CURVE('',#1551,#1553,#253,.T.);
#1332=EDGE_CURVE('',#1554,#1553,#254,.T.);
#1333=EDGE_CURVE('',#1552,#1554,#255,.T.);
#1334=EDGE_CURVE('',#1555,#1553,#256,.T.);
#1335=EDGE_CURVE('',#1556,#1555,#257,.T.);
#1336=EDGE_CURVE('',#1556,#1554,#258,.T.);
#1337=EDGE_CURVE('',#1557,#1555,#259,.T.);
#1338=EDGE_CURVE('',#1558,#1557,#260,.T.);
#1339=EDGE_CURVE('',#1558,#1556,#261,.T.);
#1340=EDGE_CURVE('',#1557,#1559,#262,.T.);
#1341=EDGE_CURVE('',#1560,#1559,#263,.T.);
#1342=EDGE_CURVE('',#1558,#1560,#264,.T.);
#1343=EDGE_CURVE('',#1559,#1561,#265,.T.);
#1344=EDGE_CURVE('',#1562,#1561,#266,.T.);
#1345=EDGE_CURVE('',#1560,#1562,#267,.T.);
#1346=EDGE_CURVE('',#1563,#1561,#268,.T.);
#1347=EDGE_CURVE('',#1564,#1563,#269,.T.);
#1348=EDGE_CURVE('',#1564,#1562,#270,.T.);
#1349=EDGE_CURVE('',#1565,#1563,#271,.T.);
#1350=EDGE_CURVE('',#1566,#1565,#272,.T.);
#1351=EDGE_CURVE('',#1566,#1564,#273,.T.);
#1352=EDGE_CURVE('',#1565,#1567,#274,.T.);
#1353=EDGE_CURVE('',#1568,#1567,#275,.T.);
#1354=EDGE_CURVE('',#1566,#1568,#276,.T.);
#1355=EDGE_CURVE('',#1567,#1569,#277,.T.);
#1356=EDGE_CURVE('',#1570,#1569,#278,.T.);
#1357=EDGE_CURVE('',#1568,#1570,#279,.T.);
#1358=EDGE_CURVE('',#1571,#1569,#280,.T.);
#1359=EDGE_CURVE('',#1572,#1571,#281,.T.);
#1360=EDGE_CURVE('',#1572,#1570,#282,.T.);
#1361=EDGE_CURVE('',#1573,#1571,#283,.T.);
#1362=EDGE_CURVE('',#1574,#1573,#284,.T.);
#1363=EDGE_CURVE('',#1574,#1572,#285,.T.);
#1364=EDGE_CURVE('',#1573,#1575,#286,.T.);
#1365=EDGE_CURVE('',#1576,#1575,#287,.T.);
#1366=EDGE_CURVE('',#1574,#1576,#288,.T.);
#1367=EDGE_CURVE('',#1575,#1577,#289,.T.);
#1368=EDGE_CURVE('',#1578,#1577,#290,.T.);
#1369=EDGE_CURVE('',#1576,#1578,#291,.T.);
#1370=EDGE_CURVE('',#1579,#1577,#292,.T.);
#1371=EDGE_CURVE('',#1580,#1579,#293,.T.);
#1372=EDGE_CURVE('',#1580,#1578,#294,.T.);
#1373=EDGE_CURVE('',#1581,#1579,#295,.T.);
#1374=EDGE_CURVE('',#1582,#1581,#296,.T.);
#1375=EDGE_CURVE('',#1582,#1580,#297,.T.);
#1376=EDGE_CURVE('',#1581,#1583,#298,.T.);
#1377=EDGE_CURVE('',#1584,#1583,#299,.T.);
#1378=EDGE_CURVE('',#1582,#1584,#300,.T.);
#1379=EDGE_CURVE('',#1583,#1585,#301,.T.);
#1380=EDGE_CURVE('',#1586,#1585,#302,.T.);
#1381=EDGE_CURVE('',#1584,#1586,#303,.T.);
#1382=EDGE_CURVE('',#1587,#1585,#304,.T.);
#1383=EDGE_CURVE('',#1588,#1587,#305,.T.);
#1384=EDGE_CURVE('',#1588,#1586,#306,.T.);
#1385=EDGE_CURVE('',#1589,#1587,#307,.T.);
#1386=EDGE_CURVE('',#1590,#1589,#308,.T.);
#1387=EDGE_CURVE('',#1590,#1588,#309,.T.);
#1388=EDGE_CURVE('',#1589,#1591,#310,.T.);
#1389=EDGE_CURVE('',#1592,#1591,#311,.T.);
#1390=EDGE_CURVE('',#1590,#1592,#312,.T.);
#1391=EDGE_CURVE('',#1591,#1593,#313,.T.);
#1392=EDGE_CURVE('',#1594,#1593,#314,.T.);
#1393=EDGE_CURVE('',#1592,#1594,#315,.T.);
#1394=EDGE_CURVE('',#1595,#1593,#316,.T.);
#1395=EDGE_CURVE('',#1596,#1595,#317,.T.);
#1396=EDGE_CURVE('',#1596,#1594,#318,.T.);
#1397=EDGE_CURVE('',#1597,#1595,#319,.T.);
#1398=EDGE_CURVE('',#1598,#1597,#320,.T.);
#1399=EDGE_CURVE('',#1598,#1596,#321,.T.);
#1400=EDGE_CURVE('',#1597,#1599,#322,.T.);
#1401=EDGE_CURVE('',#1600,#1599,#323,.T.);
#1402=EDGE_CURVE('',#1598,#1600,#324,.T.);
#1403=EDGE_CURVE('',#1599,#1601,#325,.T.);
#1404=EDGE_CURVE('',#1602,#1601,#326,.T.);
#1405=EDGE_CURVE('',#1600,#1602,#327,.T.);
#1406=EDGE_CURVE('',#1603,#1601,#328,.T.);
#1407=EDGE_CURVE('',#1604,#1603,#329,.T.);
#1408=EDGE_CURVE('',#1604,#1602,#330,.T.);
#1409=EDGE_CURVE('',#1605,#1603,#331,.T.);
#1410=EDGE_CURVE('',#1606,#1605,#332,.T.);
#1411=EDGE_CURVE('',#1606,#1604,#333,.T.);
#1412=EDGE_CURVE('',#1605,#1607,#334,.T.);
#1413=EDGE_CURVE('',#1608,#1607,#335,.T.);
#1414=EDGE_CURVE('',#1606,#1608,#336,.T.);
#1415=EDGE_CURVE('',#1607,#1609,#337,.T.);
#1416=EDGE_CURVE('',#1610,#1609,#338,.T.);
#1417=EDGE_CURVE('',#1608,#1610,#339,.T.);
#1418=EDGE_CURVE('',#1611,#1609,#340,.T.);
#1419=EDGE_CURVE('',#1612,#1611,#341,.T.);
#1420=EDGE_CURVE('',#1612,#1610,#342,.T.);
#1421=EDGE_CURVE('',#1613,#1611,#343,.T.);
#1422=EDGE_CURVE('',#1614,#1613,#344,.T.);
#1423=EDGE_CURVE('',#1614,#1612,#345,.T.);
#1424=EDGE_CURVE('',#1613,#1615,#346,.T.);
#1425=EDGE_CURVE('',#1616,#1615,#347,.T.);
#1426=EDGE_CURVE('',#1614,#1616,#348,.T.);
#1427=EDGE_CURVE('',#1615,#1617,#349,.T.);
#1428=EDGE_CURVE('',#1618,#1617,#350,.T.);
#1429=EDGE_CURVE('',#1616,#1618,#351,.T.);
#1430=EDGE_CURVE('',#1619,#1617,#352,.T.);
#1431=EDGE_CURVE('',#1620,#1619,#353,.T.);
#1432=EDGE_CURVE('',#1620,#1618,#354,.T.);
#1433=EDGE_CURVE('',#1621,#1619,#355,.T.);
#1434=EDGE_CURVE('',#1622,#1621,#356,.T.);
#1435=EDGE_CURVE('',#1622,#1620,#357,.T.);
#1436=EDGE_CURVE('',#1621,#1623,#358,.T.);
#1437=EDGE_CURVE('',#1624,#1623,#359,.T.);
#1438=EDGE_CURVE('',#1622,#1624,#360,.T.);
#1439=EDGE_CURVE('',#1623,#1625,#361,.T.);
#1440=EDGE_CURVE('',#1626,#1625,#362,.T.);
#1441=EDGE_CURVE('',#1624,#1626,#363,.T.);
#1442=EDGE_CURVE('',#1627,#1625,#364,.T.);
#1443=EDGE_CURVE('',#1628,#1627,#365,.T.);
#1444=EDGE_CURVE('',#1628,#1626,#366,.T.);
#1445=EDGE_CURVE('',#1453,#1627,#367,.T.);
#1446=EDGE_CURVE('',#1456,#1628,#368,.T.);
#1447=EDGE_CURVE('',#1450,#1449,#369,.T.);
#1448=EDGE_CURVE('',#1452,#1451,#370,.T.);
#1449=VERTEX_POINT('',#2480);
#1450=VERTEX_POINT('',#2481);
#1451=VERTEX_POINT('',#2483);
#1452=VERTEX_POINT('',#2485);
#1453=VERTEX_POINT('',#2489);
#1454=VERTEX_POINT('',#2490);
#1455=VERTEX_POINT('',#2492);
#1456=VERTEX_POINT('',#2494);
#1457=VERTEX_POINT('',#2498);
#1458=VERTEX_POINT('',#2500);
#1459=VERTEX_POINT('',#2504);
#1460=VERTEX_POINT('',#2506);
#1461=VERTEX_POINT('',#2510);
#1462=VERTEX_POINT('',#2512);
#1463=VERTEX_POINT('',#2516);
#1464=VERTEX_POINT('',#2518);
#1465=VERTEX_POINT('',#2522);
#1466=VERTEX_POINT('',#2524);
#1467=VERTEX_POINT('',#2528);
#1468=VERTEX_POINT('',#2530);
#1469=VERTEX_POINT('',#2534);
#1470=VERTEX_POINT('',#2536);
#1471=VERTEX_POINT('',#2540);
#1472=VERTEX_POINT('',#2542);
#1473=VERTEX_POINT('',#2546);
#1474=VERTEX_POINT('',#2548);
#1475=VERTEX_POINT('',#2552);
#1476=VERTEX_POINT('',#2554);
#1477=VERTEX_POINT('',#2558);
#1478=VERTEX_POINT('',#2560);
#1479=VERTEX_POINT('',#2564);
#1480=VERTEX_POINT('',#2566);
#1481=VERTEX_POINT('',#2570);
#1482=VERTEX_POINT('',#2572);
#1483=VERTEX_POINT('',#2576);
#1484=VERTEX_POINT('',#2578);
#1485=VERTEX_POINT('',#2582);
#1486=VERTEX_POINT('',#2584);
#1487=VERTEX_POINT('',#2588);
#1488=VERTEX_POINT('',#2590);
#1489=VERTEX_POINT('',#2594);
#1490=VERTEX_POINT('',#2596);
#1491=VERTEX_POINT('',#2600);
#1492=VERTEX_POINT('',#2602);
#1493=VERTEX_POINT('',#2606);
#1494=VERTEX_POINT('',#2608);
#1495=VERTEX_POINT('',#2612);
#1496=VERTEX_POINT('',#2614);
#1497=VERTEX_POINT('',#2618);
#1498=VERTEX_POINT('',#2620);
#1499=VERTEX_POINT('',#2624);
#1500=VERTEX_POINT('',#2626);
#1501=VERTEX_POINT('',#2630);
#1502=VERTEX_POINT('',#2632);
#1503=VERTEX_POINT('',#2636);
#1504=VERTEX_POINT('',#2638);
#1505=VERTEX_POINT('',#2642);
#1506=VERTEX_POINT('',#2644);
#1507=VERTEX_POINT('',#2648);
#1508=VERTEX_POINT('',#2650);
#1509=VERTEX_POINT('',#2654);
#1510=VERTEX_POINT('',#2656);
#1511=VERTEX_POINT('',#2660);
#1512=VERTEX_POINT('',#2662);
#1513=VERTEX_POINT('',#2666);
#1514=VERTEX_POINT('',#2668);
#1515=VERTEX_POINT('',#2672);
#1516=VERTEX_POINT('',#2674);
#1517=VERTEX_POINT('',#2678);
#1518=VERTEX_POINT('',#2680);
#1519=VERTEX_POINT('',#2684);
#1520=VERTEX_POINT('',#2686);
#1521=VERTEX_POINT('',#2690);
#1522=VERTEX_POINT('',#2692);
#1523=VERTEX_POINT('',#2696);
#1524=VERTEX_POINT('',#2698);
#1525=VERTEX_POINT('',#2702);
#1526=VERTEX_POINT('',#2704);
#1527=VERTEX_POINT('',#2708);
#1528=VERTEX_POINT('',#2710);
#1529=VERTEX_POINT('',#2714);
#1530=VERTEX_POINT('',#2716);
#1531=VERTEX_POINT('',#2720);
#1532=VERTEX_POINT('',#2722);
#1533=VERTEX_POINT('',#2726);
#1534=VERTEX_POINT('',#2728);
#1535=VERTEX_POINT('',#2732);
#1536=VERTEX_POINT('',#2734);
#1537=VERTEX_POINT('',#2738);
#1538=VERTEX_POINT('',#2740);
#1539=VERTEX_POINT('',#2744);
#1540=VERTEX_POINT('',#2746);
#1541=VERTEX_POINT('',#2750);
#1542=VERTEX_POINT('',#2752);
#1543=VERTEX_POINT('',#2756);
#1544=VERTEX_POINT('',#2758);
#1545=VERTEX_POINT('',#2762);
#1546=VERTEX_POINT('',#2764);
#1547=VERTEX_POINT('',#2768);
#1548=VERTEX_POINT('',#2770);
#1549=VERTEX_POINT('',#2774);
#1550=VERTEX_POINT('',#2776);
#1551=VERTEX_POINT('',#2780);
#1552=VERTEX_POINT('',#2782);
#1553=VERTEX_POINT('',#2786);
#1554=VERTEX_POINT('',#2788);
#1555=VERTEX_POINT('',#2792);
#1556=VERTEX_POINT('',#2794);
#1557=VERTEX_POINT('',#2798);
#1558=VERTEX_POINT('',#2800);
#1559=VERTEX_POINT('',#2804);
#1560=VERTEX_POINT('',#2806);
#1561=VERTEX_POINT('',#2810);
#1562=VERTEX_POINT('',#2812);
#1563=VERTEX_POINT('',#2816);
#1564=VERTEX_POINT('',#2818);
#1565=VERTEX_POINT('',#2822);
#1566=VERTEX_POINT('',#2824);
#1567=VERTEX_POINT('',#2828);
#1568=VERTEX_POINT('',#2830);
#1569=VERTEX_POINT('',#2834);
#1570=VERTEX_POINT('',#2836);
#1571=VERTEX_POINT('',#2840);
#1572=VERTEX_POINT('',#2842);
#1573=VERTEX_POINT('',#2846);
#1574=VERTEX_POINT('',#2848);
#1575=VERTEX_POINT('',#2852);
#1576=VERTEX_POINT('',#2854);
#1577=VERTEX_POINT('',#2858);
#1578=VERTEX_POINT('',#2860);
#1579=VERTEX_POINT('',#2864);
#1580=VERTEX_POINT('',#2866);
#1581=VERTEX_POINT('',#2870);
#1582=VERTEX_POINT('',#2872);
#1583=VERTEX_POINT('',#2876);
#1584=VERTEX_POINT('',#2878);
#1585=VERTEX_POINT('',#2882);
#1586=VERTEX_POINT('',#2884);
#1587=VERTEX_POINT('',#2888);
#1588=VERTEX_POINT('',#2890);
#1589=VERTEX_POINT('',#2894);
#1590=VERTEX_POINT('',#2896);
#1591=VERTEX_POINT('',#2900);
#1592=VERTEX_POINT('',#2902);
#1593=VERTEX_POINT('',#2906);
#1594=VERTEX_POINT('',#2908);
#1595=VERTEX_POINT('',#2912);
#1596=VERTEX_POINT('',#2914);
#1597=VERTEX_POINT('',#2918);
#1598=VERTEX_POINT('',#2920);
#1599=VERTEX_POINT('',#2924);
#1600=VERTEX_POINT('',#2926);
#1601=VERTEX_POINT('',#2930);
#1602=VERTEX_POINT('',#2932);
#1603=VERTEX_POINT('',#2936);
#1604=VERTEX_POINT('',#2938);
#1605=VERTEX_POINT('',#2942);
#1606=VERTEX_POINT('',#2944);
#1607=VERTEX_POINT('',#2948);
#1608=VERTEX_POINT('',#2950);
#1609=VERTEX_POINT('',#2954);
#1610=VERTEX_POINT('',#2956);
#1611=VERTEX_POINT('',#2960);
#1612=VERTEX_POINT('',#2962);
#1613=VERTEX_POINT('',#2966);
#1614=VERTEX_POINT('',#2968);
#1615=VERTEX_POINT('',#2972);
#1616=VERTEX_POINT('',#2974);
#1617=VERTEX_POINT('',#2978);
#1618=VERTEX_POINT('',#2980);
#1619=VERTEX_POINT('',#2984);
#1620=VERTEX_POINT('',#2986);
#1621=VERTEX_POINT('',#2990);
#1622=VERTEX_POINT('',#2992);
#1623=VERTEX_POINT('',#2996);
#1624=VERTEX_POINT('',#2998);
#1625=VERTEX_POINT('',#3002);
#1626=VERTEX_POINT('',#3004);
#1627=VERTEX_POINT('',#3008);
#1628=VERTEX_POINT('',#3010);
#1629=CIRCLE('',#1926,0.00254);
#1630=CIRCLE('',#1927,0.00254);
#1631=EDGE_LOOP('',(#639,#640,#641,#642));
#1632=EDGE_LOOP('',(#643,#644,#645,#646));
#1633=EDGE_LOOP('',(#647,#648,#649,#650));
#1634=EDGE_LOOP('',(#651,#652,#653,#654));
#1635=EDGE_LOOP('',(#655,#656,#657,#658));
#1636=EDGE_LOOP('',(#659,#660,#661,#662));
#1637=EDGE_LOOP('',(#663,#664,#665,#666));
#1638=EDGE_LOOP('',(#667,#668,#669,#670));
#1639=EDGE_LOOP('',(#671,#672,#673,#674));
#1640=EDGE_LOOP('',(#675,#676,#677,#678));
#1641=EDGE_LOOP('',(#679,#680,#681,#682));
#1642=EDGE_LOOP('',(#683,#684,#685,#686));
#1643=EDGE_LOOP('',(#687,#688,#689,#690));
#1644=EDGE_LOOP('',(#691,#692,#693,#694));
#1645=EDGE_LOOP('',(#695,#696,#697,#698));
#1646=EDGE_LOOP('',(#699,#700,#701,#702));
#1647=EDGE_LOOP('',(#703,#704,#705,#706));
#1648=EDGE_LOOP('',(#707,#708,#709,#710));
#1649=EDGE_LOOP('',(#711,#712,#713,#714));
#1650=EDGE_LOOP('',(#715,#716,#717,#718));
#1651=EDGE_LOOP('',(#719,#720,#721,#722));
#1652=EDGE_LOOP('',(#723,#724,#725,#726));
#1653=EDGE_LOOP('',(#727,#728,#729,#730));
#1654=EDGE_LOOP('',(#731,#732,#733,#734));
#1655=EDGE_LOOP('',(#735,#736,#737,#738));
#1656=EDGE_LOOP('',(#739,#740,#741,#742));
#1657=EDGE_LOOP('',(#743,#744,#745,#746));
#1658=EDGE_LOOP('',(#747,#748,#749,#750));
#1659=EDGE_LOOP('',(#751,#752,#753,#754));
#1660=EDGE_LOOP('',(#755,#756,#757,#758));
#1661=EDGE_LOOP('',(#759,#760,#761,#762));
#1662=EDGE_LOOP('',(#763,#764,#765,#766));
#1663=EDGE_LOOP('',(#767,#768,#769,#770));
#1664=EDGE_LOOP('',(#771,#772,#773,#774));
#1665=EDGE_LOOP('',(#775,#776,#777,#778));
#1666=EDGE_LOOP('',(#779,#780,#781,#782));
#1667=EDGE_LOOP('',(#783,#784,#785,#786));
#1668=EDGE_LOOP('',(#787,#788,#789,#790));
#1669=EDGE_LOOP('',(#791,#792,#793,#794));
#1670=EDGE_LOOP('',(#795,#796,#797,#798));
#1671=EDGE_LOOP('',(#799,#800,#801,#802));
#1672=EDGE_LOOP('',(#803,#804,#805,#806));
#1673=EDGE_LOOP('',(#807,#808,#809,#810));
#1674=EDGE_LOOP('',(#811,#812,#813,#814));
#1675=EDGE_LOOP('',(#815,#816,#817,#818));
#1676=EDGE_LOOP('',(#819,#820,#821,#822));
#1677=EDGE_LOOP('',(#823,#824,#825,#826));
#1678=EDGE_LOOP('',(#827,#828,#829,#830));
#1679=EDGE_LOOP('',(#831,#832,#833,#834));
#1680=EDGE_LOOP('',(#835,#836,#837,#838));
#1681=EDGE_LOOP('',(#839,#840,#841,#842));
#1682=EDGE_LOOP('',(#843,#844,#845,#846));
#1683=EDGE_LOOP('',(#847,#848,#849,#850));
#1684=EDGE_LOOP('',(#851,#852,#853,#854));
#1685=EDGE_LOOP('',(#855,#856,#857,#858));
#1686=EDGE_LOOP('',(#859,#860,#861,#862));
#1687=EDGE_LOOP('',(#863,#864,#865,#866));
#1688=EDGE_LOOP('',(#867,#868,#869,#870));
#1689=EDGE_LOOP('',(#871,#872,#873,#874));
#1690=EDGE_LOOP('',(#875,#876,#877,#878));
#1691=EDGE_LOOP('',(#879,#880,#881,#882));
#1692=EDGE_LOOP('',(#883,#884,#885,#886));
#1693=EDGE_LOOP('',(#887,#888,#889,#890));
#1694=EDGE_LOOP('',(#891,#892,#893,#894));
#1695=EDGE_LOOP('',(#895,#896,#897,#898));
#1696=EDGE_LOOP('',(#899,#900,#901,#902));
#1697=EDGE_LOOP('',(#903,#904,#905,#906));
#1698=EDGE_LOOP('',(#907,#908,#909,#910));
#1699=EDGE_LOOP('',(#911,#912,#913,#914));
#1700=EDGE_LOOP('',(#915,#916,#917,#918));
#1701=EDGE_LOOP('',(#919,#920,#921,#922));
#1702=EDGE_LOOP('',(#923,#924,#925,#926));
#1703=EDGE_LOOP('',(#927,#928,#929,#930));
#1704=EDGE_LOOP('',(#931,#932,#933,#934));
#1705=EDGE_LOOP('',(#935,#936,#937,#938));
#1706=EDGE_LOOP('',(#939,#940,#941,#942));
#1707=EDGE_LOOP('',(#943,#944,#945,#946));
#1708=EDGE_LOOP('',(#947,#948,#949,#950));
#1709=EDGE_LOOP('',(#951,#952,#953,#954));
#1710=EDGE_LOOP('',(#955,#956,#957,#958));
#1711=EDGE_LOOP('',(#959,#960,#961,#962));
#1712=EDGE_LOOP('',(#963,#964,#965,#966));
#1713=EDGE_LOOP('',(#967,#968,#969,#970));
#1714=EDGE_LOOP('',(#971,#972,#973,#974));
#1715=EDGE_LOOP('',(#975,#976,#977,#978));
#1716=EDGE_LOOP('',(#979,#980,#981,#982));
#1717=EDGE_LOOP('',(#983,#984,#985,#986));
#1718=EDGE_LOOP('',(#987,#988,#989,#990));
#1719=EDGE_LOOP('',(#991,#992,#993,#994));
#1720=EDGE_LOOP('',(#995,#996,#997,#998));
#1721=EDGE_LOOP('',(#999,#1000,#1001,#1002,#1003,#1004,#1005,#1006,#1007,
#1008,#1009,#1010,#1011,#1012,#1013,#1014,#1015,#1016,#1017,#1018,#1019,
#1020,#1021,#1022,#1023,#1024,#1025,#1026,#1027,#1028,#1029,#1030,#1031,
#1032,#1033,#1034,#1035,#1036,#1037,#1038,#1039,#1040,#1041,#1042,#1043,
#1044,#1045,#1046,#1047,#1048,#1049,#1050,#1051,#1052,#1053,#1054,#1055,
#1056,#1057,#1058,#1059,#1060,#1061,#1062,#1063,#1064,#1065,#1066,#1067,
#1068,#1069,#1070,#1071,#1072,#1073,#1074,#1075,#1076,#1077,#1078,#1079,
#1080,#1081,#1082,#1083,#1084,#1085,#1086));
#1722=EDGE_LOOP('',(#1087,#1088));
#1723=EDGE_LOOP('',(#1089,#1090,#1091,#1092,#1093,#1094,#1095,#1096,#1097,
#1098,#1099,#1100,#1101,#1102,#1103,#1104,#1105,#1106,#1107,#1108,#1109,
#1110,#1111,#1112,#1113,#1114,#1115,#1116,#1117,#1118,#1119,#1120,#1121,
#1122,#1123,#1124,#1125,#1126,#1127,#1128,#1129,#1130,#1131,#1132,#1133,
#1134,#1135,#1136,#1137,#1138,#1139,#1140,#1141,#1142,#1143,#1144,#1145,
#1146,#1147,#1148,#1149,#1150,#1151,#1152,#1153,#1154,#1155,#1156,#1157,
#1158,#1159,#1160,#1161,#1162,#1163,#1164,#1165,#1166,#1167,#1168,#1169,
#1170,#1171,#1172,#1173,#1174,#1175,#1176));
#1724=EDGE_LOOP('',(#1177,#1178));
#1725=FACE_BOUND('',#1631,.T.);
#1726=FACE_BOUND('',#1632,.T.);
#1727=FACE_BOUND('',#1633,.T.);
#1728=FACE_BOUND('',#1634,.T.);
#1729=FACE_BOUND('',#1635,.T.);
#1730=FACE_BOUND('',#1636,.T.);
#1731=FACE_BOUND('',#1637,.T.);
#1732=FACE_BOUND('',#1638,.T.);
#1733=FACE_BOUND('',#1639,.T.);
#1734=FACE_BOUND('',#1640,.T.);
#1735=FACE_BOUND('',#1641,.T.);
#1736=FACE_BOUND('',#1642,.T.);
#1737=FACE_BOUND('',#1643,.T.);
#1738=FACE_BOUND('',#1644,.T.);
#1739=FACE_BOUND('',#1645,.T.);
#1740=FACE_BOUND('',#1646,.T.);
#1741=FACE_BOUND('',#1647,.T.);
#1742=FACE_BOUND('',#1648,.T.);
#1743=FACE_BOUND('',#1649,.T.);
#1744=FACE_BOUND('',#1650,.T.);
#1745=FACE_BOUND('',#1651,.T.);
#1746=FACE_BOUND('',#1652,.T.);
#1747=FACE_BOUND('',#1653,.T.);
#1748=FACE_BOUND('',#1654,.T.);
#1749=FACE_BOUND('',#1655,.T.);
#1750=FACE_BOUND('',#1656,.T.);
#1751=FACE_BOUND('',#1657,.T.);
#1752=FACE_BOUND('',#1658,.T.);
#1753=FACE_BOUND('',#1659,.T.);
#1754=FACE_BOUND('',#1660,.T.);
#1755=FACE_BOUND('',#1661,.T.);
#1756=FACE_BOUND('',#1662,.T.);
#1757=FACE_BOUND('',#1663,.T.);
#1758=FACE_BOUND('',#1664,.T.);
#1759=FACE_BOUND('',#1665,.T.);
#1760=FACE_BOUND('',#1666,.T.);
#1761=FACE_BOUND('',#1667,.T.);
#1762=FACE_BOUND('',#1668,.T.);
#1763=FACE_BOUND('',#1669,.T.);
#1764=FACE_BOUND('',#1670,.T.);
#1765=FACE_BOUND('',#1671,.T.);
#1766=FACE_BOUND('',#1672,.T.);
#1767=FACE_BOUND('',#1673,.T.);
#1768=FACE_BOUND('',#1674,.T.);
#1769=FACE_BOUND('',#1675,.T.);
#1770=FACE_BOUND('',#1676,.T.);
#1771=FACE_BOUND('',#1677,.T.);
#1772=FACE_BOUND('',#1678,.T.);
#1773=FACE_BOUND('',#1679,.T.);
#1774=FACE_BOUND('',#1680,.T.);
#1775=FACE_BOUND('',#1681,.T.);
#1776=FACE_BOUND('',#1682,.T.);
#1777=FACE_BOUND('',#1683,.T.);
#1778=FACE_BOUND('',#1684,.T.);
#1779=FACE_BOUND('',#1685,.T.);
#1780=FACE_BOUND('',#1686,.T.);
#1781=FACE_BOUND('',#1687,.T.);
#1782=FACE_BOUND('',#1688,.T.);
#1783=FACE_BOUND('',#1689,.T.);
#1784=FACE_BOUND('',#1690,.T.);
#1785=FACE_BOUND('',#1691,.T.);
#1786=FACE_BOUND('',#1692,.T.);
#1787=FACE_BOUND('',#1693,.T.);
#1788=FACE_BOUND('',#1694,.T.);
#1789=FACE_BOUND('',#1695,.T.);
#1790=FACE_BOUND('',#1696,.T.);
#1791=FACE_BOUND('',#1697,.T.);
#1792=FACE_BOUND('',#1698,.T.);
#1793=FACE_BOUND('',#1699,.T.);
#1794=FACE_BOUND('',#1700,.T.);
#1795=FACE_BOUND('',#1701,.T.);
#1796=FACE_BOUND('',#1702,.T.);
#1797=FACE_BOUND('',#1703,.T.);
#1798=FACE_BOUND('',#1704,.T.);
#1799=FACE_BOUND('',#1705,.T.);
#1800=FACE_BOUND('',#1706,.T.);
#1801=FACE_BOUND('',#1707,.T.);
#1802=FACE_BOUND('',#1708,.T.);
#1803=FACE_BOUND('',#1709,.T.);
#1804=FACE_BOUND('',#1710,.T.);
#1805=FACE_BOUND('',#1711,.T.);
#1806=FACE_BOUND('',#1712,.T.);
#1807=FACE_BOUND('',#1713,.T.);
#1808=FACE_BOUND('',#1714,.T.);
#1809=FACE_BOUND('',#1715,.T.);
#1810=FACE_BOUND('',#1716,.T.);
#1811=FACE_BOUND('',#1717,.T.);
#1812=FACE_BOUND('',#1718,.T.);
#1813=FACE_BOUND('',#1719,.T.);
#1814=FACE_BOUND('',#1720,.T.);
#1815=FACE_BOUND('',#1721,.T.);
#1816=FACE_BOUND('',#1722,.T.);
#1817=FACE_BOUND('',#1723,.T.);
#1818=FACE_BOUND('',#1724,.T.);
#1819=CYLINDRICAL_SURFACE('',#1925,0.00254);
#1820=ADVANCED_FACE('',(#1725),#1819,.F.);
#1821=ADVANCED_FACE('',(#1726),#12,.F.);
#1822=ADVANCED_FACE('',(#1727),#13,.F.);
#1823=ADVANCED_FACE('',(#1728),#14,.T.);
#1824=ADVANCED_FACE('',(#1729),#15,.T.);
#1825=ADVANCED_FACE('',(#1730),#16,.F.);
#1826=ADVANCED_FACE('',(#1731),#17,.F.);
#1827=ADVANCED_FACE('',(#1732),#18,.T.);
#1828=ADVANCED_FACE('',(#1733),#19,.T.);
#1829=ADVANCED_FACE('',(#1734),#20,.F.);
#1830=ADVANCED_FACE('',(#1735),#21,.F.);
#1831=ADVANCED_FACE('',(#1736),#22,.T.);
#1832=ADVANCED_FACE('',(#1737),#23,.T.);
#1833=ADVANCED_FACE('',(#1738),#24,.F.);
#1834=ADVANCED_FACE('',(#1739),#25,.F.);
#1835=ADVANCED_FACE('',(#1740),#26,.T.);
#1836=ADVANCED_FACE('',(#1741),#27,.T.);
#1837=ADVANCED_FACE('',(#1742),#28,.F.);
#1838=ADVANCED_FACE('',(#1743),#29,.F.);
#1839=ADVANCED_FACE('',(#1744),#30,.T.);
#1840=ADVANCED_FACE('',(#1745),#31,.T.);
#1841=ADVANCED_FACE('',(#1746),#32,.F.);
#1842=ADVANCED_FACE('',(#1747),#33,.F.);
#1843=ADVANCED_FACE('',(#1748),#34,.T.);
#1844=ADVANCED_FACE('',(#1749),#35,.T.);
#1845=ADVANCED_FACE('',(#1750),#36,.F.);
#1846=ADVANCED_FACE('',(#1751),#37,.F.);
#1847=ADVANCED_FACE('',(#1752),#38,.T.);
#1848=ADVANCED_FACE('',(#1753),#39,.T.);
#1849=ADVANCED_FACE('',(#1754),#40,.F.);
#1850=ADVANCED_FACE('',(#1755),#41,.F.);
#1851=ADVANCED_FACE('',(#1756),#42,.T.);
#1852=ADVANCED_FACE('',(#1757),#43,.T.);
#1853=ADVANCED_FACE('',(#1758),#44,.F.);
#1854=ADVANCED_FACE('',(#1759),#45,.F.);
#1855=ADVANCED_FACE('',(#1760),#46,.T.);
#1856=ADVANCED_FACE('',(#1761),#47,.T.);
#1857=ADVANCED_FACE('',(#1762),#48,.F.);
#1858=ADVANCED_FACE('',(#1763),#49,.F.);
#1859=ADVANCED_FACE('',(#1764),#50,.T.);
#1860=ADVANCED_FACE('',(#1765),#51,.T.);
#1861=ADVANCED_FACE('',(#1766),#52,.F.);
#1862=ADVANCED_FACE('',(#1767),#53,.F.);
#1863=ADVANCED_FACE('',(#1768),#54,.T.);
#1864=ADVANCED_FACE('',(#1769),#55,.T.);
#1865=ADVANCED_FACE('',(#1770),#56,.F.);
#1866=ADVANCED_FACE('',(#1771),#57,.F.);
#1867=ADVANCED_FACE('',(#1772),#58,.T.);
#1868=ADVANCED_FACE('',(#1773),#59,.T.);
#1869=ADVANCED_FACE('',(#1774),#60,.F.);
#1870=ADVANCED_FACE('',(#1775),#61,.F.);
#1871=ADVANCED_FACE('',(#1776),#62,.T.);
#1872=ADVANCED_FACE('',(#1777),#63,.T.);
#1873=ADVANCED_FACE('',(#1778),#64,.F.);
#1874=ADVANCED_FACE('',(#1779),#65,.F.);
#1875=ADVANCED_FACE('',(#1780),#66,.T.);
#1876=ADVANCED_FACE('',(#1781),#67,.T.);
#1877=ADVANCED_FACE('',(#1782),#68,.F.);
#1878=ADVANCED_FACE('',(#1783),#69,.F.);
#1879=ADVANCED_FACE('',(#1784),#70,.T.);
#1880=ADVANCED_FACE('',(#1785),#71,.T.);
#1881=ADVANCED_FACE('',(#1786),#72,.F.);
#1882=ADVANCED_FACE('',(#1787),#73,.F.);
#1883=ADVANCED_FACE('',(#1788),#74,.T.);
#1884=ADVANCED_FACE('',(#1789),#75,.T.);
#1885=ADVANCED_FACE('',(#1790),#76,.F.);
#1886=ADVANCED_FACE('',(#1791),#77,.F.);
#1887=ADVANCED_FACE('',(#1792),#78,.T.);
#1888=ADVANCED_FACE('',(#1793),#79,.T.);
#1889=ADVANCED_FACE('',(#1794),#80,.F.);
#1890=ADVANCED_FACE('',(#1795),#81,.F.);
#1891=ADVANCED_FACE('',(#1796),#82,.T.);
#1892=ADVANCED_FACE('',(#1797),#83,.T.);
#1893=ADVANCED_FACE('',(#1798),#84,.F.);
#1894=ADVANCED_FACE('',(#1799),#85,.F.);
#1895=ADVANCED_FACE('',(#1800),#86,.T.);
#1896=ADVANCED_FACE('',(#1801),#87,.T.);
#1897=ADVANCED_FACE('',(#1802),#88,.F.);
#1898=ADVANCED_FACE('',(#1803),#89,.F.);
#1899=ADVANCED_FACE('',(#1804),#90,.T.);
#1900=ADVANCED_FACE('',(#1805),#91,.T.);
#1901=ADVANCED_FACE('',(#1806),#92,.F.);
#1902=ADVANCED_FACE('',(#1807),#93,.F.);
#1903=ADVANCED_FACE('',(#1808),#94,.T.);
#1904=ADVANCED_FACE('',(#1809),#95,.T.);
#1905=ADVANCED_FACE('',(#1810),#96,.F.);
#1906=ADVANCED_FACE('',(#1811),#97,.F.);
#1907=ADVANCED_FACE('',(#1812),#98,.T.);
#1908=ADVANCED_FACE('',(#1813),#99,.T.);
#1909=ADVANCED_FACE('',(#1814),#100,.T.);
#1910=ADVANCED_FACE('',(#1815,#1816),#101,.T.);
#1911=ADVANCED_FACE('',(#1817,#1818),#102,.F.);
#1912=CLOSED_SHELL('',(#1820,#1821,#1822,#1823,#1824,#1825,#1826,#1827,
#1828,#1829,#1830,#1831,#1832,#1833,#1834,#1835,#1836,#1837,#1838,#1839,
#1840,#1841,#1842,#1843,#1844,#1845,#1846,#1847,#1848,#1849,#1850,#1851,
#1852,#1853,#1854,#1855,#1856,#1857,#1858,#1859,#1860,#1861,#1862,#1863,
#1864,#1865,#1866,#1867,#1868,#1869,#1870,#1871,#1872,#1873,#1874,#1875,
#1876,#1877,#1878,#1879,#1880,#1881,#1882,#1883,#1884,#1885,#1886,#1887,
#1888,#1889,#1890,#1891,#1892,#1893,#1894,#1895,#1896,#1897,#1898,#1899,
#1900,#1901,#1902,#1903,#1904,#1905,#1906,#1907,#1908,#1909,#1910,#1911));
#1913=STYLED_ITEM('',(#1914),#1921);
#1914=PRESENTATION_STYLE_ASSIGNMENT((#1915));
#1915=SURFACE_STYLE_USAGE(.BOTH.,#1916);
#1916=SURFACE_SIDE_STYLE('',(#1917));
#1917=SURFACE_STYLE_FILL_AREA(#1918);
#1918=FILL_AREA_STYLE('',(#1919));
#1919=FILL_AREA_STYLE_COLOUR('',#1920);
#1920=COLOUR_RGB('',0.768627450980392,0.886274509803922,0.952941176470588);
#1921=MANIFOLD_SOLID_BREP('Part 13',#1912);
#1922=SHAPE_DEFINITION_REPRESENTATION(#3026,#1923);
#1923=SHAPE_REPRESENTATION('Part 13',(#1924),#3021);
#1924=AXIS2_PLACEMENT_3D('',#2477,#2019,#2020);
#1925=AXIS2_PLACEMENT_3D('',#2478,#2021,#2022);
#1926=AXIS2_PLACEMENT_3D('',#2479,#2023,#2024);
#1927=AXIS2_PLACEMENT_3D('',#2484,#2026,#2027);
#1928=AXIS2_PLACEMENT_3D('',#2487,#2029,#2030);
#1929=AXIS2_PLACEMENT_3D('',#2496,#2035,#2036);
#1930=AXIS2_PLACEMENT_3D('',#2502,#2040,#2041);
#1931=AXIS2_PLACEMENT_3D('',#2508,#2045,#2046);
#1932=AXIS2_PLACEMENT_3D('',#2514,#2050,#2051);
#1933=AXIS2_PLACEMENT_3D('',#2520,#2055,#2056);
#1934=AXIS2_PLACEMENT_3D('',#2526,#2060,#2061);
#1935=AXIS2_PLACEMENT_3D('',#2532,#2065,#2066);
#1936=AXIS2_PLACEMENT_3D('',#2538,#2070,#2071);
#1937=AXIS2_PLACEMENT_3D('',#2544,#2075,#2076);
#1938=AXIS2_PLACEMENT_3D('',#2550,#2080,#2081);
#1939=AXIS2_PLACEMENT_3D('',#2556,#2085,#2086);
#1940=AXIS2_PLACEMENT_3D('',#2562,#2090,#2091);
#1941=AXIS2_PLACEMENT_3D('',#2568,#2095,#2096);
#1942=AXIS2_PLACEMENT_3D('',#2574,#2100,#2101);
#1943=AXIS2_PLACEMENT_3D('',#2580,#2105,#2106);
#1944=AXIS2_PLACEMENT_3D('',#2586,#2110,#2111);
#1945=AXIS2_PLACEMENT_3D('',#2592,#2115,#2116);
#1946=AXIS2_PLACEMENT_3D('',#2598,#2120,#2121);
#1947=AXIS2_PLACEMENT_3D('',#2604,#2125,#2126);
#1948=AXIS2_PLACEMENT_3D('',#2610,#2130,#2131);
#1949=AXIS2_PLACEMENT_3D('',#2616,#2135,#2136);
#1950=AXIS2_PLACEMENT_3D('',#2622,#2140,#2141);
#1951=AXIS2_PLACEMENT_3D('',#2628,#2145,#2146);
#1952=AXIS2_PLACEMENT_3D('',#2634,#2150,#2151);
#1953=AXIS2_PLACEMENT_3D('',#2640,#2155,#2156);
#1954=AXIS2_PLACEMENT_3D('',#2646,#2160,#2161);
#1955=AXIS2_PLACEMENT_3D('',#2652,#2165,#2166);
#1956=AXIS2_PLACEMENT_3D('',#2658,#2170,#2171);
#1957=AXIS2_PLACEMENT_3D('',#2664,#2175,#2176);
#1958=AXIS2_PLACEMENT_3D('',#2670,#2180,#2181);
#1959=AXIS2_PLACEMENT_3D('',#2676,#2185,#2186);
#1960=AXIS2_PLACEMENT_3D('',#2682,#2190,#2191);
#1961=AXIS2_PLACEMENT_3D('',#2688,#2195,#2196);
#1962=AXIS2_PLACEMENT_3D('',#2694,#2200,#2201);
#1963=AXIS2_PLACEMENT_3D('',#2700,#2205,#2206);
#1964=AXIS2_PLACEMENT_3D('',#2706,#2210,#2211);
#1965=AXIS2_PLACEMENT_3D('',#2712,#2215,#2216);
#1966=AXIS2_PLACEMENT_3D('',#2718,#2220,#2221);
#1967=AXIS2_PLACEMENT_3D('',#2724,#2225,#2226);
#1968=AXIS2_PLACEMENT_3D('',#2730,#2230,#2231);
#1969=AXIS2_PLACEMENT_3D('',#2736,#2235,#2236);
#1970=AXIS2_PLACEMENT_3D('',#2742,#2240,#2241);
#1971=AXIS2_PLACEMENT_3D('',#2748,#2245,#2246);
#1972=AXIS2_PLACEMENT_3D('',#2754,#2250,#2251);
#1973=AXIS2_PLACEMENT_3D('',#2760,#2255,#2256);
#1974=AXIS2_PLACEMENT_3D('',#2766,#2260,#2261);
#1975=AXIS2_PLACEMENT_3D('',#2772,#2265,#2266);
#1976=AXIS2_PLACEMENT_3D('',#2778,#2270,#2271);
#1977=AXIS2_PLACEMENT_3D('',#2784,#2275,#2276);
#1978=AXIS2_PLACEMENT_3D('',#2790,#2280,#2281);
#1979=AXIS2_PLACEMENT_3D('',#2796,#2285,#2286);
#1980=AXIS2_PLACEMENT_3D('',#2802,#2290,#2291);
#1981=AXIS2_PLACEMENT_3D('',#2808,#2295,#2296);
#1982=AXIS2_PLACEMENT_3D('',#2814,#2300,#2301);
#1983=AXIS2_PLACEMENT_3D('',#2820,#2305,#2306);
#1984=AXIS2_PLACEMENT_3D('',#2826,#2310,#2311);
#1985=AXIS2_PLACEMENT_3D('',#2832,#2315,#2316);
#1986=AXIS2_PLACEMENT_3D('',#2838,#2320,#2321);
#1987=AXIS2_PLACEMENT_3D('',#2844,#2325,#2326);
#1988=AXIS2_PLACEMENT_3D('',#2850,#2330,#2331);
#1989=AXIS2_PLACEMENT_3D('',#2856,#2335,#2336);
#1990=AXIS2_PLACEMENT_3D('',#2862,#2340,#2341);
#1991=AXIS2_PLACEMENT_3D('',#2868,#2345,#2346);
#1992=AXIS2_PLACEMENT_3D('',#2874,#2350,#2351);
#1993=AXIS2_PLACEMENT_3D('',#2880,#2355,#2356);
#1994=AXIS2_PLACEMENT_3D('',#2886,#2360,#2361);
#1995=AXIS2_PLACEMENT_3D('',#2892,#2365,#2366);
#1996=AXIS2_PLACEMENT_3D('',#2898,#2370,#2371);
#1997=AXIS2_PLACEMENT_3D('',#2904,#2375,#2376);
#1998=AXIS2_PLACEMENT_3D('',#2910,#2380,#2381);
#1999=AXIS2_PLACEMENT_3D('',#2916,#2385,#2386);
#2000=AXIS2_PLACEMENT_3D('',#2922,#2390,#2391);
#2001=AXIS2_PLACEMENT_3D('',#2928,#2395,#2396);
#2002=AXIS2_PLACEMENT_3D('',#2934,#2400,#2401);
#2003=AXIS2_PLACEMENT_3D('',#2940,#2405,#2406);
#2004=AXIS2_PLACEMENT_3D('',#2946,#2410,#2411);
#2005=AXIS2_PLACEMENT_3D('',#2952,#2415,#2416);
#2006=AXIS2_PLACEMENT_3D('',#2958,#2420,#2421);
#2007=AXIS2_PLACEMENT_3D('',#2964,#2425,#2426);
#2008=AXIS2_PLACEMENT_3D('',#2970,#2430,#2431);
#2009=AXIS2_PLACEMENT_3D('',#2976,#2435,#2436);
#2010=AXIS2_PLACEMENT_3D('',#2982,#2440,#2441);
#2011=AXIS2_PLACEMENT_3D('',#2988,#2445,#2446);
#2012=AXIS2_PLACEMENT_3D('',#2994,#2450,#2451);
#2013=AXIS2_PLACEMENT_3D('',#3000,#2455,#2456);
#2014=AXIS2_PLACEMENT_3D('',#3006,#2460,#2461);
#2015=AXIS2_PLACEMENT_3D('',#3012,#2465,#2466);
#2016=AXIS2_PLACEMENT_3D('',#3015,#2469,#2470);
#2017=AXIS2_PLACEMENT_3D('',#3018,#2473,#2474);
#2018=AXIS2_PLACEMENT_3D('',#3019,#2475,#2476);
#2019=DIRECTION('',(0.,0.,1.));
#2020=DIRECTION('',(1.,0.,0.));
#2021=DIRECTION('',(0.,0.,-1.));
#2022=DIRECTION('',(-1.,0.,0.));
#2023=DIRECTION('',(0.,0.,1.));
#2024=DIRECTION('',(1.,0.,0.));
#2025=DIRECTION('',(0.,0.,-1.));
#2026=DIRECTION('',(0.,0.,1.));
#2027=DIRECTION('',(1.,0.,0.));
#2028=DIRECTION('',(0.,0.,-1.));
#2029=DIRECTION('',(0.,-1.,0.));
#2030=DIRECTION('',(0.,0.,-1.));
#2031=DIRECTION('',(-1.,0.,0.));
#2032=DIRECTION('',(0.,0.,-1.));
#2033=DIRECTION('',(-1.,0.,0.));
#2034=DIRECTION('',(0.,0.,-1.));
#2035=DIRECTION('',(0.946026599540084,-0.324088989264716,0.));
#2036=DIRECTION('',(0.324088989264716,0.946026599540085,0.));
#2037=DIRECTION('',(-0.324088989264716,-0.946026599540084,0.));
#2038=DIRECTION('',(0.,0.,-1.));
#2039=DIRECTION('',(-0.324088989264716,-0.946026599540084,0.));
#2040=DIRECTION('',(-0.142314838273281,0.989821441880933,0.));
#2041=DIRECTION('',(-0.989821441880933,-0.142314838273281,0.));
#2042=DIRECTION('',(0.989821441880933,0.142314838273281,0.));
#2043=DIRECTION('',(0.,0.,-1.));
#2044=DIRECTION('',(0.989821441880933,0.142314838273281,0.));
#2045=DIRECTION('',(0.816399455521424,0.57748760075375,0.));
#2046=DIRECTION('',(-0.57748760075375,0.816399455521424,0.));
#2047=DIRECTION('',(0.57748760075375,-0.816399455521424,0.));
#2048=DIRECTION('',(0.,0.,-1.));
#2049=DIRECTION('',(0.57748760075375,-0.816399455521424,0.));
#2050=DIRECTION('',(0.281732556841466,-0.959492973614487,0.));
#2051=DIRECTION('',(0.959492973614487,0.281732556841466,0.));
#2052=DIRECTION('',(-0.959492973614487,-0.281732556841466,0.));
#2053=DIRECTION('',(0.,0.,-1.));
#2054=DIRECTION('',(-0.959492973614487,-0.281732556841466,0.));
#2055=DIRECTION('',(0.99901229470083,-0.0444346152968821,0.));
#2056=DIRECTION('',(0.0444346152968821,0.99901229470083,0.));
#2057=DIRECTION('',(-0.0444346152968821,-0.99901229470083,0.));
#2058=DIRECTION('',(0.,0.,-1.));
#2059=DIRECTION('',(-0.0444346152968821,-0.99901229470083,0.));
#2060=DIRECTION('',(-0.415415013001885,0.909631995354519,0.));
#2061=DIRECTION('',(-0.909631995354519,-0.415415013001885,0.));
#2062=DIRECTION('',(0.909631995354519,0.415415013001885,0.));
#2063=DIRECTION('',(0.,0.,-1.));
#2064=DIRECTION('',(0.909631995354519,0.415415013001885,0.));
#2065=DIRECTION('',(0.620632482930931,0.784101601280719,0.));
#2066=DIRECTION('',(-0.784101601280719,0.620632482930931,0.));
#2067=DIRECTION('',(0.784101601280719,-0.620632482930931,0.));
#2068=DIRECTION('',(0.,0.,-1.));
#2069=DIRECTION('',(0.784101601280719,-0.620632482930931,0.));
#2070=DIRECTION('',(0.540640817455599,-0.84125353283118,0.));
#2071=DIRECTION('',(0.84125353283118,0.540640817455599,0.));
#2072=DIRECTION('',(-0.84125353283118,-0.540640817455599,0.));
#2073=DIRECTION('',(0.,0.,-1.));
#2074=DIRECTION('',(-0.84125353283118,-0.540640817455599,0.));
#2075=DIRECTION('',(0.971063955099801,0.238819586939454,0.));
#2076=DIRECTION('',(-0.238819586939454,0.971063955099801,0.));
#2077=DIRECTION('',(0.238819586939454,-0.971063955099801,0.));
#2078=DIRECTION('',(0.,0.,-1.));
#2079=DIRECTION('',(0.238819586939454,-0.971063955099801,0.));
#2080=DIRECTION('',(-0.654860733945295,0.75574957435425,0.));
#2081=DIRECTION('',(-0.75574957435425,-0.654860733945295,0.));
#2082=DIRECTION('',(0.75574957435425,0.654860733945295,0.));
#2083=DIRECTION('',(0.,0.,-1.));
#2084=DIRECTION('',(0.75574957435425,0.654860733945295,0.));
#2085=DIRECTION('',(0.374585557616873,0.927192353303702,0.));
#2086=DIRECTION('',(-0.927192353303702,0.374585557616873,0.));
#2087=DIRECTION('',(0.927192353303702,-0.374585557616873,0.));
#2088=DIRECTION('',(0.,0.,-1.));
#2089=DIRECTION('',(0.927192353303702,-0.374585557616873,0.));
#2090=DIRECTION('',(0.755749574354268,-0.654860733945274,0.));
#2091=DIRECTION('',(0.654860733945274,0.755749574354268,0.));
#2092=DIRECTION('',(-0.654860733945274,-0.755749574354268,0.));
#2093=DIRECTION('',(0.,0.,-1.));
#2094=DIRECTION('',(-0.654860733945274,-0.755749574354268,0.));
#2095=DIRECTION('',(0.864445788996291,0.502726046556751,0.));
#2096=DIRECTION('',(-0.502726046556751,0.864445788996291,0.));
#2097=DIRECTION('',(0.502726046556751,-0.864445788996291,0.));
#2098=DIRECTION('',(0.,0.,-1.));
#2099=DIRECTION('',(0.502726046556751,-0.864445788996291,0.));
#2100=DIRECTION('',(-0.841253532831191,0.540640817455583,0.));
#2101=DIRECTION('',(-0.540640817455583,-0.841253532831191,0.));
#2102=DIRECTION('',(0.540640817455583,0.841253532831191,0.));
#2103=DIRECTION('',(0.,0.,-1.));
#2104=DIRECTION('',(0.540640817455583,0.841253532831191,0.));
#2105=DIRECTION('',(0.0981919381707813,0.995167495087267,0.));
#2106=DIRECTION('',(-0.995167495087267,0.0981919381707813,0.));
#2107=DIRECTION('',(0.995167495087267,-0.0981919381707813,0.));
#2108=DIRECTION('',(0.,0.,-1.));
#2109=DIRECTION('',(0.995167495087267,-0.0981919381707813,0.));
#2110=DIRECTION('',(0.909631995354538,-0.415415013001843,0.));
#2111=DIRECTION('',(0.415415013001844,0.909631995354538,0.));
#2112=DIRECTION('',(-0.415415013001843,-0.909631995354538,0.));
#2113=DIRECTION('',(0.,0.,-1.));
#2114=DIRECTION('',(-0.415415013001843,-0.909631995354538,0.));
#2115=DIRECTION('',(0.687795366125366,0.725904631708927,0.));
#2116=DIRECTION('',(-0.725904631708927,0.687795366125366,0.));
#2117=DIRECTION('',(0.725904631708927,-0.687795366125366,0.));
#2118=DIRECTION('',(0.,0.,-1.));
#2119=DIRECTION('',(0.725904631708927,-0.687795366125366,0.));
#2120=DIRECTION('',(-0.959492973614505,0.281732556841403,0.));
#2121=DIRECTION('',(-0.281732556841403,-0.959492973614505,0.));
#2122=DIRECTION('',(0.281732556841403,0.959492973614505,0.));
#2123=DIRECTION('',(0.,0.,-1.));
#2124=DIRECTION('',(0.281732556841403,0.959492973614505,0.));
#2125=DIRECTION('',(-0.186156608135963,0.982520084907842,0.));
#2126=DIRECTION('',(-0.982520084907842,-0.186156608135964,0.));
#2127=DIRECTION('',(0.982520084907842,0.186156608135964,0.));
#2128=DIRECTION('',(0.,0.,-1.));
#2129=DIRECTION('',(0.982520084907842,0.186156608135964,0.));
#2130=DIRECTION('',(0.989821441880929,-0.142314838273313,0.));
#2131=DIRECTION('',(0.142314838273313,0.989821441880929,0.));
#2132=DIRECTION('',(-0.142314838273313,-0.989821441880929,0.));
#2133=DIRECTION('',(0.,0.,-1.));
#2134=DIRECTION('',(-0.142314838273313,-0.989821441880929,0.));
#2135=DIRECTION('',(0.455423853167508,0.890274740721122,0.));
#2136=DIRECTION('',(-0.890274740721122,0.455423853167508,0.));
#2137=DIRECTION('',(0.890274740721122,-0.455423853167508,0.));
#2138=DIRECTION('',(0.,0.,-1.));
#2139=DIRECTION('',(0.890274740721122,-0.455423853167508,0.));
#2140=DIRECTION('',(-1.,0.,0.));
#2141=DIRECTION('',(0.,0.,1.));
#2142=DIRECTION('',(0.,1.,0.));
#2143=DIRECTION('',(0.,0.,-1.));
#2144=DIRECTION('',(0.,1.,0.));
#2145=DIRECTION('',(-0.455423853167508,0.890274740721122,0.));
#2146=DIRECTION('',(-0.890274740721122,-0.455423853167508,0.));
#2147=DIRECTION('',(0.890274740721122,0.455423853167508,0.));
#2148=DIRECTION('',(0.,0.,-1.));
#2149=DIRECTION('',(0.890274740721122,0.455423853167508,0.));
#2150=DIRECTION('',(0.989821441880929,0.142314838273309,0.));
#2151=DIRECTION('',(-0.142314838273309,0.989821441880929,0.));
#2152=DIRECTION('',(0.142314838273309,-0.989821441880929,0.));
#2153=DIRECTION('',(0.,0.,-1.));
#2154=DIRECTION('',(0.142314838273309,-0.989821441880929,0.));
#2155=DIRECTION('',(0.186156608135963,0.982520084907842,0.));
#2156=DIRECTION('',(-0.982520084907842,0.186156608135964,0.));
#2157=DIRECTION('',(0.982520084907842,-0.186156608135964,0.));
#2158=DIRECTION('',(0.,0.,-1.));
#2159=DIRECTION('',(0.982520084907842,-0.186156608135964,0.));
#2160=DIRECTION('',(-0.959492973614505,-0.281732556841403,0.));
#2161=DIRECTION('',(0.281732556841403,-0.959492973614505,0.));
#2162=DIRECTION('',(-0.281732556841403,0.959492973614505,0.));
#2163=DIRECTION('',(0.,0.,-1.));
#2164=DIRECTION('',(-0.281732556841403,0.959492973614505,0.));
#2165=DIRECTION('',(-0.687795366125366,0.725904631708927,0.));
#2166=DIRECTION('',(-0.725904631708927,-0.687795366125366,0.));
#2167=DIRECTION('',(0.725904631708927,0.687795366125366,0.));
#2168=DIRECTION('',(0.,0.,-1.));
#2169=DIRECTION('',(0.725904631708927,0.687795366125366,0.));
#2170=DIRECTION('',(0.909631995354507,0.415415013001911,0.));
#2171=DIRECTION('',(-0.415415013001911,0.909631995354507,0.));
#2172=DIRECTION('',(0.415415013001911,-0.909631995354507,0.));
#2173=DIRECTION('',(0.,0.,-1.));
#2174=DIRECTION('',(0.415415013001911,-0.909631995354507,0.));
#2175=DIRECTION('',(-0.0981919381707813,0.995167495087267,0.));
#2176=DIRECTION('',(-0.995167495087267,-0.0981919381707813,0.));
#2177=DIRECTION('',(0.995167495087267,0.0981919381707813,0.));
#2178=DIRECTION('',(0.,0.,-1.));
#2179=DIRECTION('',(0.995167495087267,0.0981919381707813,0.));
#2180=DIRECTION('',(-0.841253532831191,-0.540640817455583,0.));
#2181=DIRECTION('',(0.540640817455583,-0.841253532831191,0.));
#2182=DIRECTION('',(-0.540640817455583,0.841253532831191,0.));
#2183=DIRECTION('',(0.,0.,-1.));
#2184=DIRECTION('',(-0.540640817455583,0.841253532831191,0.));
#2185=DIRECTION('',(-0.864445788996291,0.502726046556751,0.));
#2186=DIRECTION('',(-0.502726046556751,-0.864445788996291,0.));
#2187=DIRECTION('',(0.502726046556751,0.864445788996291,0.));
#2188=DIRECTION('',(0.,0.,-1.));
#2189=DIRECTION('',(0.502726046556751,0.864445788996291,0.));
#2190=DIRECTION('',(0.755749574354268,0.654860733945274,0.));
#2191=DIRECTION('',(-0.654860733945274,0.755749574354268,0.));
#2192=DIRECTION('',(0.654860733945274,-0.755749574354268,0.));
#2193=DIRECTION('',(0.,0.,-1.));
#2194=DIRECTION('',(0.654860733945274,-0.755749574354268,0.));
#2195=DIRECTION('',(-0.374585557616873,0.927192353303702,0.));
#2196=DIRECTION('',(-0.927192353303702,-0.374585557616873,0.));
#2197=DIRECTION('',(0.927192353303702,0.374585557616873,0.));
#2198=DIRECTION('',(0.,0.,-1.));
#2199=DIRECTION('',(0.927192353303702,0.374585557616873,0.));
#2200=DIRECTION('',(-0.65486073394528,-0.755749574354263,0.));
#2201=DIRECTION('',(0.755749574354263,-0.65486073394528,0.));
#2202=DIRECTION('',(-0.755749574354263,0.65486073394528,0.));
#2203=DIRECTION('',(0.,0.,-1.));
#2204=DIRECTION('',(-0.755749574354263,0.65486073394528,0.));
#2205=DIRECTION('',(-0.971063955099801,0.238819586939454,0.));
#2206=DIRECTION('',(-0.238819586939454,-0.971063955099801,0.));
#2207=DIRECTION('',(0.238819586939454,0.971063955099801,0.));
#2208=DIRECTION('',(0.,0.,-1.));
#2209=DIRECTION('',(0.238819586939454,0.971063955099801,0.));
#2210=DIRECTION('',(0.540640817455597,0.841253532831182,0.));
#2211=DIRECTION('',(-0.841253532831182,0.540640817455597,0.));
#2212=DIRECTION('',(0.841253532831182,-0.540640817455597,0.));
#2213=DIRECTION('',(0.,0.,-1.));
#2214=DIRECTION('',(0.841253532831182,-0.540640817455597,0.));
#2215=DIRECTION('',(-0.62063248293093,0.78410160128072,0.));
#2216=DIRECTION('',(-0.78410160128072,-0.62063248293093,0.));
#2217=DIRECTION('',(0.78410160128072,0.62063248293093,0.));
#2218=DIRECTION('',(0.,0.,-1.));
#2219=DIRECTION('',(0.78410160128072,0.62063248293093,0.));
#2220=DIRECTION('',(-0.415415013001885,-0.909631995354519,0.));
#2221=DIRECTION('',(0.909631995354519,-0.415415013001885,0.));
#2222=DIRECTION('',(-0.909631995354519,0.415415013001885,0.));
#2223=DIRECTION('',(0.,0.,-1.));
#2224=DIRECTION('',(-0.909631995354519,0.415415013001885,0.));
#2225=DIRECTION('',(-0.99901229470083,-0.044434615296882,0.));
#2226=DIRECTION('',(0.044434615296882,-0.99901229470083,0.));
#2227=DIRECTION('',(-0.044434615296882,0.99901229470083,0.));
#2228=DIRECTION('',(0.,0.,-1.));
#2229=DIRECTION('',(-0.044434615296882,0.99901229470083,0.));
#2230=DIRECTION('',(0.281732556841418,0.959492973614501,0.));
#2231=DIRECTION('',(-0.959492973614501,0.281732556841418,0.));
#2232=DIRECTION('',(0.959492973614501,-0.281732556841418,0.));
#2233=DIRECTION('',(0.,0.,-1.));
#2234=DIRECTION('',(0.959492973614501,-0.281732556841418,0.));
#2235=DIRECTION('',(-0.816399455521424,0.57748760075375,0.));
#2236=DIRECTION('',(-0.57748760075375,-0.816399455521424,0.));
#2237=DIRECTION('',(0.57748760075375,0.816399455521424,0.));
#2238=DIRECTION('',(0.,0.,-1.));
#2239=DIRECTION('',(0.57748760075375,0.816399455521424,0.));
#2240=DIRECTION('',(-0.142314838273281,-0.989821441880933,0.));
#2241=DIRECTION('',(0.989821441880933,-0.142314838273281,0.));
#2242=DIRECTION('',(-0.989821441880933,0.142314838273281,0.));
#2243=DIRECTION('',(0.,0.,-1.));
#2244=DIRECTION('',(-0.989821441880933,0.142314838273281,0.));
#2245=DIRECTION('',(-0.946026599540084,-0.324088989264716,0.));
#2246=DIRECTION('',(0.324088989264716,-0.946026599540085,0.));
#2247=DIRECTION('',(-0.324088989264716,0.946026599540084,0.));
#2248=DIRECTION('',(0.,0.,-1.));
#2249=DIRECTION('',(-0.324088989264716,0.946026599540084,0.));
#2250=DIRECTION('',(0.,1.,0.));
#2251=DIRECTION('',(0.,0.,1.));
#2252=DIRECTION('',(1.,0.,0.));
#2253=DIRECTION('',(0.,0.,-1.));
#2254=DIRECTION('',(1.,0.,0.));
#2255=DIRECTION('',(-0.946026599540084,0.324088989264716,0.));
#2256=DIRECTION('',(-0.324088989264716,-0.946026599540085,0.));
#2257=DIRECTION('',(0.324088989264716,0.946026599540084,0.));
#2258=DIRECTION('',(0.,0.,-1.));
#2259=DIRECTION('',(0.324088989264716,0.946026599540084,0.));
#2260=DIRECTION('',(0.142314838273281,-0.989821441880933,0.));
#2261=DIRECTION('',(0.989821441880933,0.142314838273281,0.));
#2262=DIRECTION('',(-0.989821441880933,-0.142314838273281,0.));
#2263=DIRECTION('',(0.,0.,-1.));
#2264=DIRECTION('',(-0.989821441880933,-0.142314838273281,0.));
#2265=DIRECTION('',(-0.816399455521425,-0.577487600753749,0.));
#2266=DIRECTION('',(0.577487600753749,-0.816399455521425,0.));
#2267=DIRECTION('',(-0.577487600753749,0.816399455521425,0.));
#2268=DIRECTION('',(0.,0.,-1.));
#2269=DIRECTION('',(-0.577487600753749,0.816399455521425,0.));
#2270=DIRECTION('',(-0.281732556841442,0.959492973614494,0.));
#2271=DIRECTION('',(-0.959492973614494,-0.281732556841442,0.));
#2272=DIRECTION('',(0.959492973614494,0.281732556841442,0.));
#2273=DIRECTION('',(0.,0.,-1.));
#2274=DIRECTION('',(0.959492973614494,0.281732556841442,0.));
#2275=DIRECTION('',(-0.99901229470083,0.044434615296882,0.));
#2276=DIRECTION('',(-0.044434615296882,-0.99901229470083,0.));
#2277=DIRECTION('',(0.044434615296882,0.99901229470083,0.));
#2278=DIRECTION('',(0.,0.,-1.));
#2279=DIRECTION('',(0.044434615296882,0.99901229470083,0.));
#2280=DIRECTION('',(0.415415013001885,-0.909631995354519,0.));
#2281=DIRECTION('',(0.909631995354519,0.415415013001885,0.));
#2282=DIRECTION('',(-0.909631995354519,-0.415415013001885,0.));
#2283=DIRECTION('',(0.,0.,-1.));
#2284=DIRECTION('',(-0.909631995354519,-0.415415013001885,0.));
#2285=DIRECTION('',(-0.620632482930931,-0.784101601280719,0.));
#2286=DIRECTION('',(0.784101601280719,-0.620632482930931,0.));
#2287=DIRECTION('',(-0.784101601280719,0.620632482930931,0.));
#2288=DIRECTION('',(0.,0.,-1.));
#2289=DIRECTION('',(-0.784101601280719,0.620632482930931,0.));
#2290=DIRECTION('',(-0.540640817455597,0.841253532831182,0.));
#2291=DIRECTION('',(-0.841253532831182,-0.540640817455597,0.));
#2292=DIRECTION('',(0.841253532831182,0.540640817455597,0.));
#2293=DIRECTION('',(0.,0.,-1.));
#2294=DIRECTION('',(0.841253532831182,0.540640817455597,0.));
#2295=DIRECTION('',(-0.971063955099801,-0.238819586939454,0.));
#2296=DIRECTION('',(0.238819586939454,-0.971063955099801,0.));
#2297=DIRECTION('',(-0.238819586939454,0.971063955099801,0.));
#2298=DIRECTION('',(0.,0.,-1.));
#2299=DIRECTION('',(-0.238819586939454,0.971063955099801,0.));
#2300=DIRECTION('',(0.654860733945295,-0.75574957435425,0.));
#2301=DIRECTION('',(0.75574957435425,0.654860733945295,0.));
#2302=DIRECTION('',(-0.75574957435425,-0.654860733945295,0.));
#2303=DIRECTION('',(0.,0.,-1.));
#2304=DIRECTION('',(-0.75574957435425,-0.654860733945295,0.));
#2305=DIRECTION('',(-0.374585557616871,-0.927192353303703,0.));
#2306=DIRECTION('',(0.927192353303703,-0.374585557616871,0.));
#2307=DIRECTION('',(-0.927192353303703,0.374585557616871,0.));
#2308=DIRECTION('',(0.,0.,-1.));
#2309=DIRECTION('',(-0.927192353303703,0.374585557616871,0.));
#2310=DIRECTION('',(-0.755749574354254,0.65486073394529,0.));
#2311=DIRECTION('',(-0.65486073394529,-0.755749574354254,0.));
#2312=DIRECTION('',(0.65486073394529,0.755749574354254,0.));
#2313=DIRECTION('',(0.,0.,-1.));
#2314=DIRECTION('',(0.65486073394529,0.755749574354254,0.));
#2315=DIRECTION('',(-0.864445788996291,-0.502726046556751,0.));
#2316=DIRECTION('',(0.502726046556751,-0.864445788996291,0.));
#2317=DIRECTION('',(-0.502726046556751,0.864445788996291,0.));
#2318=DIRECTION('',(0.,0.,-1.));
#2319=DIRECTION('',(-0.502726046556751,0.864445788996291,0.));
#2320=DIRECTION('',(0.841253532831174,-0.540640817455609,0.));
#2321=DIRECTION('',(0.540640817455609,0.841253532831174,0.));
#2322=DIRECTION('',(-0.540640817455609,-0.841253532831174,0.));
#2323=DIRECTION('',(0.,0.,-1.));
#2324=DIRECTION('',(-0.540640817455609,-0.841253532831174,0.));
#2325=DIRECTION('',(-0.0981919381707813,-0.995167495087267,0.));
#2326=DIRECTION('',(0.995167495087267,-0.0981919381707813,0.));
#2327=DIRECTION('',(-0.995167495087267,0.0981919381707813,0.));
#2328=DIRECTION('',(0.,0.,-1.));
#2329=DIRECTION('',(-0.995167495087267,0.0981919381707813,0.));
#2330=DIRECTION('',(-0.909631995354529,0.415415013001863,0.));
#2331=DIRECTION('',(-0.415415013001864,-0.909631995354529,0.));
#2332=DIRECTION('',(0.415415013001863,0.909631995354529,0.));
#2333=DIRECTION('',(0.,0.,-1.));
#2334=DIRECTION('',(0.415415013001863,0.909631995354529,0.));
#2335=DIRECTION('',(-0.687795366125366,-0.725904631708927,0.));
#2336=DIRECTION('',(0.725904631708927,-0.687795366125366,0.));
#2337=DIRECTION('',(-0.725904631708927,0.687795366125366,0.));
#2338=DIRECTION('',(0.,0.,-1.));
#2339=DIRECTION('',(-0.725904631708927,0.687795366125366,0.));
#2340=DIRECTION('',(0.959492973614483,-0.281732556841478,0.));
#2341=DIRECTION('',(0.281732556841478,0.959492973614483,0.));
#2342=DIRECTION('',(-0.281732556841478,-0.959492973614483,0.));
#2343=DIRECTION('',(0.,0.,-1.));
#2344=DIRECTION('',(-0.281732556841478,-0.959492973614483,0.));
#2345=DIRECTION('',(0.18615660813596,-0.982520084907843,0.));
#2346=DIRECTION('',(0.982520084907843,0.18615660813596,0.));
#2347=DIRECTION('',(-0.982520084907843,-0.18615660813596,0.));
#2348=DIRECTION('',(0.,0.,-1.));
#2349=DIRECTION('',(-0.982520084907843,-0.18615660813596,0.));
#2350=DIRECTION('',(-0.989821441880914,0.142314838273413,0.));
#2351=DIRECTION('',(-0.142314838273413,-0.989821441880915,0.));
#2352=DIRECTION('',(0.142314838273413,0.989821441880914,0.));
#2353=DIRECTION('',(0.,0.,-1.));
#2354=DIRECTION('',(0.142314838273413,0.989821441880914,0.));
#2355=DIRECTION('',(-0.455423853167508,-0.890274740721122,0.));
#2356=DIRECTION('',(0.890274740721122,-0.455423853167508,0.));
#2357=DIRECTION('',(-0.890274740721122,0.455423853167508,0.));
#2358=DIRECTION('',(0.,0.,-1.));
#2359=DIRECTION('',(-0.890274740721122,0.455423853167508,0.));
#2360=DIRECTION('',(1.,0.,0.));
#2361=DIRECTION('',(0.,0.,-1.));
#2362=DIRECTION('',(0.,-1.,0.));
#2363=DIRECTION('',(0.,0.,-1.));
#2364=DIRECTION('',(0.,-1.,0.));
#2365=DIRECTION('',(0.455423853167508,-0.890274740721122,0.));
#2366=DIRECTION('',(0.890274740721122,0.455423853167508,0.));
#2367=DIRECTION('',(-0.890274740721122,-0.455423853167508,0.));
#2368=DIRECTION('',(0.,0.,-1.));
#2369=DIRECTION('',(-0.890274740721122,-0.455423853167508,0.));
#2370=DIRECTION('',(-0.989821441880944,-0.142314838273205,0.));
#2371=DIRECTION('',(0.142314838273205,-0.989821441880944,0.));
#2372=DIRECTION('',(-0.142314838273205,0.989821441880944,0.));
#2373=DIRECTION('',(0.,0.,-1.));
#2374=DIRECTION('',(-0.142314838273205,0.989821441880944,0.));
#2375=DIRECTION('',(-0.18615660813596,-0.982520084907843,0.));
#2376=DIRECTION('',(0.982520084907843,-0.18615660813596,0.));
#2377=DIRECTION('',(-0.982520084907843,0.18615660813596,0.));
#2378=DIRECTION('',(0.,0.,-1.));
#2379=DIRECTION('',(-0.982520084907843,0.18615660813596,0.));
#2380=DIRECTION('',(0.959492973614483,0.281732556841478,0.));
#2381=DIRECTION('',(-0.281732556841478,0.959492973614483,0.));
#2382=DIRECTION('',(0.281732556841478,-0.959492973614483,0.));
#2383=DIRECTION('',(0.,0.,-1.));
#2384=DIRECTION('',(0.281732556841478,-0.959492973614483,0.));
#2385=DIRECTION('',(0.687795366125366,-0.725904631708927,0.));
#2386=DIRECTION('',(0.725904631708927,0.687795366125366,0.));
#2387=DIRECTION('',(-0.725904631708927,-0.687795366125366,0.));
#2388=DIRECTION('',(0.,0.,-1.));
#2389=DIRECTION('',(-0.725904631708927,-0.687795366125366,0.));
#2390=DIRECTION('',(-0.909631995354534,-0.415415013001853,0.));
#2391=DIRECTION('',(0.415415013001853,-0.909631995354534,0.));
#2392=DIRECTION('',(-0.415415013001853,0.909631995354534,0.));
#2393=DIRECTION('',(0.,0.,-1.));
#2394=DIRECTION('',(-0.415415013001853,0.909631995354534,0.));
#2395=DIRECTION('',(0.0981919381707813,-0.995167495087267,0.));
#2396=DIRECTION('',(0.995167495087267,0.0981919381707813,0.));
#2397=DIRECTION('',(-0.995167495087267,-0.0981919381707813,0.));
#2398=DIRECTION('',(0.,0.,-1.));
#2399=DIRECTION('',(-0.995167495087267,-0.0981919381707813,0.));
#2400=DIRECTION('',(0.84125353283117,0.540640817455615,0.));
#2401=DIRECTION('',(-0.540640817455615,0.84125353283117,0.));
#2402=DIRECTION('',(0.540640817455615,-0.84125353283117,0.));
#2403=DIRECTION('',(0.,0.,-1.));
#2404=DIRECTION('',(0.540640817455615,-0.84125353283117,0.));
#2405=DIRECTION('',(0.864445788996291,-0.502726046556751,0.));
#2406=DIRECTION('',(0.502726046556751,0.864445788996291,0.));
#2407=DIRECTION('',(-0.502726046556751,-0.864445788996291,0.));
#2408=DIRECTION('',(0.,0.,-1.));
#2409=DIRECTION('',(-0.502726046556751,-0.864445788996291,0.));
#2410=DIRECTION('',(-0.75574957435428,-0.654860733945261,0.));
#2411=DIRECTION('',(0.654860733945261,-0.75574957435428,0.));
#2412=DIRECTION('',(-0.654860733945261,0.75574957435428,0.));
#2413=DIRECTION('',(0.,0.,-1.));
#2414=DIRECTION('',(-0.654860733945261,0.75574957435428,0.));
#2415=DIRECTION('',(0.374585557616871,-0.927192353303703,0.));
#2416=DIRECTION('',(0.927192353303703,0.374585557616871,0.));
#2417=DIRECTION('',(-0.927192353303703,-0.374585557616871,0.));
#2418=DIRECTION('',(0.,0.,-1.));
#2419=DIRECTION('',(-0.927192353303703,-0.374585557616871,0.));
#2420=DIRECTION('',(0.65486073394528,0.755749574354263,0.));
#2421=DIRECTION('',(-0.755749574354263,0.65486073394528,0.));
#2422=DIRECTION('',(0.755749574354263,-0.65486073394528,0.));
#2423=DIRECTION('',(0.,0.,-1.));
#2424=DIRECTION('',(0.755749574354263,-0.65486073394528,0.));
#2425=DIRECTION('',(0.971063955099801,-0.238819586939454,0.));
#2426=DIRECTION('',(0.238819586939454,0.971063955099801,0.));
#2427=DIRECTION('',(-0.238819586939454,-0.971063955099801,0.));
#2428=DIRECTION('',(0.,0.,-1.));
#2429=DIRECTION('',(-0.238819586939454,-0.971063955099801,0.));
#2430=DIRECTION('',(-0.540640817455599,-0.84125353283118,0.));
#2431=DIRECTION('',(0.84125353283118,-0.540640817455599,0.));
#2432=DIRECTION('',(-0.84125353283118,0.540640817455599,0.));
#2433=DIRECTION('',(0.,0.,-1.));
#2434=DIRECTION('',(-0.84125353283118,0.540640817455599,0.));
#2435=DIRECTION('',(0.620632482930931,-0.784101601280719,0.));
#2436=DIRECTION('',(0.784101601280719,0.620632482930931,0.));
#2437=DIRECTION('',(-0.784101601280719,-0.620632482930931,0.));
#2438=DIRECTION('',(0.,0.,-1.));
#2439=DIRECTION('',(-0.784101601280719,-0.620632482930931,0.));
#2440=DIRECTION('',(0.415415013001885,0.909631995354519,0.));
#2441=DIRECTION('',(-0.909631995354519,0.415415013001885,0.));
#2442=DIRECTION('',(0.909631995354519,-0.415415013001885,0.));
#2443=DIRECTION('',(0.,0.,-1.));
#2444=DIRECTION('',(0.909631995354519,-0.415415013001885,0.));
#2445=DIRECTION('',(0.99901229470083,0.0444346152968821,0.));
#2446=DIRECTION('',(-0.0444346152968821,0.99901229470083,0.));
#2447=DIRECTION('',(0.0444346152968821,-0.99901229470083,0.));
#2448=DIRECTION('',(0.,0.,-1.));
#2449=DIRECTION('',(0.0444346152968821,-0.99901229470083,0.));
#2450=DIRECTION('',(-0.281732556841418,-0.959492973614501,0.));
#2451=DIRECTION('',(0.959492973614501,-0.281732556841418,0.));
#2452=DIRECTION('',(-0.959492973614501,0.281732556841418,0.));
#2453=DIRECTION('',(0.,0.,-1.));
#2454=DIRECTION('',(-0.959492973614501,0.281732556841418,0.));
#2455=DIRECTION('',(0.816399455521424,-0.57748760075375,0.));
#2456=DIRECTION('',(0.57748760075375,0.816399455521424,0.));
#2457=DIRECTION('',(-0.57748760075375,-0.816399455521424,0.));
#2458=DIRECTION('',(0.,0.,-1.));
#2459=DIRECTION('',(-0.57748760075375,-0.816399455521424,0.));
#2460=DIRECTION('',(0.142314838273281,0.989821441880933,0.));
#2461=DIRECTION('',(-0.989821441880933,0.142314838273281,0.));
#2462=DIRECTION('',(0.989821441880933,-0.142314838273281,0.));
#2463=DIRECTION('',(0.,0.,-1.));
#2464=DIRECTION('',(0.989821441880933,-0.142314838273281,0.));
#2465=DIRECTION('',(0.946026599540084,0.324088989264716,0.));
#2466=DIRECTION('',(-0.324088989264716,0.946026599540085,0.));
#2467=DIRECTION('',(0.324088989264716,-0.946026599540084,0.));
#2468=DIRECTION('',(0.324088989264716,-0.946026599540084,0.));
#2469=DIRECTION('',(0.,1.,0.));
#2470=DIRECTION('',(0.,0.,1.));
#2471=DIRECTION('',(1.,0.,0.));
#2472=DIRECTION('',(1.,0.,0.));
#2473=DIRECTION('',(0.,0.,1.));
#2474=DIRECTION('',(1.,0.,0.));
#2475=DIRECTION('',(0.,0.,1.));
#2476=DIRECTION('',(1.,0.,0.));
#2477=CARTESIAN_POINT('',(0.,0.,0.));
#2478=CARTESIAN_POINT('',(0.128823214791842,0.0250194467463494,0.01651));
#2479=CARTESIAN_POINT('',(0.128823214791842,0.0250194467463494,0.));
#2480=CARTESIAN_POINT('',(0.130218181265164,0.0228967907359916,0.));
#2481=CARTESIAN_POINT('',(0.12742824831852,0.0228967907359916,0.));
#2482=CARTESIAN_POINT('',(0.130218181265164,0.0228967907359916,0.01651));
#2483=CARTESIAN_POINT('',(0.130218181265164,0.0228967907359916,0.01651));
#2484=CARTESIAN_POINT('',(0.128823214791842,0.0250194467463494,0.01651));
#2485=CARTESIAN_POINT('',(0.12742824831852,0.0228967907359916,0.01651));
#2486=CARTESIAN_POINT('',(0.12742824831852,0.0228967907359916,0.01651));
#2487=CARTESIAN_POINT('',(0.128888814185005,0.0320764295756817,0.01651));
#2488=CARTESIAN_POINT('',(0.128888814185005,0.0320764295756817,0.));
#2489=CARTESIAN_POINT('',(0.128954413578168,0.0320764295756817,0.));
#2490=CARTESIAN_POINT('',(0.128692016005516,0.0320764295756817,0.));
#2491=CARTESIAN_POINT('',(0.128692016005516,0.0320764295756817,0.01651));
#2492=CARTESIAN_POINT('',(0.128692016005516,0.0320764295756817,0.01651));
#2493=CARTESIAN_POINT('',(0.128888814185005,0.0320764295756817,0.01651));
#2494=CARTESIAN_POINT('',(0.128954413578168,0.0320764295756817,0.01651));
#2495=CARTESIAN_POINT('',(0.128954413578168,0.0320764295756817,0.01651));
#2496=CARTESIAN_POINT('',(0.128427943059875,0.0313055918148488,0.01651));
#2497=CARTESIAN_POINT('',(0.128427943059875,0.0313055918148488,0.));
#2498=CARTESIAN_POINT('',(0.128163870114234,0.0305347540540159,0.));
#2499=CARTESIAN_POINT('',(0.128163870114234,0.0305347540540159,0.01651));
#2500=CARTESIAN_POINT('',(0.128163870114234,0.0305347540540159,0.01651));
#2501=CARTESIAN_POINT('',(0.128427943059875,0.0313055918148488,0.01651));
#2502=CARTESIAN_POINT('',(0.128032939930938,0.0305159291356292,0.01651));
#2503=CARTESIAN_POINT('',(0.128032939930938,0.0305159291356292,0.));
#2504=CARTESIAN_POINT('',(0.127902009747643,0.0304971042172426,0.));
#2505=CARTESIAN_POINT('',(0.127902009747643,0.0304971042172426,0.01651));
#2506=CARTESIAN_POINT('',(0.127902009747643,0.0304971042172426,0.01651));
#2507=CARTESIAN_POINT('',(0.128032939930938,0.0305159291356292,0.01651));
#2508=CARTESIAN_POINT('',(0.127431463518509,0.0311623196863903,0.01651));
#2509=CARTESIAN_POINT('',(0.127431463518509,0.0311623196863903,0.));
#2510=CARTESIAN_POINT('',(0.126960917289375,0.0318275351555381,0.));
#2511=CARTESIAN_POINT('',(0.126960917289375,0.0318275351555381,0.01651));
#2512=CARTESIAN_POINT('',(0.126960917289375,0.0318275351555381,0.01651));
#2513=CARTESIAN_POINT('',(0.127431463518509,0.0311623196863903,0.01651));
#2514=CARTESIAN_POINT('',(0.126897975132562,0.0318090536707749,0.01651));
#2515=CARTESIAN_POINT('',(0.126897975132562,0.0318090536707749,0.));
#2516=CARTESIAN_POINT('',(0.126709148662122,0.0317536092164857,0.));
#2517=CARTESIAN_POINT('',(0.126709148662122,0.0317536092164857,0.01651));
#2518=CARTESIAN_POINT('',(0.126709148662122,0.0317536092164857,0.01651));
#2519=CARTESIAN_POINT('',(0.126897975132562,0.0318090536707749,0.01651));
#2520=CARTESIAN_POINT('',(0.126672942619527,0.0309395978550017,0.01651));
#2521=CARTESIAN_POINT('',(0.126672942619527,0.0309395978550017,0.));
#2522=CARTESIAN_POINT('',(0.126636736576932,0.0301255864935177,0.));
#2523=CARTESIAN_POINT('',(0.126636736576932,0.0301255864935177,0.01651));
#2524=CARTESIAN_POINT('',(0.126636736576932,0.0301255864935177,0.01651));
#2525=CARTESIAN_POINT('',(0.126672942619527,0.0309395978550017,0.01651));
#2526=CARTESIAN_POINT('',(0.126516413578415,0.0300706368212892,0.01651));
#2527=CARTESIAN_POINT('',(0.126516413578415,0.0300706368212892,0.));
#2528=CARTESIAN_POINT('',(0.126396090579898,0.0300156871490607,0.));
#2529=CARTESIAN_POINT('',(0.126396090579898,0.0300156871490607,0.01651));
#2530=CARTESIAN_POINT('',(0.126396090579898,0.0300156871490607,0.01651));
#2531=CARTESIAN_POINT('',(0.126516413578415,0.0300706368212892,0.01651));
#2532=CARTESIAN_POINT('',(0.12575719192431,0.0305213885254017,0.01651));
#2533=CARTESIAN_POINT('',(0.12575719192431,0.0305213885254017,0.));
#2534=CARTESIAN_POINT('',(0.125118293268722,0.0310270899017427,0.));
#2535=CARTESIAN_POINT('',(0.125118293268722,0.0310270899017427,0.01651));
#2536=CARTESIAN_POINT('',(0.125118293268722,0.0310270899017427,0.01651));
#2537=CARTESIAN_POINT('',(0.12575719192431,0.0305213885254017,0.01651));
#2538=CARTESIAN_POINT('',(0.125063107547472,0.0309916241921985,0.01651));
#2539=CARTESIAN_POINT('',(0.125063107547472,0.0309916241921985,0.));
#2540=CARTESIAN_POINT('',(0.124897550383722,0.0308852270635655,0.));
#2541=CARTESIAN_POINT('',(0.124897550383722,0.0308852270635655,0.01651));
#2542=CARTESIAN_POINT('',(0.124897550383722,0.0308852270635655,0.01651));
#2543=CARTESIAN_POINT('',(0.125063107547472,0.0309916241921985,0.01651));
#2544=CARTESIAN_POINT('',(0.125092144442418,0.0300939884608259,0.01651));
#2545=CARTESIAN_POINT('',(0.125092144442418,0.0300939884608259,0.));
#2546=CARTESIAN_POINT('',(0.125286738501115,0.0293027498580863,0.));
#2547=CARTESIAN_POINT('',(0.125286738501115,0.0293027498580863,0.01651));
#2548=CARTESIAN_POINT('',(0.125286738501115,0.0293027498580863,0.01651));
#2549=CARTESIAN_POINT('',(0.125092144442418,0.0300939884608259,0.01651));
#2550=CARTESIAN_POINT('',(0.125186770541128,0.0292161271276617,0.01651));
#2551=CARTESIAN_POINT('',(0.125186770541128,0.0292161271276617,0.));
#2552=CARTESIAN_POINT('',(0.125086802581142,0.029129504397237,0.));
#2553=CARTESIAN_POINT('',(0.125086802581142,0.029129504397237,0.01651));
#2554=CARTESIAN_POINT('',(0.125086802581142,0.029129504397237,0.01651));
#2555=CARTESIAN_POINT('',(0.125186770541128,0.0292161271276617,0.01651));
#2556=CARTESIAN_POINT('',(0.124331311268499,0.029434722762782,0.01651));
#2557=CARTESIAN_POINT('',(0.124331311268499,0.029434722762782,0.));
#2558=CARTESIAN_POINT('',(0.123575819955855,0.029739941128327,0.));
#2559=CARTESIAN_POINT('',(0.123575819955855,0.029739941128327,0.01651));
#2560=CARTESIAN_POINT('',(0.123575819955855,0.029739941128327,0.01651));
#2561=CARTESIAN_POINT('',(0.124331311268499,0.029434722762782,0.01651));
#2562=CARTESIAN_POINT('',(0.123532861489102,0.0296903644148661,0.01651));
#2563=CARTESIAN_POINT('',(0.123532861489102,0.0296903644148661,0.));
#2564=CARTESIAN_POINT('',(0.123403986088843,0.0295416342744833,0.));
#2565=CARTESIAN_POINT('',(0.123403986088843,0.0295416342744833,0.01651));
#2566=CARTESIAN_POINT('',(0.123403986088843,0.0295416342744833,0.01651));
#2567=CARTESIAN_POINT('',(0.123532861489102,0.0296903644148661,0.01651));
#2568=CARTESIAN_POINT('',(0.123813615395491,0.0288372698764049,0.01651));
#2569=CARTESIAN_POINT('',(0.123813615395491,0.0288372698764049,0.));
#2570=CARTESIAN_POINT('',(0.124223244702139,0.0281329054783263,0.));
#2571=CARTESIAN_POINT('',(0.124223244702139,0.0281329054783263,0.01651));
#2572=CARTESIAN_POINT('',(0.124223244702139,0.0281329054783263,0.01651));
#2573=CARTESIAN_POINT('',(0.123813615395491,0.0288372698764049,0.01651));
#2574=CARTESIAN_POINT('',(0.124151730590268,0.0280216273481594,0.01651));
#2575=CARTESIAN_POINT('',(0.124151730590268,0.0280216273481594,0.));
#2576=CARTESIAN_POINT('',(0.124080216478398,0.0279103492179924,0.));
#2577=CARTESIAN_POINT('',(0.124080216478398,0.0279103492179924,0.01651));
#2578=CARTESIAN_POINT('',(0.124080216478398,0.0279103492179924,0.01651));
#2579=CARTESIAN_POINT('',(0.124151730590268,0.0280216273481594,0.01651));
#2580=CARTESIAN_POINT('',(0.12326933792177,0.0279903575959685,0.01651));
#2581=CARTESIAN_POINT('',(0.12326933792177,0.0279903575959685,0.));
#2582=CARTESIAN_POINT('',(0.122458459365142,0.0280703659739445,0.));
#2583=CARTESIAN_POINT('',(0.122458459365142,0.0280703659739445,0.01651));
#2584=CARTESIAN_POINT('',(0.122458459365142,0.0280703659739445,0.01651));
#2585=CARTESIAN_POINT('',(0.12326933792177,0.0279903575959685,0.01651));
#2586=CARTESIAN_POINT('',(0.122431208392378,0.0280106946670476,0.01651));
#2587=CARTESIAN_POINT('',(0.122431208392378,0.0280106946670476,0.));
#2588=CARTESIAN_POINT('',(0.122349455474087,0.0278316807463566,0.));
#2589=CARTESIAN_POINT('',(0.122349455474087,0.0278316807463566,0.01651));
#2590=CARTESIAN_POINT('',(0.122349455474087,0.0278316807463566,0.01651));
#2591=CARTESIAN_POINT('',(0.122431208392378,0.0280106946670476,0.01651));
#2592=CARTESIAN_POINT('',(0.122940934298421,0.0272712539674551,0.01651));
#2593=CARTESIAN_POINT('',(0.122940934298421,0.0272712539674551,0.));
#2594=CARTESIAN_POINT('',(0.123532413122755,0.0267108271885537,0.));
#2595=CARTESIAN_POINT('',(0.123532413122755,0.0267108271885537,0.01651));
#2596=CARTESIAN_POINT('',(0.123532413122755,0.0267108271885537,0.01651));
#2597=CARTESIAN_POINT('',(0.122940934298421,0.0272712539674551,0.01651));
#2598=CARTESIAN_POINT('',(0.123495146507033,0.0265839087509539,0.01651));
#2599=CARTESIAN_POINT('',(0.123495146507033,0.0265839087509539,0.));
#2600=CARTESIAN_POINT('',(0.123457879891311,0.0264569903133543,0.));
#2601=CARTESIAN_POINT('',(0.123457879891311,0.0264569903133543,0.01651));
#2602=CARTESIAN_POINT('',(0.123457879891311,0.0264569903133543,0.01651));
#2603=CARTESIAN_POINT('',(0.123495146507033,0.0265839087509539,0.01651));
#2604=CARTESIAN_POINT('',(0.122657306648876,0.0263053069008059,0.01651));
#2605=CARTESIAN_POINT('',(0.122657306648876,0.0263053069008059,0.));
#2606=CARTESIAN_POINT('',(0.121856733406441,0.0261536234882576,0.));
#2607=CARTESIAN_POINT('',(0.121856733406441,0.0261536234882576,0.01651));
#2608=CARTESIAN_POINT('',(0.121856733406441,0.0261536234882576,0.01651));
#2609=CARTESIAN_POINT('',(0.122657306648876,0.0263053069008059,0.01651));
#2610=CARTESIAN_POINT('',(0.121847397639412,0.0260886918023304,0.01651));
#2611=CARTESIAN_POINT('',(0.121847397639412,0.0260886918023304,0.));
#2612=CARTESIAN_POINT('',(0.121819390338326,0.0258938967445486,0.));
#2613=CARTESIAN_POINT('',(0.121819390338326,0.0258938967445486,0.01651));
#2614=CARTESIAN_POINT('',(0.121819390338326,0.0258938967445486,0.01651));
#2615=CARTESIAN_POINT('',(0.121847397639412,0.0260886918023304,0.01651));
#2616=CARTESIAN_POINT('',(0.122544800583658,0.0255228100294645,0.01651));
#2617=CARTESIAN_POINT('',(0.122544800583658,0.0255228100294645,0.));
#2618=CARTESIAN_POINT('',(0.123270210828991,0.0251517233143805,0.));
#2619=CARTESIAN_POINT('',(0.123270210828991,0.0251517233143805,0.01651));
#2620=CARTESIAN_POINT('',(0.123270210828991,0.0251517233143805,0.01651));
#2621=CARTESIAN_POINT('',(0.122544800583658,0.0255228100294645,0.01651));
#2622=CARTESIAN_POINT('',(0.123270210828991,0.0250194467463494,0.01651));
#2623=CARTESIAN_POINT('',(0.123270210828991,0.0250194467463494,0.));
#2624=CARTESIAN_POINT('',(0.123270210828991,0.0248871701783183,0.));
#2625=CARTESIAN_POINT('',(0.123270210828991,0.0248871701783183,0.01651));
#2626=CARTESIAN_POINT('',(0.123270210828991,0.0248871701783183,0.01651));
#2627=CARTESIAN_POINT('',(0.123270210828991,0.0250194467463494,0.01651));
#2628=CARTESIAN_POINT('',(0.122544800583658,0.0245160834632341,0.01651));
#2629=CARTESIAN_POINT('',(0.122544800583658,0.0245160834632341,0.));
#2630=CARTESIAN_POINT('',(0.121819390338326,0.02414499674815,0.));
#2631=CARTESIAN_POINT('',(0.121819390338326,0.02414499674815,0.01651));
#2632=CARTESIAN_POINT('',(0.121819390338326,0.02414499674815,0.01651));
#2633=CARTESIAN_POINT('',(0.122544800583658,0.0245160834632341,0.01651));
#2634=CARTESIAN_POINT('',(0.121828726105355,0.0240800650622228,0.01651));
#2635=CARTESIAN_POINT('',(0.121828726105355,0.0240800650622228,0.));
#2636=CARTESIAN_POINT('',(0.121856733406441,0.0238852700044411,0.));
#2637=CARTESIAN_POINT('',(0.121856733406441,0.0238852700044411,0.01651));
#2638=CARTESIAN_POINT('',(0.121856733406441,0.0238852700044411,0.01651));
#2639=CARTESIAN_POINT('',(0.121828726105355,0.0240800650622228,0.01651));
#2640=CARTESIAN_POINT('',(0.122657306648876,0.0237335865918928,0.01651));
#2641=CARTESIAN_POINT('',(0.122657306648876,0.0237335865918928,0.));
#2642=CARTESIAN_POINT('',(0.123457879891311,0.0235819031793443,0.));
#2643=CARTESIAN_POINT('',(0.123457879891311,0.0235819031793443,0.01651));
#2644=CARTESIAN_POINT('',(0.123457879891311,0.0235819031793443,0.01651));
#2645=CARTESIAN_POINT('',(0.122657306648876,0.0237335865918928,0.01651));
#2646=CARTESIAN_POINT('',(0.123495146507033,0.0234549847417447,0.01651));
#2647=CARTESIAN_POINT('',(0.123495146507033,0.0234549847417447,0.));
#2648=CARTESIAN_POINT('',(0.123532413122755,0.023328066304145,0.));
#2649=CARTESIAN_POINT('',(0.123532413122755,0.023328066304145,0.01651));
#2650=CARTESIAN_POINT('',(0.123532413122755,0.023328066304145,0.01651));
#2651=CARTESIAN_POINT('',(0.123495146507033,0.0234549847417447,0.01651));
#2652=CARTESIAN_POINT('',(0.122940934298421,0.0227676395252436,0.01651));
#2653=CARTESIAN_POINT('',(0.122940934298421,0.0227676395252436,0.));
#2654=CARTESIAN_POINT('',(0.122349455474087,0.0222072127463422,0.));
#2655=CARTESIAN_POINT('',(0.122349455474087,0.0222072127463422,0.01651));
#2656=CARTESIAN_POINT('',(0.122349455474087,0.0222072127463422,0.01651));
#2657=CARTESIAN_POINT('',(0.122940934298421,0.0227676395252436,0.01651));
#2658=CARTESIAN_POINT('',(0.12237670644685,0.0221475414394452,0.01651));
#2659=CARTESIAN_POINT('',(0.12237670644685,0.0221475414394452,0.));
#2660=CARTESIAN_POINT('',(0.122458459365142,0.0219685275187542,0.));
#2661=CARTESIAN_POINT('',(0.122458459365142,0.0219685275187542,0.01651));
#2662=CARTESIAN_POINT('',(0.122458459365142,0.0219685275187542,0.01651));
#2663=CARTESIAN_POINT('',(0.12237670644685,0.0221475414394452,0.01651));
#2664=CARTESIAN_POINT('',(0.12326933792177,0.0220485358967302,0.01651));
#2665=CARTESIAN_POINT('',(0.12326933792177,0.0220485358967302,0.));
#2666=CARTESIAN_POINT('',(0.124080216478398,0.0221285442747063,0.));
#2667=CARTESIAN_POINT('',(0.124080216478398,0.0221285442747063,0.01651));
#2668=CARTESIAN_POINT('',(0.124080216478398,0.0221285442747063,0.01651));
#2669=CARTESIAN_POINT('',(0.12326933792177,0.0220485358967302,0.01651));
#2670=CARTESIAN_POINT('',(0.124151730590268,0.0220172661445393,0.01651));
#2671=CARTESIAN_POINT('',(0.124151730590268,0.0220172661445393,0.));
#2672=CARTESIAN_POINT('',(0.124223244702139,0.0219059880143724,0.));
#2673=CARTESIAN_POINT('',(0.124223244702139,0.0219059880143724,0.01651));
#2674=CARTESIAN_POINT('',(0.124223244702139,0.0219059880143724,0.01651));
#2675=CARTESIAN_POINT('',(0.124151730590268,0.0220172661445393,0.01651));
#2676=CARTESIAN_POINT('',(0.123813615395491,0.0212016236162939,0.01651));
#2677=CARTESIAN_POINT('',(0.123813615395491,0.0212016236162939,0.));
#2678=CARTESIAN_POINT('',(0.123403986088843,0.0204972592182153,0.));
#2679=CARTESIAN_POINT('',(0.123403986088843,0.0204972592182153,0.01651));
#2680=CARTESIAN_POINT('',(0.123403986088843,0.0204972592182153,0.01651));
#2681=CARTESIAN_POINT('',(0.123813615395491,0.0212016236162939,0.01651));
#2682=CARTESIAN_POINT('',(0.123446944555596,0.0204476825047544,0.01651));
#2683=CARTESIAN_POINT('',(0.123446944555596,0.0204476825047544,0.));
#2684=CARTESIAN_POINT('',(0.123575819955855,0.0202989523643716,0.));
#2685=CARTESIAN_POINT('',(0.123575819955855,0.0202989523643716,0.01651));
#2686=CARTESIAN_POINT('',(0.123575819955855,0.0202989523643716,0.01651));
#2687=CARTESIAN_POINT('',(0.123446944555596,0.0204476825047544,0.01651));
#2688=CARTESIAN_POINT('',(0.124331311268499,0.0206041707299166,0.01651));
#2689=CARTESIAN_POINT('',(0.124331311268499,0.0206041707299166,0.));
#2690=CARTESIAN_POINT('',(0.125086802581142,0.0209093890954616,0.));
#2691=CARTESIAN_POINT('',(0.125086802581142,0.0209093890954616,0.01651));
#2692=CARTESIAN_POINT('',(0.125086802581142,0.0209093890954616,0.01651));
#2693=CARTESIAN_POINT('',(0.124331311268499,0.0206041707299166,0.01651));
#2694=CARTESIAN_POINT('',(0.125186770541128,0.0208227663650371,0.01651));
#2695=CARTESIAN_POINT('',(0.125186770541128,0.0208227663650371,0.));
#2696=CARTESIAN_POINT('',(0.125286738501115,0.0207361436346124,0.));
#2697=CARTESIAN_POINT('',(0.125286738501115,0.0207361436346124,0.01651));
#2698=CARTESIAN_POINT('',(0.125286738501115,0.0207361436346124,0.01651));
#2699=CARTESIAN_POINT('',(0.125186770541128,0.0208227663650371,0.01651));
#2700=CARTESIAN_POINT('',(0.125092144442418,0.0199449050318727,0.01651));
#2701=CARTESIAN_POINT('',(0.125092144442418,0.0199449050318727,0.));
#2702=CARTESIAN_POINT('',(0.124897550383722,0.019153666429133,0.));
#2703=CARTESIAN_POINT('',(0.124897550383722,0.019153666429133,0.01651));
#2704=CARTESIAN_POINT('',(0.124897550383722,0.019153666429133,0.01651));
#2705=CARTESIAN_POINT('',(0.125092144442418,0.0199449050318727,0.01651));
#2706=CARTESIAN_POINT('',(0.124952736104972,0.0191182007195888,0.01651));
#2707=CARTESIAN_POINT('',(0.124952736104972,0.0191182007195888,0.));
#2708=CARTESIAN_POINT('',(0.125118293268722,0.0190118035909559,0.));
#2709=CARTESIAN_POINT('',(0.125118293268722,0.0190118035909559,0.01651));
#2710=CARTESIAN_POINT('',(0.125118293268722,0.0190118035909559,0.01651));
#2711=CARTESIAN_POINT('',(0.124952736104972,0.0191182007195888,0.01651));
#2712=CARTESIAN_POINT('',(0.12575719192431,0.019517504967297,0.01651));
#2713=CARTESIAN_POINT('',(0.12575719192431,0.019517504967297,0.));
#2714=CARTESIAN_POINT('',(0.126396090579898,0.0200232063436379,0.));
#2715=CARTESIAN_POINT('',(0.126396090579898,0.0200232063436379,0.01651));
#2716=CARTESIAN_POINT('',(0.126396090579898,0.0200232063436379,0.01651));
#2717=CARTESIAN_POINT('',(0.12575719192431,0.019517504967297,0.01651));
#2718=CARTESIAN_POINT('',(0.126516413578415,0.0199682566714094,0.01651));
#2719=CARTESIAN_POINT('',(0.126516413578415,0.0199682566714094,0.));
#2720=CARTESIAN_POINT('',(0.126636736576932,0.019913306999181,0.));
#2721=CARTESIAN_POINT('',(0.126636736576932,0.019913306999181,0.01651));
#2722=CARTESIAN_POINT('',(0.126636736576932,0.019913306999181,0.01651));
#2723=CARTESIAN_POINT('',(0.126516413578415,0.0199682566714094,0.01651));
#2724=CARTESIAN_POINT('',(0.126672942619527,0.0190992956376969,0.01651));
#2725=CARTESIAN_POINT('',(0.126672942619527,0.0190992956376969,0.));
#2726=CARTESIAN_POINT('',(0.126709148662122,0.018285284276213,0.));
#2727=CARTESIAN_POINT('',(0.126709148662122,0.018285284276213,0.01651));
#2728=CARTESIAN_POINT('',(0.126709148662122,0.018285284276213,0.01651));
#2729=CARTESIAN_POINT('',(0.126672942619527,0.0190992956376969,0.01651));
#2730=CARTESIAN_POINT('',(0.126772090818935,0.0182668027914499,0.01651));
#2731=CARTESIAN_POINT('',(0.126772090818935,0.0182668027914499,0.));
#2732=CARTESIAN_POINT('',(0.126960917289375,0.0182113583371606,0.));
#2733=CARTESIAN_POINT('',(0.126960917289375,0.0182113583371606,0.01651));
#2734=CARTESIAN_POINT('',(0.126960917289375,0.0182113583371606,0.01651));
#2735=CARTESIAN_POINT('',(0.126772090818935,0.0182668027914499,0.01651));
#2736=CARTESIAN_POINT('',(0.127431463518509,0.0188765738063084,0.01651));
#2737=CARTESIAN_POINT('',(0.127431463518509,0.0188765738063084,0.));
#2738=CARTESIAN_POINT('',(0.127902009747643,0.0195417892754561,0.));
#2739=CARTESIAN_POINT('',(0.127902009747643,0.0195417892754561,0.01651));
#2740=CARTESIAN_POINT('',(0.127902009747643,0.0195417892754561,0.01651));
#2741=CARTESIAN_POINT('',(0.127431463518509,0.0188765738063084,0.01651));
#2742=CARTESIAN_POINT('',(0.128032939930938,0.0195229643570695,0.01651));
#2743=CARTESIAN_POINT('',(0.128032939930938,0.0195229643570695,0.));
#2744=CARTESIAN_POINT('',(0.128163870114234,0.0195041394386828,0.));
#2745=CARTESIAN_POINT('',(0.128163870114234,0.0195041394386828,0.01651));
#2746=CARTESIAN_POINT('',(0.128163870114234,0.0195041394386828,0.01651));
#2747=CARTESIAN_POINT('',(0.128032939930938,0.0195229643570695,0.01651));
#2748=CARTESIAN_POINT('',(0.128427943059875,0.0187333016778498,0.01651));
#2749=CARTESIAN_POINT('',(0.128427943059875,0.0187333016778498,0.));
#2750=CARTESIAN_POINT('',(0.128692016005516,0.017962463917017,0.));
#2751=CARTESIAN_POINT('',(0.128692016005516,0.017962463917017,0.01651));
#2752=CARTESIAN_POINT('',(0.128692016005516,0.017962463917017,0.01651));
#2753=CARTESIAN_POINT('',(0.128427943059875,0.0187333016778498,0.01651));
#2754=CARTESIAN_POINT('',(0.128757615398679,0.017962463917017,0.01651));
#2755=CARTESIAN_POINT('',(0.128757615398679,0.017962463917017,0.));
#2756=CARTESIAN_POINT('',(0.128954413578168,0.017962463917017,0.));
#2757=CARTESIAN_POINT('',(0.128954413578168,0.017962463917017,0.01651));
#2758=CARTESIAN_POINT('',(0.128954413578168,0.017962463917017,0.01651));
#2759=CARTESIAN_POINT('',(0.128757615398679,0.017962463917017,0.01651));
#2760=CARTESIAN_POINT('',(0.12921848652381,0.0187333016778498,0.01651));
#2761=CARTESIAN_POINT('',(0.12921848652381,0.0187333016778498,0.));
#2762=CARTESIAN_POINT('',(0.129482559469451,0.0195041394386828,0.));
#2763=CARTESIAN_POINT('',(0.129482559469451,0.0195041394386828,0.01651));
#2764=CARTESIAN_POINT('',(0.129482559469451,0.0195041394386828,0.01651));
#2765=CARTESIAN_POINT('',(0.12921848652381,0.0187333016778498,0.01651));
#2766=CARTESIAN_POINT('',(0.129613489652746,0.0195229643570695,0.01651));
#2767=CARTESIAN_POINT('',(0.129613489652746,0.0195229643570695,0.));
#2768=CARTESIAN_POINT('',(0.129744419836042,0.0195417892754561,0.));
#2769=CARTESIAN_POINT('',(0.129744419836042,0.0195417892754561,0.01651));
#2770=CARTESIAN_POINT('',(0.129744419836042,0.0195417892754561,0.01651));
#2771=CARTESIAN_POINT('',(0.129613489652746,0.0195229643570695,0.01651));
#2772=CARTESIAN_POINT('',(0.130214966065176,0.0188765738063084,0.01651));
#2773=CARTESIAN_POINT('',(0.130214966065176,0.0188765738063084,0.));
#2774=CARTESIAN_POINT('',(0.130685512294309,0.0182113583371606,0.));
#2775=CARTESIAN_POINT('',(0.130685512294309,0.0182113583371606,0.01651));
#2776=CARTESIAN_POINT('',(0.130685512294309,0.0182113583371606,0.01651));
#2777=CARTESIAN_POINT('',(0.130214966065176,0.0188765738063084,0.01651));
#2778=CARTESIAN_POINT('',(0.130748454451123,0.0182298398219237,0.01651));
#2779=CARTESIAN_POINT('',(0.130748454451123,0.0182298398219237,0.));
#2780=CARTESIAN_POINT('',(0.130937280921563,0.018285284276213,0.));
#2781=CARTESIAN_POINT('',(0.130937280921563,0.018285284276213,0.01651));
#2782=CARTESIAN_POINT('',(0.130937280921563,0.018285284276213,0.01651));
#2783=CARTESIAN_POINT('',(0.130748454451123,0.0182298398219237,0.01651));
#2784=CARTESIAN_POINT('',(0.130973486964158,0.0190992956376969,0.01651));
#2785=CARTESIAN_POINT('',(0.130973486964158,0.0190992956376969,0.));
#2786=CARTESIAN_POINT('',(0.131009693006753,0.019913306999181,0.));
#2787=CARTESIAN_POINT('',(0.131009693006753,0.019913306999181,0.01651));
#2788=CARTESIAN_POINT('',(0.131009693006753,0.019913306999181,0.01651));
#2789=CARTESIAN_POINT('',(0.130973486964158,0.0190992956376969,0.01651));
#2790=CARTESIAN_POINT('',(0.13113001600527,0.0199682566714094,0.01651));
#2791=CARTESIAN_POINT('',(0.13113001600527,0.0199682566714094,0.));
#2792=CARTESIAN_POINT('',(0.131250339003786,0.0200232063436379,0.));
#2793=CARTESIAN_POINT('',(0.131250339003786,0.0200232063436379,0.01651));
#2794=CARTESIAN_POINT('',(0.131250339003786,0.0200232063436379,0.01651));
#2795=CARTESIAN_POINT('',(0.13113001600527,0.0199682566714094,0.01651));
#2796=CARTESIAN_POINT('',(0.131889237659374,0.0195175049672969,0.01651));
#2797=CARTESIAN_POINT('',(0.131889237659374,0.0195175049672969,0.));
#2798=CARTESIAN_POINT('',(0.132528136314963,0.019011803590956,0.));
#2799=CARTESIAN_POINT('',(0.132528136314963,0.019011803590956,0.01651));
#2800=CARTESIAN_POINT('',(0.132528136314963,0.019011803590956,0.01651));
#2801=CARTESIAN_POINT('',(0.131889237659374,0.0195175049672969,0.01651));
#2802=CARTESIAN_POINT('',(0.132583322036213,0.0190472693005002,0.01651));
#2803=CARTESIAN_POINT('',(0.132583322036213,0.0190472693005002,0.));
#2804=CARTESIAN_POINT('',(0.132748879199963,0.0191536664291331,0.));
#2805=CARTESIAN_POINT('',(0.132748879199963,0.0191536664291331,0.01651));
#2806=CARTESIAN_POINT('',(0.132748879199963,0.0191536664291331,0.01651));
#2807=CARTESIAN_POINT('',(0.132583322036213,0.0190472693005002,0.01651));
#2808=CARTESIAN_POINT('',(0.132554285141266,0.0199449050318727,0.01651));
#2809=CARTESIAN_POINT('',(0.132554285141266,0.0199449050318727,0.));
#2810=CARTESIAN_POINT('',(0.13235969108257,0.0207361436346124,0.));
#2811=CARTESIAN_POINT('',(0.13235969108257,0.0207361436346124,0.01651));
#2812=CARTESIAN_POINT('',(0.13235969108257,0.0207361436346124,0.01651));
#2813=CARTESIAN_POINT('',(0.132554285141266,0.0199449050318727,0.01651));
#2814=CARTESIAN_POINT('',(0.132459659042556,0.020822766365037,0.01651));
#2815=CARTESIAN_POINT('',(0.132459659042556,0.020822766365037,0.));
#2816=CARTESIAN_POINT('',(0.132559627002543,0.0209093890954616,0.));
#2817=CARTESIAN_POINT('',(0.132559627002543,0.0209093890954616,0.01651));
#2818=CARTESIAN_POINT('',(0.132559627002543,0.0209093890954616,0.01651));
#2819=CARTESIAN_POINT('',(0.132459659042556,0.020822766365037,0.01651));
#2820=CARTESIAN_POINT('',(0.133315118315186,0.0206041707299166,0.01651));
#2821=CARTESIAN_POINT('',(0.133315118315186,0.0206041707299166,0.));
#2822=CARTESIAN_POINT('',(0.134070609627829,0.0202989523643716,0.));
#2823=CARTESIAN_POINT('',(0.134070609627829,0.0202989523643716,0.01651));
#2824=CARTESIAN_POINT('',(0.134070609627829,0.0202989523643716,0.01651));
#2825=CARTESIAN_POINT('',(0.133315118315186,0.0206041707299166,0.01651));
#2826=CARTESIAN_POINT('',(0.134113568094582,0.0203485290778326,0.01651));
#2827=CARTESIAN_POINT('',(0.134113568094582,0.0203485290778326,0.));
#2828=CARTESIAN_POINT('',(0.134242443494842,0.0204972592182153,0.));
#2829=CARTESIAN_POINT('',(0.134242443494842,0.0204972592182153,0.01651));
#2830=CARTESIAN_POINT('',(0.134242443494842,0.0204972592182153,0.01651));
#2831=CARTESIAN_POINT('',(0.134113568094582,0.0203485290778326,0.01651));
#2832=CARTESIAN_POINT('',(0.133832814188194,0.0212016236162938,0.01651));
#2833=CARTESIAN_POINT('',(0.133832814188194,0.0212016236162938,0.));
#2834=CARTESIAN_POINT('',(0.133423184881546,0.0219059880143723,0.));
#2835=CARTESIAN_POINT('',(0.133423184881546,0.0219059880143723,0.01651));
#2836=CARTESIAN_POINT('',(0.133423184881546,0.0219059880143723,0.01651));
#2837=CARTESIAN_POINT('',(0.133832814188194,0.0212016236162938,0.01651));
#2838=CARTESIAN_POINT('',(0.133494698993416,0.0220172661445392,0.01651));
#2839=CARTESIAN_POINT('',(0.133494698993416,0.0220172661445392,0.));
#2840=CARTESIAN_POINT('',(0.133566213105287,0.0221285442747062,0.));
#2841=CARTESIAN_POINT('',(0.133566213105287,0.0221285442747062,0.01651));
#2842=CARTESIAN_POINT('',(0.133566213105287,0.0221285442747062,0.01651));
#2843=CARTESIAN_POINT('',(0.133494698993416,0.0220172661445392,0.01651));
#2844=CARTESIAN_POINT('',(0.134377091661915,0.0220485358967302,0.01651));
#2845=CARTESIAN_POINT('',(0.134377091661915,0.0220485358967302,0.));
#2846=CARTESIAN_POINT('',(0.135187970218543,0.0219685275187542,0.));
#2847=CARTESIAN_POINT('',(0.135187970218543,0.0219685275187542,0.01651));
#2848=CARTESIAN_POINT('',(0.135187970218543,0.0219685275187542,0.01651));
#2849=CARTESIAN_POINT('',(0.134377091661915,0.0220485358967302,0.01651));
#2850=CARTESIAN_POINT('',(0.135215221191307,0.0220281988256512,0.01651));
#2851=CARTESIAN_POINT('',(0.135215221191307,0.0220281988256512,0.));
#2852=CARTESIAN_POINT('',(0.135296974109598,0.0222072127463421,0.));
#2853=CARTESIAN_POINT('',(0.135296974109598,0.0222072127463421,0.01651));
#2854=CARTESIAN_POINT('',(0.135296974109598,0.0222072127463421,0.01651));
#2855=CARTESIAN_POINT('',(0.135215221191307,0.0220281988256512,0.01651));
#2856=CARTESIAN_POINT('',(0.134705495285264,0.0227676395252435,0.01651));
#2857=CARTESIAN_POINT('',(0.134705495285264,0.0227676395252435,0.));
#2858=CARTESIAN_POINT('',(0.13411401646093,0.023328066304145,0.));
#2859=CARTESIAN_POINT('',(0.13411401646093,0.023328066304145,0.01651));
#2860=CARTESIAN_POINT('',(0.13411401646093,0.023328066304145,0.01651));
#2861=CARTESIAN_POINT('',(0.134705495285264,0.0227676395252435,0.01651));
#2862=CARTESIAN_POINT('',(0.134151283076651,0.0234549847417447,0.01651));
#2863=CARTESIAN_POINT('',(0.134151283076651,0.0234549847417447,0.));
#2864=CARTESIAN_POINT('',(0.134188549692373,0.0235819031793443,0.));
#2865=CARTESIAN_POINT('',(0.134188549692373,0.0235819031793443,0.01651));
#2866=CARTESIAN_POINT('',(0.134188549692373,0.0235819031793443,0.01651));
#2867=CARTESIAN_POINT('',(0.134151283076651,0.0234549847417447,0.01651));
#2868=CARTESIAN_POINT('',(0.134989122934808,0.0237335865918928,0.01651));
#2869=CARTESIAN_POINT('',(0.134989122934808,0.0237335865918928,0.));
#2870=CARTESIAN_POINT('',(0.135789696177243,0.0238852700044411,0.));
#2871=CARTESIAN_POINT('',(0.135789696177243,0.0238852700044411,0.01651));
#2872=CARTESIAN_POINT('',(0.135789696177243,0.0238852700044411,0.01651));
#2873=CARTESIAN_POINT('',(0.134989122934808,0.0237335865918928,0.01651));
#2874=CARTESIAN_POINT('',(0.135799031944272,0.0239502016903683,0.01651));
#2875=CARTESIAN_POINT('',(0.135799031944272,0.0239502016903683,0.));
#2876=CARTESIAN_POINT('',(0.135827039245359,0.0241449967481501,0.));
#2877=CARTESIAN_POINT('',(0.135827039245359,0.0241449967481501,0.01651));
#2878=CARTESIAN_POINT('',(0.135827039245359,0.0241449967481501,0.01651));
#2879=CARTESIAN_POINT('',(0.135799031944272,0.0239502016903683,0.01651));
#2880=CARTESIAN_POINT('',(0.135101629000026,0.0245160834632341,0.01651));
#2881=CARTESIAN_POINT('',(0.135101629000026,0.0245160834632341,0.));
#2882=CARTESIAN_POINT('',(0.134376218754693,0.0248871701783182,0.));
#2883=CARTESIAN_POINT('',(0.134376218754693,0.0248871701783182,0.01651));
#2884=CARTESIAN_POINT('',(0.134376218754693,0.0248871701783182,0.01651));
#2885=CARTESIAN_POINT('',(0.135101629000026,0.0245160834632341,0.01651));
#2886=CARTESIAN_POINT('',(0.134376218754693,0.0250194467463493,0.01651));
#2887=CARTESIAN_POINT('',(0.134376218754693,0.0250194467463493,0.));
#2888=CARTESIAN_POINT('',(0.134376218754693,0.0251517233143805,0.));
#2889=CARTESIAN_POINT('',(0.134376218754693,0.0251517233143805,0.01651));
#2890=CARTESIAN_POINT('',(0.134376218754693,0.0251517233143805,0.01651));
#2891=CARTESIAN_POINT('',(0.134376218754693,0.0250194467463493,0.01651));
#2892=CARTESIAN_POINT('',(0.135101629000026,0.0255228100294645,0.01651));
#2893=CARTESIAN_POINT('',(0.135101629000026,0.0255228100294645,0.));
#2894=CARTESIAN_POINT('',(0.135827039245359,0.0258938967445486,0.));
#2895=CARTESIAN_POINT('',(0.135827039245359,0.0258938967445486,0.01651));
#2896=CARTESIAN_POINT('',(0.135827039245359,0.0258938967445486,0.01651));
#2897=CARTESIAN_POINT('',(0.135101629000026,0.0255228100294645,0.01651));
#2898=CARTESIAN_POINT('',(0.13581770347833,0.0259588284304759,0.01651));
#2899=CARTESIAN_POINT('',(0.13581770347833,0.0259588284304759,0.));
#2900=CARTESIAN_POINT('',(0.135789696177243,0.0261536234882575,0.));
#2901=CARTESIAN_POINT('',(0.135789696177243,0.0261536234882575,0.01651));
#2902=CARTESIAN_POINT('',(0.135789696177243,0.0261536234882575,0.01651));
#2903=CARTESIAN_POINT('',(0.13581770347833,0.0259588284304759,0.01651));
#2904=CARTESIAN_POINT('',(0.134989122934808,0.0263053069008059,0.01651));
#2905=CARTESIAN_POINT('',(0.134989122934808,0.0263053069008059,0.));
#2906=CARTESIAN_POINT('',(0.134188549692373,0.0264569903133543,0.));
#2907=CARTESIAN_POINT('',(0.134188549692373,0.0264569903133543,0.01651));
#2908=CARTESIAN_POINT('',(0.134188549692373,0.0264569903133543,0.01651));
#2909=CARTESIAN_POINT('',(0.134989122934808,0.0263053069008059,0.01651));
#2910=CARTESIAN_POINT('',(0.134151283076651,0.026583908750954,0.01651));
#2911=CARTESIAN_POINT('',(0.134151283076651,0.026583908750954,0.));
#2912=CARTESIAN_POINT('',(0.13411401646093,0.0267108271885537,0.));
#2913=CARTESIAN_POINT('',(0.13411401646093,0.0267108271885537,0.01651));
#2914=CARTESIAN_POINT('',(0.13411401646093,0.0267108271885537,0.01651));
#2915=CARTESIAN_POINT('',(0.134151283076651,0.026583908750954,0.01651));
#2916=CARTESIAN_POINT('',(0.134705495285264,0.0272712539674551,0.01651));
#2917=CARTESIAN_POINT('',(0.134705495285264,0.0272712539674551,0.));
#2918=CARTESIAN_POINT('',(0.135296974109598,0.0278316807463565,0.));
#2919=CARTESIAN_POINT('',(0.135296974109598,0.0278316807463565,0.01651));
#2920=CARTESIAN_POINT('',(0.135296974109598,0.0278316807463565,0.01651));
#2921=CARTESIAN_POINT('',(0.134705495285264,0.0272712539674551,0.01651));
#2922=CARTESIAN_POINT('',(0.135269723136834,0.0278913520532535,0.01651));
#2923=CARTESIAN_POINT('',(0.135269723136834,0.0278913520532535,0.));
#2924=CARTESIAN_POINT('',(0.135187970218543,0.0280703659739445,0.));
#2925=CARTESIAN_POINT('',(0.135187970218543,0.0280703659739445,0.01651));
#2926=CARTESIAN_POINT('',(0.135187970218543,0.0280703659739445,0.01651));
#2927=CARTESIAN_POINT('',(0.135269723136834,0.0278913520532535,0.01651));
#2928=CARTESIAN_POINT('',(0.134377091661915,0.0279903575959685,0.01651));
#2929=CARTESIAN_POINT('',(0.134377091661915,0.0279903575959685,0.));
#2930=CARTESIAN_POINT('',(0.133566213105287,0.0279103492179924,0.));
#2931=CARTESIAN_POINT('',(0.133566213105287,0.0279103492179924,0.01651));
#2932=CARTESIAN_POINT('',(0.133566213105287,0.0279103492179924,0.01651));
#2933=CARTESIAN_POINT('',(0.134377091661915,0.0279903575959685,0.01651));
#2934=CARTESIAN_POINT('',(0.133494698993416,0.0280216273481594,0.01651));
#2935=CARTESIAN_POINT('',(0.133494698993416,0.0280216273481594,0.));
#2936=CARTESIAN_POINT('',(0.133423184881546,0.0281329054783263,0.));
#2937=CARTESIAN_POINT('',(0.133423184881546,0.0281329054783263,0.01651));
#2938=CARTESIAN_POINT('',(0.133423184881546,0.0281329054783263,0.01651));
#2939=CARTESIAN_POINT('',(0.133494698993416,0.0280216273481594,0.01651));
#2940=CARTESIAN_POINT('',(0.133832814188194,0.0288372698764048,0.01651));
#2941=CARTESIAN_POINT('',(0.133832814188194,0.0288372698764048,0.));
#2942=CARTESIAN_POINT('',(0.134242443494842,0.0295416342744833,0.));
#2943=CARTESIAN_POINT('',(0.134242443494842,0.0295416342744833,0.01651));
#2944=CARTESIAN_POINT('',(0.134242443494842,0.0295416342744833,0.01651));
#2945=CARTESIAN_POINT('',(0.133832814188194,0.0288372698764048,0.01651));
#2946=CARTESIAN_POINT('',(0.134199485028089,0.0295912109879443,0.01651));
#2947=CARTESIAN_POINT('',(0.134199485028089,0.0295912109879443,0.));
#2948=CARTESIAN_POINT('',(0.134070609627829,0.029739941128327,0.));
#2949=CARTESIAN_POINT('',(0.134070609627829,0.029739941128327,0.01651));
#2950=CARTESIAN_POINT('',(0.134070609627829,0.029739941128327,0.01651));
#2951=CARTESIAN_POINT('',(0.134199485028089,0.0295912109879443,0.01651));
#2952=CARTESIAN_POINT('',(0.133315118315186,0.029434722762782,0.01651));
#2953=CARTESIAN_POINT('',(0.133315118315186,0.029434722762782,0.));
#2954=CARTESIAN_POINT('',(0.132559627002543,0.029129504397237,0.));
#2955=CARTESIAN_POINT('',(0.132559627002543,0.029129504397237,0.01651));
#2956=CARTESIAN_POINT('',(0.132559627002543,0.029129504397237,0.01651));
#2957=CARTESIAN_POINT('',(0.133315118315186,0.029434722762782,0.01651));
#2958=CARTESIAN_POINT('',(0.132459659042556,0.0292161271276617,0.01651));
#2959=CARTESIAN_POINT('',(0.132459659042556,0.0292161271276617,0.));
#2960=CARTESIAN_POINT('',(0.13235969108257,0.0293027498580863,0.));
#2961=CARTESIAN_POINT('',(0.13235969108257,0.0293027498580863,0.01651));
#2962=CARTESIAN_POINT('',(0.13235969108257,0.0293027498580863,0.01651));
#2963=CARTESIAN_POINT('',(0.132459659042556,0.0292161271276617,0.01651));
#2964=CARTESIAN_POINT('',(0.132554285141266,0.0300939884608259,0.01651));
#2965=CARTESIAN_POINT('',(0.132554285141266,0.0300939884608259,0.));
#2966=CARTESIAN_POINT('',(0.132748879199963,0.0308852270635656,0.));
#2967=CARTESIAN_POINT('',(0.132748879199963,0.0308852270635656,0.01651));
#2968=CARTESIAN_POINT('',(0.132748879199963,0.0308852270635656,0.01651));
#2969=CARTESIAN_POINT('',(0.132554285141266,0.0300939884608259,0.01651));
#2970=CARTESIAN_POINT('',(0.132693693478713,0.0309206927731099,0.01651));
#2971=CARTESIAN_POINT('',(0.132693693478713,0.0309206927731099,0.));
#2972=CARTESIAN_POINT('',(0.132528136314963,0.0310270899017427,0.));
#2973=CARTESIAN_POINT('',(0.132528136314963,0.0310270899017427,0.01651));
#2974=CARTESIAN_POINT('',(0.132528136314963,0.0310270899017427,0.01651));
#2975=CARTESIAN_POINT('',(0.132693693478713,0.0309206927731099,0.01651));
#2976=CARTESIAN_POINT('',(0.131889237659374,0.0305213885254017,0.01651));
#2977=CARTESIAN_POINT('',(0.131889237659374,0.0305213885254017,0.));
#2978=CARTESIAN_POINT('',(0.131250339003786,0.0300156871490607,0.));
#2979=CARTESIAN_POINT('',(0.131250339003786,0.0300156871490607,0.01651));
#2980=CARTESIAN_POINT('',(0.131250339003786,0.0300156871490607,0.01651));
#2981=CARTESIAN_POINT('',(0.131889237659374,0.0305213885254017,0.01651));
#2982=CARTESIAN_POINT('',(0.13113001600527,0.0300706368212892,0.01651));
#2983=CARTESIAN_POINT('',(0.13113001600527,0.0300706368212892,0.));
#2984=CARTESIAN_POINT('',(0.131009693006753,0.0301255864935177,0.));
#2985=CARTESIAN_POINT('',(0.131009693006753,0.0301255864935177,0.01651));
#2986=CARTESIAN_POINT('',(0.131009693006753,0.0301255864935177,0.01651));
#2987=CARTESIAN_POINT('',(0.13113001600527,0.0300706368212892,0.01651));
#2988=CARTESIAN_POINT('',(0.130973486964158,0.0309395978550017,0.01651));
#2989=CARTESIAN_POINT('',(0.130973486964158,0.0309395978550017,0.));
#2990=CARTESIAN_POINT('',(0.130937280921563,0.0317536092164857,0.));
#2991=CARTESIAN_POINT('',(0.130937280921563,0.0317536092164857,0.01651));
#2992=CARTESIAN_POINT('',(0.130937280921563,0.0317536092164857,0.01651));
#2993=CARTESIAN_POINT('',(0.130973486964158,0.0309395978550017,0.01651));
#2994=CARTESIAN_POINT('',(0.13087433876475,0.0317720907012488,0.01651));
#2995=CARTESIAN_POINT('',(0.13087433876475,0.0317720907012488,0.));
#2996=CARTESIAN_POINT('',(0.130685512294309,0.0318275351555381,0.));
#2997=CARTESIAN_POINT('',(0.130685512294309,0.0318275351555381,0.01651));
#2998=CARTESIAN_POINT('',(0.130685512294309,0.0318275351555381,0.01651));
#2999=CARTESIAN_POINT('',(0.13087433876475,0.0317720907012488,0.01651));
#3000=CARTESIAN_POINT('',(0.130214966065176,0.0311623196863903,0.01651));
#3001=CARTESIAN_POINT('',(0.130214966065176,0.0311623196863903,0.));
#3002=CARTESIAN_POINT('',(0.129744419836042,0.0304971042172425,0.));
#3003=CARTESIAN_POINT('',(0.129744419836042,0.0304971042172425,0.01651));
#3004=CARTESIAN_POINT('',(0.129744419836042,0.0304971042172425,0.01651));
#3005=CARTESIAN_POINT('',(0.130214966065176,0.0311623196863903,0.01651));
#3006=CARTESIAN_POINT('',(0.129613489652746,0.0305159291356292,0.01651));
#3007=CARTESIAN_POINT('',(0.129613489652746,0.0305159291356292,0.));
#3008=CARTESIAN_POINT('',(0.129482559469451,0.0305347540540159,0.));
#3009=CARTESIAN_POINT('',(0.129482559469451,0.0305347540540159,0.01651));
#3010=CARTESIAN_POINT('',(0.129482559469451,0.0305347540540159,0.01651));
#3011=CARTESIAN_POINT('',(0.129613489652746,0.0305159291356292,0.01651));
#3012=CARTESIAN_POINT('',(0.12921848652381,0.0313055918148488,0.01651));
#3013=CARTESIAN_POINT('',(0.12921848652381,0.0313055918148488,0.));
#3014=CARTESIAN_POINT('',(0.12921848652381,0.0313055918148488,0.01651));
#3015=CARTESIAN_POINT('',(0.128823214791842,0.0228967907359916,0.01651));
#3016=CARTESIAN_POINT('',(0.128823214791842,0.0228967907359916,0.));
#3017=CARTESIAN_POINT('',(0.128823214791842,0.0228967907359916,0.01651));
#3018=CARTESIAN_POINT('',(0.112815901420116,0.113822030665043,0.01651));
#3019=CARTESIAN_POINT('',(0.112815901420116,0.113822030665043,0.));
#3020=MECHANICAL_DESIGN_GEOMETRIC_PRESENTATION_REPRESENTATION('',(#1913),
#3021);
#3021=(
GEOMETRIC_REPRESENTATION_CONTEXT(3)
GLOBAL_UNCERTAINTY_ASSIGNED_CONTEXT((#3022))
GLOBAL_UNIT_ASSIGNED_CONTEXT((#3025,#3024,#3023))
REPRESENTATION_CONTEXT('Part 13','TOP_LEVEL_ASSEMBLY_PART')
);
#3022=UNCERTAINTY_MEASURE_WITH_UNIT(LENGTH_MEASURE(1.E-8),#3025,
'DISTANCE_ACCURACY_VALUE','Maximum Tolerance applied to model');
#3023=(
NAMED_UNIT(*)
SI_UNIT($,.STERADIAN.)
SOLID_ANGLE_UNIT()
);
#3024=(
NAMED_UNIT(*)
PLANE_ANGLE_UNIT()
SI_UNIT($,.RADIAN.)
);
#3025=(
LENGTH_UNIT()
NAMED_UNIT(*)
SI_UNIT($,.METRE.)
);
#3026=PRODUCT_DEFINITION_SHAPE('','',#3027);
#3027=PRODUCT_DEFINITION('','',#3029,#3028);
#3028=PRODUCT_DEFINITION_CONTEXT('',#3035,'design');
#3029=PRODUCT_DEFINITION_FORMATION_WITH_SPECIFIED_SOURCE('','',#3031,
 .NOT_KNOWN.);
#3030=PRODUCT_RELATED_PRODUCT_CATEGORY('','',(#3031));
#3031=PRODUCT('Part 13','Part 13','Part 13',(#3033));
#3032=PRODUCT_CATEGORY('','');
#3033=PRODUCT_CONTEXT('',#3035,'mechanical');
#3034=APPLICATION_PROTOCOL_DEFINITION('international standard',
'ap242_managed_model_based_3d_engineering',2020,#3035);
#3035=APPLICATION_CONTEXT('managed model based 3d engineering');
ENDSEC;
END-ISO-10303-21;
