ISO-10303-21;
HEADER;
/* Generated by software containing ST-Developer
 * from STEP Tools, Inc. (www.steptools.com) 
 */
/* OPTION: using custom renumber hook */

FILE_DESCRIPTION(
/* description */ ('STEP AP242 Edition 2',
'CAx-IF Rec.Pracs.---Representation and Presentation of Product Manufa
cturing Information (PMI)---4.0---2014-10-13',
'CAx-IF Rec.Pracs.---3D Tessellated Geometry---0.4---2014-09-14','2;1',
'CAx-IF Rec.Pracs.---User Defined Attributes---1.5---2016-08-15'),
/* implementation_level */ '2;1');

FILE_NAME(
/* name */ 'V2 - Part 8',
/* time_stamp */ '2026-05-14T03:09:15Z',
/* author */ (''),
/* organization */ (''),
/* preprocessor_version */ 'ST-DEVELOPER v20',
/* originating_system */ 'ONSHAPE BY PTC INC, 1.214',
/* authorisation */ '  ');

FILE_SCHEMA (('AP242_MANAGED_MODEL_BASED_3D_ENGINEERING_MIM_LF { 1 0 10303 442 3 1 4 }'));
ENDSEC;

DATA;
#10=SHAPE_REPRESENTATION_RELATIONSHIP('','',#196,#11);
#11=ADVANCED_BREP_SHAPE_REPRESENTATION('',(#194),#5907);
#12=CONICAL_SURFACE('',#213,0.00889,0.785398163397449);
#13=CYLINDRICAL_SURFACE('',#203,0.00889);
#14=CYLINDRICAL_SURFACE('',#206,0.0024164042772423);
#15=CYLINDRICAL_SURFACE('',#210,0.00508);
#16=CYLINDRICAL_SURFACE('',#214,0.003683);
#17=CIRCLE('',#200,0.003683);
#18=CIRCLE('',#201,0.00508);
#19=CIRCLE('',#204,0.00889);
#20=CIRCLE('',#205,0.00889);
#21=CIRCLE('',#207,0.0024164042772423);
#22=CIRCLE('',#208,0.0024164042772423);
#23=CIRCLE('',#211,0.00508);
#24=CIRCLE('',#215,0.003683);
#25=B_SPLINE_CURVE_WITH_KNOTS('',3,(#2653,#2654,#2655,#2656,#2657,#2658,
#2659,#2660,#2661,#2662),.UNSPECIFIED.,.F.,.F.,(4,1,1,1,1,1,1,4),(6.92674019575926E-16,
0.00275415484476633,0.00550830968953196,0.0110166193790632,0.0137707742238289,
0.0165249290685945,0.0192790839133601,0.0220332387581258),.UNSPECIFIED.);
#26=B_SPLINE_CURVE_WITH_KNOTS('',3,(#3458,#3459,#3460,#3461,#3462,#3463,
#3464,#3465,#3466,#3467),.UNSPECIFIED.,.F.,.F.,(4,1,1,1,1,1,1,4),(0.,0.00249642494732248,
0.00499284989464495,0.00748927484196743,0.0099856997892899,0.0124821247366124,
0.0149785496839349,0.0199713995785798),.UNSPECIFIED.);
#27=B_SPLINE_CURVE_WITH_KNOTS('',3,(#5054,#5055,#5056,#5057,#5058,#5059,
#5060,#5061,#5062),.UNSPECIFIED.,.F.,.F.,(4,1,1,1,1,1,4),(0.,0.00435822048483193,
0.0065373307272479,0.00871644096966387,0.0108955512120798,0.0130746614544958,
0.0174328819393277),.UNSPECIFIED.);
#28=B_SPLINE_CURVE_WITH_KNOTS('',3,(#5063,#5064,#5065,#5066,#5067,#5068,
#5069,#5070,#5071,#5072,#5073,#5074,#5075,#5076,#5077,#5078,#5079,#5080,
#5081),.UNSPECIFIED.,.F.,.F.,(4,1,1,1,1,1,1,1,1,1,1,1,1,1,1,1,4),(0.,0.00370113363492956,
0.00740226726985913,0.0111034009047887,0.0148045345397183,0.0185056681746478,
0.0222068018095774,0.025907935444507,0.0296090690794365,0.0333102027143661,
0.0370113363492956,0.0407124699842252,0.0444136036191548,0.0481147372540843,
0.0518158708890139,0.0555170045239435,0.059218138158873),.UNSPECIFIED.);
#29=(
BOUNDED_CURVE()
B_SPLINE_CURVE(2,(#1858,#1859,#1860,#1861,#1862,#1863,#1864,#1865,#1866,
#1867,#1868,#1869,#1870,#1871,#1872,#1873,#1874,#1875,#1876,#1877,#1878,
#1879,#1880,#1881,#1882,#1883,#1884,#1885,#1886,#1887,#1888,#1889,#1890,
#1891,#1892,#1893,#1894,#1895,#1896,#1897,#1898,#1899,#1900,#1901,#1902,
#1903,#1904,#1905,#1906,#1907,#1908,#1909,#1910,#1911,#1912,#1913,#1914,
#1915,#1916,#1917,#1918,#1919,#1920,#1921,#1922,#1923,#1924,#1925,#1926,
#1927,#1928,#1929,#1930,#1931,#1932,#1933,#1934,#1935,#1936,#1937,#1938,
#1939,#1940,#1941,#1942,#1943,#1944,#1945,#1946,#1947,#1948,#1949,#1950,
#1951,#1952,#1953,#1954,#1955,#1956,#1957,#1958,#1959,#1960,#1961,#1962,
#1963,#1964,#1965,#1966,#1967,#1968,#1969,#1970,#1971,#1972,#1973,#1974,
#1975,#1976,#1977,#1978,#1979,#1980,#1981,#1982,#1983,#1984,#1985,#1986,
#1987,#1988,#1989,#1990,#1991,#1992,#1993,#1994,#1995,#1996,#1997,#1998,
#1999,#2000,#2001,#2002,#2003,#2004,#2005,#2006,#2007,#2008,#2009,#2010,
#2011,#2012,#2013,#2014,#2015,#2016,#2017,#2018,#2019,#2020,#2021,#2022,
#2023,#2024,#2025,#2026,#2027,#2028,#2029,#2030,#2031,#2032,#2033,#2034,
#2035,#2036,#2037,#2038,#2039,#2040,#2041,#2042,#2043,#2044,#2045,#2046,
#2047,#2048,#2049,#2050,#2051,#2052,#2053,#2054,#2055,#2056,#2057,#2058,
#2059,#2060,#2061,#2062,#2063,#2064,#2065,#2066,#2067,#2068,#2069,#2070,
#2071,#2072,#2073,#2074,#2075,#2076,#2077,#2078,#2079,#2080,#2081,#2082,
#2083,#2084,#2085,#2086,#2087,#2088,#2089,#2090,#2091,#2092,#2093,#2094,
#2095,#2096,#2097,#2098,#2099,#2100,#2101,#2102,#2103,#2104,#2105,#2106,
#2107,#2108,#2109,#2110,#2111,#2112,#2113,#2114,#2115,#2116,#2117,#2118,
#2119,#2120,#2121,#2122,#2123,#2124,#2125,#2126,#2127,#2128,#2129,#2130,
#2131,#2132,#2133,#2134,#2135,#2136,#2137,#2138,#2139,#2140,#2141,#2142,
#2143,#2144,#2145,#2146,#2147,#2148,#2149,#2150,#2151,#2152,#2153,#2154,
#2155,#2156,#2157,#2158,#2159,#2160,#2161,#2162,#2163,#2164,#2165,#2166,
#2167,#2168,#2169,#2170,#2171,#2172,#2173,#2174,#2175,#2176,#2177,#2178,
#2179,#2180,#2181,#2182,#2183,#2184,#2185,#2186,#2187,#2188,#2189,#2190,
#2191,#2192,#2193,#2194,#2195,#2196,#2197,#2198,#2199,#2200,#2201,#2202,
#2203,#2204,#2205,#2206,#2207,#2208,#2209,#2210,#2211,#2212,#2213,#2214,
#2215,#2216,#2217,#2218,#2219,#2220,#2221,#2222,#2223,#2224,#2225,#2226,
#2227,#2228,#2229,#2230,#2231,#2232,#2233,#2234,#2235,#2236,#2237,#2238,
#2239,#2240,#2241,#2242,#2243,#2244,#2245,#2246,#2247,#2248,#2249,#2250,
#2251,#2252,#2253,#2254,#2255,#2256,#2257,#2258,#2259,#2260,#2261,#2262,
#2263,#2264,#2265,#2266,#2267,#2268,#2269,#2270,#2271,#2272,#2273,#2274,
#2275,#2276,#2277,#2278,#2279,#2280,#2281,#2282,#2283,#2284,#2285,#2286,
#2287,#2288,#2289,#2290,#2291,#2292,#2293,#2294,#2295,#2296,#2297,#2298,
#2299,#2300,#2301,#2302,#2303,#2304,#2305,#2306,#2307,#2308,#2309,#2310,
#2311,#2312,#2313,#2314,#2315,#2316,#2317,#2318,#2319,#2320,#2321,#2322,
#2323,#2324,#2325,#2326,#2327,#2328,#2329,#2330,#2331,#2332,#2333,#2334,
#2335,#2336,#2337,#2338,#2339,#2340,#2341,#2342,#2343,#2344,#2345,#2346,
#2347,#2348,#2349,#2350,#2351,#2352,#2353,#2354,#2355,#2356,#2357,#2358,
#2359,#2360,#2361,#2362,#2363,#2364,#2365,#2366,#2367,#2368,#2369,#2370,
#2371,#2372,#2373,#2374,#2375,#2376,#2377,#2378,#2379,#2380,#2381,#2382,
#2383,#2384,#2385,#2386,#2387,#2388,#2389,#2390,#2391,#2392,#2393,#2394,
#2395,#2396,#2397,#2398,#2399,#2400,#2401,#2402,#2403,#2404,#2405,#2406,
#2407,#2408,#2409,#2410,#2411,#2412,#2413,#2414,#2415,#2416,#2417,#2418,
#2419,#2420,#2421,#2422,#2423,#2424,#2425,#2426,#2427,#2428,#2429,#2430,
#2431,#2432,#2433,#2434,#2435,#2436,#2437,#2438,#2439,#2440,#2441,#2442,
#2443,#2444,#2445,#2446,#2447,#2448,#2449,#2450,#2451,#2452,#2453,#2454,
#2455,#2456,#2457,#2458,#2459,#2460,#2461,#2462,#2463,#2464,#2465,#2466,
#2467,#2468,#2469,#2470,#2471,#2472,#2473,#2474,#2475,#2476,#2477,#2478,
#2479,#2480,#2481,#2482,#2483,#2484,#2485,#2486,#2487,#2488,#2489,#2490,
#2491,#2492,#2493,#2494,#2495,#2496,#2497,#2498,#2499,#2500,#2501,#2502,
#2503,#2504,#2505,#2506,#2507,#2508,#2509,#2510,#2511,#2512,#2513,#2514,
#2515,#2516,#2517,#2518,#2519,#2520,#2521,#2522,#2523,#2524,#2525,#2526,
#2527,#2528,#2529,#2530,#2531,#2532,#2533,#2534,#2535,#2536,#2537,#2538,
#2539,#2540,#2541,#2542,#2543,#2544,#2545,#2546,#2547,#2548,#2549,#2550,
#2551,#2552,#2553,#2554,#2555,#2556,#2557,#2558,#2559,#2560,#2561,#2562,
#2563,#2564,#2565,#2566,#2567,#2568,#2569,#2570,#2571,#2572,#2573,#2574,
#2575,#2576,#2577,#2578,#2579,#2580,#2581,#2582,#2583,#2584,#2585,#2586,
#2587,#2588,#2589,#2590,#2591,#2592,#2593,#2594,#2595,#2596,#2597,#2598,
#2599,#2600,#2601,#2602,#2603,#2604,#2605,#2606,#2607,#2608,#2609,#2610,
#2611,#2612,#2613,#2614,#2615,#2616,#2617,#2618,#2619,#2620,#2621,#2622,
#2623,#2624,#2625,#2626,#2627,#2628,#2629,#2630,#2631,#2632,#2633,#2634,
#2635,#2636,#2637,#2638,#2639,#2640,#2641,#2642,#2643,#2644,#2645,#2646,
#2647,#2648,#2649,#2650),.UNSPECIFIED.,.F.,.F.)
B_SPLINE_CURVE_WITH_KNOTS((3,2,2,2,2,2,2,2,2,2,2,2,2,2,2,2,2,2,2,2,2,2,
2,2,2,2,2,2,2,2,2,2,2,2,2,2,2,2,2,2,2,2,2,2,2,2,2,2,2,2,2,2,2,2,2,2,2,2,
2,2,2,2,2,2,2,2,2,2,2,2,2,2,2,2,2,2,2,2,2,2,2,2,2,2,2,2,2,2,2,2,2,2,2,2,
2,2,2,2,2,2,2,2,2,2,2,2,2,2,2,2,2,2,2,2,2,2,2,2,2,2,2,2,2,2,2,2,2,2,2,2,
2,2,2,2,2,2,2,2,2,2,2,2,2,2,2,2,2,2,2,2,2,2,2,2,2,2,2,2,2,2,2,2,2,2,2,2,
2,2,2,2,2,2,2,2,2,2,2,2,2,2,2,2,2,2,2,2,2,2,2,2,2,2,2,2,2,2,2,2,2,2,2,2,
2,2,2,2,2,2,2,2,2,2,2,2,2,2,2,2,2,2,2,2,2,2,2,2,2,2,2,2,2,2,2,2,2,2,2,2,
2,2,2,2,2,2,2,2,2,2,2,2,2,2,2,2,2,2,2,2,2,2,2,2,2,2,2,2,2,2,2,2,2,2,2,2,
2,2,2,2,2,2,2,2,2,2,2,2,2,2,2,2,2,2,2,2,2,2,2,2,2,2,2,2,2,2,2,2,2,2,2,2,
2,2,2,2,2,2,2,2,2,2,2,2,2,2,2,2,2,2,2,2,2,2,2,2,2,2,2,2,2,2,2,2,2,2,2,2,
2,2,2,2,2,2,2,2,2,2,2,2,2,2,2,2,2,2,2,2,2,2,2,2,2,2,2,2,2,2,2,2,2,2,2,2,
2,2,2,2,2,2,2,2,2,2,2,2,2,2,3),(0.,0.00252525252525253,0.00505050505050505,
0.00757575757575758,0.0101010101010101,0.0126262626262626,0.0151515151515152,
0.0176767676767677,0.0202020202020202,0.0227272727272727,0.0252525252525253,
0.0277777777777778,0.0303030303030303,0.0328282828282828,0.0353535353535354,
0.0378787878787879,0.0404040404040404,0.0429292929292929,0.0454545454545455,
0.047979797979798,0.0505050505050505,0.053030303030303,0.0555555555555556,
0.0580808080808081,0.0606060606060606,0.0631313131313131,0.0656565656565657,
0.0681818181818182,0.0707070707070707,0.0732323232323232,0.0757575757575758,
0.0782828282828283,0.0808080808080808,0.0833333333333333,0.0858585858585859,
0.0883838383838384,0.0909090909090909,0.0934343434343434,0.095959595959596,
0.0984848484848485,0.101010101010101,0.103535353535353,0.106060606060606,
0.108585858585859,0.111111111111111,0.113636363636364,0.116161616161616,
0.118686868686869,0.121212121212121,0.123737373737374,0.126262626262626,
0.128787878787879,0.131313131313131,0.133838383838384,0.136363636363636,
0.138888888888889,0.141414141414141,0.143939393939394,0.146464646464646,
0.148989898989899,0.151515151515151,0.154040404040404,0.156565656565657,
0.159090909090909,0.161616161616161,0.164141414141414,0.166666666666667,
0.169191919191919,0.171717171717171,0.174242424242425,0.176767676767677,
0.17929292929293,0.181818181818182,0.184343434343435,0.186868686868687,
0.18939393939394,0.191919191919192,0.194444444444445,0.196969696969697,
0.19949494949495,0.202020202020202,0.204545454545455,0.207070707070707,
0.20959595959596,0.212121212121212,0.214646464646465,0.217171717171717,
0.21969696969697,0.222222222222222,0.224747474747475,0.227272727272728,
0.22979797979798,0.232323232323232,0.234848484848485,0.237373737373738,
0.23989898989899,0.242424242424243,0.244949494949495,0.247474747474747,
0.25,0.252525252525252,0.255050505050505,0.257575757575758,0.26010101010101,
0.262626262626262,0.265151515151515,0.267676767676767,0.27020202020202,
0.272727272727273,0.275252525252526,0.277777777777778,0.28030303030303,
0.282828282828283,0.285353535353535,0.287878787878788,0.29040404040404,
0.292929292929293,0.295454545454546,0.297979797979798,0.30050505050505,
0.303030303030303,0.305555555555555,0.308080808080808,0.31060606060606,
0.313131313131313,0.315656565656566,0.318181818181818,0.32070707070707,
0.323232323232323,0.325757575757576,0.328282828282829,0.330808080808081,
0.333333333333334,0.335858585858586,0.338383838383839,0.340909090909091,
0.343434343434343,0.345959595959596,0.348484848484849,0.351010101010101,
0.353535353535353,0.356060606060606,0.358585858585858,0.361111111111111,
0.363636363636364,0.366161616161616,0.368686868686869,0.371212121212121,
0.373737373737374,0.376262626262626,0.378787878787879,0.381313131313132,
0.383838383838384,0.386363636363637,0.388888888888889,0.391414141414141,
0.393939393939394,0.396464646464646,0.398989898989899,0.401515151515151,
0.404040404040404,0.406565656565657,0.409090909090909,0.411616161616161,
0.414141414141414,0.416666666666667,0.419191919191919,0.421717171717171,
0.424242424242425,0.426767676767677,0.42929292929293,0.431818181818182,
0.434343434343434,0.436868686868687,0.43939393939394,0.441919191919192,
0.444444444444444,0.446969696969697,0.44949494949495,0.452020202020202,
0.454545454545455,0.457070707070707,0.45959595959596,0.462121212121212,
0.464646464646465,0.467171717171717,0.46969696969697,0.472222222222222,
0.474747474747475,0.477272727272727,0.47979797979798,0.482323232323232,
0.484848484848485,0.487373737373737,0.48989898989899,0.492424242424242,
0.494949494949495,0.497474747474748,0.5,0.502525252525253,0.505050505050505,
0.507575757575758,0.51010101010101,0.512626262626263,0.515151515151515,
0.517676767676768,0.52020202020202,0.522727272727273,0.525252525252525,
0.527777777777778,0.53030303030303,0.532828282828283,0.535353535353535,
0.537878787878788,0.54040404040404,0.542929292929293,0.545454545454545,
0.547979797979798,0.550505050505051,0.553030303030303,0.555555555555556,
0.558080808080808,0.560606060606061,0.563131313131313,0.565656565656566,
0.568181818181818,0.570707070707071,0.573232323232323,0.575757575757576,
0.578282828282828,0.580808080808081,0.583333333333333,0.585858585858586,
0.588383838383838,0.590909090909091,0.593434343434343,0.595959595959596,
0.598484848484849,0.601010101010101,0.603535353535354,0.606060606060606,
0.608585858585859,0.611111111111111,0.613636363636364,0.616161616161616,
0.618686868686869,0.621212121212121,0.623737373737374,0.626262626262626,
0.628787878787879,0.631313131313131,0.633838383838384,0.636363636363636,
0.638888888888889,0.641414141414141,0.643939393939394,0.646464646464647,
0.648989898989899,0.651515151515152,0.654040404040404,0.656565656565657,
0.659090909090909,0.661616161616162,0.664141414141414,0.666666666666667,
0.669191919191919,0.671717171717172,0.674242424242424,0.676767676767677,
0.679292929292929,0.681818181818182,0.684343434343434,0.686868686868687,
0.689393939393939,0.691919191919192,0.694444444444444,0.696969696969697,
0.69949494949495,0.702020202020202,0.704545454545455,0.707070707070707,
0.70959595959596,0.712121212121212,0.714646464646465,0.717171717171717,
0.71969696969697,0.722222222222222,0.724747474747475,0.727272727272727,
0.72979797979798,0.732323232323232,0.734848484848485,0.737373737373737,
0.73989898989899,0.742424242424242,0.744949494949495,0.747474747474748,
0.75,0.752525252525253,0.755050505050505,0.757575757575758,0.76010101010101,
0.762626262626263,0.765151515151515,0.767676767676768,0.77020202020202,
0.772727272727273,0.775252525252525,0.777777777777778,0.78030303030303,
0.782828282828283,0.785353535353535,0.787878787878788,0.79040404040404,
0.792929292929293,0.795454545454545,0.797979797979798,0.800505050505051,
0.803030303030303,0.805555555555556,0.808080808080808,0.810606060606061,
0.813131313131313,0.815656565656566,0.818181818181818,0.820707070707071,
0.823232323232323,0.825757575757576,0.828282828282828,0.830808080808081,
0.833333333333333,0.835858585858586,0.838383838383838,0.840909090909091,
0.843434343434343,0.845959595959596,0.848484848484849,0.851010101010101,
0.853535353535354,0.856060606060606,0.858585858585859,0.861111111111111,
0.863636363636364,0.866161616161616,0.868686868686869,0.871212121212121,
0.873737373737374,0.876262626262626,0.878787878787879,0.881313131313131,
0.883838383838384,0.886363636363636,0.888888888888889,0.891414141414141,
0.893939393939394,0.896464646464647,0.898989898989899,0.901515151515151,
0.904040404040404,0.906565656565657,0.909090909090909,0.911616161616162,
0.914141414141414,0.916666666666667,0.919191919191919,0.921717171717172,
0.924242424242424,0.926767676767677,0.929292929292929,0.931818181818182,
0.934343434343434,0.936868686868687,0.939393939393939,0.941919191919192,
0.944444444444444,0.946969696969697,0.94949494949495,0.952020202020202,
0.954545454545455,0.957070707070707,0.95959595959596,0.962121212121212,
0.964646464646465,0.967171717171717,0.96969696969697,0.972222222222222,
0.974747474747475,0.977272727272727,0.97979797979798,0.982323232323232,
0.984848484848485,0.987373737373737,0.98989898989899,0.992424242424242,
0.994949494949495,0.997474747474748,1.),.UNSPECIFIED.)
CURVE()
GEOMETRIC_REPRESENTATION_ITEM()
RATIONAL_B_SPLINE_CURVE((1.,0.866025403784439,1.,0.866025403784439,1.,0.866025403784439,
1.,0.866025403784439,1.,0.866025403784439,1.,0.866025403784439,1.,0.866025403784439,
1.,0.866025403784439,1.,0.866025403784439,1.,0.866025403784439,1.,0.866025403784439,
1.,0.866025403784439,1.,0.866025403784439,1.,0.866025403784439,1.,0.866025403784439,
1.,0.866025403784439,1.,0.866025403784439,1.,0.866025403784439,1.,0.866025403784439,
1.,0.866025403784439,1.,0.866025403784439,1.,0.866025403784439,1.,0.866025403784439,
1.,0.866025403784439,1.,0.866025403784439,1.,0.866025403784439,1.,0.866025403784439,
1.,0.866025403784439,1.,0.866025403784439,1.,0.866025403784439,1.,0.866025403784439,
1.,0.866025403784439,1.,0.866025403784439,1.,0.866025403784439,1.,0.866025403784439,
1.,0.866025403784439,1.,0.866025403784439,1.,0.866025403784439,1.,0.866025403784439,
1.,0.866025403784439,1.,0.866025403784439,1.,0.866025403784439,1.,0.866025403784439,
1.,0.866025403784439,1.,0.866025403784439,1.,0.866025403784439,1.,0.866025403784439,
1.,0.866025403784439,1.,0.866025403784439,1.,0.866025403784439,1.,0.866025403784439,
1.,0.866025403784439,1.,0.866025403784439,1.,0.866025403784439,1.,0.866025403784439,
1.,0.866025403784439,1.,0.866025403784439,1.,0.866025403784439,1.,0.866025403784439,
1.,0.866025403784439,1.,0.866025403784439,1.,0.866025403784439,1.,0.866025403784439,
1.,0.866025403784439,1.,0.866025403784439,1.,0.866025403784439,1.,0.866025403784439,
1.,0.866025403784439,1.,0.866025403784439,1.,0.866025403784439,1.,0.866025403784439,
1.,0.866025403784439,1.,0.866025403784439,1.,0.866025403784439,1.,0.866025403784439,
1.,0.866025403784439,1.,0.866025403784439,1.,0.866025403784439,1.,0.866025403784439,
1.,0.866025403784439,1.,0.866025403784439,1.,0.866025403784439,1.,0.866025403784439,
1.,0.866025403784439,1.,0.866025403784439,1.,0.866025403784439,1.,0.866025403784439,
1.,0.866025403784439,1.,0.866025403784439,1.,0.866025403784439,1.,0.866025403784439,
1.,0.866025403784439,1.,0.866025403784439,1.,0.866025403784439,1.,0.866025403784439,
1.,0.866025403784439,1.,0.866025403784439,1.,0.866025403784439,1.,0.866025403784439,
1.,0.866025403784439,1.,0.866025403784439,1.,0.866025403784439,1.,0.866025403784439,
1.,0.866025403784439,1.,0.866025403784439,1.,0.866025403784439,1.,0.866025403784439,
1.,0.866025403784439,1.,0.866025403784439,1.,0.866025403784439,1.,0.866025403784439,
1.,0.866025403784439,1.,0.866025403784439,1.,0.866025403784439,1.,0.866025403784439,
1.,0.866025403784439,1.,0.866025403784439,1.,0.866025403784439,1.,0.866025403784439,
1.,0.866025403784439,1.,0.866025403784439,1.,0.866025403784439,1.,0.866025403784439,
1.,0.866025403784439,1.,0.866025403784439,1.,0.866025403784439,1.,0.866025403784439,
1.,0.866025403784439,1.,0.866025403784439,1.,0.866025403784439,1.,0.866025403784439,
1.,0.866025403784439,1.,0.866025403784439,1.,0.866025403784439,1.,0.866025403784439,
1.,0.866025403784439,1.,0.866025403784439,1.,0.866025403784439,1.,0.866025403784439,
1.,0.866025403784439,1.,0.866025403784439,1.,0.866025403784439,1.,0.866025403784439,
1.,0.866025403784439,1.,0.866025403784439,1.,0.866025403784439,1.,0.866025403784439,
1.,0.866025403784439,1.,0.866025403784439,1.,0.866025403784439,1.,0.866025403784439,
1.,0.866025403784439,1.,0.866025403784439,1.,0.866025403784439,1.,0.866025403784439,
1.,0.866025403784439,1.,0.866025403784439,1.,0.866025403784439,1.,0.866025403784439,
1.,0.866025403784439,1.,0.866025403784439,1.,0.866025403784439,1.,0.866025403784439,
1.,0.866025403784439,1.,0.866025403784439,1.,0.866025403784439,1.,0.866025403784439,
1.,0.866025403784439,1.,0.866025403784439,1.,0.866025403784439,1.,0.866025403784439,
1.,0.866025403784439,1.,0.866025403784439,1.,0.866025403784439,1.,0.866025403784439,
1.,0.866025403784439,1.,0.866025403784439,1.,0.866025403784439,1.,0.866025403784439,
1.,0.866025403784439,1.,0.866025403784439,1.,0.866025403784439,1.,0.866025403784439,
1.,0.866025403784439,1.,0.866025403784439,1.,0.866025403784439,1.,0.866025403784439,
1.,0.866025403784439,1.,0.866025403784439,1.,0.866025403784439,1.,0.866025403784439,
1.,0.866025403784439,1.,0.866025403784439,1.,0.866025403784439,1.,0.866025403784439,
1.,0.866025403784439,1.,0.866025403784439,1.,0.866025403784439,1.,0.866025403784439,
1.,0.866025403784439,1.,0.866025403784439,1.,0.866025403784439,1.,0.866025403784439,
1.,0.866025403784439,1.,0.866025403784439,1.,0.866025403784439,1.,0.866025403784439,
1.,0.866025403784439,1.,0.866025403784439,1.,0.866025403784439,1.,0.866025403784439,
1.,0.866025403784439,1.,0.866025403784439,1.,0.866025403784439,1.,0.866025403784439,
1.,0.866025403784439,1.,0.866025403784439,1.,0.866025403784439,1.,0.866025403784439,
1.,0.866025403784439,1.,0.866025403784439,1.,0.866025403784439,1.,0.866025403784439,
1.,0.866025403784439,1.,0.866025403784439,1.,0.866025403784439,1.,0.866025403784439,
1.,0.866025403784439,1.,0.866025403784439,1.,0.866025403784439,1.,0.866025403784439,
1.,0.866025403784439,1.,0.866025403784439,1.,0.866025403784439,1.,0.866025403784439,
1.,0.866025403784439,1.,0.866025403784439,1.,0.866025403784439,1.,0.866025403784439,
1.,0.866025403784439,1.,0.866025403784439,1.,0.866025403784439,1.,0.866025403784439,
1.,0.866025403784439,1.,0.866025403784439,1.,0.866025403784439,1.,0.866025403784439,
1.,0.866025403784439,1.,0.866025403784439,1.,0.866025403784439,1.,0.866025403784439,
1.,0.866025403784439,1.,0.866025403784439,1.,0.866025403784439,1.,0.866025403784439,
1.,0.866025403784439,1.,0.866025403784439,1.,0.866025403784439,1.,0.866025403784439,
1.,0.866025403784439,1.,0.866025403784439,1.,0.866025403784439,1.,0.866025403784439,
1.,0.866025403784439,1.,0.866025403784439,1.,0.866025403784439,1.,0.866025403784439,
1.,0.866025403784439,1.,0.866025403784439,1.,0.866025403784439,1.,0.866025403784439,
1.,0.866025403784439,1.,0.866025403784439,1.,0.866025403784439,1.,0.866025403784439,
1.,0.866025403784439,1.,0.866025403784439,1.,0.866025403784439,1.,0.866025403784439,
1.,0.866025403784439,1.,0.866025403784439,1.,0.866025403784439,1.,0.866025403784439,
1.,0.866025403784439,1.,0.866025403784439,1.,0.866025403784439,1.,0.866025403784439,
1.,0.866025403784439,1.,0.866025403784439,1.,0.866025403784439,1.,0.866025403784439,
1.,0.866025403784439,1.,0.866025403784439,1.,0.866025403784439,1.,0.866025403784439,
1.,0.866025403784439,1.,0.866025403784439,1.,0.866025403784439,1.,0.866025403784439,
1.,0.866025403784439,1.,0.866025403784439,1.,0.866025403784439,1.,0.866025403784439,
1.,0.866025403784439,1.,0.866025403784439,1.,0.866025403784439,1.,0.866025403784439,
1.,0.866025403784439,1.,0.866025403784439,1.,0.866025403784439,1.,0.866025403784439,
1.,0.866025403784439,1.,0.866025403784439,1.,0.866025403784439,1.,0.866025403784439,
1.,0.866025403784439,1.,0.866025403784439,1.,0.866025403784439,1.,0.866025403784439,
1.,0.866025403784439,1.,0.866025403784439,1.,0.866025403784439,1.,0.866025403784439,
1.,0.866025403784439,1.,0.866025403784439,1.,0.866025403784439,1.,0.866025403784439,
1.,0.866025403784439,1.,0.866025403784439,1.,0.866025403784439,1.,0.866025403784439,
1.,0.866025403784439,1.,0.866025403784439,1.,0.866025403784439,1.,0.866025403784439,
1.,0.866025403784439,1.,0.866025403784439,1.,0.866025403784439,1.,0.866025403784439,
1.,0.866025403784439,1.,0.866025403784439,1.,0.866025403784439,1.,0.866025403784439,
1.,0.866025403784439,1.,0.866025403784439,1.,0.866025403784439,1.,0.866025403784439,
1.,0.866025403784439,1.,0.866025403784439,1.,0.866025403784439,1.,0.866025403784439,
1.,0.866025403784439,1.,0.866025403784439,1.,0.866025403784439,1.,0.866025403784439,
1.,0.866025403784439,1.,0.866025403784439,1.,0.866025403784439,1.,0.866025403784439,
1.,0.866025403784439,1.,0.866025403784439,1.,0.866025403784439,1.,0.866025403784439,
1.,0.866025403784439,1.,0.866025403784439,1.,0.866025403784439,1.,0.866025403784439,
1.,0.866025403784439,1.,0.866025403784439,1.,0.866025403784439,1.,0.866025403784439,
1.,0.866025403784439,1.,0.866025403784439,1.,0.866025403784439,1.,0.866025403784439,
1.,0.866025403784439,1.,0.866025403784439,1.,0.866025403784439,1.,0.866025403784439,
1.,0.866025403784439,1.,0.866025403784439,1.,0.866025403784439,1.,0.866025403784439,
1.,0.866025403784439,1.,0.866025403784439,1.,0.866025403784439,1.,0.866025403784439,
1.,0.866025403784439,1.,0.866025403784439,1.,0.866025403784439,1.,0.866025403784439,
1.,0.866025403784439,1.,0.866025403784439,1.,0.866025403784439,1.,0.866025403784439,
1.,0.866025403784439,1.))
REPRESENTATION_ITEM('')
);
#30=(
BOUNDED_CURVE()
B_SPLINE_CURVE(2,(#2664,#2665,#2666,#2667,#2668,#2669,#2670,#2671,#2672,
#2673,#2674,#2675,#2676,#2677,#2678,#2679,#2680,#2681,#2682,#2683,#2684,
#2685,#2686,#2687,#2688,#2689,#2690,#2691,#2692,#2693,#2694,#2695,#2696,
#2697,#2698,#2699,#2700,#2701,#2702,#2703,#2704,#2705,#2706,#2707,#2708,
#2709,#2710,#2711,#2712,#2713,#2714,#2715,#2716,#2717,#2718,#2719,#2720,
#2721,#2722,#2723,#2724,#2725,#2726,#2727,#2728,#2729,#2730,#2731,#2732,
#2733,#2734,#2735,#2736,#2737,#2738,#2739,#2740,#2741,#2742,#2743,#2744,
#2745,#2746,#2747,#2748,#2749,#2750,#2751,#2752,#2753,#2754,#2755,#2756,
#2757,#2758,#2759,#2760,#2761,#2762,#2763,#2764,#2765,#2766,#2767,#2768,
#2769,#2770,#2771,#2772,#2773,#2774,#2775,#2776,#2777,#2778,#2779,#2780,
#2781,#2782,#2783,#2784,#2785,#2786,#2787,#2788,#2789,#2790,#2791,#2792,
#2793,#2794,#2795,#2796,#2797,#2798,#2799,#2800,#2801,#2802,#2803,#2804,
#2805,#2806,#2807,#2808,#2809,#2810,#2811,#2812,#2813,#2814,#2815,#2816,
#2817,#2818,#2819,#2820,#2821,#2822,#2823,#2824,#2825,#2826,#2827,#2828,
#2829,#2830,#2831,#2832,#2833,#2834,#2835,#2836,#2837,#2838,#2839,#2840,
#2841,#2842,#2843,#2844,#2845,#2846,#2847,#2848,#2849,#2850,#2851,#2852,
#2853,#2854,#2855,#2856,#2857,#2858,#2859,#2860,#2861,#2862,#2863,#2864,
#2865,#2866,#2867,#2868,#2869,#2870,#2871,#2872,#2873,#2874,#2875,#2876,
#2877,#2878,#2879,#2880,#2881,#2882,#2883,#2884,#2885,#2886,#2887,#2888,
#2889,#2890,#2891,#2892,#2893,#2894,#2895,#2896,#2897,#2898,#2899,#2900,
#2901,#2902,#2903,#2904,#2905,#2906,#2907,#2908,#2909,#2910,#2911,#2912,
#2913,#2914,#2915,#2916,#2917,#2918,#2919,#2920,#2921,#2922,#2923,#2924,
#2925,#2926,#2927,#2928,#2929,#2930,#2931,#2932,#2933,#2934,#2935,#2936,
#2937,#2938,#2939,#2940,#2941,#2942,#2943,#2944,#2945,#2946,#2947,#2948,
#2949,#2950,#2951,#2952,#2953,#2954,#2955,#2956,#2957,#2958,#2959,#2960,
#2961,#2962,#2963,#2964,#2965,#2966,#2967,#2968,#2969,#2970,#2971,#2972,
#2973,#2974,#2975,#2976,#2977,#2978,#2979,#2980,#2981,#2982,#2983,#2984,
#2985,#2986,#2987,#2988,#2989,#2990,#2991,#2992,#2993,#2994,#2995,#2996,
#2997,#2998,#2999,#3000,#3001,#3002,#3003,#3004,#3005,#3006,#3007,#3008,
#3009,#3010,#3011,#3012,#3013,#3014,#3015,#3016,#3017,#3018,#3019,#3020,
#3021,#3022,#3023,#3024,#3025,#3026,#3027,#3028,#3029,#3030,#3031,#3032,
#3033,#3034,#3035,#3036,#3037,#3038,#3039,#3040,#3041,#3042,#3043,#3044,
#3045,#3046,#3047,#3048,#3049,#3050,#3051,#3052,#3053,#3054,#3055,#3056,
#3057,#3058,#3059,#3060,#3061,#3062,#3063,#3064,#3065,#3066,#3067,#3068,
#3069,#3070,#3071,#3072,#3073,#3074,#3075,#3076,#3077,#3078,#3079,#3080,
#3081,#3082,#3083,#3084,#3085,#3086,#3087,#3088,#3089,#3090,#3091,#3092,
#3093,#3094,#3095,#3096,#3097,#3098,#3099,#3100,#3101,#3102,#3103,#3104,
#3105,#3106,#3107,#3108,#3109,#3110,#3111,#3112,#3113,#3114,#3115,#3116,
#3117,#3118,#3119,#3120,#3121,#3122,#3123,#3124,#3125,#3126,#3127,#3128,
#3129,#3130,#3131,#3132,#3133,#3134,#3135,#3136,#3137,#3138,#3139,#3140,
#3141,#3142,#3143,#3144,#3145,#3146,#3147,#3148,#3149,#3150,#3151,#3152,
#3153,#3154,#3155,#3156,#3157,#3158,#3159,#3160,#3161,#3162,#3163,#3164,
#3165,#3166,#3167,#3168,#3169,#3170,#3171,#3172,#3173,#3174,#3175,#3176,
#3177,#3178,#3179,#3180,#3181,#3182,#3183,#3184,#3185,#3186,#3187,#3188,
#3189,#3190,#3191,#3192,#3193,#3194,#3195,#3196,#3197,#3198,#3199,#3200,
#3201,#3202,#3203,#3204,#3205,#3206,#3207,#3208,#3209,#3210,#3211,#3212,
#3213,#3214,#3215,#3216,#3217,#3218,#3219,#3220,#3221,#3222,#3223,#3224,
#3225,#3226,#3227,#3228,#3229,#3230,#3231,#3232,#3233,#3234,#3235,#3236,
#3237,#3238,#3239,#3240,#3241,#3242,#3243,#3244,#3245,#3246,#3247,#3248,
#3249,#3250,#3251,#3252,#3253,#3254,#3255,#3256,#3257,#3258,#3259,#3260,
#3261,#3262,#3263,#3264,#3265,#3266,#3267,#3268,#3269,#3270,#3271,#3272,
#3273,#3274,#3275,#3276,#3277,#3278,#3279,#3280,#3281,#3282,#3283,#3284,
#3285,#3286,#3287,#3288,#3289,#3290,#3291,#3292,#3293,#3294,#3295,#3296,
#3297,#3298,#3299,#3300,#3301,#3302,#3303,#3304,#3305,#3306,#3307,#3308,
#3309,#3310,#3311,#3312,#3313,#3314,#3315,#3316,#3317,#3318,#3319,#3320,
#3321,#3322,#3323,#3324,#3325,#3326,#3327,#3328,#3329,#3330,#3331,#3332,
#3333,#3334,#3335,#3336,#3337,#3338,#3339,#3340,#3341,#3342,#3343,#3344,
#3345,#3346,#3347,#3348,#3349,#3350,#3351,#3352,#3353,#3354,#3355,#3356,
#3357,#3358,#3359,#3360,#3361,#3362,#3363,#3364,#3365,#3366,#3367,#3368,
#3369,#3370,#3371,#3372,#3373,#3374,#3375,#3376,#3377,#3378,#3379,#3380,
#3381,#3382,#3383,#3384,#3385,#3386,#3387,#3388,#3389,#3390,#3391,#3392,
#3393,#3394,#3395,#3396,#3397,#3398,#3399,#3400,#3401,#3402,#3403,#3404,
#3405,#3406,#3407,#3408,#3409,#3410,#3411,#3412,#3413,#3414,#3415,#3416,
#3417,#3418,#3419,#3420,#3421,#3422,#3423,#3424,#3425,#3426,#3427,#3428,
#3429,#3430,#3431,#3432,#3433,#3434,#3435,#3436,#3437,#3438,#3439,#3440,
#3441,#3442,#3443,#3444,#3445,#3446,#3447,#3448,#3449,#3450,#3451,#3452,
#3453,#3454,#3455,#3456),.UNSPECIFIED.,.F.,.F.)
B_SPLINE_CURVE_WITH_KNOTS((3,2,2,2,2,2,2,2,2,2,2,2,2,2,2,2,2,2,2,2,2,2,
2,2,2,2,2,2,2,2,2,2,2,2,2,2,2,2,2,2,2,2,2,2,2,2,2,2,2,2,2,2,2,2,2,2,2,2,
2,2,2,2,2,2,2,2,2,2,2,2,2,2,2,2,2,2,2,2,2,2,2,2,2,2,2,2,2,2,2,2,2,2,2,2,
2,2,2,2,2,2,2,2,2,2,2,2,2,2,2,2,2,2,2,2,2,2,2,2,2,2,2,2,2,2,2,2,2,2,2,2,
2,2,2,2,2,2,2,2,2,2,2,2,2,2,2,2,2,2,2,2,2,2,2,2,2,2,2,2,2,2,2,2,2,2,2,2,
2,2,2,2,2,2,2,2,2,2,2,2,2,2,2,2,2,2,2,2,2,2,2,2,2,2,2,2,2,2,2,2,2,2,2,2,
2,2,2,2,2,2,2,2,2,2,2,2,2,2,2,2,2,2,2,2,2,2,2,2,2,2,2,2,2,2,2,2,2,2,2,2,
2,2,2,2,2,2,2,2,2,2,2,2,2,2,2,2,2,2,2,2,2,2,2,2,2,2,2,2,2,2,2,2,2,2,2,2,
2,2,2,2,2,2,2,2,2,2,2,2,2,2,2,2,2,2,2,2,2,2,2,2,2,2,2,2,2,2,2,2,2,2,2,2,
2,2,2,2,2,2,2,2,2,2,2,2,2,2,2,2,2,2,2,2,2,2,2,2,2,2,2,2,2,2,2,2,2,2,2,2,
2,2,2,2,2,2,2,2,2,2,2,2,2,2,2,2,2,2,2,2,2,2,2,2,2,2,2,2,2,2,2,2,2,2,2,2,
2,2,2,2,2,2,2,2,2,2,2,2,2,2,3),(0.,0.00252525252525253,0.00505050505050505,
0.00757575757575758,0.0101010101010101,0.0126262626262626,0.0151515151515152,
0.0176767676767677,0.0202020202020202,0.0227272727272727,0.0252525252525253,
0.0277777777777778,0.0303030303030303,0.0328282828282828,0.0353535353535354,
0.0378787878787879,0.0404040404040404,0.0429292929292929,0.0454545454545455,
0.047979797979798,0.0505050505050505,0.053030303030303,0.0555555555555556,
0.0580808080808081,0.0606060606060606,0.0631313131313131,0.0656565656565657,
0.0681818181818182,0.0707070707070707,0.0732323232323232,0.0757575757575758,
0.0782828282828283,0.0808080808080808,0.0833333333333333,0.0858585858585859,
0.0883838383838384,0.0909090909090909,0.0934343434343434,0.095959595959596,
0.0984848484848485,0.101010101010101,0.103535353535353,0.106060606060606,
0.108585858585859,0.111111111111111,0.113636363636364,0.116161616161616,
0.118686868686869,0.121212121212121,0.123737373737374,0.126262626262626,
0.128787878787879,0.131313131313131,0.133838383838384,0.136363636363636,
0.138888888888889,0.141414141414141,0.143939393939394,0.146464646464646,
0.148989898989899,0.151515151515151,0.154040404040404,0.156565656565657,
0.159090909090909,0.161616161616161,0.164141414141414,0.166666666666667,
0.169191919191919,0.171717171717171,0.174242424242425,0.176767676767677,
0.17929292929293,0.181818181818182,0.184343434343435,0.186868686868687,
0.18939393939394,0.191919191919192,0.194444444444445,0.196969696969697,
0.19949494949495,0.202020202020202,0.204545454545455,0.207070707070707,
0.20959595959596,0.212121212121212,0.214646464646465,0.217171717171717,
0.21969696969697,0.222222222222222,0.224747474747475,0.227272727272728,
0.22979797979798,0.232323232323232,0.234848484848485,0.237373737373738,
0.23989898989899,0.242424242424243,0.244949494949495,0.247474747474747,
0.25,0.252525252525252,0.255050505050505,0.257575757575758,0.26010101010101,
0.262626262626262,0.265151515151515,0.267676767676767,0.27020202020202,
0.272727272727273,0.275252525252526,0.277777777777778,0.28030303030303,
0.282828282828283,0.285353535353535,0.287878787878788,0.29040404040404,
0.292929292929293,0.295454545454546,0.297979797979798,0.30050505050505,
0.303030303030303,0.305555555555555,0.308080808080808,0.31060606060606,
0.313131313131313,0.315656565656566,0.318181818181818,0.32070707070707,
0.323232323232323,0.325757575757576,0.328282828282829,0.330808080808081,
0.333333333333334,0.335858585858586,0.338383838383839,0.340909090909091,
0.343434343434343,0.345959595959596,0.348484848484849,0.351010101010101,
0.353535353535353,0.356060606060606,0.358585858585858,0.361111111111111,
0.363636363636364,0.366161616161616,0.368686868686869,0.371212121212121,
0.373737373737374,0.376262626262626,0.378787878787879,0.381313131313132,
0.383838383838384,0.386363636363637,0.388888888888889,0.391414141414141,
0.393939393939394,0.396464646464646,0.398989898989899,0.401515151515151,
0.404040404040404,0.406565656565657,0.409090909090909,0.411616161616161,
0.414141414141414,0.416666666666667,0.419191919191919,0.421717171717171,
0.424242424242425,0.426767676767677,0.42929292929293,0.431818181818182,
0.434343434343434,0.436868686868687,0.43939393939394,0.441919191919192,
0.444444444444444,0.446969696969697,0.44949494949495,0.452020202020202,
0.454545454545455,0.457070707070707,0.45959595959596,0.462121212121212,
0.464646464646465,0.467171717171717,0.46969696969697,0.472222222222222,
0.474747474747475,0.477272727272727,0.47979797979798,0.482323232323232,
0.484848484848485,0.487373737373737,0.48989898989899,0.492424242424242,
0.494949494949495,0.497474747474748,0.5,0.502525252525253,0.505050505050505,
0.507575757575758,0.51010101010101,0.512626262626263,0.515151515151515,
0.517676767676768,0.52020202020202,0.522727272727273,0.525252525252525,
0.527777777777778,0.53030303030303,0.532828282828283,0.535353535353535,
0.537878787878788,0.54040404040404,0.542929292929293,0.545454545454545,
0.547979797979798,0.550505050505051,0.553030303030303,0.555555555555556,
0.558080808080808,0.560606060606061,0.563131313131313,0.565656565656566,
0.568181818181818,0.570707070707071,0.573232323232323,0.575757575757576,
0.578282828282828,0.580808080808081,0.583333333333333,0.585858585858586,
0.588383838383838,0.590909090909091,0.593434343434343,0.595959595959596,
0.598484848484849,0.601010101010101,0.603535353535354,0.606060606060606,
0.608585858585859,0.611111111111111,0.613636363636364,0.616161616161616,
0.618686868686869,0.621212121212121,0.623737373737374,0.626262626262626,
0.628787878787879,0.631313131313131,0.633838383838384,0.636363636363636,
0.638888888888889,0.641414141414141,0.643939393939394,0.646464646464647,
0.648989898989899,0.651515151515152,0.654040404040404,0.656565656565657,
0.659090909090909,0.661616161616162,0.664141414141414,0.666666666666667,
0.669191919191919,0.671717171717172,0.674242424242424,0.676767676767677,
0.679292929292929,0.681818181818182,0.684343434343434,0.686868686868687,
0.689393939393939,0.691919191919192,0.694444444444444,0.696969696969697,
0.69949494949495,0.702020202020202,0.704545454545455,0.707070707070707,
0.70959595959596,0.712121212121212,0.714646464646465,0.717171717171717,
0.71969696969697,0.722222222222222,0.724747474747475,0.727272727272727,
0.72979797979798,0.732323232323232,0.734848484848485,0.737373737373737,
0.73989898989899,0.742424242424242,0.744949494949495,0.747474747474748,
0.75,0.752525252525253,0.755050505050505,0.757575757575758,0.76010101010101,
0.762626262626263,0.765151515151515,0.767676767676768,0.77020202020202,
0.772727272727273,0.775252525252525,0.777777777777778,0.78030303030303,
0.782828282828283,0.785353535353535,0.787878787878788,0.79040404040404,
0.792929292929293,0.795454545454545,0.797979797979798,0.800505050505051,
0.803030303030303,0.805555555555556,0.808080808080808,0.810606060606061,
0.813131313131313,0.815656565656566,0.818181818181818,0.820707070707071,
0.823232323232323,0.825757575757576,0.828282828282828,0.830808080808081,
0.833333333333333,0.835858585858586,0.838383838383838,0.840909090909091,
0.843434343434343,0.845959595959596,0.848484848484849,0.851010101010101,
0.853535353535354,0.856060606060606,0.858585858585859,0.861111111111111,
0.863636363636364,0.866161616161616,0.868686868686869,0.871212121212121,
0.873737373737374,0.876262626262626,0.878787878787879,0.881313131313131,
0.883838383838384,0.886363636363636,0.888888888888889,0.891414141414141,
0.893939393939394,0.896464646464647,0.898989898989899,0.901515151515151,
0.904040404040404,0.906565656565657,0.909090909090909,0.911616161616162,
0.914141414141414,0.916666666666667,0.919191919191919,0.921717171717172,
0.924242424242424,0.926767676767677,0.929292929292929,0.931818181818182,
0.934343434343434,0.936868686868687,0.939393939393939,0.941919191919192,
0.944444444444444,0.946969696969697,0.94949494949495,0.952020202020202,
0.954545454545455,0.957070707070707,0.95959595959596,0.962121212121212,
0.964646464646465,0.967171717171717,0.96969696969697,0.972222222222222,
0.974747474747475,0.977272727272727,0.97979797979798,0.982323232323232,
0.984848484848485,0.987373737373737,0.98989898989899,0.992424242424242,
0.994949494949495,0.997474747474748,1.),.PIECEWISE_BEZIER_KNOTS.)
CURVE()
GEOMETRIC_REPRESENTATION_ITEM()
RATIONAL_B_SPLINE_CURVE((1.,0.866025403784439,1.,0.866025403784439,1.,0.866025403784439,
1.,0.866025403784439,1.,0.866025403784439,1.,0.866025403784439,1.,0.866025403784439,
1.,0.866025403784439,1.,0.866025403784439,1.,0.866025403784439,1.,0.866025403784439,
1.,0.866025403784439,1.,0.866025403784439,1.,0.866025403784439,1.,0.866025403784439,
1.,0.866025403784439,1.,0.866025403784439,1.,0.866025403784439,1.,0.866025403784439,
1.,0.866025403784439,1.,0.866025403784439,1.,0.866025403784439,1.,0.866025403784439,
1.,0.866025403784439,1.,0.866025403784439,1.,0.866025403784439,1.,0.866025403784439,
1.,0.866025403784439,1.,0.866025403784439,1.,0.866025403784439,1.,0.866025403784439,
1.,0.866025403784439,1.,0.866025403784439,1.,0.866025403784439,1.,0.866025403784439,
1.,0.866025403784439,1.,0.866025403784439,1.,0.866025403784439,1.,0.866025403784439,
1.,0.866025403784439,1.,0.866025403784439,1.,0.866025403784439,1.,0.866025403784439,
1.,0.866025403784439,1.,0.866025403784439,1.,0.866025403784439,1.,0.866025403784439,
1.,0.866025403784439,1.,0.866025403784439,1.,0.866025403784439,1.,0.866025403784439,
1.,0.866025403784439,1.,0.866025403784439,1.,0.866025403784439,1.,0.866025403784439,
1.,0.866025403784439,1.,0.866025403784439,1.,0.866025403784439,1.,0.866025403784439,
1.,0.866025403784439,1.,0.866025403784439,1.,0.866025403784439,1.,0.866025403784439,
1.,0.866025403784439,1.,0.866025403784439,1.,0.866025403784439,1.,0.866025403784439,
1.,0.866025403784439,1.,0.866025403784439,1.,0.866025403784439,1.,0.866025403784439,
1.,0.866025403784439,1.,0.866025403784439,1.,0.866025403784439,1.,0.866025403784439,
1.,0.866025403784439,1.,0.866025403784439,1.,0.866025403784439,1.,0.866025403784439,
1.,0.866025403784439,1.,0.866025403784439,1.,0.866025403784439,1.,0.866025403784439,
1.,0.866025403784439,1.,0.866025403784439,1.,0.866025403784439,1.,0.866025403784439,
1.,0.866025403784439,1.,0.866025403784439,1.,0.866025403784439,1.,0.866025403784439,
1.,0.866025403784439,1.,0.866025403784439,1.,0.866025403784439,1.,0.866025403784439,
1.,0.866025403784439,1.,0.866025403784439,1.,0.866025403784439,1.,0.866025403784439,
1.,0.866025403784439,1.,0.866025403784439,1.,0.866025403784439,1.,0.866025403784439,
1.,0.866025403784439,1.,0.866025403784439,1.,0.866025403784439,1.,0.866025403784439,
1.,0.866025403784439,1.,0.866025403784439,1.,0.866025403784439,1.,0.866025403784439,
1.,0.866025403784439,1.,0.866025403784439,1.,0.866025403784439,1.,0.866025403784439,
1.,0.866025403784439,1.,0.866025403784439,1.,0.866025403784439,1.,0.866025403784439,
1.,0.866025403784439,1.,0.866025403784439,1.,0.866025403784439,1.,0.866025403784439,
1.,0.866025403784439,1.,0.866025403784439,1.,0.866025403784439,1.,0.866025403784439,
1.,0.866025403784439,1.,0.866025403784439,1.,0.866025403784439,1.,0.866025403784439,
1.,0.866025403784439,1.,0.866025403784439,1.,0.866025403784439,1.,0.866025403784439,
1.,0.866025403784439,1.,0.866025403784439,1.,0.866025403784439,1.,0.866025403784439,
1.,0.866025403784439,1.,0.866025403784439,1.,0.866025403784439,1.,0.866025403784439,
1.,0.866025403784439,1.,0.866025403784439,1.,0.866025403784439,1.,0.866025403784439,
1.,0.866025403784439,1.,0.866025403784439,1.,0.866025403784439,1.,0.866025403784439,
1.,0.866025403784439,1.,0.866025403784439,1.,0.866025403784439,1.,0.866025403784439,
1.,0.866025403784439,1.,0.866025403784439,1.,0.866025403784439,1.,0.866025403784439,
1.,0.866025403784439,1.,0.866025403784439,1.,0.866025403784439,1.,0.866025403784439,
1.,0.866025403784439,1.,0.866025403784439,1.,0.866025403784439,1.,0.866025403784439,
1.,0.866025403784439,1.,0.866025403784439,1.,0.866025403784439,1.,0.866025403784439,
1.,0.866025403784439,1.,0.866025403784439,1.,0.866025403784439,1.,0.866025403784439,
1.,0.866025403784439,1.,0.866025403784439,1.,0.866025403784439,1.,0.866025403784439,
1.,0.866025403784439,1.,0.866025403784439,1.,0.866025403784439,1.,0.866025403784439,
1.,0.866025403784439,1.,0.866025403784439,1.,0.866025403784439,1.,0.866025403784439,
1.,0.866025403784439,1.,0.866025403784439,1.,0.866025403784439,1.,0.866025403784439,
1.,0.866025403784439,1.,0.866025403784439,1.,0.866025403784439,1.,0.866025403784439,
1.,0.866025403784439,1.,0.866025403784439,1.,0.866025403784439,1.,0.866025403784439,
1.,0.866025403784439,1.,0.866025403784439,1.,0.866025403784439,1.,0.866025403784439,
1.,0.866025403784439,1.,0.866025403784439,1.,0.866025403784439,1.,0.866025403784439,
1.,0.866025403784439,1.,0.866025403784439,1.,0.866025403784439,1.,0.866025403784439,
1.,0.866025403784439,1.,0.866025403784439,1.,0.866025403784439,1.,0.866025403784439,
1.,0.866025403784439,1.,0.866025403784439,1.,0.866025403784439,1.,0.866025403784439,
1.,0.866025403784439,1.,0.866025403784439,1.,0.866025403784439,1.,0.866025403784439,
1.,0.866025403784439,1.,0.866025403784439,1.,0.866025403784439,1.,0.866025403784439,
1.,0.866025403784439,1.,0.866025403784439,1.,0.866025403784439,1.,0.866025403784439,
1.,0.866025403784439,1.,0.866025403784439,1.,0.866025403784439,1.,0.866025403784439,
1.,0.866025403784439,1.,0.866025403784439,1.,0.866025403784439,1.,0.866025403784439,
1.,0.866025403784439,1.,0.866025403784439,1.,0.866025403784439,1.,0.866025403784439,
1.,0.866025403784439,1.,0.866025403784439,1.,0.866025403784439,1.,0.866025403784439,
1.,0.866025403784439,1.,0.866025403784439,1.,0.866025403784439,1.,0.866025403784439,
1.,0.866025403784439,1.,0.866025403784439,1.,0.866025403784439,1.,0.866025403784439,
1.,0.866025403784439,1.,0.866025403784439,1.,0.866025403784439,1.,0.866025403784439,
1.,0.866025403784439,1.,0.866025403784439,1.,0.866025403784439,1.,0.866025403784439,
1.,0.866025403784439,1.,0.866025403784439,1.,0.866025403784439,1.,0.866025403784439,
1.,0.866025403784439,1.,0.866025403784439,1.,0.866025403784439,1.,0.866025403784439,
1.,0.866025403784439,1.,0.866025403784439,1.,0.866025403784439,1.,0.866025403784439,
1.,0.866025403784439,1.,0.866025403784439,1.,0.866025403784439,1.,0.866025403784439,
1.,0.866025403784439,1.,0.866025403784439,1.,0.866025403784439,1.,0.866025403784439,
1.,0.866025403784439,1.,0.866025403784439,1.,0.866025403784439,1.,0.866025403784439,
1.,0.866025403784439,1.,0.866025403784439,1.,0.866025403784439,1.,0.866025403784439,
1.,0.866025403784439,1.,0.866025403784439,1.,0.866025403784439,1.,0.866025403784439,
1.,0.866025403784439,1.,0.866025403784439,1.,0.866025403784439,1.,0.866025403784439,
1.,0.866025403784439,1.,0.866025403784439,1.,0.866025403784439,1.,0.866025403784439,
1.,0.866025403784439,1.,0.866025403784439,1.,0.866025403784439,1.,0.866025403784439,
1.,0.866025403784439,1.,0.866025403784439,1.,0.866025403784439,1.,0.866025403784439,
1.,0.866025403784439,1.,0.866025403784439,1.,0.866025403784439,1.,0.866025403784439,
1.,0.866025403784439,1.,0.866025403784439,1.,0.866025403784439,1.,0.866025403784439,
1.,0.866025403784439,1.,0.866025403784439,1.,0.866025403784439,1.,0.866025403784439,
1.,0.866025403784439,1.,0.866025403784439,1.,0.866025403784439,1.,0.866025403784439,
1.,0.866025403784439,1.,0.866025403784439,1.,0.866025403784439,1.,0.866025403784439,
1.,0.866025403784439,1.,0.866025403784439,1.,0.866025403784439,1.,0.866025403784439,
1.,0.866025403784439,1.,0.866025403784439,1.,0.866025403784439,1.,0.866025403784439,
1.,0.866025403784439,1.,0.866025403784439,1.,0.866025403784439,1.,0.866025403784439,
1.,0.866025403784439,1.,0.866025403784439,1.,0.866025403784439,1.,0.866025403784439,
1.,0.866025403784439,1.,0.866025403784439,1.,0.866025403784439,1.,0.866025403784439,
1.,0.866025403784439,1.,0.866025403784439,1.,0.866025403784439,1.,0.866025403784439,
1.,0.866025403784439,1.,0.866025403784439,1.,0.866025403784439,1.,0.866025403784439,
1.,0.866025403784439,1.,0.866025403784439,1.,0.866025403784439,1.,0.866025403784439,
1.,0.866025403784439,1.,0.866025403784439,1.,0.866025403784439,1.,0.866025403784439,
1.,0.866025403784439,1.,0.866025403784439,1.,0.866025403784439,1.,0.866025403784439,
1.,0.866025403784439,1.,0.866025403784439,1.,0.866025403784439,1.,0.866025403784439,
1.,0.866025403784439,1.,0.866025403784439,1.,0.866025403784439,1.,0.866025403784439,
1.,0.866025403784439,1.,0.866025403784439,1.,0.866025403784439,1.,0.866025403784439,
1.,0.866025403784439,1.,0.866025403784439,1.,0.866025403784439,1.,0.866025403784439,
1.,0.866025403784439,1.,0.866025403784439,1.,0.866025403784439,1.,0.866025403784439,
1.,0.866025403784439,1.,0.866025403784439,1.,0.866025403784439,1.,0.866025403784439,
1.,0.866025403784439,1.))
REPRESENTATION_ITEM('')
);
#31=(
BOUNDED_CURVE()
B_SPLINE_CURVE(2,(#5083,#5084,#5085,#5086,#5087,#5088,#5089,#5090,#5091,
#5092,#5093,#5094,#5095,#5096,#5097,#5098,#5099,#5100,#5101,#5102,#5103,
#5104,#5105,#5106,#5107,#5108,#5109,#5110,#5111,#5112,#5113,#5114,#5115,
#5116,#5117,#5118,#5119,#5120,#5121,#5122,#5123,#5124,#5125,#5126,#5127,
#5128,#5129,#5130,#5131,#5132,#5133,#5134,#5135,#5136,#5137,#5138,#5139,
#5140,#5141,#5142,#5143,#5144,#5145,#5146,#5147,#5148,#5149,#5150,#5151,
#5152,#5153,#5154,#5155,#5156,#5157,#5158,#5159,#5160,#5161,#5162,#5163,
#5164,#5165,#5166,#5167,#5168,#5169,#5170,#5171,#5172,#5173,#5174,#5175,
#5176,#5177,#5178,#5179,#5180,#5181,#5182,#5183,#5184,#5185,#5186,#5187,
#5188,#5189,#5190,#5191,#5192,#5193,#5194,#5195,#5196,#5197,#5198,#5199,
#5200,#5201,#5202,#5203,#5204,#5205,#5206,#5207,#5208,#5209,#5210,#5211,
#5212,#5213,#5214,#5215,#5216,#5217,#5218,#5219,#5220,#5221,#5222,#5223,
#5224,#5225,#5226,#5227,#5228,#5229,#5230,#5231,#5232,#5233,#5234,#5235,
#5236,#5237,#5238,#5239,#5240,#5241,#5242,#5243,#5244,#5245,#5246,#5247,
#5248,#5249,#5250,#5251,#5252,#5253,#5254,#5255,#5256,#5257,#5258,#5259,
#5260,#5261,#5262,#5263,#5264,#5265,#5266,#5267,#5268,#5269,#5270,#5271,
#5272,#5273,#5274,#5275,#5276,#5277,#5278,#5279,#5280,#5281,#5282,#5283,
#5284,#5285,#5286,#5287,#5288,#5289,#5290,#5291,#5292,#5293,#5294,#5295,
#5296,#5297,#5298,#5299,#5300,#5301,#5302,#5303,#5304,#5305,#5306,#5307,
#5308,#5309,#5310,#5311,#5312,#5313,#5314,#5315,#5316,#5317,#5318,#5319,
#5320,#5321,#5322,#5323,#5324,#5325,#5326,#5327,#5328,#5329,#5330,#5331,
#5332,#5333,#5334,#5335,#5336,#5337,#5338,#5339,#5340,#5341,#5342,#5343,
#5344,#5345,#5346,#5347,#5348,#5349,#5350,#5351,#5352,#5353,#5354,#5355,
#5356,#5357,#5358,#5359,#5360,#5361,#5362,#5363,#5364,#5365,#5366,#5367,
#5368,#5369,#5370,#5371,#5372,#5373,#5374,#5375,#5376,#5377,#5378,#5379,
#5380,#5381,#5382,#5383,#5384,#5385,#5386,#5387,#5388,#5389,#5390,#5391,
#5392,#5393,#5394,#5395,#5396,#5397,#5398,#5399,#5400,#5401,#5402,#5403,
#5404,#5405,#5406,#5407,#5408,#5409,#5410,#5411,#5412,#5413,#5414,#5415,
#5416,#5417,#5418,#5419,#5420,#5421,#5422,#5423,#5424,#5425,#5426,#5427,
#5428,#5429,#5430,#5431,#5432,#5433,#5434,#5435,#5436,#5437,#5438,#5439,
#5440,#5441,#5442,#5443,#5444,#5445,#5446,#5447,#5448,#5449,#5450,#5451,
#5452,#5453,#5454,#5455,#5456,#5457,#5458,#5459,#5460,#5461,#5462,#5463,
#5464,#5465,#5466,#5467,#5468,#5469,#5470,#5471,#5472,#5473,#5474,#5475,
#5476,#5477,#5478,#5479,#5480,#5481,#5482,#5483,#5484,#5485,#5486,#5487,
#5488,#5489,#5490,#5491,#5492,#5493,#5494,#5495,#5496,#5497,#5498,#5499,
#5500,#5501,#5502,#5503,#5504,#5505,#5506,#5507,#5508,#5509,#5510,#5511,
#5512,#5513,#5514,#5515,#5516,#5517,#5518,#5519,#5520,#5521,#5522,#5523,
#5524,#5525,#5526,#5527,#5528,#5529,#5530,#5531,#5532,#5533,#5534,#5535,
#5536,#5537,#5538,#5539,#5540,#5541,#5542,#5543,#5544,#5545,#5546,#5547,
#5548,#5549,#5550,#5551,#5552,#5553,#5554,#5555,#5556,#5557,#5558,#5559,
#5560,#5561,#5562,#5563,#5564,#5565,#5566,#5567,#5568,#5569,#5570,#5571,
#5572,#5573,#5574,#5575,#5576,#5577,#5578,#5579,#5580,#5581,#5582,#5583,
#5584,#5585,#5586,#5587,#5588,#5589,#5590,#5591,#5592,#5593,#5594,#5595,
#5596,#5597,#5598,#5599,#5600,#5601,#5602,#5603,#5604,#5605,#5606,#5607,
#5608,#5609,#5610,#5611,#5612,#5613,#5614,#5615,#5616,#5617,#5618,#5619,
#5620,#5621,#5622,#5623,#5624,#5625,#5626,#5627,#5628,#5629,#5630,#5631,
#5632,#5633,#5634,#5635,#5636,#5637,#5638,#5639,#5640,#5641,#5642,#5643,
#5644,#5645,#5646,#5647,#5648,#5649,#5650,#5651,#5652,#5653,#5654,#5655,
#5656,#5657,#5658,#5659,#5660,#5661,#5662,#5663,#5664,#5665,#5666,#5667,
#5668,#5669,#5670,#5671,#5672,#5673,#5674,#5675,#5676,#5677,#5678,#5679,
#5680,#5681,#5682,#5683,#5684,#5685,#5686,#5687,#5688,#5689,#5690,#5691,
#5692,#5693,#5694,#5695,#5696,#5697,#5698,#5699,#5700,#5701,#5702,#5703,
#5704,#5705,#5706,#5707,#5708,#5709,#5710,#5711,#5712,#5713,#5714,#5715,
#5716,#5717,#5718,#5719,#5720,#5721,#5722,#5723,#5724,#5725,#5726,#5727,
#5728,#5729,#5730,#5731,#5732,#5733,#5734,#5735,#5736,#5737,#5738,#5739,
#5740,#5741,#5742,#5743,#5744,#5745,#5746,#5747,#5748,#5749,#5750,#5751,
#5752,#5753,#5754,#5755,#5756,#5757,#5758,#5759,#5760,#5761,#5762,#5763,
#5764,#5765,#5766,#5767,#5768,#5769,#5770,#5771,#5772,#5773,#5774,#5775,
#5776,#5777,#5778,#5779,#5780,#5781,#5782,#5783,#5784,#5785,#5786,#5787,
#5788,#5789,#5790,#5791,#5792,#5793,#5794,#5795,#5796,#5797,#5798,#5799,
#5800,#5801,#5802,#5803,#5804,#5805,#5806,#5807,#5808,#5809,#5810,#5811,
#5812,#5813,#5814,#5815,#5816,#5817,#5818,#5819,#5820,#5821,#5822,#5823,
#5824,#5825,#5826,#5827,#5828,#5829,#5830,#5831,#5832,#5833,#5834,#5835,
#5836,#5837,#5838,#5839,#5840,#5841,#5842,#5843,#5844,#5845,#5846,#5847,
#5848,#5849,#5850,#5851,#5852,#5853,#5854,#5855,#5856,#5857,#5858,#5859,
#5860,#5861,#5862,#5863,#5864,#5865,#5866,#5867,#5868,#5869,#5870,#5871,
#5872,#5873,#5874,#5875),.UNSPECIFIED.,.F.,.F.)
B_SPLINE_CURVE_WITH_KNOTS((3,2,2,2,2,2,2,2,2,2,2,2,2,2,2,2,2,2,2,2,2,2,
2,2,2,2,2,2,2,2,2,2,2,2,2,2,2,2,2,2,2,2,2,2,2,2,2,2,2,2,2,2,2,2,2,2,2,2,
2,2,2,2,2,2,2,2,2,2,2,2,2,2,2,2,2,2,2,2,2,2,2,2,2,2,2,2,2,2,2,2,2,2,2,2,
2,2,2,2,2,2,2,2,2,2,2,2,2,2,2,2,2,2,2,2,2,2,2,2,2,2,2,2,2,2,2,2,2,2,2,2,
2,2,2,2,2,2,2,2,2,2,2,2,2,2,2,2,2,2,2,2,2,2,2,2,2,2,2,2,2,2,2,2,2,2,2,2,
2,2,2,2,2,2,2,2,2,2,2,2,2,2,2,2,2,2,2,2,2,2,2,2,2,2,2,2,2,2,2,2,2,2,2,2,
2,2,2,2,2,2,2,2,2,2,2,2,2,2,2,2,2,2,2,2,2,2,2,2,2,2,2,2,2,2,2,2,2,2,2,2,
2,2,2,2,2,2,2,2,2,2,2,2,2,2,2,2,2,2,2,2,2,2,2,2,2,2,2,2,2,2,2,2,2,2,2,2,
2,2,2,2,2,2,2,2,2,2,2,2,2,2,2,2,2,2,2,2,2,2,2,2,2,2,2,2,2,2,2,2,2,2,2,2,
2,2,2,2,2,2,2,2,2,2,2,2,2,2,2,2,2,2,2,2,2,2,2,2,2,2,2,2,2,2,2,2,2,2,2,2,
2,2,2,2,2,2,2,2,2,2,2,2,2,2,2,2,2,2,2,2,2,2,2,2,2,2,2,2,2,2,2,2,2,2,2,2,
2,2,2,2,2,2,2,2,2,2,2,2,2,2,3),(0.,0.00252525252525253,0.00505050505050505,
0.00757575757575758,0.0101010101010101,0.0126262626262626,0.0151515151515152,
0.0176767676767677,0.0202020202020202,0.0227272727272727,0.0252525252525253,
0.0277777777777778,0.0303030303030303,0.0328282828282828,0.0353535353535354,
0.0378787878787879,0.0404040404040404,0.0429292929292929,0.0454545454545455,
0.047979797979798,0.0505050505050505,0.053030303030303,0.0555555555555556,
0.0580808080808081,0.0606060606060606,0.0631313131313131,0.0656565656565657,
0.0681818181818182,0.0707070707070707,0.0732323232323232,0.0757575757575758,
0.0782828282828283,0.0808080808080808,0.0833333333333333,0.0858585858585859,
0.0883838383838384,0.0909090909090909,0.0934343434343434,0.095959595959596,
0.0984848484848485,0.101010101010101,0.103535353535353,0.106060606060606,
0.108585858585859,0.111111111111111,0.113636363636364,0.116161616161616,
0.118686868686869,0.121212121212121,0.123737373737374,0.126262626262626,
0.128787878787879,0.131313131313131,0.133838383838384,0.136363636363636,
0.138888888888889,0.141414141414141,0.143939393939394,0.146464646464646,
0.148989898989899,0.151515151515151,0.154040404040404,0.156565656565657,
0.159090909090909,0.161616161616161,0.164141414141414,0.166666666666667,
0.169191919191919,0.171717171717171,0.174242424242425,0.176767676767677,
0.17929292929293,0.181818181818182,0.184343434343435,0.186868686868687,
0.18939393939394,0.191919191919192,0.194444444444445,0.196969696969697,
0.19949494949495,0.202020202020202,0.204545454545455,0.207070707070707,
0.20959595959596,0.212121212121212,0.214646464646465,0.217171717171717,
0.21969696969697,0.222222222222222,0.224747474747475,0.227272727272728,
0.22979797979798,0.232323232323232,0.234848484848485,0.237373737373738,
0.23989898989899,0.242424242424243,0.244949494949495,0.247474747474747,
0.25,0.252525252525252,0.255050505050505,0.257575757575758,0.26010101010101,
0.262626262626262,0.265151515151515,0.267676767676767,0.27020202020202,
0.272727272727273,0.275252525252526,0.277777777777778,0.28030303030303,
0.282828282828283,0.285353535353535,0.287878787878788,0.29040404040404,
0.292929292929293,0.295454545454546,0.297979797979798,0.30050505050505,
0.303030303030303,0.305555555555555,0.308080808080808,0.31060606060606,
0.313131313131313,0.315656565656566,0.318181818181818,0.32070707070707,
0.323232323232323,0.325757575757576,0.328282828282829,0.330808080808081,
0.333333333333334,0.335858585858586,0.338383838383839,0.340909090909091,
0.343434343434343,0.345959595959596,0.348484848484849,0.351010101010101,
0.353535353535353,0.356060606060606,0.358585858585858,0.361111111111111,
0.363636363636364,0.366161616161616,0.368686868686869,0.371212121212121,
0.373737373737374,0.376262626262626,0.378787878787879,0.381313131313132,
0.383838383838384,0.386363636363637,0.388888888888889,0.391414141414141,
0.393939393939394,0.396464646464646,0.398989898989899,0.401515151515151,
0.404040404040404,0.406565656565657,0.409090909090909,0.411616161616161,
0.414141414141414,0.416666666666667,0.419191919191919,0.421717171717171,
0.424242424242425,0.426767676767677,0.42929292929293,0.431818181818182,
0.434343434343434,0.436868686868687,0.43939393939394,0.441919191919192,
0.444444444444444,0.446969696969697,0.44949494949495,0.452020202020202,
0.454545454545455,0.457070707070707,0.45959595959596,0.462121212121212,
0.464646464646465,0.467171717171717,0.46969696969697,0.472222222222222,
0.474747474747475,0.477272727272727,0.47979797979798,0.482323232323232,
0.484848484848485,0.487373737373737,0.48989898989899,0.492424242424242,
0.494949494949495,0.497474747474748,0.5,0.502525252525253,0.505050505050505,
0.507575757575758,0.51010101010101,0.512626262626263,0.515151515151515,
0.517676767676768,0.52020202020202,0.522727272727273,0.525252525252525,
0.527777777777778,0.53030303030303,0.532828282828283,0.535353535353535,
0.537878787878788,0.54040404040404,0.542929292929293,0.545454545454545,
0.547979797979798,0.550505050505051,0.553030303030303,0.555555555555556,
0.558080808080808,0.560606060606061,0.563131313131313,0.565656565656566,
0.568181818181818,0.570707070707071,0.573232323232323,0.575757575757576,
0.578282828282828,0.580808080808081,0.583333333333333,0.585858585858586,
0.588383838383838,0.590909090909091,0.593434343434343,0.595959595959596,
0.598484848484849,0.601010101010101,0.603535353535354,0.606060606060606,
0.608585858585859,0.611111111111111,0.613636363636364,0.616161616161616,
0.618686868686869,0.621212121212121,0.623737373737374,0.626262626262626,
0.628787878787879,0.631313131313131,0.633838383838384,0.636363636363636,
0.638888888888889,0.641414141414141,0.643939393939394,0.646464646464647,
0.648989898989899,0.651515151515152,0.654040404040404,0.656565656565657,
0.659090909090909,0.661616161616162,0.664141414141414,0.666666666666667,
0.669191919191919,0.671717171717172,0.674242424242424,0.676767676767677,
0.679292929292929,0.681818181818182,0.684343434343434,0.686868686868687,
0.689393939393939,0.691919191919192,0.694444444444444,0.696969696969697,
0.69949494949495,0.702020202020202,0.704545454545455,0.707070707070707,
0.70959595959596,0.712121212121212,0.714646464646465,0.717171717171717,
0.71969696969697,0.722222222222222,0.724747474747475,0.727272727272727,
0.72979797979798,0.732323232323232,0.734848484848485,0.737373737373737,
0.73989898989899,0.742424242424242,0.744949494949495,0.747474747474748,
0.75,0.752525252525253,0.755050505050505,0.757575757575758,0.76010101010101,
0.762626262626263,0.765151515151515,0.767676767676768,0.77020202020202,
0.772727272727273,0.775252525252525,0.777777777777778,0.78030303030303,
0.782828282828283,0.785353535353535,0.787878787878788,0.79040404040404,
0.792929292929293,0.795454545454545,0.797979797979798,0.800505050505051,
0.803030303030303,0.805555555555556,0.808080808080808,0.810606060606061,
0.813131313131313,0.815656565656566,0.818181818181818,0.820707070707071,
0.823232323232323,0.825757575757576,0.828282828282828,0.830808080808081,
0.833333333333333,0.835858585858586,0.838383838383838,0.840909090909091,
0.843434343434343,0.845959595959596,0.848484848484849,0.851010101010101,
0.853535353535354,0.856060606060606,0.858585858585859,0.861111111111111,
0.863636363636364,0.866161616161616,0.868686868686869,0.871212121212121,
0.873737373737374,0.876262626262626,0.878787878787879,0.881313131313131,
0.883838383838384,0.886363636363636,0.888888888888889,0.891414141414141,
0.893939393939394,0.896464646464647,0.898989898989899,0.901515151515151,
0.904040404040404,0.906565656565657,0.909090909090909,0.911616161616162,
0.914141414141414,0.916666666666667,0.919191919191919,0.921717171717172,
0.924242424242424,0.926767676767677,0.929292929292929,0.931818181818182,
0.934343434343434,0.936868686868687,0.939393939393939,0.941919191919192,
0.944444444444444,0.946969696969697,0.94949494949495,0.952020202020202,
0.954545454545455,0.957070707070707,0.95959595959596,0.962121212121212,
0.964646464646465,0.967171717171717,0.96969696969697,0.972222222222222,
0.974747474747475,0.977272727272727,0.97979797979798,0.982323232323232,
0.984848484848485,0.987373737373737,0.98989898989899,0.992424242424242,
0.994949494949495,0.997474747474748,1.),.PIECEWISE_BEZIER_KNOTS.)
CURVE()
GEOMETRIC_REPRESENTATION_ITEM()
RATIONAL_B_SPLINE_CURVE((1.,0.866025403784439,1.,0.866025403784439,1.,0.866025403784439,
1.,0.866025403784439,1.,0.866025403784439,1.,0.866025403784439,1.,0.866025403784439,
1.,0.866025403784439,1.,0.866025403784439,1.,0.866025403784439,1.,0.866025403784439,
1.,0.866025403784439,1.,0.866025403784439,1.,0.866025403784439,1.,0.866025403784439,
1.,0.866025403784439,1.,0.866025403784439,1.,0.866025403784439,1.,0.866025403784439,
1.,0.866025403784439,1.,0.866025403784439,1.,0.866025403784439,1.,0.866025403784439,
1.,0.866025403784439,1.,0.866025403784439,1.,0.866025403784439,1.,0.866025403784439,
1.,0.866025403784439,1.,0.866025403784439,1.,0.866025403784439,1.,0.866025403784439,
1.,0.866025403784439,1.,0.866025403784439,1.,0.866025403784439,1.,0.866025403784439,
1.,0.866025403784439,1.,0.866025403784439,1.,0.866025403784439,1.,0.866025403784439,
1.,0.866025403784439,1.,0.866025403784439,1.,0.866025403784439,1.,0.866025403784439,
1.,0.866025403784439,1.,0.866025403784439,1.,0.866025403784439,1.,0.866025403784439,
1.,0.866025403784439,1.,0.866025403784439,1.,0.866025403784439,1.,0.866025403784439,
1.,0.866025403784439,1.,0.866025403784439,1.,0.866025403784439,1.,0.866025403784439,
1.,0.866025403784439,1.,0.866025403784439,1.,0.866025403784439,1.,0.866025403784439,
1.,0.866025403784439,1.,0.866025403784439,1.,0.866025403784439,1.,0.866025403784439,
1.,0.866025403784439,1.,0.866025403784439,1.,0.866025403784439,1.,0.866025403784439,
1.,0.866025403784439,1.,0.866025403784439,1.,0.866025403784439,1.,0.866025403784439,
1.,0.866025403784439,1.,0.866025403784439,1.,0.866025403784439,1.,0.866025403784439,
1.,0.866025403784439,1.,0.866025403784439,1.,0.866025403784439,1.,0.866025403784439,
1.,0.866025403784439,1.,0.866025403784439,1.,0.866025403784439,1.,0.866025403784439,
1.,0.866025403784439,1.,0.866025403784439,1.,0.866025403784439,1.,0.866025403784439,
1.,0.866025403784439,1.,0.866025403784439,1.,0.866025403784439,1.,0.866025403784439,
1.,0.866025403784439,1.,0.866025403784439,1.,0.866025403784439,1.,0.866025403784439,
1.,0.866025403784439,1.,0.866025403784439,1.,0.866025403784439,1.,0.866025403784439,
1.,0.866025403784439,1.,0.866025403784439,1.,0.866025403784439,1.,0.866025403784439,
1.,0.866025403784439,1.,0.866025403784439,1.,0.866025403784439,1.,0.866025403784439,
1.,0.866025403784439,1.,0.866025403784439,1.,0.866025403784439,1.,0.866025403784439,
1.,0.866025403784439,1.,0.866025403784439,1.,0.866025403784439,1.,0.866025403784439,
1.,0.866025403784439,1.,0.866025403784439,1.,0.866025403784439,1.,0.866025403784439,
1.,0.866025403784439,1.,0.866025403784439,1.,0.866025403784439,1.,0.866025403784439,
1.,0.866025403784439,1.,0.866025403784439,1.,0.866025403784439,1.,0.866025403784439,
1.,0.866025403784439,1.,0.866025403784439,1.,0.866025403784439,1.,0.866025403784439,
1.,0.866025403784439,1.,0.866025403784439,1.,0.866025403784439,1.,0.866025403784439,
1.,0.866025403784439,1.,0.866025403784439,1.,0.866025403784439,1.,0.866025403784439,
1.,0.866025403784439,1.,0.866025403784439,1.,0.866025403784439,1.,0.866025403784439,
1.,0.866025403784439,1.,0.866025403784439,1.,0.866025403784439,1.,0.866025403784439,
1.,0.866025403784439,1.,0.866025403784439,1.,0.866025403784439,1.,0.866025403784439,
1.,0.866025403784439,1.,0.866025403784439,1.,0.866025403784439,1.,0.866025403784439,
1.,0.866025403784439,1.,0.866025403784439,1.,0.866025403784439,1.,0.866025403784439,
1.,0.866025403784439,1.,0.866025403784439,1.,0.866025403784439,1.,0.866025403784439,
1.,0.866025403784439,1.,0.866025403784439,1.,0.866025403784439,1.,0.866025403784439,
1.,0.866025403784439,1.,0.866025403784439,1.,0.866025403784439,1.,0.866025403784439,
1.,0.866025403784439,1.,0.866025403784439,1.,0.866025403784439,1.,0.866025403784439,
1.,0.866025403784439,1.,0.866025403784439,1.,0.866025403784439,1.,0.866025403784439,
1.,0.866025403784439,1.,0.866025403784439,1.,0.866025403784439,1.,0.866025403784439,
1.,0.866025403784439,1.,0.866025403784439,1.,0.866025403784439,1.,0.866025403784439,
1.,0.866025403784439,1.,0.866025403784439,1.,0.866025403784439,1.,0.866025403784439,
1.,0.866025403784439,1.,0.866025403784439,1.,0.866025403784439,1.,0.866025403784439,
1.,0.866025403784439,1.,0.866025403784439,1.,0.866025403784439,1.,0.866025403784439,
1.,0.866025403784439,1.,0.866025403784439,1.,0.866025403784439,1.,0.866025403784439,
1.,0.866025403784439,1.,0.866025403784439,1.,0.866025403784439,1.,0.866025403784439,
1.,0.866025403784439,1.,0.866025403784439,1.,0.866025403784439,1.,0.866025403784439,
1.,0.866025403784439,1.,0.866025403784439,1.,0.866025403784439,1.,0.866025403784439,
1.,0.866025403784439,1.,0.866025403784439,1.,0.866025403784439,1.,0.866025403784439,
1.,0.866025403784439,1.,0.866025403784439,1.,0.866025403784439,1.,0.866025403784439,
1.,0.866025403784439,1.,0.866025403784439,1.,0.866025403784439,1.,0.866025403784439,
1.,0.866025403784439,1.,0.866025403784439,1.,0.866025403784439,1.,0.866025403784439,
1.,0.866025403784439,1.,0.866025403784439,1.,0.866025403784439,1.,0.866025403784439,
1.,0.866025403784439,1.,0.866025403784439,1.,0.866025403784439,1.,0.866025403784439,
1.,0.866025403784439,1.,0.866025403784439,1.,0.866025403784439,1.,0.866025403784439,
1.,0.866025403784439,1.,0.866025403784439,1.,0.866025403784439,1.,0.866025403784439,
1.,0.866025403784439,1.,0.866025403784439,1.,0.866025403784439,1.,0.866025403784439,
1.,0.866025403784439,1.,0.866025403784439,1.,0.866025403784439,1.,0.866025403784439,
1.,0.866025403784439,1.,0.866025403784439,1.,0.866025403784439,1.,0.866025403784439,
1.,0.866025403784439,1.,0.866025403784439,1.,0.866025403784439,1.,0.866025403784439,
1.,0.866025403784439,1.,0.866025403784439,1.,0.866025403784439,1.,0.866025403784439,
1.,0.866025403784439,1.,0.866025403784439,1.,0.866025403784439,1.,0.866025403784439,
1.,0.866025403784439,1.,0.866025403784439,1.,0.866025403784439,1.,0.866025403784439,
1.,0.866025403784439,1.,0.866025403784439,1.,0.866025403784439,1.,0.866025403784439,
1.,0.866025403784439,1.,0.866025403784439,1.,0.866025403784439,1.,0.866025403784439,
1.,0.866025403784439,1.,0.866025403784439,1.,0.866025403784439,1.,0.866025403784439,
1.,0.866025403784439,1.,0.866025403784439,1.,0.866025403784439,1.,0.866025403784439,
1.,0.866025403784439,1.,0.866025403784439,1.,0.866025403784439,1.,0.866025403784439,
1.,0.866025403784439,1.,0.866025403784439,1.,0.866025403784439,1.,0.866025403784439,
1.,0.866025403784439,1.,0.866025403784439,1.,0.866025403784439,1.,0.866025403784439,
1.,0.866025403784439,1.,0.866025403784439,1.,0.866025403784439,1.,0.866025403784439,
1.,0.866025403784439,1.,0.866025403784439,1.,0.866025403784439,1.,0.866025403784439,
1.,0.866025403784439,1.,0.866025403784439,1.,0.866025403784439,1.,0.866025403784439,
1.,0.866025403784439,1.,0.866025403784439,1.,0.866025403784439,1.,0.866025403784439,
1.,0.866025403784439,1.,0.866025403784439,1.,0.866025403784439,1.,0.866025403784439,
1.,0.866025403784439,1.,0.866025403784439,1.,0.866025403784439,1.,0.866025403784439,
1.,0.866025403784439,1.,0.866025403784439,1.,0.866025403784439,1.,0.866025403784439,
1.,0.866025403784439,1.,0.866025403784439,1.,0.866025403784439,1.,0.866025403784439,
1.,0.866025403784439,1.,0.866025403784439,1.,0.866025403784439,1.,0.866025403784439,
1.,0.866025403784439,1.,0.866025403784439,1.,0.866025403784439,1.,0.866025403784439,
1.,0.866025403784439,1.,0.866025403784439,1.,0.866025403784439,1.,0.866025403784439,
1.,0.866025403784439,1.,0.866025403784439,1.,0.866025403784439,1.,0.866025403784439,
1.,0.866025403784439,1.,0.866025403784439,1.,0.866025403784439,1.,0.866025403784439,
1.,0.866025403784439,1.,0.866025403784439,1.,0.866025403784439,1.,0.866025403784439,
1.,0.866025403784439,1.,0.866025403784439,1.,0.866025403784439,1.,0.866025403784439,
1.,0.866025403784439,1.,0.866025403784439,1.,0.866025403784439,1.,0.866025403784439,
1.,0.866025403784439,1.,0.866025403784439,1.,0.866025403784439,1.,0.866025403784439,
1.,0.866025403784439,1.,0.866025403784439,1.,0.866025403784439,1.,0.866025403784439,
1.,0.866025403784439,1.,0.866025403784439,1.,0.866025403784439,1.,0.866025403784439,
1.,0.866025403784439,1.,0.866025403784439,1.,0.866025403784439,1.,0.866025403784439,
1.,0.866025403784439,1.,0.866025403784439,1.,0.866025403784439,1.,0.866025403784439,
1.,0.866025403784439,1.,0.866025403784439,1.,0.866025403784439,1.,0.866025403784439,
1.,0.866025403784439,1.,0.866025403784439,1.,0.866025403784439,1.,0.866025403784439,
1.,0.866025403784439,1.))
REPRESENTATION_ITEM('')
);
#32=(
BOUNDED_SURFACE()
B_SPLINE_SURFACE(1,2,((#272,#273,#274,#275,#276,#277,#278,#279,#280,#281,
#282,#283,#284,#285,#286,#287,#288,#289,#290,#291,#292,#293,#294,#295,#296,
#297,#298,#299,#300,#301,#302,#303,#304,#305,#306,#307,#308,#309,#310,#311,
#312,#313,#314,#315,#316,#317,#318,#319,#320,#321,#322,#323,#324,#325,#326,
#327,#328,#329,#330,#331,#332,#333,#334,#335,#336,#337,#338,#339,#340,#341,
#342,#343,#344,#345,#346,#347,#348,#349,#350,#351,#352,#353,#354,#355,#356,
#357,#358,#359,#360,#361,#362,#363,#364,#365,#366,#367,#368,#369,#370,#371,
#372,#373,#374,#375,#376,#377,#378,#379,#380,#381,#382,#383,#384,#385,#386,
#387,#388,#389,#390,#391,#392,#393,#394,#395,#396,#397,#398,#399,#400,#401,
#402,#403,#404,#405,#406,#407,#408,#409,#410,#411,#412,#413,#414,#415,#416,
#417,#418,#419,#420,#421,#422,#423,#424,#425,#426,#427,#428,#429,#430,#431,
#432,#433,#434,#435,#436,#437,#438,#439,#440,#441,#442,#443,#444,#445,#446,
#447,#448,#449,#450,#451,#452,#453,#454,#455,#456,#457,#458,#459,#460,#461,
#462,#463,#464,#465,#466,#467,#468,#469,#470,#471,#472,#473,#474,#475,#476,
#477,#478,#479,#480,#481,#482,#483,#484,#485,#486,#487,#488,#489,#490,#491,
#492,#493,#494,#495,#496,#497,#498,#499,#500,#501,#502,#503,#504,#505,#506,
#507,#508,#509,#510,#511,#512,#513,#514,#515,#516,#517,#518,#519,#520,#521,
#522,#523,#524,#525,#526,#527,#528,#529,#530,#531,#532,#533,#534,#535,#536,
#537,#538,#539,#540,#541,#542,#543,#544,#545,#546,#547,#548,#549,#550,#551,
#552,#553,#554,#555,#556,#557,#558,#559,#560,#561,#562,#563,#564,#565,#566,
#567,#568,#569,#570,#571,#572,#573,#574,#575,#576,#577,#578,#579,#580,#581,
#582,#583,#584,#585,#586,#587,#588,#589,#590,#591,#592,#593,#594,#595,#596,
#597,#598,#599,#600,#601,#602,#603,#604,#605,#606,#607,#608,#609,#610,#611,
#612,#613,#614,#615,#616,#617,#618,#619,#620,#621,#622,#623,#624,#625,#626,
#627,#628,#629,#630,#631,#632,#633,#634,#635,#636,#637,#638,#639,#640,#641,
#642,#643,#644,#645,#646,#647,#648,#649,#650,#651,#652,#653,#654,#655,#656,
#657,#658,#659,#660,#661,#662,#663,#664,#665,#666,#667,#668,#669,#670,#671,
#672,#673,#674,#675,#676,#677,#678,#679,#680,#681,#682,#683,#684,#685,#686,
#687,#688,#689,#690,#691,#692,#693,#694,#695,#696,#697,#698,#699,#700,#701,
#702,#703,#704,#705,#706,#707,#708,#709,#710,#711,#712,#713,#714,#715,#716,
#717,#718,#719,#720,#721,#722,#723,#724,#725,#726,#727,#728,#729,#730,#731,
#732,#733,#734,#735,#736,#737,#738,#739,#740,#741,#742,#743,#744,#745,#746,
#747,#748,#749,#750,#751,#752,#753,#754,#755,#756,#757,#758,#759,#760,#761,
#762,#763,#764,#765,#766,#767,#768,#769,#770,#771,#772,#773,#774,#775,#776,
#777,#778,#779,#780,#781,#782,#783,#784,#785,#786,#787,#788,#789,#790,#791,
#792,#793,#794,#795,#796,#797,#798,#799,#800,#801,#802,#803,#804,#805,#806,
#807,#808,#809,#810,#811,#812,#813,#814,#815,#816,#817,#818,#819,#820,#821,
#822,#823,#824,#825,#826,#827,#828,#829,#830,#831,#832,#833,#834,#835,#836,
#837,#838,#839,#840,#841,#842,#843,#844,#845,#846,#847,#848,#849,#850,#851,
#852,#853,#854,#855,#856,#857,#858,#859,#860,#861,#862,#863,#864,#865,#866,
#867,#868,#869,#870,#871,#872,#873,#874,#875,#876,#877,#878,#879,#880,#881,
#882,#883,#884,#885,#886,#887,#888,#889,#890,#891,#892,#893,#894,#895,#896,
#897,#898,#899,#900,#901,#902,#903,#904,#905,#906,#907,#908,#909,#910,#911,
#912,#913,#914,#915,#916,#917,#918,#919,#920,#921,#922,#923,#924,#925,#926,
#927,#928,#929,#930,#931,#932,#933,#934,#935,#936,#937,#938,#939,#940,#941,
#942,#943,#944,#945,#946,#947,#948,#949,#950,#951,#952,#953,#954,#955,#956,
#957,#958,#959,#960,#961,#962,#963,#964,#965,#966,#967,#968,#969,#970,#971,
#972,#973,#974,#975,#976,#977,#978,#979,#980,#981,#982,#983,#984,#985,#986,
#987,#988,#989,#990,#991,#992,#993,#994,#995,#996,#997,#998,#999,#1000,
#1001,#1002,#1003,#1004,#1005,#1006,#1007,#1008,#1009,#1010,#1011,#1012,
#1013,#1014,#1015,#1016,#1017,#1018,#1019,#1020,#1021,#1022,#1023,#1024,
#1025,#1026,#1027,#1028,#1029,#1030,#1031,#1032,#1033,#1034,#1035,#1036,
#1037,#1038,#1039,#1040,#1041,#1042,#1043,#1044,#1045,#1046,#1047,#1048,
#1049,#1050,#1051,#1052,#1053,#1054,#1055,#1056,#1057,#1058,#1059,#1060,
#1061,#1062,#1063,#1064),(#1065,#1066,#1067,#1068,#1069,#1070,#1071,#1072,
#1073,#1074,#1075,#1076,#1077,#1078,#1079,#1080,#1081,#1082,#1083,#1084,
#1085,#1086,#1087,#1088,#1089,#1090,#1091,#1092,#1093,#1094,#1095,#1096,
#1097,#1098,#1099,#1100,#1101,#1102,#1103,#1104,#1105,#1106,#1107,#1108,
#1109,#1110,#1111,#1112,#1113,#1114,#1115,#1116,#1117,#1118,#1119,#1120,
#1121,#1122,#1123,#1124,#1125,#1126,#1127,#1128,#1129,#1130,#1131,#1132,
#1133,#1134,#1135,#1136,#1137,#1138,#1139,#1140,#1141,#1142,#1143,#1144,
#1145,#1146,#1147,#1148,#1149,#1150,#1151,#1152,#1153,#1154,#1155,#1156,
#1157,#1158,#1159,#1160,#1161,#1162,#1163,#1164,#1165,#1166,#1167,#1168,
#1169,#1170,#1171,#1172,#1173,#1174,#1175,#1176,#1177,#1178,#1179,#1180,
#1181,#1182,#1183,#1184,#1185,#1186,#1187,#1188,#1189,#1190,#1191,#1192,
#1193,#1194,#1195,#1196,#1197,#1198,#1199,#1200,#1201,#1202,#1203,#1204,
#1205,#1206,#1207,#1208,#1209,#1210,#1211,#1212,#1213,#1214,#1215,#1216,
#1217,#1218,#1219,#1220,#1221,#1222,#1223,#1224,#1225,#1226,#1227,#1228,
#1229,#1230,#1231,#1232,#1233,#1234,#1235,#1236,#1237,#1238,#1239,#1240,
#1241,#1242,#1243,#1244,#1245,#1246,#1247,#1248,#1249,#1250,#1251,#1252,
#1253,#1254,#1255,#1256,#1257,#1258,#1259,#1260,#1261,#1262,#1263,#1264,
#1265,#1266,#1267,#1268,#1269,#1270,#1271,#1272,#1273,#1274,#1275,#1276,
#1277,#1278,#1279,#1280,#1281,#1282,#1283,#1284,#1285,#1286,#1287,#1288,
#1289,#1290,#1291,#1292,#1293,#1294,#1295,#1296,#1297,#1298,#1299,#1300,
#1301,#1302,#1303,#1304,#1305,#1306,#1307,#1308,#1309,#1310,#1311,#1312,
#1313,#1314,#1315,#1316,#1317,#1318,#1319,#1320,#1321,#1322,#1323,#1324,
#1325,#1326,#1327,#1328,#1329,#1330,#1331,#1332,#1333,#1334,#1335,#1336,
#1337,#1338,#1339,#1340,#1341,#1342,#1343,#1344,#1345,#1346,#1347,#1348,
#1349,#1350,#1351,#1352,#1353,#1354,#1355,#1356,#1357,#1358,#1359,#1360,
#1361,#1362,#1363,#1364,#1365,#1366,#1367,#1368,#1369,#1370,#1371,#1372,
#1373,#1374,#1375,#1376,#1377,#1378,#1379,#1380,#1381,#1382,#1383,#1384,
#1385,#1386,#1387,#1388,#1389,#1390,#1391,#1392,#1393,#1394,#1395,#1396,
#1397,#1398,#1399,#1400,#1401,#1402,#1403,#1404,#1405,#1406,#1407,#1408,
#1409,#1410,#1411,#1412,#1413,#1414,#1415,#1416,#1417,#1418,#1419,#1420,
#1421,#1422,#1423,#1424,#1425,#1426,#1427,#1428,#1429,#1430,#1431,#1432,
#1433,#1434,#1435,#1436,#1437,#1438,#1439,#1440,#1441,#1442,#1443,#1444,
#1445,#1446,#1447,#1448,#1449,#1450,#1451,#1452,#1453,#1454,#1455,#1456,
#1457,#1458,#1459,#1460,#1461,#1462,#1463,#1464,#1465,#1466,#1467,#1468,
#1469,#1470,#1471,#1472,#1473,#1474,#1475,#1476,#1477,#1478,#1479,#1480,
#1481,#1482,#1483,#1484,#1485,#1486,#1487,#1488,#1489,#1490,#1491,#1492,
#1493,#1494,#1495,#1496,#1497,#1498,#1499,#1500,#1501,#1502,#1503,#1504,
#1505,#1506,#1507,#1508,#1509,#1510,#1511,#1512,#1513,#1514,#1515,#1516,
#1517,#1518,#1519,#1520,#1521,#1522,#1523,#1524,#1525,#1526,#1527,#1528,
#1529,#1530,#1531,#1532,#1533,#1534,#1535,#1536,#1537,#1538,#1539,#1540,
#1541,#1542,#1543,#1544,#1545,#1546,#1547,#1548,#1549,#1550,#1551,#1552,
#1553,#1554,#1555,#1556,#1557,#1558,#1559,#1560,#1561,#1562,#1563,#1564,
#1565,#1566,#1567,#1568,#1569,#1570,#1571,#1572,#1573,#1574,#1575,#1576,
#1577,#1578,#1579,#1580,#1581,#1582,#1583,#1584,#1585,#1586,#1587,#1588,
#1589,#1590,#1591,#1592,#1593,#1594,#1595,#1596,#1597,#1598,#1599,#1600,
#1601,#1602,#1603,#1604,#1605,#1606,#1607,#1608,#1609,#1610,#1611,#1612,
#1613,#1614,#1615,#1616,#1617,#1618,#1619,#1620,#1621,#1622,#1623,#1624,
#1625,#1626,#1627,#1628,#1629,#1630,#1631,#1632,#1633,#1634,#1635,#1636,
#1637,#1638,#1639,#1640,#1641,#1642,#1643,#1644,#1645,#1646,#1647,#1648,
#1649,#1650,#1651,#1652,#1653,#1654,#1655,#1656,#1657,#1658,#1659,#1660,
#1661,#1662,#1663,#1664,#1665,#1666,#1667,#1668,#1669,#1670,#1671,#1672,
#1673,#1674,#1675,#1676,#1677,#1678,#1679,#1680,#1681,#1682,#1683,#1684,
#1685,#1686,#1687,#1688,#1689,#1690,#1691,#1692,#1693,#1694,#1695,#1696,
#1697,#1698,#1699,#1700,#1701,#1702,#1703,#1704,#1705,#1706,#1707,#1708,
#1709,#1710,#1711,#1712,#1713,#1714,#1715,#1716,#1717,#1718,#1719,#1720,
#1721,#1722,#1723,#1724,#1725,#1726,#1727,#1728,#1729,#1730,#1731,#1732,
#1733,#1734,#1735,#1736,#1737,#1738,#1739,#1740,#1741,#1742,#1743,#1744,
#1745,#1746,#1747,#1748,#1749,#1750,#1751,#1752,#1753,#1754,#1755,#1756,
#1757,#1758,#1759,#1760,#1761,#1762,#1763,#1764,#1765,#1766,#1767,#1768,
#1769,#1770,#1771,#1772,#1773,#1774,#1775,#1776,#1777,#1778,#1779,#1780,
#1781,#1782,#1783,#1784,#1785,#1786,#1787,#1788,#1789,#1790,#1791,#1792,
#1793,#1794,#1795,#1796,#1797,#1798,#1799,#1800,#1801,#1802,#1803,#1804,
#1805,#1806,#1807,#1808,#1809,#1810,#1811,#1812,#1813,#1814,#1815,#1816,
#1817,#1818,#1819,#1820,#1821,#1822,#1823,#1824,#1825,#1826,#1827,#1828,
#1829,#1830,#1831,#1832,#1833,#1834,#1835,#1836,#1837,#1838,#1839,#1840,
#1841,#1842,#1843,#1844,#1845,#1846,#1847,#1848,#1849,#1850,#1851,#1852,
#1853,#1854,#1855,#1856,#1857)),.UNSPECIFIED.,.F.,.F.,.F.)
B_SPLINE_SURFACE_WITH_KNOTS((2,2),(3,2,2,2,2,2,2,2,2,2,2,2,2,2,2,2,2,2,
2,2,2,2,2,2,2,2,2,2,2,2,2,2,2,2,2,2,2,2,2,2,2,2,2,2,2,2,2,2,2,2,2,2,2,2,
2,2,2,2,2,2,2,2,2,2,2,2,2,2,2,2,2,2,2,2,2,2,2,2,2,2,2,2,2,2,2,2,2,2,2,2,
2,2,2,2,2,2,2,2,2,2,2,2,2,2,2,2,2,2,2,2,2,2,2,2,2,2,2,2,2,2,2,2,2,2,2,2,
2,2,2,2,2,2,2,2,2,2,2,2,2,2,2,2,2,2,2,2,2,2,2,2,2,2,2,2,2,2,2,2,2,2,2,2,
2,2,2,2,2,2,2,2,2,2,2,2,2,2,2,2,2,2,2,2,2,2,2,2,2,2,2,2,2,2,2,2,2,2,2,2,
2,2,2,2,2,2,2,2,2,2,2,2,2,2,2,2,2,2,2,2,2,2,2,2,2,2,2,2,2,2,2,2,2,2,2,2,
2,2,2,2,2,2,2,2,2,2,2,2,2,2,2,2,2,2,2,2,2,2,2,2,2,2,2,2,2,2,2,2,2,2,2,2,
2,2,2,2,2,2,2,2,2,2,2,2,2,2,2,2,2,2,2,2,2,2,2,2,2,2,2,2,2,2,2,2,2,2,2,2,
2,2,2,2,2,2,2,2,2,2,2,2,2,2,2,2,2,2,2,2,2,2,2,2,2,2,2,2,2,2,2,2,2,2,2,2,
2,2,2,2,2,2,2,2,2,2,2,2,2,2,2,2,2,2,2,2,2,2,2,2,2,2,2,2,2,2,2,2,2,2,2,2,
2,2,2,2,2,2,2,2,2,2,2,2,2,2,2,2,2,2,3),(0.,0.992473103729557),(0.000518207553593583,
0.00252525252525253,0.00505050505050505,0.00757575757575758,0.0101010101010101,
0.0126262626262626,0.0151515151515152,0.0176767676767677,0.0202020202020202,
0.0227272727272727,0.0252525252525253,0.0277777777777778,0.0303030303030303,
0.0328282828282828,0.0353535353535354,0.0378787878787879,0.0404040404040404,
0.0429292929292929,0.0454545454545455,0.047979797979798,0.0505050505050505,
0.053030303030303,0.0555555555555556,0.0580808080808081,0.0606060606060606,
0.0631313131313131,0.0656565656565657,0.0681818181818182,0.0707070707070707,
0.0732323232323232,0.0757575757575758,0.0782828282828283,0.0808080808080808,
0.0833333333333333,0.0858585858585859,0.0883838383838384,0.0909090909090909,
0.0934343434343434,0.095959595959596,0.0984848484848485,0.101010101010101,
0.103535353535353,0.106060606060606,0.108585858585859,0.111111111111111,
0.113636363636364,0.116161616161616,0.118686868686869,0.121212121212121,
0.123737373737374,0.126262626262626,0.128787878787879,0.131313131313131,
0.133838383838384,0.136363636363636,0.138888888888889,0.141414141414141,
0.143939393939394,0.146464646464646,0.148989898989899,0.151515151515151,
0.154040404040404,0.156565656565657,0.159090909090909,0.161616161616161,
0.164141414141414,0.166666666666667,0.169191919191919,0.171717171717171,
0.174242424242425,0.176767676767677,0.17929292929293,0.181818181818182,
0.184343434343435,0.186868686868687,0.18939393939394,0.191919191919192,
0.194444444444445,0.196969696969697,0.19949494949495,0.202020202020202,
0.204545454545455,0.207070707070707,0.20959595959596,0.212121212121212,
0.214646464646465,0.217171717171717,0.21969696969697,0.222222222222222,
0.224747474747475,0.227272727272728,0.22979797979798,0.232323232323232,
0.234848484848485,0.237373737373738,0.23989898989899,0.242424242424243,
0.244949494949495,0.247474747474747,0.25,0.252525252525252,0.255050505050505,
0.257575757575758,0.26010101010101,0.262626262626262,0.265151515151515,
0.267676767676767,0.27020202020202,0.272727272727273,0.275252525252526,
0.277777777777778,0.28030303030303,0.282828282828283,0.285353535353535,
0.287878787878788,0.29040404040404,0.292929292929293,0.295454545454546,
0.297979797979798,0.30050505050505,0.303030303030303,0.305555555555555,
0.308080808080808,0.31060606060606,0.313131313131313,0.315656565656566,
0.318181818181818,0.32070707070707,0.323232323232323,0.325757575757576,
0.328282828282829,0.330808080808081,0.333333333333334,0.335858585858586,
0.338383838383839,0.340909090909091,0.343434343434343,0.345959595959596,
0.348484848484849,0.351010101010101,0.353535353535353,0.356060606060606,
0.358585858585858,0.361111111111111,0.363636363636364,0.366161616161616,
0.368686868686869,0.371212121212121,0.373737373737374,0.376262626262626,
0.378787878787879,0.381313131313132,0.383838383838384,0.386363636363637,
0.388888888888889,0.391414141414141,0.393939393939394,0.396464646464646,
0.398989898989899,0.401515151515151,0.404040404040404,0.406565656565657,
0.409090909090909,0.411616161616161,0.414141414141414,0.416666666666667,
0.419191919191919,0.421717171717171,0.424242424242425,0.426767676767677,
0.42929292929293,0.431818181818182,0.434343434343434,0.436868686868687,
0.43939393939394,0.441919191919192,0.444444444444444,0.446969696969697,
0.44949494949495,0.452020202020202,0.454545454545455,0.457070707070707,
0.45959595959596,0.462121212121212,0.464646464646465,0.467171717171717,
0.46969696969697,0.472222222222222,0.474747474747475,0.477272727272727,
0.47979797979798,0.482323232323232,0.484848484848485,0.487373737373737,
0.48989898989899,0.492424242424242,0.494949494949495,0.497474747474748,
0.5,0.502525252525253,0.505050505050505,0.507575757575758,0.51010101010101,
0.512626262626263,0.515151515151515,0.517676767676768,0.52020202020202,
0.522727272727273,0.525252525252525,0.527777777777778,0.53030303030303,
0.532828282828283,0.535353535353535,0.537878787878788,0.54040404040404,
0.542929292929293,0.545454545454545,0.547979797979798,0.550505050505051,
0.553030303030303,0.555555555555556,0.558080808080808,0.560606060606061,
0.563131313131313,0.565656565656566,0.568181818181818,0.570707070707071,
0.573232323232323,0.575757575757576,0.578282828282828,0.580808080808081,
0.583333333333333,0.585858585858586,0.588383838383838,0.590909090909091,
0.593434343434343,0.595959595959596,0.598484848484849,0.601010101010101,
0.603535353535354,0.606060606060606,0.608585858585859,0.611111111111111,
0.613636363636364,0.616161616161616,0.618686868686869,0.621212121212121,
0.623737373737374,0.626262626262626,0.628787878787879,0.631313131313131,
0.633838383838384,0.636363636363636,0.638888888888889,0.641414141414141,
0.643939393939394,0.646464646464647,0.648989898989899,0.651515151515152,
0.654040404040404,0.656565656565657,0.659090909090909,0.661616161616162,
0.664141414141414,0.666666666666667,0.669191919191919,0.671717171717172,
0.674242424242424,0.676767676767677,0.679292929292929,0.681818181818182,
0.684343434343434,0.686868686868687,0.689393939393939,0.691919191919192,
0.694444444444444,0.696969696969697,0.69949494949495,0.702020202020202,
0.704545454545455,0.707070707070707,0.70959595959596,0.712121212121212,
0.714646464646465,0.717171717171717,0.71969696969697,0.722222222222222,
0.724747474747475,0.727272727272727,0.72979797979798,0.732323232323232,
0.734848484848485,0.737373737373737,0.73989898989899,0.742424242424242,
0.744949494949495,0.747474747474748,0.75,0.752525252525253,0.755050505050505,
0.757575757575758,0.76010101010101,0.762626262626263,0.765151515151515,
0.767676767676768,0.77020202020202,0.772727272727273,0.775252525252525,
0.777777777777778,0.78030303030303,0.782828282828283,0.785353535353535,
0.787878787878788,0.79040404040404,0.792929292929293,0.795454545454545,
0.797979797979798,0.800505050505051,0.803030303030303,0.805555555555556,
0.808080808080808,0.810606060606061,0.813131313131313,0.815656565656566,
0.818181818181818,0.820707070707071,0.823232323232323,0.825757575757576,
0.828282828282828,0.830808080808081,0.833333333333333,0.835858585858586,
0.838383838383838,0.840909090909091,0.843434343434343,0.845959595959596,
0.848484848484849,0.851010101010101,0.853535353535354,0.856060606060606,
0.858585858585859,0.861111111111111,0.863636363636364,0.866161616161616,
0.868686868686869,0.871212121212121,0.873737373737374,0.876262626262626,
0.878787878787879,0.881313131313131,0.883838383838384,0.886363636363636,
0.888888888888889,0.891414141414141,0.893939393939394,0.896464646464647,
0.898989898989899,0.901515151515151,0.904040404040404,0.906565656565657,
0.909090909090909,0.911616161616162,0.914141414141414,0.916666666666667,
0.919191919191919,0.921717171717172,0.924242424242424,0.926767676767677,
0.929292929292929,0.931818181818182,0.934343434343434,0.936868686868687,
0.939393939393939,0.941919191919192,0.944444444444444,0.946969696969697,
0.94949494949495,0.952020202020202,0.954545454545455,0.957070707070707,
0.95959595959596,0.962121212121212,0.964646464646465,0.967171717171717,
0.96969696969697,0.972222222222222,0.974747474747475,0.977272727272727,
0.97979797979798,0.982323232323232,0.984848484848485,0.987373737373737,
0.98989898989899,0.992424242424242,0.994949494949495,0.997474747474748,
1.),.PIECEWISE_BEZIER_KNOTS.)
GEOMETRIC_REPRESENTATION_ITEM()
RATIONAL_B_SPLINE_SURFACE(((0.956297763066227,0.893518356292866,1.,0.866025403784439,
1.,0.866025403784439,1.,0.866025403784439,1.,0.866025403784439,1.,0.866025403784439,
1.,0.866025403784439,1.,0.866025403784439,1.,0.866025403784439,1.,0.866025403784439,
1.,0.866025403784439,1.,0.866025403784439,1.,0.866025403784439,1.,0.866025403784439,
1.,0.866025403784439,1.,0.866025403784439,1.,0.866025403784439,1.,0.866025403784439,
1.,0.866025403784439,1.,0.866025403784439,1.,0.866025403784439,1.,0.866025403784439,
1.,0.866025403784439,1.,0.866025403784439,1.,0.866025403784439,1.,0.866025403784439,
1.,0.866025403784439,1.,0.866025403784439,1.,0.866025403784439,1.,0.866025403784439,
1.,0.866025403784439,1.,0.866025403784439,1.,0.866025403784439,1.,0.866025403784439,
1.,0.866025403784439,1.,0.866025403784439,1.,0.866025403784439,1.,0.866025403784439,
1.,0.866025403784439,1.,0.866025403784439,1.,0.866025403784439,1.,0.866025403784439,
1.,0.866025403784439,1.,0.866025403784439,1.,0.866025403784439,1.,0.866025403784439,
1.,0.866025403784439,1.,0.866025403784439,1.,0.866025403784439,1.,0.866025403784439,
1.,0.866025403784439,1.,0.866025403784439,1.,0.866025403784439,1.,0.866025403784439,
1.,0.866025403784439,1.,0.866025403784439,1.,0.866025403784439,1.,0.866025403784439,
1.,0.866025403784439,1.,0.866025403784439,1.,0.866025403784439,1.,0.866025403784439,
1.,0.866025403784439,1.,0.866025403784439,1.,0.866025403784439,1.,0.866025403784439,
1.,0.866025403784439,1.,0.866025403784439,1.,0.866025403784439,1.,0.866025403784439,
1.,0.866025403784439,1.,0.866025403784439,1.,0.866025403784439,1.,0.866025403784439,
1.,0.866025403784439,1.,0.866025403784439,1.,0.866025403784439,1.,0.866025403784439,
1.,0.866025403784439,1.,0.866025403784439,1.,0.866025403784439,1.,0.866025403784439,
1.,0.866025403784439,1.,0.866025403784439,1.,0.866025403784439,1.,0.866025403784439,
1.,0.866025403784439,1.,0.866025403784439,1.,0.866025403784439,1.,0.866025403784439,
1.,0.866025403784439,1.,0.866025403784439,1.,0.866025403784439,1.,0.866025403784439,
1.,0.866025403784439,1.,0.866025403784439,1.,0.866025403784439,1.,0.866025403784439,
1.,0.866025403784439,1.,0.866025403784439,1.,0.866025403784439,1.,0.866025403784439,
1.,0.866025403784439,1.,0.866025403784439,1.,0.866025403784439,1.,0.866025403784439,
1.,0.866025403784439,1.,0.866025403784439,1.,0.866025403784439,1.,0.866025403784439,
1.,0.866025403784439,1.,0.866025403784439,1.,0.866025403784439,1.,0.866025403784439,
1.,0.866025403784439,1.,0.866025403784439,1.,0.866025403784439,1.,0.866025403784439,
1.,0.866025403784439,1.,0.866025403784439,1.,0.866025403784439,1.,0.866025403784439,
1.,0.866025403784439,1.,0.866025403784439,1.,0.866025403784439,1.,0.866025403784439,
1.,0.866025403784439,1.,0.866025403784439,1.,0.866025403784439,1.,0.866025403784439,
1.,0.866025403784439,1.,0.866025403784439,1.,0.866025403784439,1.,0.866025403784439,
1.,0.866025403784439,1.,0.866025403784439,1.,0.866025403784439,1.,0.866025403784439,
1.,0.866025403784439,1.,0.866025403784439,1.,0.866025403784439,1.,0.866025403784439,
1.,0.866025403784439,1.,0.866025403784439,1.,0.866025403784439,1.,0.866025403784439,
1.,0.866025403784439,1.,0.866025403784439,1.,0.866025403784439,1.,0.866025403784439,
1.,0.866025403784439,1.,0.866025403784439,1.,0.866025403784439,1.,0.866025403784439,
1.,0.866025403784439,1.,0.866025403784439,1.,0.866025403784439,1.,0.866025403784439,
1.,0.866025403784439,1.,0.866025403784439,1.,0.866025403784439,1.,0.866025403784439,
1.,0.866025403784439,1.,0.866025403784439,1.,0.866025403784439,1.,0.866025403784439,
1.,0.866025403784439,1.,0.866025403784439,1.,0.866025403784439,1.,0.866025403784439,
1.,0.866025403784439,1.,0.866025403784439,1.,0.866025403784439,1.,0.866025403784439,
1.,0.866025403784439,1.,0.866025403784439,1.,0.866025403784439,1.,0.866025403784439,
1.,0.866025403784439,1.,0.866025403784439,1.,0.866025403784439,1.,0.866025403784439,
1.,0.866025403784439,1.,0.866025403784439,1.,0.866025403784439,1.,0.866025403784439,
1.,0.866025403784439,1.,0.866025403784439,1.,0.866025403784439,1.,0.866025403784439,
1.,0.866025403784439,1.,0.866025403784439,1.,0.866025403784439,1.,0.866025403784439,
1.,0.866025403784439,1.,0.866025403784439,1.,0.866025403784439,1.,0.866025403784439,
1.,0.866025403784439,1.,0.866025403784439,1.,0.866025403784439,1.,0.866025403784439,
1.,0.866025403784439,1.,0.866025403784439,1.,0.866025403784439,1.,0.866025403784439,
1.,0.866025403784439,1.,0.866025403784439,1.,0.866025403784439,1.,0.866025403784439,
1.,0.866025403784439,1.,0.866025403784439,1.,0.866025403784439,1.,0.866025403784439,
1.,0.866025403784439,1.,0.866025403784439,1.,0.866025403784439,1.,0.866025403784439,
1.,0.866025403784439,1.,0.866025403784439,1.,0.866025403784439,1.,0.866025403784439,
1.,0.866025403784439,1.,0.866025403784439,1.,0.866025403784439,1.,0.866025403784439,
1.,0.866025403784439,1.,0.866025403784439,1.,0.866025403784439,1.,0.866025403784439,
1.,0.866025403784439,1.,0.866025403784439,1.,0.866025403784439,1.,0.866025403784439,
1.,0.866025403784439,1.,0.866025403784439,1.,0.866025403784439,1.,0.866025403784439,
1.,0.866025403784439,1.,0.866025403784439,1.,0.866025403784439,1.,0.866025403784439,
1.,0.866025403784439,1.,0.866025403784439,1.,0.866025403784439,1.,0.866025403784439,
1.,0.866025403784439,1.,0.866025403784439,1.,0.866025403784439,1.,0.866025403784439,
1.,0.866025403784439,1.,0.866025403784439,1.,0.866025403784439,1.,0.866025403784439,
1.,0.866025403784439,1.,0.866025403784439,1.,0.866025403784439,1.,0.866025403784439,
1.,0.866025403784439,1.,0.866025403784439,1.,0.866025403784439,1.,0.866025403784439,
1.,0.866025403784439,1.,0.866025403784439,1.,0.866025403784439,1.,0.866025403784439,
1.,0.866025403784439,1.,0.866025403784439,1.,0.866025403784439,1.,0.866025403784439,
1.,0.866025403784439,1.,0.866025403784439,1.,0.866025403784439,1.,0.866025403784439,
1.,0.866025403784439,1.,0.866025403784439,1.,0.866025403784439,1.,0.866025403784439,
1.,0.866025403784439,1.,0.866025403784439,1.,0.866025403784439,1.,0.866025403784439,
1.,0.866025403784439,1.,0.866025403784439,1.,0.866025403784439,1.,0.866025403784439,
1.,0.866025403784439,1.,0.866025403784439,1.,0.866025403784439,1.,0.866025403784439,
1.,0.866025403784439,1.,0.866025403784439,1.,0.866025403784439,1.,0.866025403784439,
1.,0.866025403784439,1.,0.866025403784439,1.,0.866025403784439,1.,0.866025403784439,
1.,0.866025403784439,1.,0.866025403784439,1.,0.866025403784439,1.,0.866025403784439,
1.,0.866025403784439,1.,0.866025403784439,1.,0.866025403784439,1.,0.866025403784439,
1.,0.866025403784439,1.,0.866025403784439,1.,0.866025403784439,1.,0.866025403784439,
1.,0.866025403784439,1.,0.866025403784439,1.,0.866025403784439,1.,0.866025403784439,
1.,0.866025403784439,1.,0.866025403784439,1.,0.866025403784439,1.,0.866025403784439,
1.,0.866025403784439,1.,0.866025403784439,1.,0.866025403784439,1.,0.866025403784439,
1.,0.866025403784439,1.,0.866025403784439,1.,0.866025403784439,1.,0.866025403784439,
1.,0.866025403784439,1.,0.866025403784439,1.,0.866025403784439,1.,0.866025403784439,
1.,0.866025403784439,1.,0.866025403784439,1.,0.866025403784439,1.,0.866025403784439,
1.,0.866025403784439,1.,0.866025403784439,1.,0.866025403784439,1.,0.866025403784439,
1.,0.866025403784439,1.,0.866025403784439,1.,0.866025403784439,1.,0.866025403784439,
1.,0.866025403784439,1.,0.866025403784439,1.,0.866025403784439,1.,0.866025403784439,
1.,0.866025403784439,1.,0.866025403784439,1.,0.866025403784439,1.,0.866025403784439,
1.,0.866025403784439,1.,0.866025403784439,1.,0.866025403784439,1.,0.866025403784439,
1.,0.866025403784439,1.,0.866025403784439,1.,0.866025403784439,1.,0.866025403784439,
1.,0.866025403784439,1.,0.866025403784439,1.,0.866025403784439,1.,0.866025403784439,
1.,0.866025403784439,1.,0.866025403784439,1.,0.866025403784439,1.,0.866025403784439,
1.,0.866025403784439,1.,0.866025403784439,1.,0.866025403784439,1.,0.866025403784439,
1.,0.866025403784439,1.,0.866025403784439,1.,0.866025403784439,1.,0.866025403784439,
1.,0.866025403784439,1.,0.866025403784439,1.,0.866025403784439,1.,0.866025403784439,
1.,0.866025403784439,1.,0.866025403784439,1.,0.866025403784439,1.,0.866025403784439,
1.,0.866025403784439,1.,0.866025403784439,1.,0.866025403784439,1.,0.866025403784439,
1.,0.866025403784439,1.,0.866025403784439,1.,0.866025403784439,1.,0.866025403784439,
1.,0.866025403784439,1.,0.866025403784439,1.,0.866025403784439,1.,0.866025403784439,
1.,0.866025403784439,1.,0.866025403784439,1.),(0.956297763066227,0.893518356292866,
1.,0.866025403784439,1.,0.866025403784439,1.,0.866025403784439,1.,0.866025403784439,
1.,0.866025403784439,1.,0.866025403784439,1.,0.866025403784439,1.,0.866025403784439,
1.,0.866025403784439,1.,0.866025403784439,1.,0.866025403784439,1.,0.866025403784439,
1.,0.866025403784439,1.,0.866025403784439,1.,0.866025403784439,1.,0.866025403784439,
1.,0.866025403784439,1.,0.866025403784439,1.,0.866025403784439,1.,0.866025403784439,
1.,0.866025403784439,1.,0.866025403784439,1.,0.866025403784439,1.,0.866025403784439,
1.,0.866025403784439,1.,0.866025403784439,1.,0.866025403784439,1.,0.866025403784439,
1.,0.866025403784439,1.,0.866025403784439,1.,0.866025403784439,1.,0.866025403784439,
1.,0.866025403784439,1.,0.866025403784439,1.,0.866025403784439,1.,0.866025403784439,
1.,0.866025403784439,1.,0.866025403784439,1.,0.866025403784439,1.,0.866025403784439,
1.,0.866025403784439,1.,0.866025403784439,1.,0.866025403784439,1.,0.866025403784439,
1.,0.866025403784439,1.,0.866025403784439,1.,0.866025403784439,1.,0.866025403784439,
1.,0.866025403784439,1.,0.866025403784439,1.,0.866025403784439,1.,0.866025403784439,
1.,0.866025403784439,1.,0.866025403784439,1.,0.866025403784439,1.,0.866025403784439,
1.,0.866025403784439,1.,0.866025403784439,1.,0.866025403784439,1.,0.866025403784439,
1.,0.866025403784439,1.,0.866025403784439,1.,0.866025403784439,1.,0.866025403784439,
1.,0.866025403784439,1.,0.866025403784439,1.,0.866025403784439,1.,0.866025403784439,
1.,0.866025403784439,1.,0.866025403784439,1.,0.866025403784439,1.,0.866025403784439,
1.,0.866025403784439,1.,0.866025403784439,1.,0.866025403784439,1.,0.866025403784439,
1.,0.866025403784439,1.,0.866025403784439,1.,0.866025403784439,1.,0.866025403784439,
1.,0.866025403784439,1.,0.866025403784439,1.,0.866025403784439,1.,0.866025403784439,
1.,0.866025403784439,1.,0.866025403784439,1.,0.866025403784439,1.,0.866025403784439,
1.,0.866025403784439,1.,0.866025403784439,1.,0.866025403784439,1.,0.866025403784439,
1.,0.866025403784439,1.,0.866025403784439,1.,0.866025403784439,1.,0.866025403784439,
1.,0.866025403784439,1.,0.866025403784439,1.,0.866025403784439,1.,0.866025403784439,
1.,0.866025403784439,1.,0.866025403784439,1.,0.866025403784439,1.,0.866025403784439,
1.,0.866025403784439,1.,0.866025403784439,1.,0.866025403784439,1.,0.866025403784439,
1.,0.866025403784439,1.,0.866025403784439,1.,0.866025403784439,1.,0.866025403784439,
1.,0.866025403784439,1.,0.866025403784439,1.,0.866025403784439,1.,0.866025403784439,
1.,0.866025403784439,1.,0.866025403784439,1.,0.866025403784439,1.,0.866025403784439,
1.,0.866025403784439,1.,0.866025403784439,1.,0.866025403784439,1.,0.866025403784439,
1.,0.866025403784439,1.,0.866025403784439,1.,0.866025403784439,1.,0.866025403784439,
1.,0.866025403784439,1.,0.866025403784439,1.,0.866025403784439,1.,0.866025403784439,
1.,0.866025403784439,1.,0.866025403784439,1.,0.866025403784439,1.,0.866025403784439,
1.,0.866025403784439,1.,0.866025403784439,1.,0.866025403784439,1.,0.866025403784439,
1.,0.866025403784439,1.,0.866025403784439,1.,0.866025403784439,1.,0.866025403784439,
1.,0.866025403784439,1.,0.866025403784439,1.,0.866025403784439,1.,0.866025403784439,
1.,0.866025403784439,1.,0.866025403784439,1.,0.866025403784439,1.,0.866025403784439,
1.,0.866025403784439,1.,0.866025403784439,1.,0.866025403784439,1.,0.866025403784439,
1.,0.866025403784439,1.,0.866025403784439,1.,0.866025403784439,1.,0.866025403784439,
1.,0.866025403784439,1.,0.866025403784439,1.,0.866025403784439,1.,0.866025403784439,
1.,0.866025403784439,1.,0.866025403784439,1.,0.866025403784439,1.,0.866025403784439,
1.,0.866025403784439,1.,0.866025403784439,1.,0.866025403784439,1.,0.866025403784439,
1.,0.866025403784439,1.,0.866025403784439,1.,0.866025403784439,1.,0.866025403784439,
1.,0.866025403784439,1.,0.866025403784439,1.,0.866025403784439,1.,0.866025403784439,
1.,0.866025403784439,1.,0.866025403784439,1.,0.866025403784439,1.,0.866025403784439,
1.,0.866025403784439,1.,0.866025403784439,1.,0.866025403784439,1.,0.866025403784439,
1.,0.866025403784439,1.,0.866025403784439,1.,0.866025403784439,1.,0.866025403784439,
1.,0.866025403784439,1.,0.866025403784439,1.,0.866025403784439,1.,0.866025403784439,
1.,0.866025403784439,1.,0.866025403784439,1.,0.866025403784439,1.,0.866025403784439,
1.,0.866025403784439,1.,0.866025403784439,1.,0.866025403784439,1.,0.866025403784439,
1.,0.866025403784439,1.,0.866025403784439,1.,0.866025403784439,1.,0.866025403784439,
1.,0.866025403784439,1.,0.866025403784439,1.,0.866025403784439,1.,0.866025403784439,
1.,0.866025403784439,1.,0.866025403784439,1.,0.866025403784439,1.,0.866025403784439,
1.,0.866025403784439,1.,0.866025403784439,1.,0.866025403784439,1.,0.866025403784439,
1.,0.866025403784439,1.,0.866025403784439,1.,0.866025403784439,1.,0.866025403784439,
1.,0.866025403784439,1.,0.866025403784439,1.,0.866025403784439,1.,0.866025403784439,
1.,0.866025403784439,1.,0.866025403784439,1.,0.866025403784439,1.,0.866025403784439,
1.,0.866025403784439,1.,0.866025403784439,1.,0.866025403784439,1.,0.866025403784439,
1.,0.866025403784439,1.,0.866025403784439,1.,0.866025403784439,1.,0.866025403784439,
1.,0.866025403784439,1.,0.866025403784439,1.,0.866025403784439,1.,0.866025403784439,
1.,0.866025403784439,1.,0.866025403784439,1.,0.866025403784439,1.,0.866025403784439,
1.,0.866025403784439,1.,0.866025403784439,1.,0.866025403784439,1.,0.866025403784439,
1.,0.866025403784439,1.,0.866025403784439,1.,0.866025403784439,1.,0.866025403784439,
1.,0.866025403784439,1.,0.866025403784439,1.,0.866025403784439,1.,0.866025403784439,
1.,0.866025403784439,1.,0.866025403784439,1.,0.866025403784439,1.,0.866025403784439,
1.,0.866025403784439,1.,0.866025403784439,1.,0.866025403784439,1.,0.866025403784439,
1.,0.866025403784439,1.,0.866025403784439,1.,0.866025403784439,1.,0.866025403784439,
1.,0.866025403784439,1.,0.866025403784439,1.,0.866025403784439,1.,0.866025403784439,
1.,0.866025403784439,1.,0.866025403784439,1.,0.866025403784439,1.,0.866025403784439,
1.,0.866025403784439,1.,0.866025403784439,1.,0.866025403784439,1.,0.866025403784439,
1.,0.866025403784439,1.,0.866025403784439,1.,0.866025403784439,1.,0.866025403784439,
1.,0.866025403784439,1.,0.866025403784439,1.,0.866025403784439,1.,0.866025403784439,
1.,0.866025403784439,1.,0.866025403784439,1.,0.866025403784439,1.,0.866025403784439,
1.,0.866025403784439,1.,0.866025403784439,1.,0.866025403784439,1.,0.866025403784439,
1.,0.866025403784439,1.,0.866025403784439,1.,0.866025403784439,1.,0.866025403784439,
1.,0.866025403784439,1.,0.866025403784439,1.,0.866025403784439,1.,0.866025403784439,
1.,0.866025403784439,1.,0.866025403784439,1.,0.866025403784439,1.,0.866025403784439,
1.,0.866025403784439,1.,0.866025403784439,1.,0.866025403784439,1.,0.866025403784439,
1.,0.866025403784439,1.,0.866025403784439,1.,0.866025403784439,1.,0.866025403784439,
1.,0.866025403784439,1.,0.866025403784439,1.,0.866025403784439,1.,0.866025403784439,
1.,0.866025403784439,1.,0.866025403784439,1.,0.866025403784439,1.,0.866025403784439,
1.,0.866025403784439,1.,0.866025403784439,1.,0.866025403784439,1.,0.866025403784439,
1.,0.866025403784439,1.,0.866025403784439,1.,0.866025403784439,1.,0.866025403784439,
1.,0.866025403784439,1.,0.866025403784439,1.,0.866025403784439,1.,0.866025403784439,
1.,0.866025403784439,1.,0.866025403784439,1.,0.866025403784439,1.,0.866025403784439,
1.,0.866025403784439,1.,0.866025403784439,1.,0.866025403784439,1.,0.866025403784439,
1.,0.866025403784439,1.,0.866025403784439,1.,0.866025403784439,1.,0.866025403784439,
1.,0.866025403784439,1.,0.866025403784439,1.,0.866025403784439,1.,0.866025403784439,
1.,0.866025403784439,1.,0.866025403784439,1.,0.866025403784439,1.,0.866025403784439,
1.,0.866025403784439,1.,0.866025403784439,1.,0.866025403784439,1.,0.866025403784439,
1.,0.866025403784439,1.,0.866025403784439,1.,0.866025403784439,1.,0.866025403784439,
1.,0.866025403784439,1.,0.866025403784439,1.,0.866025403784439,1.,0.866025403784439,
1.,0.866025403784439,1.,0.866025403784439,1.,0.866025403784439,1.,0.866025403784439,
1.,0.866025403784439,1.,0.866025403784439,1.,0.866025403784439,1.,0.866025403784439,
1.,0.866025403784439,1.,0.866025403784439,1.,0.866025403784439,1.,0.866025403784439,
1.,0.866025403784439,1.,0.866025403784439,1.,0.866025403784439,1.,0.866025403784439,
1.,0.866025403784439,1.,0.866025403784439,1.,0.866025403784439,1.,0.866025403784439,
1.,0.866025403784439,1.,0.866025403784439,1.,0.866025403784439,1.)))
REPRESENTATION_ITEM('')
SURFACE()
);
#33=(
BOUNDED_SURFACE()
B_SPLINE_SURFACE(1,2,((#3468,#3469,#3470,#3471,#3472,#3473,#3474,#3475,
#3476,#3477,#3478,#3479,#3480,#3481,#3482,#3483,#3484,#3485,#3486,#3487,
#3488,#3489,#3490,#3491,#3492,#3493,#3494,#3495,#3496,#3497,#3498,#3499,
#3500,#3501,#3502,#3503,#3504,#3505,#3506,#3507,#3508,#3509,#3510,#3511,
#3512,#3513,#3514,#3515,#3516,#3517,#3518,#3519,#3520,#3521,#3522,#3523,
#3524,#3525,#3526,#3527,#3528,#3529,#3530,#3531,#3532,#3533,#3534,#3535,
#3536,#3537,#3538,#3539,#3540,#3541,#3542,#3543,#3544,#3545,#3546,#3547,
#3548,#3549,#3550,#3551,#3552,#3553,#3554,#3555,#3556,#3557,#3558,#3559,
#3560,#3561,#3562,#3563,#3564,#3565,#3566,#3567,#3568,#3569,#3570,#3571,
#3572,#3573,#3574,#3575,#3576,#3577,#3578,#3579,#3580,#3581,#3582,#3583,
#3584,#3585,#3586,#3587,#3588,#3589,#3590,#3591,#3592,#3593,#3594,#3595,
#3596,#3597,#3598,#3599,#3600,#3601,#3602,#3603,#3604,#3605,#3606,#3607,
#3608,#3609,#3610,#3611,#3612,#3613,#3614,#3615,#3616,#3617,#3618,#3619,
#3620,#3621,#3622,#3623,#3624,#3625,#3626,#3627,#3628,#3629,#3630,#3631,
#3632,#3633,#3634,#3635,#3636,#3637,#3638,#3639,#3640,#3641,#3642,#3643,
#3644,#3645,#3646,#3647,#3648,#3649,#3650,#3651,#3652,#3653,#3654,#3655,
#3656,#3657,#3658,#3659,#3660,#3661,#3662,#3663,#3664,#3665,#3666,#3667,
#3668,#3669,#3670,#3671,#3672,#3673,#3674,#3675,#3676,#3677,#3678,#3679,
#3680,#3681,#3682,#3683,#3684,#3685,#3686,#3687,#3688,#3689,#3690,#3691,
#3692,#3693,#3694,#3695,#3696,#3697,#3698,#3699,#3700,#3701,#3702,#3703,
#3704,#3705,#3706,#3707,#3708,#3709,#3710,#3711,#3712,#3713,#3714,#3715,
#3716,#3717,#3718,#3719,#3720,#3721,#3722,#3723,#3724,#3725,#3726,#3727,
#3728,#3729,#3730,#3731,#3732,#3733,#3734,#3735,#3736,#3737,#3738,#3739,
#3740,#3741,#3742,#3743,#3744,#3745,#3746,#3747,#3748,#3749,#3750,#3751,
#3752,#3753,#3754,#3755,#3756,#3757,#3758,#3759,#3760,#3761,#3762,#3763,
#3764,#3765,#3766,#3767,#3768,#3769,#3770,#3771,#3772,#3773,#3774,#3775,
#3776,#3777,#3778,#3779,#3780,#3781,#3782,#3783,#3784,#3785,#3786,#3787,
#3788,#3789,#3790,#3791,#3792,#3793,#3794,#3795,#3796,#3797,#3798,#3799,
#3800,#3801,#3802,#3803,#3804,#3805,#3806,#3807,#3808,#3809,#3810,#3811,
#3812,#3813,#3814,#3815,#3816,#3817,#3818,#3819,#3820,#3821,#3822,#3823,
#3824,#3825,#3826,#3827,#3828,#3829,#3830,#3831,#3832,#3833,#3834,#3835,
#3836,#3837,#3838,#3839,#3840,#3841,#3842,#3843,#3844,#3845,#3846,#3847,
#3848,#3849,#3850,#3851,#3852,#3853,#3854,#3855,#3856,#3857,#3858,#3859,
#3860,#3861,#3862,#3863,#3864,#3865,#3866,#3867,#3868,#3869,#3870,#3871,
#3872,#3873,#3874,#3875,#3876,#3877,#3878,#3879,#3880,#3881,#3882,#3883,
#3884,#3885,#3886,#3887,#3888,#3889,#3890,#3891,#3892,#3893,#3894,#3895,
#3896,#3897,#3898,#3899,#3900,#3901,#3902,#3903,#3904,#3905,#3906,#3907,
#3908,#3909,#3910,#3911,#3912,#3913,#3914,#3915,#3916,#3917,#3918,#3919,
#3920,#3921,#3922,#3923,#3924,#3925,#3926,#3927,#3928,#3929,#3930,#3931,
#3932,#3933,#3934,#3935,#3936,#3937,#3938,#3939,#3940,#3941,#3942,#3943,
#3944,#3945,#3946,#3947,#3948,#3949,#3950,#3951,#3952,#3953,#3954,#3955,
#3956,#3957,#3958,#3959,#3960,#3961,#3962,#3963,#3964,#3965,#3966,#3967,
#3968,#3969,#3970,#3971,#3972,#3973,#3974,#3975,#3976,#3977,#3978,#3979,
#3980,#3981,#3982,#3983,#3984,#3985,#3986,#3987,#3988,#3989,#3990,#3991,
#3992,#3993,#3994,#3995,#3996,#3997,#3998,#3999,#4000,#4001,#4002,#4003,
#4004,#4005,#4006,#4007,#4008,#4009,#4010,#4011,#4012,#4013,#4014,#4015,
#4016,#4017,#4018,#4019,#4020,#4021,#4022,#4023,#4024,#4025,#4026,#4027,
#4028,#4029,#4030,#4031,#4032,#4033,#4034,#4035,#4036,#4037,#4038,#4039,
#4040,#4041,#4042,#4043,#4044,#4045,#4046,#4047,#4048,#4049,#4050,#4051,
#4052,#4053,#4054,#4055,#4056,#4057,#4058,#4059,#4060,#4061,#4062,#4063,
#4064,#4065,#4066,#4067,#4068,#4069,#4070,#4071,#4072,#4073,#4074,#4075,
#4076,#4077,#4078,#4079,#4080,#4081,#4082,#4083,#4084,#4085,#4086,#4087,
#4088,#4089,#4090,#4091,#4092,#4093,#4094,#4095,#4096,#4097,#4098,#4099,
#4100,#4101,#4102,#4103,#4104,#4105,#4106,#4107,#4108,#4109,#4110,#4111,
#4112,#4113,#4114,#4115,#4116,#4117,#4118,#4119,#4120,#4121,#4122,#4123,
#4124,#4125,#4126,#4127,#4128,#4129,#4130,#4131,#4132,#4133,#4134,#4135,
#4136,#4137,#4138,#4139,#4140,#4141,#4142,#4143,#4144,#4145,#4146,#4147,
#4148,#4149,#4150,#4151,#4152,#4153,#4154,#4155,#4156,#4157,#4158,#4159,
#4160,#4161,#4162,#4163,#4164,#4165,#4166,#4167,#4168,#4169,#4170,#4171,
#4172,#4173,#4174,#4175,#4176,#4177,#4178,#4179,#4180,#4181,#4182,#4183,
#4184,#4185,#4186,#4187,#4188,#4189,#4190,#4191,#4192,#4193,#4194,#4195,
#4196,#4197,#4198,#4199,#4200,#4201,#4202,#4203,#4204,#4205,#4206,#4207,
#4208,#4209,#4210,#4211,#4212,#4213,#4214,#4215,#4216,#4217,#4218,#4219,
#4220,#4221,#4222,#4223,#4224,#4225,#4226,#4227,#4228,#4229,#4230,#4231,
#4232,#4233,#4234,#4235,#4236,#4237,#4238,#4239,#4240,#4241,#4242,#4243,
#4244,#4245,#4246,#4247,#4248,#4249,#4250,#4251,#4252,#4253,#4254,#4255,
#4256,#4257,#4258,#4259,#4260),(#4261,#4262,#4263,#4264,#4265,#4266,#4267,
#4268,#4269,#4270,#4271,#4272,#4273,#4274,#4275,#4276,#4277,#4278,#4279,
#4280,#4281,#4282,#4283,#4284,#4285,#4286,#4287,#4288,#4289,#4290,#4291,
#4292,#4293,#4294,#4295,#4296,#4297,#4298,#4299,#4300,#4301,#4302,#4303,
#4304,#4305,#4306,#4307,#4308,#4309,#4310,#4311,#4312,#4313,#4314,#4315,
#4316,#4317,#4318,#4319,#4320,#4321,#4322,#4323,#4324,#4325,#4326,#4327,
#4328,#4329,#4330,#4331,#4332,#4333,#4334,#4335,#4336,#4337,#4338,#4339,
#4340,#4341,#4342,#4343,#4344,#4345,#4346,#4347,#4348,#4349,#4350,#4351,
#4352,#4353,#4354,#4355,#4356,#4357,#4358,#4359,#4360,#4361,#4362,#4363,
#4364,#4365,#4366,#4367,#4368,#4369,#4370,#4371,#4372,#4373,#4374,#4375,
#4376,#4377,#4378,#4379,#4380,#4381,#4382,#4383,#4384,#4385,#4386,#4387,
#4388,#4389,#4390,#4391,#4392,#4393,#4394,#4395,#4396,#4397,#4398,#4399,
#4400,#4401,#4402,#4403,#4404,#4405,#4406,#4407,#4408,#4409,#4410,#4411,
#4412,#4413,#4414,#4415,#4416,#4417,#4418,#4419,#4420,#4421,#4422,#4423,
#4424,#4425,#4426,#4427,#4428,#4429,#4430,#4431,#4432,#4433,#4434,#4435,
#4436,#4437,#4438,#4439,#4440,#4441,#4442,#4443,#4444,#4445,#4446,#4447,
#4448,#4449,#4450,#4451,#4452,#4453,#4454,#4455,#4456,#4457,#4458,#4459,
#4460,#4461,#4462,#4463,#4464,#4465,#4466,#4467,#4468,#4469,#4470,#4471,
#4472,#4473,#4474,#4475,#4476,#4477,#4478,#4479,#4480,#4481,#4482,#4483,
#4484,#4485,#4486,#4487,#4488,#4489,#4490,#4491,#4492,#4493,#4494,#4495,
#4496,#4497,#4498,#4499,#4500,#4501,#4502,#4503,#4504,#4505,#4506,#4507,
#4508,#4509,#4510,#4511,#4512,#4513,#4514,#4515,#4516,#4517,#4518,#4519,
#4520,#4521,#4522,#4523,#4524,#4525,#4526,#4527,#4528,#4529,#4530,#4531,
#4532,#4533,#4534,#4535,#4536,#4537,#4538,#4539,#4540,#4541,#4542,#4543,
#4544,#4545,#4546,#4547,#4548,#4549,#4550,#4551,#4552,#4553,#4554,#4555,
#4556,#4557,#4558,#4559,#4560,#4561,#4562,#4563,#4564,#4565,#4566,#4567,
#4568,#4569,#4570,#4571,#4572,#4573,#4574,#4575,#4576,#4577,#4578,#4579,
#4580,#4581,#4582,#4583,#4584,#4585,#4586,#4587,#4588,#4589,#4590,#4591,
#4592,#4593,#4594,#4595,#4596,#4597,#4598,#4599,#4600,#4601,#4602,#4603,
#4604,#4605,#4606,#4607,#4608,#4609,#4610,#4611,#4612,#4613,#4614,#4615,
#4616,#4617,#4618,#4619,#4620,#4621,#4622,#4623,#4624,#4625,#4626,#4627,
#4628,#4629,#4630,#4631,#4632,#4633,#4634,#4635,#4636,#4637,#4638,#4639,
#4640,#4641,#4642,#4643,#4644,#4645,#4646,#4647,#4648,#4649,#4650,#4651,
#4652,#4653,#4654,#4655,#4656,#4657,#4658,#4659,#4660,#4661,#4662,#4663,
#4664,#4665,#4666,#4667,#4668,#4669,#4670,#4671,#4672,#4673,#4674,#4675,
#4676,#4677,#4678,#4679,#4680,#4681,#4682,#4683,#4684,#4685,#4686,#4687,
#4688,#4689,#4690,#4691,#4692,#4693,#4694,#4695,#4696,#4697,#4698,#4699,
#4700,#4701,#4702,#4703,#4704,#4705,#4706,#4707,#4708,#4709,#4710,#4711,
#4712,#4713,#4714,#4715,#4716,#4717,#4718,#4719,#4720,#4721,#4722,#4723,
#4724,#4725,#4726,#4727,#4728,#4729,#4730,#4731,#4732,#4733,#4734,#4735,
#4736,#4737,#4738,#4739,#4740,#4741,#4742,#4743,#4744,#4745,#4746,#4747,
#4748,#4749,#4750,#4751,#4752,#4753,#4754,#4755,#4756,#4757,#4758,#4759,
#4760,#4761,#4762,#4763,#4764,#4765,#4766,#4767,#4768,#4769,#4770,#4771,
#4772,#4773,#4774,#4775,#4776,#4777,#4778,#4779,#4780,#4781,#4782,#4783,
#4784,#4785,#4786,#4787,#4788,#4789,#4790,#4791,#4792,#4793,#4794,#4795,
#4796,#4797,#4798,#4799,#4800,#4801,#4802,#4803,#4804,#4805,#4806,#4807,
#4808,#4809,#4810,#4811,#4812,#4813,#4814,#4815,#4816,#4817,#4818,#4819,
#4820,#4821,#4822,#4823,#4824,#4825,#4826,#4827,#4828,#4829,#4830,#4831,
#4832,#4833,#4834,#4835,#4836,#4837,#4838,#4839,#4840,#4841,#4842,#4843,
#4844,#4845,#4846,#4847,#4848,#4849,#4850,#4851,#4852,#4853,#4854,#4855,
#4856,#4857,#4858,#4859,#4860,#4861,#4862,#4863,#4864,#4865,#4866,#4867,
#4868,#4869,#4870,#4871,#4872,#4873,#4874,#4875,#4876,#4877,#4878,#4879,
#4880,#4881,#4882,#4883,#4884,#4885,#4886,#4887,#4888,#4889,#4890,#4891,
#4892,#4893,#4894,#4895,#4896,#4897,#4898,#4899,#4900,#4901,#4902,#4903,
#4904,#4905,#4906,#4907,#4908,#4909,#4910,#4911,#4912,#4913,#4914,#4915,
#4916,#4917,#4918,#4919,#4920,#4921,#4922,#4923,#4924,#4925,#4926,#4927,
#4928,#4929,#4930,#4931,#4932,#4933,#4934,#4935,#4936,#4937,#4938,#4939,
#4940,#4941,#4942,#4943,#4944,#4945,#4946,#4947,#4948,#4949,#4950,#4951,
#4952,#4953,#4954,#4955,#4956,#4957,#4958,#4959,#4960,#4961,#4962,#4963,
#4964,#4965,#4966,#4967,#4968,#4969,#4970,#4971,#4972,#4973,#4974,#4975,
#4976,#4977,#4978,#4979,#4980,#4981,#4982,#4983,#4984,#4985,#4986,#4987,
#4988,#4989,#4990,#4991,#4992,#4993,#4994,#4995,#4996,#4997,#4998,#4999,
#5000,#5001,#5002,#5003,#5004,#5005,#5006,#5007,#5008,#5009,#5010,#5011,
#5012,#5013,#5014,#5015,#5016,#5017,#5018,#5019,#5020,#5021,#5022,#5023,
#5024,#5025,#5026,#5027,#5028,#5029,#5030,#5031,#5032,#5033,#5034,#5035,
#5036,#5037,#5038,#5039,#5040,#5041,#5042,#5043,#5044,#5045,#5046,#5047,
#5048,#5049,#5050,#5051,#5052,#5053)),.UNSPECIFIED.,.F.,.F.,.F.)
B_SPLINE_SURFACE_WITH_KNOTS((2,2),(3,2,2,2,2,2,2,2,2,2,2,2,2,2,2,2,2,2,
2,2,2,2,2,2,2,2,2,2,2,2,2,2,2,2,2,2,2,2,2,2,2,2,2,2,2,2,2,2,2,2,2,2,2,2,
2,2,2,2,2,2,2,2,2,2,2,2,2,2,2,2,2,2,2,2,2,2,2,2,2,2,2,2,2,2,2,2,2,2,2,2,
2,2,2,2,2,2,2,2,2,2,2,2,2,2,2,2,2,2,2,2,2,2,2,2,2,2,2,2,2,2,2,2,2,2,2,2,
2,2,2,2,2,2,2,2,2,2,2,2,2,2,2,2,2,2,2,2,2,2,2,2,2,2,2,2,2,2,2,2,2,2,2,2,
2,2,2,2,2,2,2,2,2,2,2,2,2,2,2,2,2,2,2,2,2,2,2,2,2,2,2,2,2,2,2,2,2,2,2,2,
2,2,2,2,2,2,2,2,2,2,2,2,2,2,2,2,2,2,2,2,2,2,2,2,2,2,2,2,2,2,2,2,2,2,2,2,
2,2,2,2,2,2,2,2,2,2,2,2,2,2,2,2,2,2,2,2,2,2,2,2,2,2,2,2,2,2,2,2,2,2,2,2,
2,2,2,2,2,2,2,2,2,2,2,2,2,2,2,2,2,2,2,2,2,2,2,2,2,2,2,2,2,2,2,2,2,2,2,2,
2,2,2,2,2,2,2,2,2,2,2,2,2,2,2,2,2,2,2,2,2,2,2,2,2,2,2,2,2,2,2,2,2,2,2,2,
2,2,2,2,2,2,2,2,2,2,2,2,2,2,2,2,2,2,2,2,2,2,2,2,2,2,2,2,2,2,2,2,2,2,2,2,
2,2,2,2,2,2,2,2,2,2,2,2,2,2,2,2,2,2,3),(0.00752689627046662,1.),(0.,0.00252525252525253,
0.00505050505050505,0.00757575757575758,0.0101010101010101,0.0126262626262626,
0.0151515151515152,0.0176767676767677,0.0202020202020202,0.0227272727272727,
0.0252525252525253,0.0277777777777778,0.0303030303030303,0.0328282828282828,
0.0353535353535354,0.0378787878787879,0.0404040404040404,0.0429292929292929,
0.0454545454545455,0.047979797979798,0.0505050505050505,0.053030303030303,
0.0555555555555556,0.0580808080808081,0.0606060606060606,0.0631313131313131,
0.0656565656565657,0.0681818181818182,0.0707070707070707,0.0732323232323232,
0.0757575757575758,0.0782828282828283,0.0808080808080808,0.0833333333333333,
0.0858585858585859,0.0883838383838384,0.0909090909090909,0.0934343434343434,
0.095959595959596,0.0984848484848485,0.101010101010101,0.103535353535353,
0.106060606060606,0.108585858585859,0.111111111111111,0.113636363636364,
0.116161616161616,0.118686868686869,0.121212121212121,0.123737373737374,
0.126262626262626,0.128787878787879,0.131313131313131,0.133838383838384,
0.136363636363636,0.138888888888889,0.141414141414141,0.143939393939394,
0.146464646464646,0.148989898989899,0.151515151515151,0.154040404040404,
0.156565656565657,0.159090909090909,0.161616161616161,0.164141414141414,
0.166666666666667,0.169191919191919,0.171717171717171,0.174242424242425,
0.176767676767677,0.17929292929293,0.181818181818182,0.184343434343435,
0.186868686868687,0.18939393939394,0.191919191919192,0.194444444444445,
0.196969696969697,0.19949494949495,0.202020202020202,0.204545454545455,
0.207070707070707,0.20959595959596,0.212121212121212,0.214646464646465,
0.217171717171717,0.21969696969697,0.222222222222222,0.224747474747475,
0.227272727272728,0.22979797979798,0.232323232323232,0.234848484848485,
0.237373737373738,0.23989898989899,0.242424242424243,0.244949494949495,
0.247474747474747,0.25,0.252525252525252,0.255050505050505,0.257575757575758,
0.26010101010101,0.262626262626262,0.265151515151515,0.267676767676767,
0.27020202020202,0.272727272727273,0.275252525252526,0.277777777777778,
0.28030303030303,0.282828282828283,0.285353535353535,0.287878787878788,
0.29040404040404,0.292929292929293,0.295454545454546,0.297979797979798,
0.30050505050505,0.303030303030303,0.305555555555555,0.308080808080808,
0.31060606060606,0.313131313131313,0.315656565656566,0.318181818181818,
0.32070707070707,0.323232323232323,0.325757575757576,0.328282828282829,
0.330808080808081,0.333333333333334,0.335858585858586,0.338383838383839,
0.340909090909091,0.343434343434343,0.345959595959596,0.348484848484849,
0.351010101010101,0.353535353535353,0.356060606060606,0.358585858585858,
0.361111111111111,0.363636363636364,0.366161616161616,0.368686868686869,
0.371212121212121,0.373737373737374,0.376262626262626,0.378787878787879,
0.381313131313132,0.383838383838384,0.386363636363637,0.388888888888889,
0.391414141414141,0.393939393939394,0.396464646464646,0.398989898989899,
0.401515151515151,0.404040404040404,0.406565656565657,0.409090909090909,
0.411616161616161,0.414141414141414,0.416666666666667,0.419191919191919,
0.421717171717171,0.424242424242425,0.426767676767677,0.42929292929293,
0.431818181818182,0.434343434343434,0.436868686868687,0.43939393939394,
0.441919191919192,0.444444444444444,0.446969696969697,0.44949494949495,
0.452020202020202,0.454545454545455,0.457070707070707,0.45959595959596,
0.462121212121212,0.464646464646465,0.467171717171717,0.46969696969697,
0.472222222222222,0.474747474747475,0.477272727272727,0.47979797979798,
0.482323232323232,0.484848484848485,0.487373737373737,0.48989898989899,
0.492424242424242,0.494949494949495,0.497474747474748,0.5,0.502525252525253,
0.505050505050505,0.507575757575758,0.51010101010101,0.512626262626263,
0.515151515151515,0.517676767676768,0.52020202020202,0.522727272727273,
0.525252525252525,0.527777777777778,0.53030303030303,0.532828282828283,
0.535353535353535,0.537878787878788,0.54040404040404,0.542929292929293,
0.545454545454545,0.547979797979798,0.550505050505051,0.553030303030303,
0.555555555555556,0.558080808080808,0.560606060606061,0.563131313131313,
0.565656565656566,0.568181818181818,0.570707070707071,0.573232323232323,
0.575757575757576,0.578282828282828,0.580808080808081,0.583333333333333,
0.585858585858586,0.588383838383838,0.590909090909091,0.593434343434343,
0.595959595959596,0.598484848484849,0.601010101010101,0.603535353535354,
0.606060606060606,0.608585858585859,0.611111111111111,0.613636363636364,
0.616161616161616,0.618686868686869,0.621212121212121,0.623737373737374,
0.626262626262626,0.628787878787879,0.631313131313131,0.633838383838384,
0.636363636363636,0.638888888888889,0.641414141414141,0.643939393939394,
0.646464646464647,0.648989898989899,0.651515151515152,0.654040404040404,
0.656565656565657,0.659090909090909,0.661616161616162,0.664141414141414,
0.666666666666667,0.669191919191919,0.671717171717172,0.674242424242424,
0.676767676767677,0.679292929292929,0.681818181818182,0.684343434343434,
0.686868686868687,0.689393939393939,0.691919191919192,0.694444444444444,
0.696969696969697,0.69949494949495,0.702020202020202,0.704545454545455,
0.707070707070707,0.70959595959596,0.712121212121212,0.714646464646465,
0.717171717171717,0.71969696969697,0.722222222222222,0.724747474747475,
0.727272727272727,0.72979797979798,0.732323232323232,0.734848484848485,
0.737373737373737,0.73989898989899,0.742424242424242,0.744949494949495,
0.747474747474748,0.75,0.752525252525253,0.755050505050505,0.757575757575758,
0.76010101010101,0.762626262626263,0.765151515151515,0.767676767676768,
0.77020202020202,0.772727272727273,0.775252525252525,0.777777777777778,
0.78030303030303,0.782828282828283,0.785353535353535,0.787878787878788,
0.79040404040404,0.792929292929293,0.795454545454545,0.797979797979798,
0.800505050505051,0.803030303030303,0.805555555555556,0.808080808080808,
0.810606060606061,0.813131313131313,0.815656565656566,0.818181818181818,
0.820707070707071,0.823232323232323,0.825757575757576,0.828282828282828,
0.830808080808081,0.833333333333333,0.835858585858586,0.838383838383838,
0.840909090909091,0.843434343434343,0.845959595959596,0.848484848484849,
0.851010101010101,0.853535353535354,0.856060606060606,0.858585858585859,
0.861111111111111,0.863636363636364,0.866161616161616,0.868686868686869,
0.871212121212121,0.873737373737374,0.876262626262626,0.878787878787879,
0.881313131313131,0.883838383838384,0.886363636363636,0.888888888888889,
0.891414141414141,0.893939393939394,0.896464646464647,0.898989898989899,
0.901515151515151,0.904040404040404,0.906565656565657,0.909090909090909,
0.911616161616162,0.914141414141414,0.916666666666667,0.919191919191919,
0.921717171717172,0.924242424242424,0.926767676767677,0.929292929292929,
0.931818181818182,0.934343434343434,0.936868686868687,0.939393939393939,
0.941919191919192,0.944444444444444,0.946969696969697,0.94949494949495,
0.952020202020202,0.954545454545455,0.957070707070707,0.95959595959596,
0.962121212121212,0.964646464646465,0.967171717171717,0.96969696969697,
0.972222222222222,0.974747474747475,0.977272727272727,0.97979797979798,
0.982323232323232,0.984848484848485,0.987373737373737,0.98989898989899,
0.992424242424242,0.994949494949495,0.997474747474748,1.),
 .PIECEWISE_BEZIER_KNOTS.)
GEOMETRIC_REPRESENTATION_ITEM()
RATIONAL_B_SPLINE_SURFACE(((1.,0.866025403784439,1.,0.866025403784439,1.,
0.866025403784439,1.,0.866025403784439,1.,0.866025403784439,1.,0.866025403784439,
1.,0.866025403784439,1.,0.866025403784439,1.,0.866025403784439,1.,0.866025403784439,
1.,0.866025403784439,1.,0.866025403784439,1.,0.866025403784439,1.,0.866025403784439,
1.,0.866025403784439,1.,0.866025403784439,1.,0.866025403784439,1.,0.866025403784439,
1.,0.866025403784439,1.,0.866025403784439,1.,0.866025403784439,1.,0.866025403784439,
1.,0.866025403784439,1.,0.866025403784439,1.,0.866025403784439,1.,0.866025403784439,
1.,0.866025403784439,1.,0.866025403784439,1.,0.866025403784439,1.,0.866025403784439,
1.,0.866025403784439,1.,0.866025403784439,1.,0.866025403784439,1.,0.866025403784439,
1.,0.866025403784439,1.,0.866025403784439,1.,0.866025403784439,1.,0.866025403784439,
1.,0.866025403784439,1.,0.866025403784439,1.,0.866025403784439,1.,0.866025403784439,
1.,0.866025403784439,1.,0.866025403784439,1.,0.866025403784439,1.,0.866025403784439,
1.,0.866025403784439,1.,0.866025403784439,1.,0.866025403784439,1.,0.866025403784439,
1.,0.866025403784439,1.,0.866025403784439,1.,0.866025403784439,1.,0.866025403784439,
1.,0.866025403784439,1.,0.866025403784439,1.,0.866025403784439,1.,0.866025403784439,
1.,0.866025403784439,1.,0.866025403784439,1.,0.866025403784439,1.,0.866025403784439,
1.,0.866025403784439,1.,0.866025403784439,1.,0.866025403784439,1.,0.866025403784439,
1.,0.866025403784439,1.,0.866025403784439,1.,0.866025403784439,1.,0.866025403784439,
1.,0.866025403784439,1.,0.866025403784439,1.,0.866025403784439,1.,0.866025403784439,
1.,0.866025403784439,1.,0.866025403784439,1.,0.866025403784439,1.,0.866025403784439,
1.,0.866025403784439,1.,0.866025403784439,1.,0.866025403784439,1.,0.866025403784439,
1.,0.866025403784439,1.,0.866025403784439,1.,0.866025403784439,1.,0.866025403784439,
1.,0.866025403784439,1.,0.866025403784439,1.,0.866025403784439,1.,0.866025403784439,
1.,0.866025403784439,1.,0.866025403784439,1.,0.866025403784439,1.,0.866025403784439,
1.,0.866025403784439,1.,0.866025403784439,1.,0.866025403784439,1.,0.866025403784439,
1.,0.866025403784439,1.,0.866025403784439,1.,0.866025403784439,1.,0.866025403784439,
1.,0.866025403784439,1.,0.866025403784439,1.,0.866025403784439,1.,0.866025403784439,
1.,0.866025403784439,1.,0.866025403784439,1.,0.866025403784439,1.,0.866025403784439,
1.,0.866025403784439,1.,0.866025403784439,1.,0.866025403784439,1.,0.866025403784439,
1.,0.866025403784439,1.,0.866025403784439,1.,0.866025403784439,1.,0.866025403784439,
1.,0.866025403784439,1.,0.866025403784439,1.,0.866025403784439,1.,0.866025403784439,
1.,0.866025403784439,1.,0.866025403784439,1.,0.866025403784439,1.,0.866025403784439,
1.,0.866025403784439,1.,0.866025403784439,1.,0.866025403784439,1.,0.866025403784439,
1.,0.866025403784439,1.,0.866025403784439,1.,0.866025403784439,1.,0.866025403784439,
1.,0.866025403784439,1.,0.866025403784439,1.,0.866025403784439,1.,0.866025403784439,
1.,0.866025403784439,1.,0.866025403784439,1.,0.866025403784439,1.,0.866025403784439,
1.,0.866025403784439,1.,0.866025403784439,1.,0.866025403784439,1.,0.866025403784439,
1.,0.866025403784439,1.,0.866025403784439,1.,0.866025403784439,1.,0.866025403784439,
1.,0.866025403784439,1.,0.866025403784439,1.,0.866025403784439,1.,0.866025403784439,
1.,0.866025403784439,1.,0.866025403784439,1.,0.866025403784439,1.,0.866025403784439,
1.,0.866025403784439,1.,0.866025403784439,1.,0.866025403784439,1.,0.866025403784439,
1.,0.866025403784439,1.,0.866025403784439,1.,0.866025403784439,1.,0.866025403784439,
1.,0.866025403784439,1.,0.866025403784439,1.,0.866025403784439,1.,0.866025403784439,
1.,0.866025403784439,1.,0.866025403784439,1.,0.866025403784439,1.,0.866025403784439,
1.,0.866025403784439,1.,0.866025403784439,1.,0.866025403784439,1.,0.866025403784439,
1.,0.866025403784439,1.,0.866025403784439,1.,0.866025403784439,1.,0.866025403784439,
1.,0.866025403784439,1.,0.866025403784439,1.,0.866025403784439,1.,0.866025403784439,
1.,0.866025403784439,1.,0.866025403784439,1.,0.866025403784439,1.,0.866025403784439,
1.,0.866025403784439,1.,0.866025403784439,1.,0.866025403784439,1.,0.866025403784439,
1.,0.866025403784439,1.,0.866025403784439,1.,0.866025403784439,1.,0.866025403784439,
1.,0.866025403784439,1.,0.866025403784439,1.,0.866025403784439,1.,0.866025403784439,
1.,0.866025403784439,1.,0.866025403784439,1.,0.866025403784439,1.,0.866025403784439,
1.,0.866025403784439,1.,0.866025403784439,1.,0.866025403784439,1.,0.866025403784439,
1.,0.866025403784439,1.,0.866025403784439,1.,0.866025403784439,1.,0.866025403784439,
1.,0.866025403784439,1.,0.866025403784439,1.,0.866025403784439,1.,0.866025403784439,
1.,0.866025403784439,1.,0.866025403784439,1.,0.866025403784439,1.,0.866025403784439,
1.,0.866025403784439,1.,0.866025403784439,1.,0.866025403784439,1.,0.866025403784439,
1.,0.866025403784439,1.,0.866025403784439,1.,0.866025403784439,1.,0.866025403784439,
1.,0.866025403784439,1.,0.866025403784439,1.,0.866025403784439,1.,0.866025403784439,
1.,0.866025403784439,1.,0.866025403784439,1.,0.866025403784439,1.,0.866025403784439,
1.,0.866025403784439,1.,0.866025403784439,1.,0.866025403784439,1.,0.866025403784439,
1.,0.866025403784439,1.,0.866025403784439,1.,0.866025403784439,1.,0.866025403784439,
1.,0.866025403784439,1.,0.866025403784439,1.,0.866025403784439,1.,0.866025403784439,
1.,0.866025403784439,1.,0.866025403784439,1.,0.866025403784439,1.,0.866025403784439,
1.,0.866025403784439,1.,0.866025403784439,1.,0.866025403784439,1.,0.866025403784439,
1.,0.866025403784439,1.,0.866025403784439,1.,0.866025403784439,1.,0.866025403784439,
1.,0.866025403784439,1.,0.866025403784439,1.,0.866025403784439,1.,0.866025403784439,
1.,0.866025403784439,1.,0.866025403784439,1.,0.866025403784439,1.,0.866025403784439,
1.,0.866025403784439,1.,0.866025403784439,1.,0.866025403784439,1.,0.866025403784439,
1.,0.866025403784439,1.,0.866025403784439,1.,0.866025403784439,1.,0.866025403784439,
1.,0.866025403784439,1.,0.866025403784439,1.,0.866025403784439,1.,0.866025403784439,
1.,0.866025403784439,1.,0.866025403784439,1.,0.866025403784439,1.,0.866025403784439,
1.,0.866025403784439,1.,0.866025403784439,1.,0.866025403784439,1.,0.866025403784439,
1.,0.866025403784439,1.,0.866025403784439,1.,0.866025403784439,1.,0.866025403784439,
1.,0.866025403784439,1.,0.866025403784439,1.,0.866025403784439,1.,0.866025403784439,
1.,0.866025403784439,1.,0.866025403784439,1.,0.866025403784439,1.,0.866025403784439,
1.,0.866025403784439,1.,0.866025403784439,1.,0.866025403784439,1.,0.866025403784439,
1.,0.866025403784439,1.,0.866025403784439,1.,0.866025403784439,1.,0.866025403784439,
1.,0.866025403784439,1.,0.866025403784439,1.,0.866025403784439,1.,0.866025403784439,
1.,0.866025403784439,1.,0.866025403784439,1.,0.866025403784439,1.,0.866025403784439,
1.,0.866025403784439,1.,0.866025403784439,1.,0.866025403784439,1.,0.866025403784439,
1.,0.866025403784439,1.,0.866025403784439,1.,0.866025403784439,1.,0.866025403784439,
1.,0.866025403784439,1.,0.866025403784439,1.,0.866025403784439,1.,0.866025403784439,
1.,0.866025403784439,1.,0.866025403784439,1.,0.866025403784439,1.,0.866025403784439,
1.,0.866025403784439,1.,0.866025403784439,1.,0.866025403784439,1.,0.866025403784439,
1.,0.866025403784439,1.,0.866025403784439,1.,0.866025403784439,1.,0.866025403784439,
1.,0.866025403784439,1.,0.866025403784439,1.,0.866025403784439,1.,0.866025403784439,
1.,0.866025403784439,1.,0.866025403784439,1.,0.866025403784439,1.,0.866025403784439,
1.,0.866025403784439,1.,0.866025403784439,1.,0.866025403784439,1.,0.866025403784439,
1.,0.866025403784439,1.,0.866025403784439,1.,0.866025403784439,1.,0.866025403784439,
1.,0.866025403784439,1.,0.866025403784439,1.,0.866025403784439,1.,0.866025403784439,
1.,0.866025403784439,1.,0.866025403784439,1.,0.866025403784439,1.,0.866025403784439,
1.,0.866025403784439,1.,0.866025403784439,1.,0.866025403784439,1.,0.866025403784439,
1.,0.866025403784439,1.,0.866025403784439,1.,0.866025403784439,1.,0.866025403784439,
1.,0.866025403784439,1.,0.866025403784439,1.,0.866025403784439,1.,0.866025403784439,
1.,0.866025403784439,1.,0.866025403784439,1.,0.866025403784439,1.,0.866025403784439,
1.,0.866025403784439,1.,0.866025403784439,1.,0.866025403784439,1.,0.866025403784439,
1.,0.866025403784439,1.,0.866025403784439,1.,0.866025403784439,1.,0.866025403784439,
1.,0.866025403784439,1.,0.866025403784439,1.,0.866025403784439,1.,0.866025403784439,
1.,0.866025403784439,1.,0.866025403784439,1.),(1.,0.866025403784439,1.,
0.866025403784439,1.,0.866025403784439,1.,0.866025403784439,1.,0.866025403784439,
1.,0.866025403784439,1.,0.866025403784439,1.,0.866025403784439,1.,0.866025403784439,
1.,0.866025403784439,1.,0.866025403784439,1.,0.866025403784439,1.,0.866025403784439,
1.,0.866025403784439,1.,0.866025403784439,1.,0.866025403784439,1.,0.866025403784439,
1.,0.866025403784439,1.,0.866025403784439,1.,0.866025403784439,1.,0.866025403784439,
1.,0.866025403784439,1.,0.866025403784439,1.,0.866025403784439,1.,0.866025403784439,
1.,0.866025403784439,1.,0.866025403784439,1.,0.866025403784439,1.,0.866025403784439,
1.,0.866025403784439,1.,0.866025403784439,1.,0.866025403784439,1.,0.866025403784439,
1.,0.866025403784439,1.,0.866025403784439,1.,0.866025403784439,1.,0.866025403784439,
1.,0.866025403784439,1.,0.866025403784439,1.,0.866025403784439,1.,0.866025403784439,
1.,0.866025403784439,1.,0.866025403784439,1.,0.866025403784439,1.,0.866025403784439,
1.,0.866025403784439,1.,0.866025403784439,1.,0.866025403784439,1.,0.866025403784439,
1.,0.866025403784439,1.,0.866025403784439,1.,0.866025403784439,1.,0.866025403784439,
1.,0.866025403784439,1.,0.866025403784439,1.,0.866025403784439,1.,0.866025403784439,
1.,0.866025403784439,1.,0.866025403784439,1.,0.866025403784439,1.,0.866025403784439,
1.,0.866025403784439,1.,0.866025403784439,1.,0.866025403784439,1.,0.866025403784439,
1.,0.866025403784439,1.,0.866025403784439,1.,0.866025403784439,1.,0.866025403784439,
1.,0.866025403784439,1.,0.866025403784439,1.,0.866025403784439,1.,0.866025403784439,
1.,0.866025403784439,1.,0.866025403784439,1.,0.866025403784439,1.,0.866025403784439,
1.,0.866025403784439,1.,0.866025403784439,1.,0.866025403784439,1.,0.866025403784439,
1.,0.866025403784439,1.,0.866025403784439,1.,0.866025403784439,1.,0.866025403784439,
1.,0.866025403784439,1.,0.866025403784439,1.,0.866025403784439,1.,0.866025403784439,
1.,0.866025403784439,1.,0.866025403784439,1.,0.866025403784439,1.,0.866025403784439,
1.,0.866025403784439,1.,0.866025403784439,1.,0.866025403784439,1.,0.866025403784439,
1.,0.866025403784439,1.,0.866025403784439,1.,0.866025403784439,1.,0.866025403784439,
1.,0.866025403784439,1.,0.866025403784439,1.,0.866025403784439,1.,0.866025403784439,
1.,0.866025403784439,1.,0.866025403784439,1.,0.866025403784439,1.,0.866025403784439,
1.,0.866025403784439,1.,0.866025403784439,1.,0.866025403784439,1.,0.866025403784439,
1.,0.866025403784439,1.,0.866025403784439,1.,0.866025403784439,1.,0.866025403784439,
1.,0.866025403784439,1.,0.866025403784439,1.,0.866025403784439,1.,0.866025403784439,
1.,0.866025403784439,1.,0.866025403784439,1.,0.866025403784439,1.,0.866025403784439,
1.,0.866025403784439,1.,0.866025403784439,1.,0.866025403784439,1.,0.866025403784439,
1.,0.866025403784439,1.,0.866025403784439,1.,0.866025403784439,1.,0.866025403784439,
1.,0.866025403784439,1.,0.866025403784439,1.,0.866025403784439,1.,0.866025403784439,
1.,0.866025403784439,1.,0.866025403784439,1.,0.866025403784439,1.,0.866025403784439,
1.,0.866025403784439,1.,0.866025403784439,1.,0.866025403784439,1.,0.866025403784439,
1.,0.866025403784439,1.,0.866025403784439,1.,0.866025403784439,1.,0.866025403784439,
1.,0.866025403784439,1.,0.866025403784439,1.,0.866025403784439,1.,0.866025403784439,
1.,0.866025403784439,1.,0.866025403784439,1.,0.866025403784439,1.,0.866025403784439,
1.,0.866025403784439,1.,0.866025403784439,1.,0.866025403784439,1.,0.866025403784439,
1.,0.866025403784439,1.,0.866025403784439,1.,0.866025403784439,1.,0.866025403784439,
1.,0.866025403784439,1.,0.866025403784439,1.,0.866025403784439,1.,0.866025403784439,
1.,0.866025403784439,1.,0.866025403784439,1.,0.866025403784439,1.,0.866025403784439,
1.,0.866025403784439,1.,0.866025403784439,1.,0.866025403784439,1.,0.866025403784439,
1.,0.866025403784439,1.,0.866025403784439,1.,0.866025403784439,1.,0.866025403784439,
1.,0.866025403784439,1.,0.866025403784439,1.,0.866025403784439,1.,0.866025403784439,
1.,0.866025403784439,1.,0.866025403784439,1.,0.866025403784439,1.,0.866025403784439,
1.,0.866025403784439,1.,0.866025403784439,1.,0.866025403784439,1.,0.866025403784439,
1.,0.866025403784439,1.,0.866025403784439,1.,0.866025403784439,1.,0.866025403784439,
1.,0.866025403784439,1.,0.866025403784439,1.,0.866025403784439,1.,0.866025403784439,
1.,0.866025403784439,1.,0.866025403784439,1.,0.866025403784439,1.,0.866025403784439,
1.,0.866025403784439,1.,0.866025403784439,1.,0.866025403784439,1.,0.866025403784439,
1.,0.866025403784439,1.,0.866025403784439,1.,0.866025403784439,1.,0.866025403784439,
1.,0.866025403784439,1.,0.866025403784439,1.,0.866025403784439,1.,0.866025403784439,
1.,0.866025403784439,1.,0.866025403784439,1.,0.866025403784439,1.,0.866025403784439,
1.,0.866025403784439,1.,0.866025403784439,1.,0.866025403784439,1.,0.866025403784439,
1.,0.866025403784439,1.,0.866025403784439,1.,0.866025403784439,1.,0.866025403784439,
1.,0.866025403784439,1.,0.866025403784439,1.,0.866025403784439,1.,0.866025403784439,
1.,0.866025403784439,1.,0.866025403784439,1.,0.866025403784439,1.,0.866025403784439,
1.,0.866025403784439,1.,0.866025403784439,1.,0.866025403784439,1.,0.866025403784439,
1.,0.866025403784439,1.,0.866025403784439,1.,0.866025403784439,1.,0.866025403784439,
1.,0.866025403784439,1.,0.866025403784439,1.,0.866025403784439,1.,0.866025403784439,
1.,0.866025403784439,1.,0.866025403784439,1.,0.866025403784439,1.,0.866025403784439,
1.,0.866025403784439,1.,0.866025403784439,1.,0.866025403784439,1.,0.866025403784439,
1.,0.866025403784439,1.,0.866025403784439,1.,0.866025403784439,1.,0.866025403784439,
1.,0.866025403784439,1.,0.866025403784439,1.,0.866025403784439,1.,0.866025403784439,
1.,0.866025403784439,1.,0.866025403784439,1.,0.866025403784439,1.,0.866025403784439,
1.,0.866025403784439,1.,0.866025403784439,1.,0.866025403784439,1.,0.866025403784439,
1.,0.866025403784439,1.,0.866025403784439,1.,0.866025403784439,1.,0.866025403784439,
1.,0.866025403784439,1.,0.866025403784439,1.,0.866025403784439,1.,0.866025403784439,
1.,0.866025403784439,1.,0.866025403784439,1.,0.866025403784439,1.,0.866025403784439,
1.,0.866025403784439,1.,0.866025403784439,1.,0.866025403784439,1.,0.866025403784439,
1.,0.866025403784439,1.,0.866025403784439,1.,0.866025403784439,1.,0.866025403784439,
1.,0.866025403784439,1.,0.866025403784439,1.,0.866025403784439,1.,0.866025403784439,
1.,0.866025403784439,1.,0.866025403784439,1.,0.866025403784439,1.,0.866025403784439,
1.,0.866025403784439,1.,0.866025403784439,1.,0.866025403784439,1.,0.866025403784439,
1.,0.866025403784439,1.,0.866025403784439,1.,0.866025403784439,1.,0.866025403784439,
1.,0.866025403784439,1.,0.866025403784439,1.,0.866025403784439,1.,0.866025403784439,
1.,0.866025403784439,1.,0.866025403784439,1.,0.866025403784439,1.,0.866025403784439,
1.,0.866025403784439,1.,0.866025403784439,1.,0.866025403784439,1.,0.866025403784439,
1.,0.866025403784439,1.,0.866025403784439,1.,0.866025403784439,1.,0.866025403784439,
1.,0.866025403784439,1.,0.866025403784439,1.,0.866025403784439,1.,0.866025403784439,
1.,0.866025403784439,1.,0.866025403784439,1.,0.866025403784439,1.,0.866025403784439,
1.,0.866025403784439,1.,0.866025403784439,1.,0.866025403784439,1.,0.866025403784439,
1.,0.866025403784439,1.,0.866025403784439,1.,0.866025403784439,1.,0.866025403784439,
1.,0.866025403784439,1.,0.866025403784439,1.,0.866025403784439,1.,0.866025403784439,
1.,0.866025403784439,1.,0.866025403784439,1.,0.866025403784439,1.,0.866025403784439,
1.,0.866025403784439,1.,0.866025403784439,1.,0.866025403784439,1.,0.866025403784439,
1.,0.866025403784439,1.,0.866025403784439,1.,0.866025403784439,1.,0.866025403784439,
1.,0.866025403784439,1.,0.866025403784439,1.,0.866025403784439,1.,0.866025403784439,
1.,0.866025403784439,1.,0.866025403784439,1.,0.866025403784439,1.,0.866025403784439,
1.,0.866025403784439,1.,0.866025403784439,1.,0.866025403784439,1.,0.866025403784439,
1.,0.866025403784439,1.,0.866025403784439,1.,0.866025403784439,1.,0.866025403784439,
1.,0.866025403784439,1.,0.866025403784439,1.,0.866025403784439,1.,0.866025403784439,
1.,0.866025403784439,1.,0.866025403784439,1.,0.866025403784439,1.,0.866025403784439,
1.,0.866025403784439,1.,0.866025403784439,1.,0.866025403784439,1.,0.866025403784439,
1.,0.866025403784439,1.,0.866025403784439,1.,0.866025403784439,1.,0.866025403784439,
1.,0.866025403784439,1.,0.866025403784439,1.,0.866025403784439,1.,0.866025403784439,
1.,0.866025403784439,1.,0.866025403784439,1.,0.866025403784439,1.)))
REPRESENTATION_ITEM('')
SURFACE()
);
#34=ORIENTED_EDGE('',*,*,#78,.F.);
#35=ORIENTED_EDGE('',*,*,#79,.F.);
#36=ORIENTED_EDGE('',*,*,#80,.T.);
#37=ORIENTED_EDGE('',*,*,#81,.F.);
#38=ORIENTED_EDGE('',*,*,#82,.T.);
#39=ORIENTED_EDGE('',*,*,#83,.T.);
#40=ORIENTED_EDGE('',*,*,#84,.T.);
#41=ORIENTED_EDGE('',*,*,#79,.T.);
#42=ORIENTED_EDGE('',*,*,#85,.T.);
#43=ORIENTED_EDGE('',*,*,#81,.T.);
#44=ORIENTED_EDGE('',*,*,#86,.T.);
#45=ORIENTED_EDGE('',*,*,#87,.T.);
#46=ORIENTED_EDGE('',*,*,#88,.F.);
#47=ORIENTED_EDGE('',*,*,#89,.T.);
#48=ORIENTED_EDGE('',*,*,#82,.F.);
#49=ORIENTED_EDGE('',*,*,#85,.F.);
#50=ORIENTED_EDGE('',*,*,#78,.T.);
#51=ORIENTED_EDGE('',*,*,#90,.F.);
#52=ORIENTED_EDGE('',*,*,#91,.F.);
#53=ORIENTED_EDGE('',*,*,#92,.T.);
#54=ORIENTED_EDGE('',*,*,#93,.T.);
#55=ORIENTED_EDGE('',*,*,#94,.F.);
#56=ORIENTED_EDGE('',*,*,#95,.T.);
#57=ORIENTED_EDGE('',*,*,#96,.F.);
#58=ORIENTED_EDGE('',*,*,#93,.F.);
#59=ORIENTED_EDGE('',*,*,#97,.T.);
#60=ORIENTED_EDGE('',*,*,#91,.T.);
#61=ORIENTED_EDGE('',*,*,#95,.F.);
#62=ORIENTED_EDGE('',*,*,#90,.T.);
#63=ORIENTED_EDGE('',*,*,#96,.T.);
#64=ORIENTED_EDGE('',*,*,#87,.F.);
#65=ORIENTED_EDGE('',*,*,#98,.T.);
#66=ORIENTED_EDGE('',*,*,#83,.F.);
#67=ORIENTED_EDGE('',*,*,#89,.F.);
#68=ORIENTED_EDGE('',*,*,#80,.F.);
#69=ORIENTED_EDGE('',*,*,#97,.F.);
#70=ORIENTED_EDGE('',*,*,#92,.F.);
#71=ORIENTED_EDGE('',*,*,#84,.F.);
#72=ORIENTED_EDGE('',*,*,#98,.F.);
#73=ORIENTED_EDGE('',*,*,#86,.F.);
#74=ORIENTED_EDGE('',*,*,#94,.T.);
#75=ORIENTED_EDGE('',*,*,#88,.T.);
#76=ORIENTED_EDGE('',*,*,#99,.F.);
#77=ORIENTED_EDGE('',*,*,#99,.T.);
#78=EDGE_CURVE('',#100,#101,#116,.T.);
#79=EDGE_CURVE('',#102,#100,#117,.T.);
#80=EDGE_CURVE('',#102,#101,#118,.F.);
#81=EDGE_CURVE('',#103,#104,#29,.T.);
#82=EDGE_CURVE('',#103,#105,#25,.T.);
#83=EDGE_CURVE('',#105,#106,#30,.T.);
#84=EDGE_CURVE('',#106,#104,#26,.T.);
#85=EDGE_CURVE('',#100,#103,#27,.T.);
#86=EDGE_CURVE('',#104,#107,#28,.T.);
#87=EDGE_CURVE('',#107,#102,#31,.F.);
#88=EDGE_CURVE('',#108,#108,#17,.T.);
#89=EDGE_CURVE('',#101,#105,#18,.T.);
#90=EDGE_CURVE('',#109,#110,#119,.T.);
#91=EDGE_CURVE('',#111,#109,#120,.T.);
#92=EDGE_CURVE('',#111,#112,#121,.T.);
#93=EDGE_CURVE('',#112,#110,#122,.T.);
#94=EDGE_CURVE('',#113,#113,#19,.T.);
#95=EDGE_CURVE('',#114,#114,#20,.T.);
#96=EDGE_CURVE('',#110,#109,#21,.T.);
#97=EDGE_CURVE('',#112,#111,#22,.T.);
#98=EDGE_CURVE('',#107,#106,#23,.T.);
#99=EDGE_CURVE('',#115,#115,#24,.T.);
#100=VERTEX_POINT('',#267);
#101=VERTEX_POINT('',#268);
#102=VERTEX_POINT('',#270);
#103=VERTEX_POINT('',#2651);
#104=VERTEX_POINT('',#2652);
#105=VERTEX_POINT('',#2663);
#106=VERTEX_POINT('',#3457);
#107=VERTEX_POINT('',#5082);
#108=VERTEX_POINT('',#5878);
#109=VERTEX_POINT('',#5882);
#110=VERTEX_POINT('',#5883);
#111=VERTEX_POINT('',#5885);
#112=VERTEX_POINT('',#5887);
#113=VERTEX_POINT('',#5891);
#114=VERTEX_POINT('',#5893);
#115=VERTEX_POINT('',#5904);
#116=LINE('',#266,#123);
#117=LINE('',#269,#124);
#118=LINE('',#271,#125);
#119=LINE('',#5881,#126);
#120=LINE('',#5884,#127);
#121=LINE('',#5886,#128);
#122=LINE('',#5888,#129);
#123=VECTOR('',#221,1.);
#124=VECTOR('',#222,1.);
#125=VECTOR('',#223,1.);
#126=VECTOR('',#232,1.);
#127=VECTOR('',#233,1.);
#128=VECTOR('',#234,1.);
#129=VECTOR('',#235,1.);
#130=EDGE_LOOP('',(#34,#35,#36));
#131=EDGE_LOOP('',(#37,#38,#39,#40));
#132=EDGE_LOOP('',(#41,#42,#43,#44,#45));
#133=EDGE_LOOP('',(#46));
#134=EDGE_LOOP('',(#47,#48,#49,#50));
#135=EDGE_LOOP('',(#51,#52,#53,#54));
#136=EDGE_LOOP('',(#55));
#137=EDGE_LOOP('',(#56));
#138=EDGE_LOOP('',(#57,#58,#59,#60));
#139=EDGE_LOOP('',(#61));
#140=EDGE_LOOP('',(#62,#63));
#141=EDGE_LOOP('',(#64,#65,#66,#67,#68));
#142=EDGE_LOOP('',(#69,#70));
#143=EDGE_LOOP('',(#71,#72,#73));
#144=EDGE_LOOP('',(#74));
#145=EDGE_LOOP('',(#75));
#146=EDGE_LOOP('',(#76));
#147=EDGE_LOOP('',(#77));
#148=FACE_BOUND('',#130,.T.);
#149=FACE_BOUND('',#131,.T.);
#150=FACE_BOUND('',#132,.T.);
#151=FACE_BOUND('',#133,.T.);
#152=FACE_BOUND('',#134,.T.);
#153=FACE_BOUND('',#135,.T.);
#154=FACE_BOUND('',#136,.T.);
#155=FACE_BOUND('',#137,.T.);
#156=FACE_BOUND('',#138,.T.);
#157=FACE_BOUND('',#139,.T.);
#158=FACE_BOUND('',#140,.T.);
#159=FACE_BOUND('',#141,.T.);
#160=FACE_BOUND('',#142,.T.);
#161=FACE_BOUND('',#143,.T.);
#162=FACE_BOUND('',#144,.T.);
#163=FACE_BOUND('',#145,.T.);
#164=FACE_BOUND('',#146,.T.);
#165=FACE_BOUND('',#147,.T.);
#166=PLANE('',#198);
#167=PLANE('',#199);
#168=PLANE('',#202);
#169=PLANE('',#209);
#170=PLANE('',#212);
#171=PLANE('',#216);
#172=ADVANCED_FACE('',(#148),#166,.F.);
#173=ADVANCED_FACE('',(#149),#32,.T.);
#174=ADVANCED_FACE('',(#150),#33,.T.);
#175=ADVANCED_FACE('',(#151,#152),#167,.T.);
#176=ADVANCED_FACE('',(#153),#168,.T.);
#177=ADVANCED_FACE('',(#154,#155),#13,.T.);
#178=ADVANCED_FACE('',(#156),#14,.F.);
#179=ADVANCED_FACE('',(#157,#158),#169,.F.);
#180=ADVANCED_FACE('',(#159),#15,.T.);
#181=ADVANCED_FACE('',(#160),#170,.F.);
#182=ADVANCED_FACE('',(#161,#162),#12,.T.);
#183=ADVANCED_FACE('',(#163,#164),#16,.T.);
#184=ADVANCED_FACE('',(#165),#171,.T.);
#185=CLOSED_SHELL('',(#172,#173,#174,#175,#176,#177,#178,#179,#180,#181,
#182,#183,#184));
#186=STYLED_ITEM('',(#187),#194);
#187=PRESENTATION_STYLE_ASSIGNMENT((#188));
#188=SURFACE_STYLE_USAGE(.BOTH.,#189);
#189=SURFACE_SIDE_STYLE('',(#190));
#190=SURFACE_STYLE_FILL_AREA(#191);
#191=FILL_AREA_STYLE('',(#192));
#192=FILL_AREA_STYLE_COLOUR('',#193);
#193=COLOUR_RGB('',0.647058823529412,0.647058823529412,0.647058823529412);
#194=MANIFOLD_SOLID_BREP('Part 8',#185);
#195=SHAPE_DEFINITION_REPRESENTATION(#5912,#196);
#196=SHAPE_REPRESENTATION('Part 8',(#197),#5907);
#197=AXIS2_PLACEMENT_3D('',#264,#217,#218);
#198=AXIS2_PLACEMENT_3D('',#265,#219,#220);
#199=AXIS2_PLACEMENT_3D('',#5876,#224,#225);
#200=AXIS2_PLACEMENT_3D('',#5877,#226,#227);
#201=AXIS2_PLACEMENT_3D('',#5879,#228,#229);
#202=AXIS2_PLACEMENT_3D('',#5880,#230,#231);
#203=AXIS2_PLACEMENT_3D('',#5889,#236,#237);
#204=AXIS2_PLACEMENT_3D('',#5890,#238,#239);
#205=AXIS2_PLACEMENT_3D('',#5892,#240,#241);
#206=AXIS2_PLACEMENT_3D('',#5894,#242,#243);
#207=AXIS2_PLACEMENT_3D('',#5895,#244,#245);
#208=AXIS2_PLACEMENT_3D('',#5896,#246,#247);
#209=AXIS2_PLACEMENT_3D('',#5897,#248,#249);
#210=AXIS2_PLACEMENT_3D('',#5898,#250,#251);
#211=AXIS2_PLACEMENT_3D('',#5899,#252,#253);
#212=AXIS2_PLACEMENT_3D('',#5900,#254,#255);
#213=AXIS2_PLACEMENT_3D('',#5901,#256,#257);
#214=AXIS2_PLACEMENT_3D('',#5902,#258,#259);
#215=AXIS2_PLACEMENT_3D('',#5903,#260,#261);
#216=AXIS2_PLACEMENT_3D('',#5905,#262,#263);
#217=DIRECTION('',(0.,0.,1.));
#218=DIRECTION('',(1.,0.,0.));
#219=DIRECTION('',(0.0249998733024771,-0.999687454325031,0.));
#220=DIRECTION('',(0.999687454325031,0.0249998733024771,0.));
#221=DIRECTION('',(-0.999687454325031,-0.0249998733024771,0.));
#222=DIRECTION('',(0.918592209869411,0.0229718686215614,0.39453852184453));
#223=DIRECTION('',(0.,0.,-1.));
#224=DIRECTION('',(0.,0.,1.));
#225=DIRECTION('',(1.,0.,0.));
#226=DIRECTION('',(0.,0.,1.));
#227=DIRECTION('',(1.,0.,0.));
#228=DIRECTION('',(0.,0.,1.));
#229=DIRECTION('',(1.,0.,0.));
#230=DIRECTION('',(0.,1.,0.));
#231=DIRECTION('',(0.,0.,1.));
#232=DIRECTION('',(1.,0.,0.));
#233=DIRECTION('',(0.,0.,-1.));
#234=DIRECTION('',(1.,0.,0.));
#235=DIRECTION('',(0.,0.,-1.));
#236=DIRECTION('',(0.,0.,-1.));
#237=DIRECTION('',(-1.,0.,0.));
#238=DIRECTION('',(0.,0.,1.));
#239=DIRECTION('',(1.,0.,0.));
#240=DIRECTION('',(0.,0.,1.));
#241=DIRECTION('',(1.,0.,0.));
#242=DIRECTION('',(0.,0.,-1.));
#243=DIRECTION('',(-1.,0.,0.));
#244=DIRECTION('',(0.,0.,1.));
#245=DIRECTION('',(1.,0.,0.));
#246=DIRECTION('',(0.,0.,1.));
#247=DIRECTION('',(1.,0.,0.));
#248=DIRECTION('',(0.,0.,1.));
#249=DIRECTION('',(1.,0.,0.));
#250=DIRECTION('',(0.,0.,-1.));
#251=DIRECTION('',(-1.,0.,0.));
#252=DIRECTION('',(0.,0.,1.));
#253=DIRECTION('',(1.,0.,0.));
#254=DIRECTION('',(0.,0.,1.));
#255=DIRECTION('',(1.,0.,0.));
#256=DIRECTION('',(0.,0.,-1.));
#257=DIRECTION('',(-1.,0.,0.));
#258=DIRECTION('',(0.,0.,1.));
#259=DIRECTION('',(1.,0.,0.));
#260=DIRECTION('',(0.,0.,1.));
#261=DIRECTION('',(1.,0.,0.));
#262=DIRECTION('',(0.,0.,1.));
#263=DIRECTION('',(1.,0.,0.));
#264=CARTESIAN_POINT('',(0.,0.,0.));
#265=CARTESIAN_POINT('',(0.0283336727901399,0.0220030760388459,0.179019968936156));
#266=CARTESIAN_POINT('',(0.0283336727901399,0.0220030760388459,0.1778));
#267=CARTESIAN_POINT('',(0.0271530847188247,0.0219735522591109,0.1778));
#268=CARTESIAN_POINT('',(0.027051,0.0219709993561753,0.1778));
#269=CARTESIAN_POINT('',(0.0283336727901399,0.0220030760388459,0.178307066647811));
#270=CARTESIAN_POINT('',(0.027051,0.0219709993561753,0.177756154261232));
#271=CARTESIAN_POINT('',(0.027051,0.0219709993561753,0.0254));
#272=CARTESIAN_POINT('',(0.0295291195618703,0.0204255550953052,0.178806392704074));
#273=CARTESIAN_POINT('',(0.0288417784168188,0.01706405929671,0.178627282828705));
#274=CARTESIAN_POINT('',(0.025885160923891,0.0153232247686268,0.178464228657614));
#275=CARTESIAN_POINT('',(0.0220470661045456,0.0130633829055668,0.178252561990947));
#276=CARTESIAN_POINT('',(0.0181709382329274,0.0152573495897234,0.17804089532428));
#277=CARTESIAN_POINT('',(0.0142948103613092,0.01745131627388,0.177829228657614));
#278=CARTESIAN_POINT('',(0.0142567773090363,0.0219051248210965,0.177617561990947));
#279=CARTESIAN_POINT('',(0.0142187442567635,0.0263589333683131,0.177405895324281));
#280=CARTESIAN_POINT('',(0.018056839076109,0.0286187752313732,0.177194228657614));
#281=CARTESIAN_POINT('',(0.0218949338954544,0.0308786170944332,0.176982561990947));
#282=CARTESIAN_POINT('',(0.0257710617670726,0.0286846504102766,0.176770895324281));
#283=CARTESIAN_POINT('',(0.0296471896386909,0.02649068372612,0.176559228657614));
#284=CARTESIAN_POINT('',(0.0296852226909636,0.0220368751789034,0.176347561990947));
#285=CARTESIAN_POINT('',(0.0297232557432365,0.0175830666316869,0.17613589532428));
#286=CARTESIAN_POINT('',(0.025885160923891,0.0153232247686268,0.175924228657614));
#287=CARTESIAN_POINT('',(0.0220470661045456,0.0130633829055668,0.175712561990947));
#288=CARTESIAN_POINT('',(0.0181709382329274,0.0152573495897234,0.17550089532428));
#289=CARTESIAN_POINT('',(0.0142948103613092,0.01745131627388,0.175289228657614));
#290=CARTESIAN_POINT('',(0.0142567773090363,0.0219051248210965,0.175077561990947));
#291=CARTESIAN_POINT('',(0.0142187442567635,0.0263589333683131,0.174865895324281));
#292=CARTESIAN_POINT('',(0.018056839076109,0.0286187752313732,0.174654228657614));
#293=CARTESIAN_POINT('',(0.0218949338954544,0.0308786170944332,0.174442561990947));
#294=CARTESIAN_POINT('',(0.0257710617670726,0.0286846504102766,0.17423089532428));
#295=CARTESIAN_POINT('',(0.0296471896386909,0.02649068372612,0.174019228657614));
#296=CARTESIAN_POINT('',(0.0296852226909636,0.0220368751789034,0.173807561990947));
#297=CARTESIAN_POINT('',(0.0297232557432365,0.0175830666316869,0.17359589532428));
#298=CARTESIAN_POINT('',(0.025885160923891,0.0153232247686268,0.173384228657614));
#299=CARTESIAN_POINT('',(0.0220470661045456,0.0130633829055668,0.173172561990947));
#300=CARTESIAN_POINT('',(0.0181709382329274,0.0152573495897234,0.17296089532428));
#301=CARTESIAN_POINT('',(0.0142948103613092,0.01745131627388,0.172749228657614));
#302=CARTESIAN_POINT('',(0.0142567773090363,0.0219051248210965,0.172537561990947));
#303=CARTESIAN_POINT('',(0.0142187442567635,0.0263589333683131,0.172325895324281));
#304=CARTESIAN_POINT('',(0.018056839076109,0.0286187752313732,0.172114228657614));
#305=CARTESIAN_POINT('',(0.0218949338954544,0.0308786170944332,0.171902561990947));
#306=CARTESIAN_POINT('',(0.0257710617670726,0.0286846504102766,0.171690895324281));
#307=CARTESIAN_POINT('',(0.0296471896386909,0.02649068372612,0.171479228657614));
#308=CARTESIAN_POINT('',(0.0296852226909636,0.0220368751789034,0.171267561990947));
#309=CARTESIAN_POINT('',(0.0297232557432365,0.0175830666316869,0.17105589532428));
#310=CARTESIAN_POINT('',(0.025885160923891,0.0153232247686268,0.170844228657614));
#311=CARTESIAN_POINT('',(0.0220470661045456,0.0130633829055668,0.170632561990947));
#312=CARTESIAN_POINT('',(0.0181709382329274,0.0152573495897234,0.170420895324281));
#313=CARTESIAN_POINT('',(0.0142948103613092,0.01745131627388,0.170209228657614));
#314=CARTESIAN_POINT('',(0.0142567773090363,0.0219051248210965,0.169997561990947));
#315=CARTESIAN_POINT('',(0.0142187442567635,0.0263589333683131,0.16978589532428));
#316=CARTESIAN_POINT('',(0.018056839076109,0.0286187752313732,0.169574228657614));
#317=CARTESIAN_POINT('',(0.0218949338954544,0.0308786170944332,0.169362561990947));
#318=CARTESIAN_POINT('',(0.0257710617670726,0.0286846504102766,0.16915089532428));
#319=CARTESIAN_POINT('',(0.0296471896386909,0.02649068372612,0.168939228657614));
#320=CARTESIAN_POINT('',(0.0296852226909636,0.0220368751789034,0.168727561990947));
#321=CARTESIAN_POINT('',(0.0297232557432365,0.0175830666316869,0.16851589532428));
#322=CARTESIAN_POINT('',(0.025885160923891,0.0153232247686268,0.168304228657614));
#323=CARTESIAN_POINT('',(0.0220470661045456,0.0130633829055668,0.168092561990947));
#324=CARTESIAN_POINT('',(0.0181709382329274,0.0152573495897234,0.16788089532428));
#325=CARTESIAN_POINT('',(0.0142948103613092,0.01745131627388,0.167669228657614));
#326=CARTESIAN_POINT('',(0.0142567773090363,0.0219051248210965,0.167457561990947));
#327=CARTESIAN_POINT('',(0.0142187442567635,0.0263589333683131,0.16724589532428));
#328=CARTESIAN_POINT('',(0.018056839076109,0.0286187752313732,0.167034228657614));
#329=CARTESIAN_POINT('',(0.0218949338954544,0.0308786170944332,0.166822561990947));
#330=CARTESIAN_POINT('',(0.0257710617670726,0.0286846504102766,0.166610895324281));
#331=CARTESIAN_POINT('',(0.0296471896386909,0.02649068372612,0.166399228657614));
#332=CARTESIAN_POINT('',(0.0296852226909636,0.0220368751789034,0.166187561990947));
#333=CARTESIAN_POINT('',(0.0297232557432365,0.0175830666316869,0.16597589532428));
#334=CARTESIAN_POINT('',(0.025885160923891,0.0153232247686268,0.165764228657614));
#335=CARTESIAN_POINT('',(0.0220470661045456,0.0130633829055668,0.165552561990947));
#336=CARTESIAN_POINT('',(0.0181709382329274,0.0152573495897234,0.165340895324281));
#337=CARTESIAN_POINT('',(0.0142948103613092,0.01745131627388,0.165129228657614));
#338=CARTESIAN_POINT('',(0.0142567773090363,0.0219051248210965,0.164917561990947));
#339=CARTESIAN_POINT('',(0.0142187442567635,0.0263589333683131,0.16470589532428));
#340=CARTESIAN_POINT('',(0.018056839076109,0.0286187752313732,0.164494228657614));
#341=CARTESIAN_POINT('',(0.0218949338954544,0.0308786170944332,0.164282561990947));
#342=CARTESIAN_POINT('',(0.0257710617670726,0.0286846504102766,0.16407089532428));
#343=CARTESIAN_POINT('',(0.0296471896386909,0.02649068372612,0.163859228657614));
#344=CARTESIAN_POINT('',(0.0296852226909636,0.0220368751789034,0.163647561990947));
#345=CARTESIAN_POINT('',(0.0297232557432365,0.0175830666316869,0.16343589532428));
#346=CARTESIAN_POINT('',(0.025885160923891,0.0153232247686268,0.163224228657614));
#347=CARTESIAN_POINT('',(0.0220470661045456,0.0130633829055668,0.163012561990947));
#348=CARTESIAN_POINT('',(0.0181709382329274,0.0152573495897234,0.16280089532428));
#349=CARTESIAN_POINT('',(0.0142948103613092,0.01745131627388,0.162589228657614));
#350=CARTESIAN_POINT('',(0.0142567773090363,0.0219051248210965,0.162377561990947));
#351=CARTESIAN_POINT('',(0.0142187442567635,0.0263589333683131,0.16216589532428));
#352=CARTESIAN_POINT('',(0.018056839076109,0.0286187752313732,0.161954228657614));
#353=CARTESIAN_POINT('',(0.0218949338954544,0.0308786170944332,0.161742561990947));
#354=CARTESIAN_POINT('',(0.0257710617670726,0.0286846504102766,0.16153089532428));
#355=CARTESIAN_POINT('',(0.0296471896386909,0.02649068372612,0.161319228657614));
#356=CARTESIAN_POINT('',(0.0296852226909636,0.0220368751789034,0.161107561990947));
#357=CARTESIAN_POINT('',(0.0297232557432365,0.0175830666316869,0.16089589532428));
#358=CARTESIAN_POINT('',(0.025885160923891,0.0153232247686268,0.160684228657614));
#359=CARTESIAN_POINT('',(0.0220470661045456,0.0130633829055668,0.160472561990947));
#360=CARTESIAN_POINT('',(0.0181709382329274,0.0152573495897234,0.160260895324281));
#361=CARTESIAN_POINT('',(0.0142948103613092,0.01745131627388,0.160049228657614));
#362=CARTESIAN_POINT('',(0.0142567773090363,0.0219051248210965,0.159837561990947));
#363=CARTESIAN_POINT('',(0.0142187442567635,0.0263589333683131,0.15962589532428));
#364=CARTESIAN_POINT('',(0.018056839076109,0.0286187752313732,0.159414228657614));
#365=CARTESIAN_POINT('',(0.0218949338954544,0.0308786170944332,0.159202561990947));
#366=CARTESIAN_POINT('',(0.0257710617670726,0.0286846504102766,0.15899089532428));
#367=CARTESIAN_POINT('',(0.0296471896386909,0.02649068372612,0.158779228657614));
#368=CARTESIAN_POINT('',(0.0296852226909636,0.0220368751789034,0.158567561990947));
#369=CARTESIAN_POINT('',(0.0297232557432365,0.0175830666316869,0.15835589532428));
#370=CARTESIAN_POINT('',(0.025885160923891,0.0153232247686268,0.158144228657614));
#371=CARTESIAN_POINT('',(0.0220470661045456,0.0130633829055668,0.157932561990947));
#372=CARTESIAN_POINT('',(0.0181709382329274,0.0152573495897234,0.15772089532428));
#373=CARTESIAN_POINT('',(0.0142948103613092,0.01745131627388,0.157509228657614));
#374=CARTESIAN_POINT('',(0.0142567773090363,0.0219051248210965,0.157297561990947));
#375=CARTESIAN_POINT('',(0.0142187442567635,0.0263589333683131,0.15708589532428));
#376=CARTESIAN_POINT('',(0.018056839076109,0.0286187752313732,0.156874228657614));
#377=CARTESIAN_POINT('',(0.0218949338954544,0.0308786170944332,0.156662561990947));
#378=CARTESIAN_POINT('',(0.0257710617670726,0.0286846504102766,0.15645089532428));
#379=CARTESIAN_POINT('',(0.0296471896386909,0.02649068372612,0.156239228657614));
#380=CARTESIAN_POINT('',(0.0296852226909636,0.0220368751789034,0.156027561990947));
#381=CARTESIAN_POINT('',(0.0297232557432365,0.0175830666316869,0.15581589532428));
#382=CARTESIAN_POINT('',(0.025885160923891,0.0153232247686268,0.155604228657614));
#383=CARTESIAN_POINT('',(0.0220470661045456,0.0130633829055668,0.155392561990947));
#384=CARTESIAN_POINT('',(0.0181709382329274,0.0152573495897234,0.155180895324281));
#385=CARTESIAN_POINT('',(0.0142948103613092,0.01745131627388,0.154969228657614));
#386=CARTESIAN_POINT('',(0.0142567773090363,0.0219051248210965,0.154757561990947));
#387=CARTESIAN_POINT('',(0.0142187442567635,0.0263589333683131,0.15454589532428));
#388=CARTESIAN_POINT('',(0.018056839076109,0.0286187752313732,0.154334228657614));
#389=CARTESIAN_POINT('',(0.0218949338954544,0.0308786170944332,0.154122561990947));
#390=CARTESIAN_POINT('',(0.0257710617670726,0.0286846504102766,0.15391089532428));
#391=CARTESIAN_POINT('',(0.0296471896386909,0.02649068372612,0.153699228657614));
#392=CARTESIAN_POINT('',(0.0296852226909636,0.0220368751789034,0.153487561990947));
#393=CARTESIAN_POINT('',(0.0297232557432365,0.0175830666316869,0.15327589532428));
#394=CARTESIAN_POINT('',(0.025885160923891,0.0153232247686268,0.153064228657614));
#395=CARTESIAN_POINT('',(0.0220470661045456,0.0130633829055668,0.152852561990947));
#396=CARTESIAN_POINT('',(0.0181709382329274,0.0152573495897234,0.15264089532428));
#397=CARTESIAN_POINT('',(0.0142948103613092,0.01745131627388,0.152429228657614));
#398=CARTESIAN_POINT('',(0.0142567773090363,0.0219051248210965,0.152217561990947));
#399=CARTESIAN_POINT('',(0.0142187442567635,0.0263589333683131,0.15200589532428));
#400=CARTESIAN_POINT('',(0.018056839076109,0.0286187752313732,0.151794228657614));
#401=CARTESIAN_POINT('',(0.0218949338954544,0.0308786170944332,0.151582561990947));
#402=CARTESIAN_POINT('',(0.0257710617670726,0.0286846504102766,0.15137089532428));
#403=CARTESIAN_POINT('',(0.0296471896386909,0.02649068372612,0.151159228657614));
#404=CARTESIAN_POINT('',(0.0296852226909636,0.0220368751789034,0.150947561990947));
#405=CARTESIAN_POINT('',(0.0297232557432365,0.0175830666316869,0.150735895324281));
#406=CARTESIAN_POINT('',(0.025885160923891,0.0153232247686268,0.150524228657614));
#407=CARTESIAN_POINT('',(0.0220470661045456,0.0130633829055668,0.150312561990947));
#408=CARTESIAN_POINT('',(0.0181709382329274,0.0152573495897234,0.150100895324281));
#409=CARTESIAN_POINT('',(0.0142948103613092,0.01745131627388,0.149889228657614));
#410=CARTESIAN_POINT('',(0.0142567773090363,0.0219051248210965,0.149677561990947));
#411=CARTESIAN_POINT('',(0.0142187442567635,0.0263589333683131,0.14946589532428));
#412=CARTESIAN_POINT('',(0.018056839076109,0.0286187752313732,0.149254228657614));
#413=CARTESIAN_POINT('',(0.0218949338954544,0.0308786170944332,0.149042561990947));
#414=CARTESIAN_POINT('',(0.0257710617670726,0.0286846504102766,0.14883089532428));
#415=CARTESIAN_POINT('',(0.0296471896386909,0.02649068372612,0.148619228657614));
#416=CARTESIAN_POINT('',(0.0296852226909636,0.0220368751789034,0.148407561990947));
#417=CARTESIAN_POINT('',(0.0297232557432365,0.0175830666316869,0.14819589532428));
#418=CARTESIAN_POINT('',(0.025885160923891,0.0153232247686268,0.147984228657614));
#419=CARTESIAN_POINT('',(0.0220470661045456,0.0130633829055668,0.147772561990947));
#420=CARTESIAN_POINT('',(0.0181709382329274,0.0152573495897234,0.14756089532428));
#421=CARTESIAN_POINT('',(0.0142948103613092,0.01745131627388,0.147349228657614));
#422=CARTESIAN_POINT('',(0.0142567773090363,0.0219051248210965,0.147137561990947));
#423=CARTESIAN_POINT('',(0.0142187442567635,0.0263589333683131,0.14692589532428));
#424=CARTESIAN_POINT('',(0.018056839076109,0.0286187752313732,0.146714228657614));
#425=CARTESIAN_POINT('',(0.0218949338954544,0.0308786170944332,0.146502561990947));
#426=CARTESIAN_POINT('',(0.0257710617670726,0.0286846504102766,0.14629089532428));
#427=CARTESIAN_POINT('',(0.0296471896386909,0.02649068372612,0.146079228657614));
#428=CARTESIAN_POINT('',(0.0296852226909636,0.0220368751789034,0.145867561990947));
#429=CARTESIAN_POINT('',(0.0297232557432365,0.0175830666316869,0.14565589532428));
#430=CARTESIAN_POINT('',(0.025885160923891,0.0153232247686268,0.145444228657614));
#431=CARTESIAN_POINT('',(0.0220470661045456,0.0130633829055668,0.145232561990947));
#432=CARTESIAN_POINT('',(0.0181709382329274,0.0152573495897234,0.14502089532428));
#433=CARTESIAN_POINT('',(0.0142948103613092,0.01745131627388,0.144809228657614));
#434=CARTESIAN_POINT('',(0.0142567773090363,0.0219051248210965,0.144597561990947));
#435=CARTESIAN_POINT('',(0.0142187442567635,0.0263589333683131,0.14438589532428));
#436=CARTESIAN_POINT('',(0.018056839076109,0.0286187752313732,0.144174228657614));
#437=CARTESIAN_POINT('',(0.0218949338954544,0.0308786170944332,0.143962561990947));
#438=CARTESIAN_POINT('',(0.0257710617670726,0.0286846504102766,0.14375089532428));
#439=CARTESIAN_POINT('',(0.0296471896386909,0.02649068372612,0.143539228657614));
#440=CARTESIAN_POINT('',(0.0296852226909636,0.0220368751789034,0.143327561990947));
#441=CARTESIAN_POINT('',(0.0297232557432365,0.0175830666316869,0.14311589532428));
#442=CARTESIAN_POINT('',(0.025885160923891,0.0153232247686268,0.142904228657614));
#443=CARTESIAN_POINT('',(0.0220470661045456,0.0130633829055668,0.142692561990947));
#444=CARTESIAN_POINT('',(0.0181709382329274,0.0152573495897234,0.14248089532428));
#445=CARTESIAN_POINT('',(0.0142948103613092,0.01745131627388,0.142269228657614));
#446=CARTESIAN_POINT('',(0.0142567773090363,0.0219051248210965,0.142057561990947));
#447=CARTESIAN_POINT('',(0.0142187442567635,0.0263589333683131,0.14184589532428));
#448=CARTESIAN_POINT('',(0.018056839076109,0.0286187752313732,0.141634228657614));
#449=CARTESIAN_POINT('',(0.0218949338954544,0.0308786170944332,0.141422561990947));
#450=CARTESIAN_POINT('',(0.0257710617670726,0.0286846504102766,0.14121089532428));
#451=CARTESIAN_POINT('',(0.0296471896386909,0.02649068372612,0.140999228657614));
#452=CARTESIAN_POINT('',(0.0296852226909636,0.0220368751789034,0.140787561990947));
#453=CARTESIAN_POINT('',(0.0297232557432365,0.0175830666316869,0.14057589532428));
#454=CARTESIAN_POINT('',(0.025885160923891,0.0153232247686268,0.140364228657614));
#455=CARTESIAN_POINT('',(0.0220470661045456,0.0130633829055668,0.140152561990947));
#456=CARTESIAN_POINT('',(0.0181709382329274,0.0152573495897234,0.13994089532428));
#457=CARTESIAN_POINT('',(0.0142948103613092,0.01745131627388,0.139729228657614));
#458=CARTESIAN_POINT('',(0.0142567773090363,0.0219051248210965,0.139517561990947));
#459=CARTESIAN_POINT('',(0.0142187442567635,0.0263589333683131,0.139305895324281));
#460=CARTESIAN_POINT('',(0.018056839076109,0.0286187752313732,0.139094228657614));
#461=CARTESIAN_POINT('',(0.0218949338954544,0.0308786170944332,0.138882561990947));
#462=CARTESIAN_POINT('',(0.0257710617670726,0.0286846504102766,0.13867089532428));
#463=CARTESIAN_POINT('',(0.0296471896386909,0.02649068372612,0.138459228657614));
#464=CARTESIAN_POINT('',(0.0296852226909636,0.0220368751789034,0.138247561990947));
#465=CARTESIAN_POINT('',(0.0297232557432365,0.0175830666316869,0.13803589532428));
#466=CARTESIAN_POINT('',(0.025885160923891,0.0153232247686268,0.137824228657614));
#467=CARTESIAN_POINT('',(0.0220470661045456,0.0130633829055668,0.137612561990947));
#468=CARTESIAN_POINT('',(0.0181709382329274,0.0152573495897234,0.13740089532428));
#469=CARTESIAN_POINT('',(0.0142948103613092,0.01745131627388,0.137189228657614));
#470=CARTESIAN_POINT('',(0.0142567773090363,0.0219051248210965,0.136977561990947));
#471=CARTESIAN_POINT('',(0.0142187442567635,0.0263589333683131,0.13676589532428));
#472=CARTESIAN_POINT('',(0.018056839076109,0.0286187752313732,0.136554228657614));
#473=CARTESIAN_POINT('',(0.0218949338954544,0.0308786170944332,0.136342561990947));
#474=CARTESIAN_POINT('',(0.0257710617670726,0.0286846504102766,0.13613089532428));
#475=CARTESIAN_POINT('',(0.0296471896386909,0.02649068372612,0.135919228657614));
#476=CARTESIAN_POINT('',(0.0296852226909636,0.0220368751789034,0.135707561990947));
#477=CARTESIAN_POINT('',(0.0297232557432365,0.0175830666316869,0.13549589532428));
#478=CARTESIAN_POINT('',(0.025885160923891,0.0153232247686268,0.135284228657614));
#479=CARTESIAN_POINT('',(0.0220470661045456,0.0130633829055668,0.135072561990947));
#480=CARTESIAN_POINT('',(0.0181709382329274,0.0152573495897234,0.13486089532428));
#481=CARTESIAN_POINT('',(0.0142948103613092,0.01745131627388,0.134649228657614));
#482=CARTESIAN_POINT('',(0.0142567773090363,0.0219051248210965,0.134437561990947));
#483=CARTESIAN_POINT('',(0.0142187442567635,0.0263589333683131,0.13422589532428));
#484=CARTESIAN_POINT('',(0.018056839076109,0.0286187752313732,0.134014228657614));
#485=CARTESIAN_POINT('',(0.0218949338954544,0.0308786170944332,0.133802561990947));
#486=CARTESIAN_POINT('',(0.0257710617670726,0.0286846504102766,0.13359089532428));
#487=CARTESIAN_POINT('',(0.0296471896386909,0.02649068372612,0.133379228657614));
#488=CARTESIAN_POINT('',(0.0296852226909636,0.0220368751789034,0.133167561990947));
#489=CARTESIAN_POINT('',(0.0297232557432365,0.0175830666316869,0.13295589532428));
#490=CARTESIAN_POINT('',(0.025885160923891,0.0153232247686268,0.132744228657614));
#491=CARTESIAN_POINT('',(0.0220470661045456,0.0130633829055668,0.132532561990947));
#492=CARTESIAN_POINT('',(0.0181709382329274,0.0152573495897234,0.13232089532428));
#493=CARTESIAN_POINT('',(0.0142948103613092,0.01745131627388,0.132109228657614));
#494=CARTESIAN_POINT('',(0.0142567773090363,0.0219051248210965,0.131897561990947));
#495=CARTESIAN_POINT('',(0.0142187442567635,0.0263589333683131,0.131685895324281));
#496=CARTESIAN_POINT('',(0.018056839076109,0.0286187752313732,0.131474228657614));
#497=CARTESIAN_POINT('',(0.0218949338954544,0.0308786170944332,0.131262561990947));
#498=CARTESIAN_POINT('',(0.0257710617670726,0.0286846504102766,0.13105089532428));
#499=CARTESIAN_POINT('',(0.0296471896386909,0.02649068372612,0.130839228657614));
#500=CARTESIAN_POINT('',(0.0296852226909636,0.0220368751789034,0.130627561990947));
#501=CARTESIAN_POINT('',(0.0297232557432365,0.0175830666316869,0.13041589532428));
#502=CARTESIAN_POINT('',(0.025885160923891,0.0153232247686268,0.130204228657614));
#503=CARTESIAN_POINT('',(0.0220470661045456,0.0130633829055668,0.129992561990947));
#504=CARTESIAN_POINT('',(0.0181709382329274,0.0152573495897234,0.12978089532428));
#505=CARTESIAN_POINT('',(0.0142948103613092,0.01745131627388,0.129569228657614));
#506=CARTESIAN_POINT('',(0.0142567773090363,0.0219051248210965,0.129357561990947));
#507=CARTESIAN_POINT('',(0.0142187442567635,0.0263589333683131,0.129145895324281));
#508=CARTESIAN_POINT('',(0.018056839076109,0.0286187752313732,0.128934228657614));
#509=CARTESIAN_POINT('',(0.0218949338954544,0.0308786170944332,0.128722561990947));
#510=CARTESIAN_POINT('',(0.0257710617670726,0.0286846504102766,0.12851089532428));
#511=CARTESIAN_POINT('',(0.0296471896386909,0.02649068372612,0.128299228657614));
#512=CARTESIAN_POINT('',(0.0296852226909636,0.0220368751789034,0.128087561990947));
#513=CARTESIAN_POINT('',(0.0297232557432365,0.0175830666316869,0.12787589532428));
#514=CARTESIAN_POINT('',(0.025885160923891,0.0153232247686268,0.127664228657614));
#515=CARTESIAN_POINT('',(0.0220470661045456,0.0130633829055668,0.127452561990947));
#516=CARTESIAN_POINT('',(0.0181709382329274,0.0152573495897234,0.12724089532428));
#517=CARTESIAN_POINT('',(0.0142948103613092,0.01745131627388,0.127029228657614));
#518=CARTESIAN_POINT('',(0.0142567773090363,0.0219051248210965,0.126817561990947));
#519=CARTESIAN_POINT('',(0.0142187442567635,0.0263589333683131,0.12660589532428));
#520=CARTESIAN_POINT('',(0.018056839076109,0.0286187752313732,0.126394228657614));
#521=CARTESIAN_POINT('',(0.0218949338954544,0.0308786170944332,0.126182561990947));
#522=CARTESIAN_POINT('',(0.0257710617670726,0.0286846504102766,0.12597089532428));
#523=CARTESIAN_POINT('',(0.0296471896386909,0.02649068372612,0.125759228657614));
#524=CARTESIAN_POINT('',(0.0296852226909636,0.0220368751789034,0.125547561990947));
#525=CARTESIAN_POINT('',(0.0297232557432365,0.0175830666316869,0.12533589532428));
#526=CARTESIAN_POINT('',(0.025885160923891,0.0153232247686268,0.125124228657614));
#527=CARTESIAN_POINT('',(0.0220470661045456,0.0130633829055668,0.124912561990947));
#528=CARTESIAN_POINT('',(0.0181709382329274,0.0152573495897234,0.12470089532428));
#529=CARTESIAN_POINT('',(0.0142948103613092,0.01745131627388,0.124489228657614));
#530=CARTESIAN_POINT('',(0.0142567773090363,0.0219051248210965,0.124277561990947));
#531=CARTESIAN_POINT('',(0.0142187442567635,0.0263589333683131,0.124065895324281));
#532=CARTESIAN_POINT('',(0.018056839076109,0.0286187752313732,0.123854228657614));
#533=CARTESIAN_POINT('',(0.0218949338954544,0.0308786170944332,0.123642561990947));
#534=CARTESIAN_POINT('',(0.0257710617670726,0.0286846504102766,0.12343089532428));
#535=CARTESIAN_POINT('',(0.0296471896386909,0.02649068372612,0.123219228657614));
#536=CARTESIAN_POINT('',(0.0296852226909636,0.0220368751789034,0.123007561990947));
#537=CARTESIAN_POINT('',(0.0297232557432365,0.0175830666316869,0.12279589532428));
#538=CARTESIAN_POINT('',(0.025885160923891,0.0153232247686268,0.122584228657614));
#539=CARTESIAN_POINT('',(0.0220470661045456,0.0130633829055668,0.122372561990947));
#540=CARTESIAN_POINT('',(0.0181709382329274,0.0152573495897234,0.12216089532428));
#541=CARTESIAN_POINT('',(0.0142948103613092,0.01745131627388,0.121949228657614));
#542=CARTESIAN_POINT('',(0.0142567773090363,0.0219051248210965,0.121737561990947));
#543=CARTESIAN_POINT('',(0.0142187442567635,0.0263589333683131,0.12152589532428));
#544=CARTESIAN_POINT('',(0.018056839076109,0.0286187752313732,0.121314228657614));
#545=CARTESIAN_POINT('',(0.0218949338954544,0.0308786170944332,0.121102561990947));
#546=CARTESIAN_POINT('',(0.0257710617670726,0.0286846504102766,0.12089089532428));
#547=CARTESIAN_POINT('',(0.0296471896386909,0.02649068372612,0.120679228657614));
#548=CARTESIAN_POINT('',(0.0296852226909636,0.0220368751789034,0.120467561990947));
#549=CARTESIAN_POINT('',(0.0297232557432365,0.0175830666316869,0.12025589532428));
#550=CARTESIAN_POINT('',(0.025885160923891,0.0153232247686268,0.120044228657614));
#551=CARTESIAN_POINT('',(0.0220470661045456,0.0130633829055668,0.119832561990947));
#552=CARTESIAN_POINT('',(0.0181709382329274,0.0152573495897234,0.11962089532428));
#553=CARTESIAN_POINT('',(0.0142948103613092,0.01745131627388,0.119409228657614));
#554=CARTESIAN_POINT('',(0.0142567773090363,0.0219051248210965,0.119197561990947));
#555=CARTESIAN_POINT('',(0.0142187442567635,0.0263589333683131,0.11898589532428));
#556=CARTESIAN_POINT('',(0.018056839076109,0.0286187752313732,0.118774228657614));
#557=CARTESIAN_POINT('',(0.0218949338954544,0.0308786170944332,0.118562561990947));
#558=CARTESIAN_POINT('',(0.0257710617670726,0.0286846504102766,0.11835089532428));
#559=CARTESIAN_POINT('',(0.0296471896386909,0.02649068372612,0.118139228657614));
#560=CARTESIAN_POINT('',(0.0296852226909636,0.0220368751789034,0.117927561990947));
#561=CARTESIAN_POINT('',(0.0297232557432365,0.0175830666316869,0.11771589532428));
#562=CARTESIAN_POINT('',(0.025885160923891,0.0153232247686268,0.117504228657614));
#563=CARTESIAN_POINT('',(0.0220470661045456,0.0130633829055668,0.117292561990947));
#564=CARTESIAN_POINT('',(0.0181709382329274,0.0152573495897234,0.11708089532428));
#565=CARTESIAN_POINT('',(0.0142948103613092,0.01745131627388,0.116869228657614));
#566=CARTESIAN_POINT('',(0.0142567773090363,0.0219051248210965,0.116657561990947));
#567=CARTESIAN_POINT('',(0.0142187442567635,0.0263589333683131,0.11644589532428));
#568=CARTESIAN_POINT('',(0.018056839076109,0.0286187752313732,0.116234228657614));
#569=CARTESIAN_POINT('',(0.0218949338954544,0.0308786170944332,0.116022561990947));
#570=CARTESIAN_POINT('',(0.0257710617670726,0.0286846504102766,0.11581089532428));
#571=CARTESIAN_POINT('',(0.0296471896386909,0.02649068372612,0.115599228657614));
#572=CARTESIAN_POINT('',(0.0296852226909636,0.0220368751789034,0.115387561990947));
#573=CARTESIAN_POINT('',(0.0297232557432365,0.0175830666316869,0.115175895324281));
#574=CARTESIAN_POINT('',(0.025885160923891,0.0153232247686268,0.114964228657614));
#575=CARTESIAN_POINT('',(0.0220470661045456,0.0130633829055668,0.114752561990947));
#576=CARTESIAN_POINT('',(0.0181709382329274,0.0152573495897234,0.11454089532428));
#577=CARTESIAN_POINT('',(0.0142948103613092,0.01745131627388,0.114329228657614));
#578=CARTESIAN_POINT('',(0.0142567773090363,0.0219051248210965,0.114117561990947));
#579=CARTESIAN_POINT('',(0.0142187442567635,0.0263589333683131,0.11390589532428));
#580=CARTESIAN_POINT('',(0.018056839076109,0.0286187752313732,0.113694228657614));
#581=CARTESIAN_POINT('',(0.0218949338954544,0.0308786170944332,0.113482561990947));
#582=CARTESIAN_POINT('',(0.0257710617670726,0.0286846504102766,0.11327089532428));
#583=CARTESIAN_POINT('',(0.0296471896386909,0.02649068372612,0.113059228657614));
#584=CARTESIAN_POINT('',(0.0296852226909636,0.0220368751789034,0.112847561990947));
#585=CARTESIAN_POINT('',(0.0297232557432365,0.0175830666316869,0.11263589532428));
#586=CARTESIAN_POINT('',(0.025885160923891,0.0153232247686268,0.112424228657614));
#587=CARTESIAN_POINT('',(0.0220470661045456,0.0130633829055668,0.112212561990947));
#588=CARTESIAN_POINT('',(0.0181709382329274,0.0152573495897234,0.11200089532428));
#589=CARTESIAN_POINT('',(0.0142948103613092,0.01745131627388,0.111789228657614));
#590=CARTESIAN_POINT('',(0.0142567773090363,0.0219051248210965,0.111577561990947));
#591=CARTESIAN_POINT('',(0.0142187442567635,0.0263589333683131,0.11136589532428));
#592=CARTESIAN_POINT('',(0.018056839076109,0.0286187752313732,0.111154228657614));
#593=CARTESIAN_POINT('',(0.0218949338954544,0.0308786170944332,0.110942561990947));
#594=CARTESIAN_POINT('',(0.0257710617670726,0.0286846504102766,0.11073089532428));
#595=CARTESIAN_POINT('',(0.0296471896386909,0.02649068372612,0.110519228657614));
#596=CARTESIAN_POINT('',(0.0296852226909636,0.0220368751789034,0.110307561990947));
#597=CARTESIAN_POINT('',(0.0297232557432365,0.0175830666316869,0.11009589532428));
#598=CARTESIAN_POINT('',(0.025885160923891,0.0153232247686268,0.109884228657614));
#599=CARTESIAN_POINT('',(0.0220470661045456,0.0130633829055668,0.109672561990947));
#600=CARTESIAN_POINT('',(0.0181709382329274,0.0152573495897234,0.10946089532428));
#601=CARTESIAN_POINT('',(0.0142948103613092,0.01745131627388,0.109249228657614));
#602=CARTESIAN_POINT('',(0.0142567773090363,0.0219051248210965,0.109037561990947));
#603=CARTESIAN_POINT('',(0.0142187442567635,0.0263589333683131,0.10882589532428));
#604=CARTESIAN_POINT('',(0.018056839076109,0.0286187752313732,0.108614228657614));
#605=CARTESIAN_POINT('',(0.0218949338954544,0.0308786170944332,0.108402561990947));
#606=CARTESIAN_POINT('',(0.0257710617670726,0.0286846504102766,0.10819089532428));
#607=CARTESIAN_POINT('',(0.0296471896386909,0.02649068372612,0.107979228657614));
#608=CARTESIAN_POINT('',(0.0296852226909636,0.0220368751789034,0.107767561990947));
#609=CARTESIAN_POINT('',(0.0297232557432365,0.0175830666316869,0.10755589532428));
#610=CARTESIAN_POINT('',(0.025885160923891,0.0153232247686268,0.107344228657614));
#611=CARTESIAN_POINT('',(0.0220470661045456,0.0130633829055668,0.107132561990947));
#612=CARTESIAN_POINT('',(0.0181709382329274,0.0152573495897234,0.10692089532428));
#613=CARTESIAN_POINT('',(0.0142948103613092,0.01745131627388,0.106709228657614));
#614=CARTESIAN_POINT('',(0.0142567773090363,0.0219051248210965,0.106497561990947));
#615=CARTESIAN_POINT('',(0.0142187442567635,0.0263589333683131,0.10628589532428));
#616=CARTESIAN_POINT('',(0.018056839076109,0.0286187752313732,0.106074228657614));
#617=CARTESIAN_POINT('',(0.0218949338954544,0.0308786170944332,0.105862561990947));
#618=CARTESIAN_POINT('',(0.0257710617670726,0.0286846504102766,0.10565089532428));
#619=CARTESIAN_POINT('',(0.0296471896386909,0.02649068372612,0.105439228657614));
#620=CARTESIAN_POINT('',(0.0296852226909636,0.0220368751789034,0.105227561990947));
#621=CARTESIAN_POINT('',(0.0297232557432365,0.0175830666316869,0.10501589532428));
#622=CARTESIAN_POINT('',(0.025885160923891,0.0153232247686268,0.104804228657614));
#623=CARTESIAN_POINT('',(0.0220470661045456,0.0130633829055668,0.104592561990947));
#624=CARTESIAN_POINT('',(0.0181709382329274,0.0152573495897234,0.10438089532428));
#625=CARTESIAN_POINT('',(0.0142948103613092,0.01745131627388,0.104169228657614));
#626=CARTESIAN_POINT('',(0.0142567773090363,0.0219051248210965,0.103957561990947));
#627=CARTESIAN_POINT('',(0.0142187442567635,0.0263589333683131,0.10374589532428));
#628=CARTESIAN_POINT('',(0.018056839076109,0.0286187752313732,0.103534228657614));
#629=CARTESIAN_POINT('',(0.0218949338954544,0.0308786170944332,0.103322561990947));
#630=CARTESIAN_POINT('',(0.0257710617670726,0.0286846504102766,0.10311089532428));
#631=CARTESIAN_POINT('',(0.0296471896386909,0.02649068372612,0.102899228657614));
#632=CARTESIAN_POINT('',(0.0296852226909636,0.0220368751789034,0.102687561990947));
#633=CARTESIAN_POINT('',(0.0297232557432365,0.0175830666316869,0.10247589532428));
#634=CARTESIAN_POINT('',(0.025885160923891,0.0153232247686268,0.102264228657614));
#635=CARTESIAN_POINT('',(0.0220470661045456,0.0130633829055668,0.102052561990947));
#636=CARTESIAN_POINT('',(0.0181709382329274,0.0152573495897234,0.10184089532428));
#637=CARTESIAN_POINT('',(0.0142948103613092,0.01745131627388,0.101629228657614));
#638=CARTESIAN_POINT('',(0.0142567773090363,0.0219051248210965,0.101417561990947));
#639=CARTESIAN_POINT('',(0.0142187442567635,0.0263589333683131,0.10120589532428));
#640=CARTESIAN_POINT('',(0.018056839076109,0.0286187752313732,0.100994228657614));
#641=CARTESIAN_POINT('',(0.0218949338954544,0.0308786170944332,0.100782561990947));
#642=CARTESIAN_POINT('',(0.0257710617670726,0.0286846504102766,0.10057089532428));
#643=CARTESIAN_POINT('',(0.0296471896386909,0.02649068372612,0.100359228657614));
#644=CARTESIAN_POINT('',(0.0296852226909636,0.0220368751789034,0.100147561990947));
#645=CARTESIAN_POINT('',(0.0297232557432365,0.0175830666316869,0.0999358953242804));
#646=CARTESIAN_POINT('',(0.025885160923891,0.0153232247686268,0.0997242286576138));
#647=CARTESIAN_POINT('',(0.0220470661045456,0.0130633829055668,0.0995125619909471));
#648=CARTESIAN_POINT('',(0.0181709382329274,0.0152573495897234,0.0993008953242805));
#649=CARTESIAN_POINT('',(0.0142948103613092,0.01745131627388,0.0990892286576138));
#650=CARTESIAN_POINT('',(0.0142567773090363,0.0219051248210965,0.0988775619909471));
#651=CARTESIAN_POINT('',(0.0142187442567635,0.0263589333683131,0.0986658953242805));
#652=CARTESIAN_POINT('',(0.018056839076109,0.0286187752313732,0.0984542286576138));
#653=CARTESIAN_POINT('',(0.0218949338954544,0.0308786170944332,0.0982425619909472));
#654=CARTESIAN_POINT('',(0.0257710617670726,0.0286846504102766,0.0980308953242805));
#655=CARTESIAN_POINT('',(0.0296471896386909,0.02649068372612,0.0978192286576137));
#656=CARTESIAN_POINT('',(0.0296852226909636,0.0220368751789034,0.0976075619909471));
#657=CARTESIAN_POINT('',(0.0297232557432365,0.0175830666316869,0.0973958953242804));
#658=CARTESIAN_POINT('',(0.025885160923891,0.0153232247686268,0.0971842286576138));
#659=CARTESIAN_POINT('',(0.0220470661045456,0.0130633829055668,0.0969725619909471));
#660=CARTESIAN_POINT('',(0.0181709382329274,0.0152573495897234,0.0967608953242805));
#661=CARTESIAN_POINT('',(0.0142948103613092,0.01745131627388,0.0965492286576138));
#662=CARTESIAN_POINT('',(0.0142567773090363,0.0219051248210965,0.0963375619909471));
#663=CARTESIAN_POINT('',(0.0142187442567635,0.0263589333683131,0.0961258953242805));
#664=CARTESIAN_POINT('',(0.018056839076109,0.0286187752313732,0.0959142286576138));
#665=CARTESIAN_POINT('',(0.0218949338954544,0.0308786170944332,0.0957025619909472));
#666=CARTESIAN_POINT('',(0.0257710617670726,0.0286846504102766,0.0954908953242805));
#667=CARTESIAN_POINT('',(0.0296471896386909,0.02649068372612,0.0952792286576138));
#668=CARTESIAN_POINT('',(0.0296852226909636,0.0220368751789034,0.0950675619909471));
#669=CARTESIAN_POINT('',(0.0297232557432365,0.0175830666316869,0.0948558953242805));
#670=CARTESIAN_POINT('',(0.025885160923891,0.0153232247686268,0.0946442286576138));
#671=CARTESIAN_POINT('',(0.0220470661045456,0.0130633829055668,0.0944325619909471));
#672=CARTESIAN_POINT('',(0.0181709382329274,0.0152573495897234,0.0942208953242805));
#673=CARTESIAN_POINT('',(0.0142948103613092,0.01745131627388,0.0940092286576138));
#674=CARTESIAN_POINT('',(0.0142567773090363,0.0219051248210965,0.0937975619909471));
#675=CARTESIAN_POINT('',(0.0142187442567635,0.0263589333683131,0.0935858953242804));
#676=CARTESIAN_POINT('',(0.018056839076109,0.0286187752313732,0.0933742286576138));
#677=CARTESIAN_POINT('',(0.0218949338954544,0.0308786170944332,0.0931625619909471));
#678=CARTESIAN_POINT('',(0.0257710617670726,0.0286846504102766,0.0929508953242805));
#679=CARTESIAN_POINT('',(0.0296471896386909,0.02649068372612,0.0927392286576138));
#680=CARTESIAN_POINT('',(0.0296852226909636,0.0220368751789034,0.0925275619909471));
#681=CARTESIAN_POINT('',(0.0297232557432365,0.0175830666316869,0.0923158953242805));
#682=CARTESIAN_POINT('',(0.025885160923891,0.0153232247686268,0.0921042286576138));
#683=CARTESIAN_POINT('',(0.0220470661045456,0.0130633829055668,0.0918925619909472));
#684=CARTESIAN_POINT('',(0.0181709382329274,0.0152573495897234,0.0916808953242805));
#685=CARTESIAN_POINT('',(0.0142948103613092,0.01745131627388,0.0914692286576137));
#686=CARTESIAN_POINT('',(0.0142567773090363,0.0219051248210965,0.0912575619909471));
#687=CARTESIAN_POINT('',(0.0142187442567635,0.0263589333683131,0.0910458953242804));
#688=CARTESIAN_POINT('',(0.018056839076109,0.0286187752313732,0.0908342286576138));
#689=CARTESIAN_POINT('',(0.0218949338954544,0.0308786170944332,0.0906225619909471));
#690=CARTESIAN_POINT('',(0.0257710617670726,0.0286846504102766,0.0904108953242805));
#691=CARTESIAN_POINT('',(0.0296471896386909,0.02649068372612,0.0901992286576138));
#692=CARTESIAN_POINT('',(0.0296852226909636,0.0220368751789034,0.0899875619909471));
#693=CARTESIAN_POINT('',(0.0297232557432365,0.0175830666316869,0.0897758953242805));
#694=CARTESIAN_POINT('',(0.025885160923891,0.0153232247686268,0.0895642286576138));
#695=CARTESIAN_POINT('',(0.0220470661045456,0.0130633829055668,0.0893525619909471));
#696=CARTESIAN_POINT('',(0.0181709382329274,0.0152573495897234,0.0891408953242805));
#697=CARTESIAN_POINT('',(0.0142948103613092,0.01745131627388,0.0889292286576138));
#698=CARTESIAN_POINT('',(0.0142567773090363,0.0219051248210965,0.0887175619909471));
#699=CARTESIAN_POINT('',(0.0142187442567635,0.0263589333683131,0.0885058953242805));
#700=CARTESIAN_POINT('',(0.018056839076109,0.0286187752313732,0.0882942286576138));
#701=CARTESIAN_POINT('',(0.0218949338954544,0.0308786170944332,0.0880825619909471));
#702=CARTESIAN_POINT('',(0.0257710617670726,0.0286846504102766,0.0878708953242805));
#703=CARTESIAN_POINT('',(0.0296471896386909,0.02649068372612,0.0876592286576137));
#704=CARTESIAN_POINT('',(0.0296852226909636,0.0220368751789034,0.0874475619909471));
#705=CARTESIAN_POINT('',(0.0297232557432365,0.0175830666316869,0.0872358953242804));
#706=CARTESIAN_POINT('',(0.025885160923891,0.0153232247686268,0.0870242286576138));
#707=CARTESIAN_POINT('',(0.0220470661045456,0.0130633829055668,0.0868125619909471));
#708=CARTESIAN_POINT('',(0.0181709382329274,0.0152573495897234,0.0866008953242805));
#709=CARTESIAN_POINT('',(0.0142948103613092,0.01745131627388,0.0863892286576138));
#710=CARTESIAN_POINT('',(0.0142567773090363,0.0219051248210965,0.0861775619909471));
#711=CARTESIAN_POINT('',(0.0142187442567635,0.0263589333683131,0.0859658953242805));
#712=CARTESIAN_POINT('',(0.018056839076109,0.0286187752313732,0.0857542286576138));
#713=CARTESIAN_POINT('',(0.0218949338954544,0.0308786170944332,0.0855425619909471));
#714=CARTESIAN_POINT('',(0.0257710617670726,0.0286846504102766,0.0853308953242805));
#715=CARTESIAN_POINT('',(0.0296471896386909,0.02649068372612,0.0851192286576138));
#716=CARTESIAN_POINT('',(0.0296852226909636,0.0220368751789034,0.0849075619909471));
#717=CARTESIAN_POINT('',(0.0297232557432365,0.0175830666316869,0.0846958953242805));
#718=CARTESIAN_POINT('',(0.025885160923891,0.0153232247686268,0.0844842286576138));
#719=CARTESIAN_POINT('',(0.0220470661045456,0.0130633829055668,0.0842725619909471));
#720=CARTESIAN_POINT('',(0.0181709382329274,0.0152573495897234,0.0840608953242805));
#721=CARTESIAN_POINT('',(0.0142948103613092,0.01745131627388,0.0838492286576138));
#722=CARTESIAN_POINT('',(0.0142567773090363,0.0219051248210965,0.0836375619909471));
#723=CARTESIAN_POINT('',(0.0142187442567635,0.0263589333683131,0.0834258953242804));
#724=CARTESIAN_POINT('',(0.018056839076109,0.0286187752313732,0.0832142286576138));
#725=CARTESIAN_POINT('',(0.0218949338954544,0.0308786170944332,0.0830025619909471));
#726=CARTESIAN_POINT('',(0.0257710617670726,0.0286846504102766,0.0827908953242805));
#727=CARTESIAN_POINT('',(0.0296471896386909,0.02649068372612,0.0825792286576138));
#728=CARTESIAN_POINT('',(0.0296852226909636,0.0220368751789034,0.0823675619909471));
#729=CARTESIAN_POINT('',(0.0297232557432365,0.0175830666316869,0.0821558953242805));
#730=CARTESIAN_POINT('',(0.025885160923891,0.0153232247686268,0.0819442286576138));
#731=CARTESIAN_POINT('',(0.0220470661045456,0.0130633829055668,0.0817325619909472));
#732=CARTESIAN_POINT('',(0.0181709382329274,0.0152573495897234,0.0815208953242805));
#733=CARTESIAN_POINT('',(0.0142948103613092,0.01745131627388,0.0813092286576138));
#734=CARTESIAN_POINT('',(0.0142567773090363,0.0219051248210965,0.0810975619909471));
#735=CARTESIAN_POINT('',(0.0142187442567635,0.0263589333683131,0.0808858953242804));
#736=CARTESIAN_POINT('',(0.018056839076109,0.0286187752313732,0.0806742286576138));
#737=CARTESIAN_POINT('',(0.0218949338954544,0.0308786170944332,0.0804625619909471));
#738=CARTESIAN_POINT('',(0.0257710617670726,0.0286846504102766,0.0802508953242805));
#739=CARTESIAN_POINT('',(0.0296471896386909,0.02649068372612,0.0800392286576138));
#740=CARTESIAN_POINT('',(0.0296852226909636,0.0220368751789034,0.0798275619909471));
#741=CARTESIAN_POINT('',(0.0297232557432365,0.0175830666316869,0.0796158953242805));
#742=CARTESIAN_POINT('',(0.025885160923891,0.0153232247686268,0.0794042286576138));
#743=CARTESIAN_POINT('',(0.0220470661045456,0.0130633829055668,0.0791925619909471));
#744=CARTESIAN_POINT('',(0.0181709382329274,0.0152573495897234,0.0789808953242805));
#745=CARTESIAN_POINT('',(0.0142948103613092,0.01745131627388,0.0787692286576138));
#746=CARTESIAN_POINT('',(0.0142567773090363,0.0219051248210965,0.0785575619909471));
#747=CARTESIAN_POINT('',(0.0142187442567635,0.0263589333683131,0.0783458953242805));
#748=CARTESIAN_POINT('',(0.018056839076109,0.0286187752313732,0.0781342286576138));
#749=CARTESIAN_POINT('',(0.0218949338954544,0.0308786170944332,0.0779225619909471));
#750=CARTESIAN_POINT('',(0.0257710617670726,0.0286846504102766,0.0777108953242805));
#751=CARTESIAN_POINT('',(0.0296471896386909,0.02649068372612,0.0774992286576137));
#752=CARTESIAN_POINT('',(0.0296852226909636,0.0220368751789034,0.0772875619909471));
#753=CARTESIAN_POINT('',(0.0297232557432365,0.0175830666316869,0.0770758953242804));
#754=CARTESIAN_POINT('',(0.025885160923891,0.0153232247686268,0.0768642286576138));
#755=CARTESIAN_POINT('',(0.0220470661045456,0.0130633829055668,0.0766525619909471));
#756=CARTESIAN_POINT('',(0.0181709382329274,0.0152573495897234,0.0764408953242805));
#757=CARTESIAN_POINT('',(0.0142948103613092,0.01745131627388,0.0762292286576138));
#758=CARTESIAN_POINT('',(0.0142567773090363,0.0219051248210965,0.0760175619909471));
#759=CARTESIAN_POINT('',(0.0142187442567635,0.0263589333683131,0.0758058953242805));
#760=CARTESIAN_POINT('',(0.018056839076109,0.0286187752313732,0.0755942286576138));
#761=CARTESIAN_POINT('',(0.0218949338954544,0.0308786170944332,0.0753825619909471));
#762=CARTESIAN_POINT('',(0.0257710617670726,0.0286846504102766,0.0751708953242805));
#763=CARTESIAN_POINT('',(0.0296471896386909,0.02649068372612,0.0749592286576138));
#764=CARTESIAN_POINT('',(0.0296852226909636,0.0220368751789034,0.0747475619909471));
#765=CARTESIAN_POINT('',(0.0297232557432365,0.0175830666316869,0.0745358953242805));
#766=CARTESIAN_POINT('',(0.025885160923891,0.0153232247686268,0.0743242286576138));
#767=CARTESIAN_POINT('',(0.0220470661045456,0.0130633829055668,0.0741125619909471));
#768=CARTESIAN_POINT('',(0.0181709382329274,0.0152573495897234,0.0739008953242805));
#769=CARTESIAN_POINT('',(0.0142948103613092,0.01745131627388,0.0736892286576137));
#770=CARTESIAN_POINT('',(0.0142567773090363,0.0219051248210965,0.0734775619909471));
#771=CARTESIAN_POINT('',(0.0142187442567635,0.0263589333683131,0.0732658953242804));
#772=CARTESIAN_POINT('',(0.018056839076109,0.0286187752313732,0.0730542286576138));
#773=CARTESIAN_POINT('',(0.0218949338954544,0.0308786170944332,0.0728425619909471));
#774=CARTESIAN_POINT('',(0.0257710617670726,0.0286846504102766,0.0726308953242805));
#775=CARTESIAN_POINT('',(0.0296471896386909,0.02649068372612,0.0724192286576138));
#776=CARTESIAN_POINT('',(0.0296852226909636,0.0220368751789034,0.0722075619909471));
#777=CARTESIAN_POINT('',(0.0297232557432365,0.0175830666316869,0.0719958953242805));
#778=CARTESIAN_POINT('',(0.025885160923891,0.0153232247686268,0.0717842286576138));
#779=CARTESIAN_POINT('',(0.0220470661045456,0.0130633829055668,0.0715725619909472));
#780=CARTESIAN_POINT('',(0.0181709382329274,0.0152573495897234,0.0713608953242805));
#781=CARTESIAN_POINT('',(0.0142948103613092,0.01745131627388,0.0711492286576137));
#782=CARTESIAN_POINT('',(0.0142567773090363,0.0219051248210965,0.0709375619909471));
#783=CARTESIAN_POINT('',(0.0142187442567635,0.0263589333683131,0.0707258953242804));
#784=CARTESIAN_POINT('',(0.018056839076109,0.0286187752313732,0.0705142286576138));
#785=CARTESIAN_POINT('',(0.0218949338954544,0.0308786170944332,0.0703025619909471));
#786=CARTESIAN_POINT('',(0.0257710617670726,0.0286846504102766,0.0700908953242805));
#787=CARTESIAN_POINT('',(0.0296471896386909,0.02649068372612,0.0698792286576138));
#788=CARTESIAN_POINT('',(0.0296852226909636,0.0220368751789034,0.0696675619909471));
#789=CARTESIAN_POINT('',(0.0297232557432365,0.0175830666316869,0.0694558953242805));
#790=CARTESIAN_POINT('',(0.025885160923891,0.0153232247686268,0.0692442286576138));
#791=CARTESIAN_POINT('',(0.0220470661045456,0.0130633829055668,0.0690325619909471));
#792=CARTESIAN_POINT('',(0.0181709382329274,0.0152573495897234,0.0688208953242805));
#793=CARTESIAN_POINT('',(0.0142948103613092,0.01745131627388,0.0686092286576138));
#794=CARTESIAN_POINT('',(0.0142567773090363,0.0219051248210965,0.0683975619909471));
#795=CARTESIAN_POINT('',(0.0142187442567635,0.0263589333683131,0.0681858953242805));
#796=CARTESIAN_POINT('',(0.018056839076109,0.0286187752313732,0.0679742286576138));
#797=CARTESIAN_POINT('',(0.0218949338954544,0.0308786170944332,0.0677625619909472));
#798=CARTESIAN_POINT('',(0.0257710617670726,0.0286846504102766,0.0675508953242805));
#799=CARTESIAN_POINT('',(0.0296471896386909,0.02649068372612,0.0673392286576137));
#800=CARTESIAN_POINT('',(0.0296852226909636,0.0220368751789034,0.0671275619909471));
#801=CARTESIAN_POINT('',(0.0297232557432365,0.0175830666316869,0.0669158953242804));
#802=CARTESIAN_POINT('',(0.025885160923891,0.0153232247686268,0.0667042286576138));
#803=CARTESIAN_POINT('',(0.0220470661045456,0.0130633829055668,0.0664925619909471));
#804=CARTESIAN_POINT('',(0.0181709382329274,0.0152573495897234,0.0662808953242805));
#805=CARTESIAN_POINT('',(0.0142948103613092,0.01745131627388,0.0660692286576138));
#806=CARTESIAN_POINT('',(0.0142567773090363,0.0219051248210965,0.0658575619909471));
#807=CARTESIAN_POINT('',(0.0142187442567635,0.0263589333683131,0.0656458953242805));
#808=CARTESIAN_POINT('',(0.018056839076109,0.0286187752313732,0.0654342286576138));
#809=CARTESIAN_POINT('',(0.0218949338954544,0.0308786170944332,0.0652225619909471));
#810=CARTESIAN_POINT('',(0.0257710617670726,0.0286846504102766,0.0650108953242805));
#811=CARTESIAN_POINT('',(0.0296471896386909,0.02649068372612,0.0647992286576138));
#812=CARTESIAN_POINT('',(0.0296852226909636,0.0220368751789034,0.0645875619909471));
#813=CARTESIAN_POINT('',(0.0297232557432365,0.0175830666316869,0.0643758953242805));
#814=CARTESIAN_POINT('',(0.025885160923891,0.0153232247686268,0.0641642286576138));
#815=CARTESIAN_POINT('',(0.0220470661045456,0.0130633829055668,0.0639525619909471));
#816=CARTESIAN_POINT('',(0.0181709382329274,0.0152573495897234,0.0637408953242805));
#817=CARTESIAN_POINT('',(0.0142948103613092,0.01745131627388,0.0635292286576137));
#818=CARTESIAN_POINT('',(0.0142567773090363,0.0219051248210965,0.0633175619909471));
#819=CARTESIAN_POINT('',(0.0142187442567635,0.0263589333683131,0.0631058953242804));
#820=CARTESIAN_POINT('',(0.018056839076109,0.0286187752313732,0.0628942286576138));
#821=CARTESIAN_POINT('',(0.0218949338954544,0.0308786170944332,0.0626825619909471));
#822=CARTESIAN_POINT('',(0.0257710617670726,0.0286846504102766,0.0624708953242805));
#823=CARTESIAN_POINT('',(0.0296471896386909,0.02649068372612,0.0622592286576138));
#824=CARTESIAN_POINT('',(0.0296852226909636,0.0220368751789034,0.0620475619909471));
#825=CARTESIAN_POINT('',(0.0297232557432365,0.0175830666316869,0.0618358953242805));
#826=CARTESIAN_POINT('',(0.025885160923891,0.0153232247686268,0.0616242286576138));
#827=CARTESIAN_POINT('',(0.0220470661045456,0.0130633829055668,0.0614125619909472));
#828=CARTESIAN_POINT('',(0.0181709382329274,0.0152573495897234,0.0612008953242805));
#829=CARTESIAN_POINT('',(0.0142948103613092,0.01745131627388,0.0609892286576137));
#830=CARTESIAN_POINT('',(0.0142567773090363,0.0219051248210965,0.0607775619909471));
#831=CARTESIAN_POINT('',(0.0142187442567635,0.0263589333683131,0.0605658953242804));
#832=CARTESIAN_POINT('',(0.018056839076109,0.0286187752313732,0.0603542286576138));
#833=CARTESIAN_POINT('',(0.0218949338954544,0.0308786170944332,0.0601425619909471));
#834=CARTESIAN_POINT('',(0.0257710617670726,0.0286846504102766,0.0599308953242805));
#835=CARTESIAN_POINT('',(0.0296471896386909,0.02649068372612,0.0597192286576138));
#836=CARTESIAN_POINT('',(0.0296852226909636,0.0220368751789034,0.0595075619909471));
#837=CARTESIAN_POINT('',(0.0297232557432365,0.0175830666316869,0.0592958953242805));
#838=CARTESIAN_POINT('',(0.025885160923891,0.0153232247686268,0.0590842286576138));
#839=CARTESIAN_POINT('',(0.0220470661045456,0.0130633829055668,0.0588725619909471));
#840=CARTESIAN_POINT('',(0.0181709382329274,0.0152573495897234,0.0586608953242805));
#841=CARTESIAN_POINT('',(0.0142948103613092,0.01745131627388,0.0584492286576138));
#842=CARTESIAN_POINT('',(0.0142567773090363,0.0219051248210965,0.0582375619909471));
#843=CARTESIAN_POINT('',(0.0142187442567635,0.0263589333683131,0.0580258953242805));
#844=CARTESIAN_POINT('',(0.018056839076109,0.0286187752313732,0.0578142286576138));
#845=CARTESIAN_POINT('',(0.0218949338954544,0.0308786170944332,0.0576025619909471));
#846=CARTESIAN_POINT('',(0.0257710617670726,0.0286846504102766,0.0573908953242805));
#847=CARTESIAN_POINT('',(0.0296471896386909,0.02649068372612,0.0571792286576137));
#848=CARTESIAN_POINT('',(0.0296852226909636,0.0220368751789034,0.0569675619909471));
#849=CARTESIAN_POINT('',(0.0297232557432365,0.0175830666316869,0.0567558953242804));
#850=CARTESIAN_POINT('',(0.025885160923891,0.0153232247686268,0.0565442286576138));
#851=CARTESIAN_POINT('',(0.0220470661045456,0.0130633829055668,0.0563325619909471));
#852=CARTESIAN_POINT('',(0.0181709382329274,0.0152573495897234,0.0561208953242805));
#853=CARTESIAN_POINT('',(0.0142948103613092,0.01745131627388,0.0559092286576138));
#854=CARTESIAN_POINT('',(0.0142567773090363,0.0219051248210965,0.0556975619909471));
#855=CARTESIAN_POINT('',(0.0142187442567635,0.0263589333683131,0.0554858953242805));
#856=CARTESIAN_POINT('',(0.018056839076109,0.0286187752313732,0.0552742286576138));
#857=CARTESIAN_POINT('',(0.0218949338954544,0.0308786170944332,0.0550625619909471));
#858=CARTESIAN_POINT('',(0.0257710617670726,0.0286846504102766,0.0548508953242805));
#859=CARTESIAN_POINT('',(0.0296471896386909,0.02649068372612,0.0546392286576138));
#860=CARTESIAN_POINT('',(0.0296852226909636,0.0220368751789034,0.0544275619909471));
#861=CARTESIAN_POINT('',(0.0297232557432365,0.0175830666316869,0.0542158953242805));
#862=CARTESIAN_POINT('',(0.025885160923891,0.0153232247686268,0.0540042286576138));
#863=CARTESIAN_POINT('',(0.0220470661045456,0.0130633829055668,0.0537925619909471));
#864=CARTESIAN_POINT('',(0.0181709382329274,0.0152573495897234,0.0535808953242805));
#865=CARTESIAN_POINT('',(0.0142948103613092,0.01745131627388,0.0533692286576138));
#866=CARTESIAN_POINT('',(0.0142567773090363,0.0219051248210965,0.0531575619909471));
#867=CARTESIAN_POINT('',(0.0142187442567635,0.0263589333683131,0.0529458953242804));
#868=CARTESIAN_POINT('',(0.018056839076109,0.0286187752313732,0.0527342286576138));
#869=CARTESIAN_POINT('',(0.0218949338954544,0.0308786170944332,0.0525225619909471));
#870=CARTESIAN_POINT('',(0.0257710617670726,0.0286846504102766,0.0523108953242805));
#871=CARTESIAN_POINT('',(0.0296471896386909,0.02649068372612,0.0520992286576138));
#872=CARTESIAN_POINT('',(0.0296852226909636,0.0220368751789034,0.0518875619909471));
#873=CARTESIAN_POINT('',(0.0297232557432365,0.0175830666316869,0.0516758953242805));
#874=CARTESIAN_POINT('',(0.025885160923891,0.0153232247686268,0.0514642286576138));
#875=CARTESIAN_POINT('',(0.0220470661045456,0.0130633829055668,0.0512525619909471));
#876=CARTESIAN_POINT('',(0.0181709382329274,0.0152573495897234,0.0510408953242805));
#877=CARTESIAN_POINT('',(0.0142948103613092,0.01745131627388,0.0508292286576138));
#878=CARTESIAN_POINT('',(0.0142567773090363,0.0219051248210965,0.0506175619909471));
#879=CARTESIAN_POINT('',(0.0142187442567635,0.0263589333683131,0.0504058953242805));
#880=CARTESIAN_POINT('',(0.018056839076109,0.0286187752313732,0.0501942286576138));
#881=CARTESIAN_POINT('',(0.0218949338954544,0.0308786170944332,0.0499825619909471));
#882=CARTESIAN_POINT('',(0.0257710617670726,0.0286846504102766,0.0497708953242805));
#883=CARTESIAN_POINT('',(0.0296471896386909,0.02649068372612,0.0495592286576138));
#884=CARTESIAN_POINT('',(0.0296852226909636,0.0220368751789034,0.0493475619909471));
#885=CARTESIAN_POINT('',(0.0297232557432365,0.0175830666316869,0.0491358953242804));
#886=CARTESIAN_POINT('',(0.025885160923891,0.0153232247686268,0.0489242286576138));
#887=CARTESIAN_POINT('',(0.0220470661045456,0.0130633829055668,0.0487125619909471));
#888=CARTESIAN_POINT('',(0.0181709382329274,0.0152573495897234,0.0485008953242805));
#889=CARTESIAN_POINT('',(0.0142948103613092,0.01745131627388,0.0482892286576138));
#890=CARTESIAN_POINT('',(0.0142567773090363,0.0219051248210965,0.0480775619909471));
#891=CARTESIAN_POINT('',(0.0142187442567635,0.0263589333683131,0.0478658953242804));
#892=CARTESIAN_POINT('',(0.018056839076109,0.0286187752313732,0.0476542286576138));
#893=CARTESIAN_POINT('',(0.0218949338954544,0.0308786170944332,0.0474425619909471));
#894=CARTESIAN_POINT('',(0.0257710617670726,0.0286846504102766,0.0472308953242805));
#895=CARTESIAN_POINT('',(0.0296471896386909,0.02649068372612,0.0470192286576138));
#896=CARTESIAN_POINT('',(0.0296852226909636,0.0220368751789034,0.0468075619909471));
#897=CARTESIAN_POINT('',(0.0297232557432365,0.0175830666316869,0.0465958953242805));
#898=CARTESIAN_POINT('',(0.025885160923891,0.0153232247686268,0.0463842286576138));
#899=CARTESIAN_POINT('',(0.0220470661045456,0.0130633829055668,0.0461725619909471));
#900=CARTESIAN_POINT('',(0.0181709382329274,0.0152573495897234,0.0459608953242805));
#901=CARTESIAN_POINT('',(0.0142948103613092,0.01745131627388,0.0457492286576138));
#902=CARTESIAN_POINT('',(0.0142567773090363,0.0219051248210965,0.0455375619909471));
#903=CARTESIAN_POINT('',(0.0142187442567635,0.0263589333683131,0.0453258953242805));
#904=CARTESIAN_POINT('',(0.018056839076109,0.0286187752313732,0.0451142286576138));
#905=CARTESIAN_POINT('',(0.0218949338954544,0.0308786170944332,0.0449025619909471));
#906=CARTESIAN_POINT('',(0.0257710617670726,0.0286846504102766,0.0446908953242805));
#907=CARTESIAN_POINT('',(0.0296471896386909,0.02649068372612,0.0444792286576138));
#908=CARTESIAN_POINT('',(0.0296852226909636,0.0220368751789034,0.0442675619909471));
#909=CARTESIAN_POINT('',(0.0297232557432365,0.0175830666316869,0.0440558953242805));
#910=CARTESIAN_POINT('',(0.025885160923891,0.0153232247686268,0.0438442286576138));
#911=CARTESIAN_POINT('',(0.0220470661045456,0.0130633829055668,0.0436325619909471));
#912=CARTESIAN_POINT('',(0.0181709382329274,0.0152573495897234,0.0434208953242805));
#913=CARTESIAN_POINT('',(0.0142948103613092,0.01745131627388,0.0432092286576138));
#914=CARTESIAN_POINT('',(0.0142567773090363,0.0219051248210965,0.0429975619909471));
#915=CARTESIAN_POINT('',(0.0142187442567635,0.0263589333683131,0.0427858953242804));
#916=CARTESIAN_POINT('',(0.018056839076109,0.0286187752313732,0.0425742286576138));
#917=CARTESIAN_POINT('',(0.0218949338954544,0.0308786170944332,0.0423625619909471));
#918=CARTESIAN_POINT('',(0.0257710617670726,0.0286846504102766,0.0421508953242805));
#919=CARTESIAN_POINT('',(0.0296471896386909,0.02649068372612,0.0419392286576138));
#920=CARTESIAN_POINT('',(0.0296852226909636,0.0220368751789034,0.0417275619909472));
#921=CARTESIAN_POINT('',(0.0297232557432365,0.0175830666316869,0.0415158953242805));
#922=CARTESIAN_POINT('',(0.025885160923891,0.0153232247686268,0.0413042286576138));
#923=CARTESIAN_POINT('',(0.0220470661045456,0.0130633829055668,0.0410925619909471));
#924=CARTESIAN_POINT('',(0.0181709382329274,0.0152573495897234,0.0408808953242805));
#925=CARTESIAN_POINT('',(0.0142948103613092,0.01745131627388,0.0406692286576138));
#926=CARTESIAN_POINT('',(0.0142567773090363,0.0219051248210965,0.0404575619909472));
#927=CARTESIAN_POINT('',(0.0142187442567635,0.0263589333683131,0.0402458953242805));
#928=CARTESIAN_POINT('',(0.018056839076109,0.0286187752313732,0.0400342286576138));
#929=CARTESIAN_POINT('',(0.0218949338954544,0.0308786170944332,0.0398225619909471));
#930=CARTESIAN_POINT('',(0.0257710617670726,0.0286846504102766,0.0396108953242804));
#931=CARTESIAN_POINT('',(0.0296471896386909,0.02649068372612,0.0393992286576138));
#932=CARTESIAN_POINT('',(0.0296852226909636,0.0220368751789034,0.0391875619909471));
#933=CARTESIAN_POINT('',(0.0297232557432365,0.0175830666316869,0.0389758953242804));
#934=CARTESIAN_POINT('',(0.025885160923891,0.0153232247686268,0.0387642286576138));
#935=CARTESIAN_POINT('',(0.0220470661045456,0.0130633829055668,0.0385525619909471));
#936=CARTESIAN_POINT('',(0.0181709382329274,0.0152573495897234,0.0383408953242804));
#937=CARTESIAN_POINT('',(0.0142948103613092,0.01745131627388,0.0381292286576137));
#938=CARTESIAN_POINT('',(0.0142567773090363,0.0219051248210965,0.0379175619909471));
#939=CARTESIAN_POINT('',(0.0142187442567635,0.0263589333683131,0.0377058953242804));
#940=CARTESIAN_POINT('',(0.018056839076109,0.0286187752313732,0.0374942286576138));
#941=CARTESIAN_POINT('',(0.0218949338954544,0.0308786170944332,0.0372825619909471));
#942=CARTESIAN_POINT('',(0.0257710617670726,0.0286846504102766,0.0370708953242804));
#943=CARTESIAN_POINT('',(0.0296471896386909,0.02649068372612,0.0368592286576138));
#944=CARTESIAN_POINT('',(0.0296852226909636,0.0220368751789034,0.0366475619909472));
#945=CARTESIAN_POINT('',(0.0297232557432365,0.0175830666316869,0.0364358953242805));
#946=CARTESIAN_POINT('',(0.025885160923891,0.0153232247686268,0.0362242286576138));
#947=CARTESIAN_POINT('',(0.0220470661045456,0.0130633829055668,0.0360125619909471));
#948=CARTESIAN_POINT('',(0.0181709382329274,0.0152573495897234,0.0358008953242805));
#949=CARTESIAN_POINT('',(0.0142948103613092,0.01745131627388,0.0355892286576138));
#950=CARTESIAN_POINT('',(0.0142567773090363,0.0219051248210965,0.0353775619909472));
#951=CARTESIAN_POINT('',(0.0142187442567635,0.0263589333683131,0.0351658953242805));
#952=CARTESIAN_POINT('',(0.018056839076109,0.0286187752313732,0.0349542286576138));
#953=CARTESIAN_POINT('',(0.0218949338954544,0.0308786170944332,0.0347425619909471));
#954=CARTESIAN_POINT('',(0.0257710617670726,0.0286846504102766,0.0345308953242805));
#955=CARTESIAN_POINT('',(0.0296471896386909,0.02649068372612,0.0343192286576138));
#956=CARTESIAN_POINT('',(0.0296852226909636,0.0220368751789034,0.0341075619909471));
#957=CARTESIAN_POINT('',(0.0297232557432365,0.0175830666316869,0.0338958953242804));
#958=CARTESIAN_POINT('',(0.025885160923891,0.0153232247686268,0.0336842286576138));
#959=CARTESIAN_POINT('',(0.0220470661045456,0.0130633829055668,0.0334725619909471));
#960=CARTESIAN_POINT('',(0.0181709382329274,0.0152573495897234,0.0332608953242805));
#961=CARTESIAN_POINT('',(0.0142948103613092,0.01745131627388,0.0330492286576138));
#962=CARTESIAN_POINT('',(0.0142567773090363,0.0219051248210965,0.0328375619909471));
#963=CARTESIAN_POINT('',(0.0142187442567635,0.0263589333683131,0.0326258953242804));
#964=CARTESIAN_POINT('',(0.018056839076109,0.0286187752313732,0.0324142286576138));
#965=CARTESIAN_POINT('',(0.0218949338954544,0.0308786170944332,0.0322025619909471));
#966=CARTESIAN_POINT('',(0.0257710617670726,0.0286846504102766,0.0319908953242805));
#967=CARTESIAN_POINT('',(0.0296471896386909,0.02649068372612,0.0317792286576138));
#968=CARTESIAN_POINT('',(0.0296852226909636,0.0220368751789034,0.0315675619909472));
#969=CARTESIAN_POINT('',(0.0297232557432365,0.0175830666316869,0.0313558953242805));
#970=CARTESIAN_POINT('',(0.025885160923891,0.0153232247686268,0.0311442286576138));
#971=CARTESIAN_POINT('',(0.0220470661045456,0.0130633829055668,0.0309325619909471));
#972=CARTESIAN_POINT('',(0.0181709382329274,0.0152573495897234,0.0307208953242804));
#973=CARTESIAN_POINT('',(0.0142948103613092,0.01745131627388,0.0305092286576138));
#974=CARTESIAN_POINT('',(0.0142567773090363,0.0219051248210965,0.0302975619909471));
#975=CARTESIAN_POINT('',(0.0142187442567635,0.0263589333683131,0.0300858953242804));
#976=CARTESIAN_POINT('',(0.018056839076109,0.0286187752313732,0.0298742286576138));
#977=CARTESIAN_POINT('',(0.0218949338954544,0.0308786170944332,0.0296625619909471));
#978=CARTESIAN_POINT('',(0.0257710617670726,0.0286846504102766,0.0294508953242804));
#979=CARTESIAN_POINT('',(0.0296471896386909,0.02649068372612,0.0292392286576138));
#980=CARTESIAN_POINT('',(0.0296852226909636,0.0220368751789034,0.0290275619909471));
#981=CARTESIAN_POINT('',(0.0297232557432365,0.0175830666316869,0.0288158953242804));
#982=CARTESIAN_POINT('',(0.025885160923891,0.0153232247686268,0.0286042286576138));
#983=CARTESIAN_POINT('',(0.0220470661045456,0.0130633829055668,0.0283925619909471));
#984=CARTESIAN_POINT('',(0.0181709382329274,0.0152573495897234,0.0281808953242805));
#985=CARTESIAN_POINT('',(0.0142948103613092,0.01745131627388,0.0279692286576138));
#986=CARTESIAN_POINT('',(0.0142567773090363,0.0219051248210965,0.0277575619909471));
#987=CARTESIAN_POINT('',(0.0142187442567635,0.0263589333683131,0.0275458953242804));
#988=CARTESIAN_POINT('',(0.018056839076109,0.0286187752313732,0.0273342286576138));
#989=CARTESIAN_POINT('',(0.0218949338954544,0.0308786170944332,0.0271225619909471));
#990=CARTESIAN_POINT('',(0.0257710617670726,0.0286846504102766,0.0269108953242805));
#991=CARTESIAN_POINT('',(0.0296471896386909,0.02649068372612,0.0266992286576138));
#992=CARTESIAN_POINT('',(0.0296852226909636,0.0220368751789034,0.0264875619909472));
#993=CARTESIAN_POINT('',(0.0297232557432365,0.0175830666316869,0.0262758953242805));
#994=CARTESIAN_POINT('',(0.025885160923891,0.0153232247686268,0.0260642286576138));
#995=CARTESIAN_POINT('',(0.0220470661045456,0.0130633829055668,0.0258525619909471));
#996=CARTESIAN_POINT('',(0.0181709382329274,0.0152573495897234,0.0256408953242805));
#997=CARTESIAN_POINT('',(0.0142948103613092,0.01745131627388,0.0254292286576138));
#998=CARTESIAN_POINT('',(0.0142567773090363,0.0219051248210965,0.0252175619909472));
#999=CARTESIAN_POINT('',(0.0142187442567635,0.0263589333683131,0.0250058953242805));
#1000=CARTESIAN_POINT('',(0.018056839076109,0.0286187752313732,0.0247942286576137));
#1001=CARTESIAN_POINT('',(0.0218949338954544,0.0308786170944332,0.0245825619909471));
#1002=CARTESIAN_POINT('',(0.0257710617670726,0.0286846504102766,0.0243708953242804));
#1003=CARTESIAN_POINT('',(0.0296471896386909,0.02649068372612,0.0241592286576138));
#1004=CARTESIAN_POINT('',(0.0296852226909636,0.0220368751789034,0.0239475619909471));
#1005=CARTESIAN_POINT('',(0.0297232557432365,0.0175830666316869,0.0237358953242804));
#1006=CARTESIAN_POINT('',(0.025885160923891,0.0153232247686268,0.0235242286576138));
#1007=CARTESIAN_POINT('',(0.0220470661045456,0.0130633829055668,0.0233125619909471));
#1008=CARTESIAN_POINT('',(0.0181709382329274,0.0152573495897234,0.0231008953242804));
#1009=CARTESIAN_POINT('',(0.0142948103613092,0.01745131627388,0.0228892286576138));
#1010=CARTESIAN_POINT('',(0.0142567773090363,0.0219051248210965,0.0226775619909471));
#1011=CARTESIAN_POINT('',(0.0142187442567635,0.0263589333683131,0.0224658953242804));
#1012=CARTESIAN_POINT('',(0.018056839076109,0.0286187752313732,0.0222542286576138));
#1013=CARTESIAN_POINT('',(0.0218949338954544,0.0308786170944332,0.0220425619909471));
#1014=CARTESIAN_POINT('',(0.0257710617670726,0.0286846504102766,0.0218308953242804));
#1015=CARTESIAN_POINT('',(0.0296471896386909,0.02649068372612,0.0216192286576138));
#1016=CARTESIAN_POINT('',(0.0296852226909636,0.0220368751789034,0.0214075619909471));
#1017=CARTESIAN_POINT('',(0.0297232557432365,0.0175830666316869,0.0211958953242805));
#1018=CARTESIAN_POINT('',(0.025885160923891,0.0153232247686268,0.0209842286576138));
#1019=CARTESIAN_POINT('',(0.0220470661045456,0.0130633829055668,0.0207725619909471));
#1020=CARTESIAN_POINT('',(0.0181709382329274,0.0152573495897234,0.0205608953242805));
#1021=CARTESIAN_POINT('',(0.0142948103613092,0.01745131627388,0.0203492286576138));
#1022=CARTESIAN_POINT('',(0.0142567773090363,0.0219051248210965,0.0201375619909471));
#1023=CARTESIAN_POINT('',(0.0142187442567635,0.0263589333683131,0.0199258953242804));
#1024=CARTESIAN_POINT('',(0.018056839076109,0.0286187752313732,0.0197142286576137));
#1025=CARTESIAN_POINT('',(0.0218949338954544,0.0308786170944332,0.0195025619909471));
#1026=CARTESIAN_POINT('',(0.0257710617670726,0.0286846504102766,0.0192908953242805));
#1027=CARTESIAN_POINT('',(0.0296471896386909,0.02649068372612,0.0190792286576138));
#1028=CARTESIAN_POINT('',(0.0296852226909636,0.0220368751789034,0.0188675619909471));
#1029=CARTESIAN_POINT('',(0.0297232557432365,0.0175830666316869,0.0186558953242804));
#1030=CARTESIAN_POINT('',(0.025885160923891,0.0153232247686268,0.0184442286576138));
#1031=CARTESIAN_POINT('',(0.0220470661045456,0.0130633829055668,0.0182325619909471));
#1032=CARTESIAN_POINT('',(0.0181709382329274,0.0152573495897234,0.0180208953242805));
#1033=CARTESIAN_POINT('',(0.0142948103613092,0.01745131627388,0.0178092286576138));
#1034=CARTESIAN_POINT('',(0.0142567773090363,0.0219051248210965,0.0175975619909471));
#1035=CARTESIAN_POINT('',(0.0142187442567635,0.0263589333683131,0.0173858953242804));
#1036=CARTESIAN_POINT('',(0.018056839076109,0.0286187752313732,0.0171742286576138));
#1037=CARTESIAN_POINT('',(0.0218949338954544,0.0308786170944332,0.0169625619909471));
#1038=CARTESIAN_POINT('',(0.0257710617670726,0.0286846504102766,0.0167508953242805));
#1039=CARTESIAN_POINT('',(0.0296471896386909,0.02649068372612,0.0165392286576138));
#1040=CARTESIAN_POINT('',(0.0296852226909636,0.0220368751789034,0.0163275619909471));
#1041=CARTESIAN_POINT('',(0.0297232557432365,0.0175830666316869,0.0161158953242804));
#1042=CARTESIAN_POINT('',(0.025885160923891,0.0153232247686268,0.0159042286576138));
#1043=CARTESIAN_POINT('',(0.0220470661045456,0.0130633829055668,0.0156925619909471));
#1044=CARTESIAN_POINT('',(0.0181709382329274,0.0152573495897234,0.0154808953242804));
#1045=CARTESIAN_POINT('',(0.0142948103613092,0.01745131627388,0.0152692286576138));
#1046=CARTESIAN_POINT('',(0.0142567773090363,0.0219051248210965,0.0150575619909471));
#1047=CARTESIAN_POINT('',(0.0142187442567635,0.0263589333683131,0.0148458953242804));
#1048=CARTESIAN_POINT('',(0.018056839076109,0.0286187752313732,0.0146342286576138));
#1049=CARTESIAN_POINT('',(0.0218949338954544,0.0308786170944332,0.0144225619909471));
#1050=CARTESIAN_POINT('',(0.0257710617670726,0.0286846504102766,0.0142108953242804));
#1051=CARTESIAN_POINT('',(0.0296471896386909,0.02649068372612,0.0139992286576138));
#1052=CARTESIAN_POINT('',(0.0296852226909636,0.0220368751789034,0.0137875619909471));
#1053=CARTESIAN_POINT('',(0.0297232557432365,0.0175830666316869,0.0135758953242804));
#1054=CARTESIAN_POINT('',(0.025885160923891,0.0153232247686268,0.0133642286576138));
#1055=CARTESIAN_POINT('',(0.0220470661045456,0.0130633829055668,0.0131525619909471));
#1056=CARTESIAN_POINT('',(0.0181709382329274,0.0152573495897234,0.0129408953242804));
#1057=CARTESIAN_POINT('',(0.0142948103613092,0.01745131627388,0.0127292286576138));
#1058=CARTESIAN_POINT('',(0.0142567773090363,0.0219051248210965,0.0125175619909471));
#1059=CARTESIAN_POINT('',(0.0142187442567635,0.0263589333683131,0.0123058953242804));
#1060=CARTESIAN_POINT('',(0.018056839076109,0.0286187752313732,0.0120942286576138));
#1061=CARTESIAN_POINT('',(0.0218949338954544,0.0308786170944332,0.0118825619909471));
#1062=CARTESIAN_POINT('',(0.0257710617670726,0.0286846504102766,0.0116708953242804));
#1063=CARTESIAN_POINT('',(0.0296471896386909,0.02649068372612,0.0114592286576138));
#1064=CARTESIAN_POINT('',(0.0296852226909636,0.0220368751789034,0.0112475619909471));
#1065=CARTESIAN_POINT('',(0.0269391492376371,0.0209108617295063,0.180195866657832));
#1066=CARTESIAN_POINT('',(0.0264676496386929,0.0187012628137439,0.180016756782463));
#1067=CARTESIAN_POINT('',(0.0245109994424315,0.0175715906268628,0.179853702611372));
#1068=CARTESIAN_POINT('',(0.0219709992565753,0.0161051212650334,0.179642035944705));
#1069=CARTESIAN_POINT('',(0.0194309994424315,0.0175715912706874,0.179430369278038));
#1070=CARTESIAN_POINT('',(0.0168909996282877,0.0190380612763414,0.179218702611372));
#1071=CARTESIAN_POINT('',(0.016891,0.0219710006438247,0.179007035944705));
#1072=CARTESIAN_POINT('',(0.0168910003717124,0.0249039400113079,0.178795369278039));
#1073=CARTESIAN_POINT('',(0.0194310005575685,0.0263704093731373,0.178583702611372));
#1074=CARTESIAN_POINT('',(0.0219710007434247,0.0278368787349666,0.178372035944705));
#1075=CARTESIAN_POINT('',(0.0245110005575685,0.0263704087293126,0.178160369278038));
#1076=CARTESIAN_POINT('',(0.0270510003717123,0.0249039387236587,0.177948702611372));
#1077=CARTESIAN_POINT('',(0.027051,0.0219709993561754,0.177737035944705));
#1078=CARTESIAN_POINT('',(0.0270509996282876,0.0190380599886921,0.177525369278039));
#1079=CARTESIAN_POINT('',(0.0245109994424315,0.0175715906268628,0.177313702611372));
#1080=CARTESIAN_POINT('',(0.0219709992565753,0.0161051212650334,0.177102035944705));
#1081=CARTESIAN_POINT('',(0.0194309994424315,0.0175715912706874,0.176890369278038));
#1082=CARTESIAN_POINT('',(0.0168909996282877,0.0190380612763414,0.176678702611372));
#1083=CARTESIAN_POINT('',(0.016891,0.0219710006438247,0.176467035944705));
#1084=CARTESIAN_POINT('',(0.0168910003717124,0.0249039400113079,0.176255369278039));
#1085=CARTESIAN_POINT('',(0.0194310005575685,0.0263704093731373,0.176043702611372));
#1086=CARTESIAN_POINT('',(0.0219710007434247,0.0278368787349666,0.175832035944705));
#1087=CARTESIAN_POINT('',(0.0245110005575685,0.0263704087293126,0.175620369278038));
#1088=CARTESIAN_POINT('',(0.0270510003717123,0.0249039387236587,0.175408702611372));
#1089=CARTESIAN_POINT('',(0.027051,0.0219709993561754,0.175197035944705));
#1090=CARTESIAN_POINT('',(0.0270509996282876,0.0190380599886921,0.174985369278039));
#1091=CARTESIAN_POINT('',(0.0245109994424315,0.0175715906268628,0.174773702611372));
#1092=CARTESIAN_POINT('',(0.0219709992565753,0.0161051212650334,0.174562035944705));
#1093=CARTESIAN_POINT('',(0.0194309994424315,0.0175715912706874,0.174350369278038));
#1094=CARTESIAN_POINT('',(0.0168909996282877,0.0190380612763414,0.174138702611372));
#1095=CARTESIAN_POINT('',(0.016891,0.0219710006438247,0.173927035944705));
#1096=CARTESIAN_POINT('',(0.0168910003717124,0.0249039400113079,0.173715369278039));
#1097=CARTESIAN_POINT('',(0.0194310005575685,0.0263704093731373,0.173503702611372));
#1098=CARTESIAN_POINT('',(0.0219710007434247,0.0278368787349666,0.173292035944705));
#1099=CARTESIAN_POINT('',(0.0245110005575685,0.0263704087293126,0.173080369278038));
#1100=CARTESIAN_POINT('',(0.0270510003717123,0.0249039387236587,0.172868702611372));
#1101=CARTESIAN_POINT('',(0.027051,0.0219709993561754,0.172657035944705));
#1102=CARTESIAN_POINT('',(0.0270509996282876,0.0190380599886921,0.172445369278039));
#1103=CARTESIAN_POINT('',(0.0245109994424315,0.0175715906268628,0.172233702611372));
#1104=CARTESIAN_POINT('',(0.0219709992565753,0.0161051212650334,0.172022035944705));
#1105=CARTESIAN_POINT('',(0.0194309994424315,0.0175715912706874,0.171810369278038));
#1106=CARTESIAN_POINT('',(0.0168909996282877,0.0190380612763414,0.171598702611372));
#1107=CARTESIAN_POINT('',(0.016891,0.0219710006438247,0.171387035944705));
#1108=CARTESIAN_POINT('',(0.0168910003717124,0.0249039400113079,0.171175369278039));
#1109=CARTESIAN_POINT('',(0.0194310005575685,0.0263704093731373,0.170963702611372));
#1110=CARTESIAN_POINT('',(0.0219710007434247,0.0278368787349666,0.170752035944705));
#1111=CARTESIAN_POINT('',(0.0245110005575685,0.0263704087293126,0.170540369278038));
#1112=CARTESIAN_POINT('',(0.0270510003717123,0.0249039387236587,0.170328702611372));
#1113=CARTESIAN_POINT('',(0.027051,0.0219709993561754,0.170117035944705));
#1114=CARTESIAN_POINT('',(0.0270509996282876,0.0190380599886921,0.169905369278038));
#1115=CARTESIAN_POINT('',(0.0245109994424315,0.0175715906268628,0.169693702611372));
#1116=CARTESIAN_POINT('',(0.0219709992565753,0.0161051212650334,0.169482035944705));
#1117=CARTESIAN_POINT('',(0.0194309994424315,0.0175715912706874,0.169270369278039));
#1118=CARTESIAN_POINT('',(0.0168909996282877,0.0190380612763414,0.169058702611372));
#1119=CARTESIAN_POINT('',(0.016891,0.0219710006438247,0.168847035944705));
#1120=CARTESIAN_POINT('',(0.0168910003717124,0.0249039400113079,0.168635369278039));
#1121=CARTESIAN_POINT('',(0.0194310005575685,0.0263704093731373,0.168423702611372));
#1122=CARTESIAN_POINT('',(0.0219710007434247,0.0278368787349666,0.168212035944705));
#1123=CARTESIAN_POINT('',(0.0245110005575685,0.0263704087293126,0.168000369278038));
#1124=CARTESIAN_POINT('',(0.0270510003717123,0.0249039387236587,0.167788702611372));
#1125=CARTESIAN_POINT('',(0.027051,0.0219709993561754,0.167577035944705));
#1126=CARTESIAN_POINT('',(0.0270509996282876,0.0190380599886921,0.167365369278039));
#1127=CARTESIAN_POINT('',(0.0245109994424315,0.0175715906268628,0.167153702611372));
#1128=CARTESIAN_POINT('',(0.0219709992565753,0.0161051212650334,0.166942035944705));
#1129=CARTESIAN_POINT('',(0.0194309994424315,0.0175715912706874,0.166730369278038));
#1130=CARTESIAN_POINT('',(0.0168909996282877,0.0190380612763414,0.166518702611372));
#1131=CARTESIAN_POINT('',(0.016891,0.0219710006438247,0.166307035944705));
#1132=CARTESIAN_POINT('',(0.0168910003717124,0.0249039400113079,0.166095369278039));
#1133=CARTESIAN_POINT('',(0.0194310005575685,0.0263704093731373,0.165883702611372));
#1134=CARTESIAN_POINT('',(0.0219710007434247,0.0278368787349666,0.165672035944705));
#1135=CARTESIAN_POINT('',(0.0245110005575685,0.0263704087293126,0.165460369278038));
#1136=CARTESIAN_POINT('',(0.0270510003717123,0.0249039387236587,0.165248702611372));
#1137=CARTESIAN_POINT('',(0.027051,0.0219709993561754,0.165037035944705));
#1138=CARTESIAN_POINT('',(0.0270509996282876,0.0190380599886921,0.164825369278039));
#1139=CARTESIAN_POINT('',(0.0245109994424315,0.0175715906268628,0.164613702611372));
#1140=CARTESIAN_POINT('',(0.0219709992565753,0.0161051212650334,0.164402035944705));
#1141=CARTESIAN_POINT('',(0.0194309994424315,0.0175715912706874,0.164190369278038));
#1142=CARTESIAN_POINT('',(0.0168909996282877,0.0190380612763414,0.163978702611372));
#1143=CARTESIAN_POINT('',(0.016891,0.0219710006438247,0.163767035944705));
#1144=CARTESIAN_POINT('',(0.0168910003717124,0.0249039400113079,0.163555369278039));
#1145=CARTESIAN_POINT('',(0.0194310005575685,0.0263704093731373,0.163343702611372));
#1146=CARTESIAN_POINT('',(0.0219710007434247,0.0278368787349666,0.163132035944705));
#1147=CARTESIAN_POINT('',(0.0245110005575685,0.0263704087293126,0.162920369278038));
#1148=CARTESIAN_POINT('',(0.0270510003717123,0.0249039387236587,0.162708702611372));
#1149=CARTESIAN_POINT('',(0.027051,0.0219709993561754,0.162497035944705));
#1150=CARTESIAN_POINT('',(0.0270509996282876,0.0190380599886921,0.162285369278038));
#1151=CARTESIAN_POINT('',(0.0245109994424315,0.0175715906268628,0.162073702611372));
#1152=CARTESIAN_POINT('',(0.0219709992565753,0.0161051212650334,0.161862035944705));
#1153=CARTESIAN_POINT('',(0.0194309994424315,0.0175715912706874,0.161650369278038));
#1154=CARTESIAN_POINT('',(0.0168909996282877,0.0190380612763414,0.161438702611372));
#1155=CARTESIAN_POINT('',(0.016891,0.0219710006438247,0.161227035944705));
#1156=CARTESIAN_POINT('',(0.0168910003717124,0.0249039400113079,0.161015369278039));
#1157=CARTESIAN_POINT('',(0.0194310005575685,0.0263704093731373,0.160803702611372));
#1158=CARTESIAN_POINT('',(0.0219710007434247,0.0278368787349666,0.160592035944705));
#1159=CARTESIAN_POINT('',(0.0245110005575685,0.0263704087293126,0.160380369278038));
#1160=CARTESIAN_POINT('',(0.0270510003717123,0.0249039387236587,0.160168702611372));
#1161=CARTESIAN_POINT('',(0.027051,0.0219709993561754,0.159957035944705));
#1162=CARTESIAN_POINT('',(0.0270509996282876,0.0190380599886921,0.159745369278039));
#1163=CARTESIAN_POINT('',(0.0245109994424315,0.0175715906268628,0.159533702611372));
#1164=CARTESIAN_POINT('',(0.0219709992565753,0.0161051212650334,0.159322035944705));
#1165=CARTESIAN_POINT('',(0.0194309994424315,0.0175715912706874,0.159110369278038));
#1166=CARTESIAN_POINT('',(0.0168909996282877,0.0190380612763414,0.158898702611372));
#1167=CARTESIAN_POINT('',(0.016891,0.0219710006438247,0.158687035944705));
#1168=CARTESIAN_POINT('',(0.0168910003717124,0.0249039400113079,0.158475369278039));
#1169=CARTESIAN_POINT('',(0.0194310005575685,0.0263704093731373,0.158263702611372));
#1170=CARTESIAN_POINT('',(0.0219710007434247,0.0278368787349666,0.158052035944705));
#1171=CARTESIAN_POINT('',(0.0245110005575685,0.0263704087293126,0.157840369278039));
#1172=CARTESIAN_POINT('',(0.0270510003717123,0.0249039387236587,0.157628702611372));
#1173=CARTESIAN_POINT('',(0.027051,0.0219709993561754,0.157417035944705));
#1174=CARTESIAN_POINT('',(0.0270509996282876,0.0190380599886921,0.157205369278038));
#1175=CARTESIAN_POINT('',(0.0245109994424315,0.0175715906268628,0.156993702611372));
#1176=CARTESIAN_POINT('',(0.0219709992565753,0.0161051212650334,0.156782035944705));
#1177=CARTESIAN_POINT('',(0.0194309994424315,0.0175715912706874,0.156570369278038));
#1178=CARTESIAN_POINT('',(0.0168909996282877,0.0190380612763414,0.156358702611372));
#1179=CARTESIAN_POINT('',(0.016891,0.0219710006438247,0.156147035944705));
#1180=CARTESIAN_POINT('',(0.0168910003717124,0.0249039400113079,0.155935369278038));
#1181=CARTESIAN_POINT('',(0.0194310005575685,0.0263704093731373,0.155723702611372));
#1182=CARTESIAN_POINT('',(0.0219710007434247,0.0278368787349666,0.155512035944705));
#1183=CARTESIAN_POINT('',(0.0245110005575685,0.0263704087293126,0.155300369278038));
#1184=CARTESIAN_POINT('',(0.0270510003717123,0.0249039387236587,0.155088702611372));
#1185=CARTESIAN_POINT('',(0.027051,0.0219709993561754,0.154877035944705));
#1186=CARTESIAN_POINT('',(0.0270509996282876,0.0190380599886921,0.154665369278039));
#1187=CARTESIAN_POINT('',(0.0245109994424315,0.0175715906268628,0.154453702611372));
#1188=CARTESIAN_POINT('',(0.0219709992565753,0.0161051212650334,0.154242035944705));
#1189=CARTESIAN_POINT('',(0.0194309994424315,0.0175715912706874,0.154030369278038));
#1190=CARTESIAN_POINT('',(0.0168909996282877,0.0190380612763414,0.153818702611372));
#1191=CARTESIAN_POINT('',(0.016891,0.0219710006438247,0.153607035944705));
#1192=CARTESIAN_POINT('',(0.0168910003717124,0.0249039400113079,0.153395369278039));
#1193=CARTESIAN_POINT('',(0.0194310005575685,0.0263704093731373,0.153183702611372));
#1194=CARTESIAN_POINT('',(0.0219710007434247,0.0278368787349666,0.152972035944705));
#1195=CARTESIAN_POINT('',(0.0245110005575685,0.0263704087293126,0.152760369278038));
#1196=CARTESIAN_POINT('',(0.0270510003717123,0.0249039387236587,0.152548702611372));
#1197=CARTESIAN_POINT('',(0.027051,0.0219709993561754,0.152337035944705));
#1198=CARTESIAN_POINT('',(0.0270509996282876,0.0190380599886921,0.152125369278039));
#1199=CARTESIAN_POINT('',(0.0245109994424315,0.0175715906268628,0.151913702611372));
#1200=CARTESIAN_POINT('',(0.0219709992565753,0.0161051212650334,0.151702035944705));
#1201=CARTESIAN_POINT('',(0.0194309994424315,0.0175715912706874,0.151490369278038));
#1202=CARTESIAN_POINT('',(0.0168909996282877,0.0190380612763414,0.151278702611372));
#1203=CARTESIAN_POINT('',(0.016891,0.0219710006438247,0.151067035944705));
#1204=CARTESIAN_POINT('',(0.0168910003717124,0.0249039400113079,0.150855369278039));
#1205=CARTESIAN_POINT('',(0.0194310005575685,0.0263704093731373,0.150643702611372));
#1206=CARTESIAN_POINT('',(0.0219710007434247,0.0278368787349666,0.150432035944705));
#1207=CARTESIAN_POINT('',(0.0245110005575685,0.0263704087293126,0.150220369278038));
#1208=CARTESIAN_POINT('',(0.0270510003717123,0.0249039387236587,0.150008702611372));
#1209=CARTESIAN_POINT('',(0.027051,0.0219709993561754,0.149797035944705));
#1210=CARTESIAN_POINT('',(0.0270509996282876,0.0190380599886921,0.149585369278038));
#1211=CARTESIAN_POINT('',(0.0245109994424315,0.0175715906268628,0.149373702611372));
#1212=CARTESIAN_POINT('',(0.0219709992565753,0.0161051212650334,0.149162035944705));
#1213=CARTESIAN_POINT('',(0.0194309994424315,0.0175715912706874,0.148950369278039));
#1214=CARTESIAN_POINT('',(0.0168909996282877,0.0190380612763414,0.148738702611372));
#1215=CARTESIAN_POINT('',(0.016891,0.0219710006438247,0.148527035944705));
#1216=CARTESIAN_POINT('',(0.0168910003717124,0.0249039400113079,0.148315369278039));
#1217=CARTESIAN_POINT('',(0.0194310005575685,0.0263704093731373,0.148103702611372));
#1218=CARTESIAN_POINT('',(0.0219710007434247,0.0278368787349666,0.147892035944705));
#1219=CARTESIAN_POINT('',(0.0245110005575685,0.0263704087293126,0.147680369278039));
#1220=CARTESIAN_POINT('',(0.0270510003717123,0.0249039387236587,0.147468702611372));
#1221=CARTESIAN_POINT('',(0.027051,0.0219709993561754,0.147257035944705));
#1222=CARTESIAN_POINT('',(0.0270509996282876,0.0190380599886921,0.147045369278039));
#1223=CARTESIAN_POINT('',(0.0245109994424315,0.0175715906268628,0.146833702611372));
#1224=CARTESIAN_POINT('',(0.0219709992565753,0.0161051212650334,0.146622035944705));
#1225=CARTESIAN_POINT('',(0.0194309994424315,0.0175715912706874,0.146410369278039));
#1226=CARTESIAN_POINT('',(0.0168909996282877,0.0190380612763414,0.146198702611372));
#1227=CARTESIAN_POINT('',(0.016891,0.0219710006438247,0.145987035944705));
#1228=CARTESIAN_POINT('',(0.0168910003717124,0.0249039400113079,0.145775369278039));
#1229=CARTESIAN_POINT('',(0.0194310005575685,0.0263704093731373,0.145563702611372));
#1230=CARTESIAN_POINT('',(0.0219710007434247,0.0278368787349666,0.145352035944705));
#1231=CARTESIAN_POINT('',(0.0245110005575685,0.0263704087293126,0.145140369278039));
#1232=CARTESIAN_POINT('',(0.0270510003717123,0.0249039387236587,0.144928702611372));
#1233=CARTESIAN_POINT('',(0.027051,0.0219709993561754,0.144717035944705));
#1234=CARTESIAN_POINT('',(0.0270509996282876,0.0190380599886921,0.144505369278039));
#1235=CARTESIAN_POINT('',(0.0245109994424315,0.0175715906268628,0.144293702611372));
#1236=CARTESIAN_POINT('',(0.0219709992565753,0.0161051212650334,0.144082035944705));
#1237=CARTESIAN_POINT('',(0.0194309994424315,0.0175715912706874,0.143870369278039));
#1238=CARTESIAN_POINT('',(0.0168909996282877,0.0190380612763414,0.143658702611372));
#1239=CARTESIAN_POINT('',(0.016891,0.0219710006438247,0.143447035944705));
#1240=CARTESIAN_POINT('',(0.0168910003717124,0.0249039400113079,0.143235369278039));
#1241=CARTESIAN_POINT('',(0.0194310005575685,0.0263704093731373,0.143023702611372));
#1242=CARTESIAN_POINT('',(0.0219710007434247,0.0278368787349666,0.142812035944705));
#1243=CARTESIAN_POINT('',(0.0245110005575685,0.0263704087293126,0.142600369278039));
#1244=CARTESIAN_POINT('',(0.0270510003717123,0.0249039387236587,0.142388702611372));
#1245=CARTESIAN_POINT('',(0.027051,0.0219709993561754,0.142177035944705));
#1246=CARTESIAN_POINT('',(0.0270509996282876,0.0190380599886921,0.141965369278039));
#1247=CARTESIAN_POINT('',(0.0245109994424315,0.0175715906268628,0.141753702611372));
#1248=CARTESIAN_POINT('',(0.0219709992565753,0.0161051212650334,0.141542035944705));
#1249=CARTESIAN_POINT('',(0.0194309994424315,0.0175715912706874,0.141330369278039));
#1250=CARTESIAN_POINT('',(0.0168909996282877,0.0190380612763414,0.141118702611372));
#1251=CARTESIAN_POINT('',(0.016891,0.0219710006438247,0.140907035944705));
#1252=CARTESIAN_POINT('',(0.0168910003717124,0.0249039400113079,0.140695369278039));
#1253=CARTESIAN_POINT('',(0.0194310005575685,0.0263704093731373,0.140483702611372));
#1254=CARTESIAN_POINT('',(0.0219710007434247,0.0278368787349666,0.140272035944705));
#1255=CARTESIAN_POINT('',(0.0245110005575685,0.0263704087293126,0.140060369278039));
#1256=CARTESIAN_POINT('',(0.0270510003717123,0.0249039387236587,0.139848702611372));
#1257=CARTESIAN_POINT('',(0.027051,0.0219709993561754,0.139637035944705));
#1258=CARTESIAN_POINT('',(0.0270509996282876,0.0190380599886921,0.139425369278039));
#1259=CARTESIAN_POINT('',(0.0245109994424315,0.0175715906268628,0.139213702611372));
#1260=CARTESIAN_POINT('',(0.0219709992565753,0.0161051212650334,0.139002035944705));
#1261=CARTESIAN_POINT('',(0.0194309994424315,0.0175715912706874,0.138790369278039));
#1262=CARTESIAN_POINT('',(0.0168909996282877,0.0190380612763414,0.138578702611372));
#1263=CARTESIAN_POINT('',(0.016891,0.0219710006438247,0.138367035944705));
#1264=CARTESIAN_POINT('',(0.0168910003717124,0.0249039400113079,0.138155369278039));
#1265=CARTESIAN_POINT('',(0.0194310005575685,0.0263704093731373,0.137943702611372));
#1266=CARTESIAN_POINT('',(0.0219710007434247,0.0278368787349666,0.137732035944705));
#1267=CARTESIAN_POINT('',(0.0245110005575685,0.0263704087293126,0.137520369278039));
#1268=CARTESIAN_POINT('',(0.0270510003717123,0.0249039387236587,0.137308702611372));
#1269=CARTESIAN_POINT('',(0.027051,0.0219709993561754,0.137097035944705));
#1270=CARTESIAN_POINT('',(0.0270509996282876,0.0190380599886921,0.136885369278039));
#1271=CARTESIAN_POINT('',(0.0245109994424315,0.0175715906268628,0.136673702611372));
#1272=CARTESIAN_POINT('',(0.0219709992565753,0.0161051212650334,0.136462035944705));
#1273=CARTESIAN_POINT('',(0.0194309994424315,0.0175715912706874,0.136250369278039));
#1274=CARTESIAN_POINT('',(0.0168909996282877,0.0190380612763414,0.136038702611372));
#1275=CARTESIAN_POINT('',(0.016891,0.0219710006438247,0.135827035944705));
#1276=CARTESIAN_POINT('',(0.0168910003717124,0.0249039400113079,0.135615369278038));
#1277=CARTESIAN_POINT('',(0.0194310005575685,0.0263704093731373,0.135403702611372));
#1278=CARTESIAN_POINT('',(0.0219710007434247,0.0278368787349666,0.135192035944705));
#1279=CARTESIAN_POINT('',(0.0245110005575685,0.0263704087293126,0.134980369278039));
#1280=CARTESIAN_POINT('',(0.0270510003717123,0.0249039387236587,0.134768702611372));
#1281=CARTESIAN_POINT('',(0.027051,0.0219709993561754,0.134557035944705));
#1282=CARTESIAN_POINT('',(0.0270509996282876,0.0190380599886921,0.134345369278039));
#1283=CARTESIAN_POINT('',(0.0245109994424315,0.0175715906268628,0.134133702611372));
#1284=CARTESIAN_POINT('',(0.0219709992565753,0.0161051212650334,0.133922035944705));
#1285=CARTESIAN_POINT('',(0.0194309994424315,0.0175715912706874,0.133710369278039));
#1286=CARTESIAN_POINT('',(0.0168909996282877,0.0190380612763414,0.133498702611372));
#1287=CARTESIAN_POINT('',(0.016891,0.0219710006438247,0.133287035944705));
#1288=CARTESIAN_POINT('',(0.0168910003717124,0.0249039400113079,0.133075369278039));
#1289=CARTESIAN_POINT('',(0.0194310005575685,0.0263704093731373,0.132863702611372));
#1290=CARTESIAN_POINT('',(0.0219710007434247,0.0278368787349666,0.132652035944705));
#1291=CARTESIAN_POINT('',(0.0245110005575685,0.0263704087293126,0.132440369278039));
#1292=CARTESIAN_POINT('',(0.0270510003717123,0.0249039387236587,0.132228702611372));
#1293=CARTESIAN_POINT('',(0.027051,0.0219709993561754,0.132017035944705));
#1294=CARTESIAN_POINT('',(0.0270509996282876,0.0190380599886921,0.131805369278039));
#1295=CARTESIAN_POINT('',(0.0245109994424315,0.0175715906268628,0.131593702611372));
#1296=CARTESIAN_POINT('',(0.0219709992565753,0.0161051212650334,0.131382035944705));
#1297=CARTESIAN_POINT('',(0.0194309994424315,0.0175715912706874,0.131170369278039));
#1298=CARTESIAN_POINT('',(0.0168909996282877,0.0190380612763414,0.130958702611372));
#1299=CARTESIAN_POINT('',(0.016891,0.0219710006438247,0.130747035944705));
#1300=CARTESIAN_POINT('',(0.0168910003717124,0.0249039400113079,0.130535369278039));
#1301=CARTESIAN_POINT('',(0.0194310005575685,0.0263704093731373,0.130323702611372));
#1302=CARTESIAN_POINT('',(0.0219710007434247,0.0278368787349666,0.130112035944705));
#1303=CARTESIAN_POINT('',(0.0245110005575685,0.0263704087293126,0.129900369278039));
#1304=CARTESIAN_POINT('',(0.0270510003717123,0.0249039387236587,0.129688702611372));
#1305=CARTESIAN_POINT('',(0.027051,0.0219709993561754,0.129477035944705));
#1306=CARTESIAN_POINT('',(0.0270509996282876,0.0190380599886921,0.129265369278038));
#1307=CARTESIAN_POINT('',(0.0245109994424315,0.0175715906268628,0.129053702611372));
#1308=CARTESIAN_POINT('',(0.0219709992565753,0.0161051212650334,0.128842035944705));
#1309=CARTESIAN_POINT('',(0.0194309994424315,0.0175715912706874,0.128630369278039));
#1310=CARTESIAN_POINT('',(0.0168909996282877,0.0190380612763414,0.128418702611372));
#1311=CARTESIAN_POINT('',(0.016891,0.0219710006438247,0.128207035944705));
#1312=CARTESIAN_POINT('',(0.0168910003717124,0.0249039400113079,0.127995369278039));
#1313=CARTESIAN_POINT('',(0.0194310005575685,0.0263704093731373,0.127783702611372));
#1314=CARTESIAN_POINT('',(0.0219710007434247,0.0278368787349666,0.127572035944705));
#1315=CARTESIAN_POINT('',(0.0245110005575685,0.0263704087293126,0.127360369278039));
#1316=CARTESIAN_POINT('',(0.0270510003717123,0.0249039387236587,0.127148702611372));
#1317=CARTESIAN_POINT('',(0.027051,0.0219709993561754,0.126937035944705));
#1318=CARTESIAN_POINT('',(0.0270509996282876,0.0190380599886921,0.126725369278039));
#1319=CARTESIAN_POINT('',(0.0245109994424315,0.0175715906268628,0.126513702611372));
#1320=CARTESIAN_POINT('',(0.0219709992565753,0.0161051212650334,0.126302035944705));
#1321=CARTESIAN_POINT('',(0.0194309994424315,0.0175715912706874,0.126090369278039));
#1322=CARTESIAN_POINT('',(0.0168909996282877,0.0190380612763414,0.125878702611372));
#1323=CARTESIAN_POINT('',(0.016891,0.0219710006438247,0.125667035944705));
#1324=CARTESIAN_POINT('',(0.0168910003717124,0.0249039400113079,0.125455369278039));
#1325=CARTESIAN_POINT('',(0.0194310005575685,0.0263704093731373,0.125243702611372));
#1326=CARTESIAN_POINT('',(0.0219710007434247,0.0278368787349666,0.125032035944705));
#1327=CARTESIAN_POINT('',(0.0245110005575685,0.0263704087293126,0.124820369278039));
#1328=CARTESIAN_POINT('',(0.0270510003717123,0.0249039387236587,0.124608702611372));
#1329=CARTESIAN_POINT('',(0.027051,0.0219709993561754,0.124397035944705));
#1330=CARTESIAN_POINT('',(0.0270509996282876,0.0190380599886921,0.124185369278039));
#1331=CARTESIAN_POINT('',(0.0245109994424315,0.0175715906268628,0.123973702611372));
#1332=CARTESIAN_POINT('',(0.0219709992565753,0.0161051212650334,0.123762035944705));
#1333=CARTESIAN_POINT('',(0.0194309994424315,0.0175715912706874,0.123550369278039));
#1334=CARTESIAN_POINT('',(0.0168909996282877,0.0190380612763414,0.123338702611372));
#1335=CARTESIAN_POINT('',(0.016891,0.0219710006438247,0.123127035944705));
#1336=CARTESIAN_POINT('',(0.0168910003717124,0.0249039400113079,0.122915369278038));
#1337=CARTESIAN_POINT('',(0.0194310005575685,0.0263704093731373,0.122703702611372));
#1338=CARTESIAN_POINT('',(0.0219710007434247,0.0278368787349666,0.122492035944705));
#1339=CARTESIAN_POINT('',(0.0245110005575685,0.0263704087293126,0.122280369278039));
#1340=CARTESIAN_POINT('',(0.0270510003717123,0.0249039387236587,0.122068702611372));
#1341=CARTESIAN_POINT('',(0.027051,0.0219709993561754,0.121857035944705));
#1342=CARTESIAN_POINT('',(0.0270509996282876,0.0190380599886921,0.121645369278039));
#1343=CARTESIAN_POINT('',(0.0245109994424315,0.0175715906268628,0.121433702611372));
#1344=CARTESIAN_POINT('',(0.0219709992565753,0.0161051212650334,0.121222035944705));
#1345=CARTESIAN_POINT('',(0.0194309994424315,0.0175715912706874,0.121010369278039));
#1346=CARTESIAN_POINT('',(0.0168909996282877,0.0190380612763414,0.120798702611372));
#1347=CARTESIAN_POINT('',(0.016891,0.0219710006438247,0.120587035944705));
#1348=CARTESIAN_POINT('',(0.0168910003717124,0.0249039400113079,0.120375369278039));
#1349=CARTESIAN_POINT('',(0.0194310005575685,0.0263704093731373,0.120163702611372));
#1350=CARTESIAN_POINT('',(0.0219710007434247,0.0278368787349666,0.119952035944705));
#1351=CARTESIAN_POINT('',(0.0245110005575685,0.0263704087293126,0.119740369278039));
#1352=CARTESIAN_POINT('',(0.0270510003717123,0.0249039387236587,0.119528702611372));
#1353=CARTESIAN_POINT('',(0.027051,0.0219709993561754,0.119317035944705));
#1354=CARTESIAN_POINT('',(0.0270509996282876,0.0190380599886921,0.119105369278039));
#1355=CARTESIAN_POINT('',(0.0245109994424315,0.0175715906268628,0.118893702611372));
#1356=CARTESIAN_POINT('',(0.0219709992565753,0.0161051212650334,0.118682035944705));
#1357=CARTESIAN_POINT('',(0.0194309994424315,0.0175715912706874,0.118470369278039));
#1358=CARTESIAN_POINT('',(0.0168909996282877,0.0190380612763414,0.118258702611372));
#1359=CARTESIAN_POINT('',(0.016891,0.0219710006438247,0.118047035944705));
#1360=CARTESIAN_POINT('',(0.0168910003717124,0.0249039400113079,0.117835369278039));
#1361=CARTESIAN_POINT('',(0.0194310005575685,0.0263704093731373,0.117623702611372));
#1362=CARTESIAN_POINT('',(0.0219710007434247,0.0278368787349666,0.117412035944705));
#1363=CARTESIAN_POINT('',(0.0245110005575685,0.0263704087293126,0.117200369278039));
#1364=CARTESIAN_POINT('',(0.0270510003717123,0.0249039387236587,0.116988702611372));
#1365=CARTESIAN_POINT('',(0.027051,0.0219709993561754,0.116777035944705));
#1366=CARTESIAN_POINT('',(0.0270509996282876,0.0190380599886921,0.116565369278039));
#1367=CARTESIAN_POINT('',(0.0245109994424315,0.0175715906268628,0.116353702611372));
#1368=CARTESIAN_POINT('',(0.0219709992565753,0.0161051212650334,0.116142035944705));
#1369=CARTESIAN_POINT('',(0.0194309994424315,0.0175715912706874,0.115930369278039));
#1370=CARTESIAN_POINT('',(0.0168909996282877,0.0190380612763414,0.115718702611372));
#1371=CARTESIAN_POINT('',(0.016891,0.0219710006438247,0.115507035944705));
#1372=CARTESIAN_POINT('',(0.0168910003717124,0.0249039400113079,0.115295369278039));
#1373=CARTESIAN_POINT('',(0.0194310005575685,0.0263704093731373,0.115083702611372));
#1374=CARTESIAN_POINT('',(0.0219710007434247,0.0278368787349666,0.114872035944705));
#1375=CARTESIAN_POINT('',(0.0245110005575685,0.0263704087293126,0.114660369278039));
#1376=CARTESIAN_POINT('',(0.0270510003717123,0.0249039387236587,0.114448702611372));
#1377=CARTESIAN_POINT('',(0.027051,0.0219709993561754,0.114237035944705));
#1378=CARTESIAN_POINT('',(0.0270509996282876,0.0190380599886921,0.114025369278039));
#1379=CARTESIAN_POINT('',(0.0245109994424315,0.0175715906268628,0.113813702611372));
#1380=CARTESIAN_POINT('',(0.0219709992565753,0.0161051212650334,0.113602035944705));
#1381=CARTESIAN_POINT('',(0.0194309994424315,0.0175715912706874,0.113390369278039));
#1382=CARTESIAN_POINT('',(0.0168909996282877,0.0190380612763414,0.113178702611372));
#1383=CARTESIAN_POINT('',(0.016891,0.0219710006438247,0.112967035944705));
#1384=CARTESIAN_POINT('',(0.0168910003717124,0.0249039400113079,0.112755369278039));
#1385=CARTESIAN_POINT('',(0.0194310005575685,0.0263704093731373,0.112543702611372));
#1386=CARTESIAN_POINT('',(0.0219710007434247,0.0278368787349666,0.112332035944705));
#1387=CARTESIAN_POINT('',(0.0245110005575685,0.0263704087293126,0.112120369278039));
#1388=CARTESIAN_POINT('',(0.0270510003717123,0.0249039387236587,0.111908702611372));
#1389=CARTESIAN_POINT('',(0.027051,0.0219709993561754,0.111697035944705));
#1390=CARTESIAN_POINT('',(0.0270509996282876,0.0190380599886921,0.111485369278039));
#1391=CARTESIAN_POINT('',(0.0245109994424315,0.0175715906268628,0.111273702611372));
#1392=CARTESIAN_POINT('',(0.0219709992565753,0.0161051212650334,0.111062035944705));
#1393=CARTESIAN_POINT('',(0.0194309994424315,0.0175715912706874,0.110850369278039));
#1394=CARTESIAN_POINT('',(0.0168909996282877,0.0190380612763414,0.110638702611372));
#1395=CARTESIAN_POINT('',(0.016891,0.0219710006438247,0.110427035944705));
#1396=CARTESIAN_POINT('',(0.0168910003717124,0.0249039400113079,0.110215369278039));
#1397=CARTESIAN_POINT('',(0.0194310005575685,0.0263704093731373,0.110003702611372));
#1398=CARTESIAN_POINT('',(0.0219710007434247,0.0278368787349666,0.109792035944705));
#1399=CARTESIAN_POINT('',(0.0245110005575685,0.0263704087293126,0.109580369278039));
#1400=CARTESIAN_POINT('',(0.0270510003717123,0.0249039387236587,0.109368702611372));
#1401=CARTESIAN_POINT('',(0.027051,0.0219709993561754,0.109157035944705));
#1402=CARTESIAN_POINT('',(0.0270509996282876,0.0190380599886921,0.108945369278039));
#1403=CARTESIAN_POINT('',(0.0245109994424315,0.0175715906268628,0.108733702611372));
#1404=CARTESIAN_POINT('',(0.0219709992565753,0.0161051212650334,0.108522035944705));
#1405=CARTESIAN_POINT('',(0.0194309994424315,0.0175715912706874,0.108310369278039));
#1406=CARTESIAN_POINT('',(0.0168909996282877,0.0190380612763414,0.108098702611372));
#1407=CARTESIAN_POINT('',(0.016891,0.0219710006438247,0.107887035944705));
#1408=CARTESIAN_POINT('',(0.0168910003717124,0.0249039400113079,0.107675369278039));
#1409=CARTESIAN_POINT('',(0.0194310005575685,0.0263704093731373,0.107463702611372));
#1410=CARTESIAN_POINT('',(0.0219710007434247,0.0278368787349666,0.107252035944705));
#1411=CARTESIAN_POINT('',(0.0245110005575685,0.0263704087293126,0.107040369278039));
#1412=CARTESIAN_POINT('',(0.0270510003717123,0.0249039387236587,0.106828702611372));
#1413=CARTESIAN_POINT('',(0.027051,0.0219709993561754,0.106617035944705));
#1414=CARTESIAN_POINT('',(0.0270509996282876,0.0190380599886921,0.106405369278039));
#1415=CARTESIAN_POINT('',(0.0245109994424315,0.0175715906268628,0.106193702611372));
#1416=CARTESIAN_POINT('',(0.0219709992565753,0.0161051212650334,0.105982035944705));
#1417=CARTESIAN_POINT('',(0.0194309994424315,0.0175715912706874,0.105770369278039));
#1418=CARTESIAN_POINT('',(0.0168909996282877,0.0190380612763414,0.105558702611372));
#1419=CARTESIAN_POINT('',(0.016891,0.0219710006438247,0.105347035944705));
#1420=CARTESIAN_POINT('',(0.0168910003717124,0.0249039400113079,0.105135369278039));
#1421=CARTESIAN_POINT('',(0.0194310005575685,0.0263704093731373,0.104923702611372));
#1422=CARTESIAN_POINT('',(0.0219710007434247,0.0278368787349666,0.104712035944705));
#1423=CARTESIAN_POINT('',(0.0245110005575685,0.0263704087293126,0.104500369278039));
#1424=CARTESIAN_POINT('',(0.0270510003717123,0.0249039387236587,0.104288702611372));
#1425=CARTESIAN_POINT('',(0.027051,0.0219709993561754,0.104077035944705));
#1426=CARTESIAN_POINT('',(0.0270509996282876,0.0190380599886921,0.103865369278039));
#1427=CARTESIAN_POINT('',(0.0245109994424315,0.0175715906268628,0.103653702611372));
#1428=CARTESIAN_POINT('',(0.0219709992565753,0.0161051212650334,0.103442035944705));
#1429=CARTESIAN_POINT('',(0.0194309994424315,0.0175715912706874,0.103230369278039));
#1430=CARTESIAN_POINT('',(0.0168909996282877,0.0190380612763414,0.103018702611372));
#1431=CARTESIAN_POINT('',(0.016891,0.0219710006438247,0.102807035944705));
#1432=CARTESIAN_POINT('',(0.0168910003717124,0.0249039400113079,0.102595369278039));
#1433=CARTESIAN_POINT('',(0.0194310005575685,0.0263704093731373,0.102383702611372));
#1434=CARTESIAN_POINT('',(0.0219710007434247,0.0278368787349666,0.102172035944705));
#1435=CARTESIAN_POINT('',(0.0245110005575685,0.0263704087293126,0.101960369278039));
#1436=CARTESIAN_POINT('',(0.0270510003717123,0.0249039387236587,0.101748702611372));
#1437=CARTESIAN_POINT('',(0.027051,0.0219709993561754,0.101537035944705));
#1438=CARTESIAN_POINT('',(0.0270509996282876,0.0190380599886921,0.101325369278039));
#1439=CARTESIAN_POINT('',(0.0245109994424315,0.0175715906268628,0.101113702611372));
#1440=CARTESIAN_POINT('',(0.0219709992565753,0.0161051212650334,0.100902035944705));
#1441=CARTESIAN_POINT('',(0.0194309994424315,0.0175715912706874,0.100690369278039));
#1442=CARTESIAN_POINT('',(0.0168909996282877,0.0190380612763414,0.100478702611372));
#1443=CARTESIAN_POINT('',(0.016891,0.0219710006438247,0.100267035944705));
#1444=CARTESIAN_POINT('',(0.0168910003717124,0.0249039400113079,0.100055369278039));
#1445=CARTESIAN_POINT('',(0.0194310005575685,0.0263704093731373,0.099843702611372));
#1446=CARTESIAN_POINT('',(0.0219710007434247,0.0278368787349666,0.0996320359447052));
#1447=CARTESIAN_POINT('',(0.0245110005575685,0.0263704087293126,0.0994203692780387));
#1448=CARTESIAN_POINT('',(0.0270510003717123,0.0249039387236587,0.0992087026113719));
#1449=CARTESIAN_POINT('',(0.027051,0.0219709993561754,0.0989970359447053));
#1450=CARTESIAN_POINT('',(0.0270509996282876,0.0190380599886921,0.0987853692780386));
#1451=CARTESIAN_POINT('',(0.0245109994424315,0.0175715906268628,0.098573702611372));
#1452=CARTESIAN_POINT('',(0.0219709992565753,0.0161051212650334,0.0983620359447053));
#1453=CARTESIAN_POINT('',(0.0194309994424315,0.0175715912706874,0.0981503692780387));
#1454=CARTESIAN_POINT('',(0.0168909996282877,0.0190380612763414,0.0979387026113719));
#1455=CARTESIAN_POINT('',(0.016891,0.0219710006438247,0.0977270359447053));
#1456=CARTESIAN_POINT('',(0.0168910003717124,0.0249039400113079,0.0975153692780386));
#1457=CARTESIAN_POINT('',(0.0194310005575685,0.0263704093731373,0.097303702611372));
#1458=CARTESIAN_POINT('',(0.0219710007434247,0.0278368787349666,0.0970920359447053));
#1459=CARTESIAN_POINT('',(0.0245110005575685,0.0263704087293126,0.0968803692780387));
#1460=CARTESIAN_POINT('',(0.0270510003717123,0.0249039387236587,0.096668702611372));
#1461=CARTESIAN_POINT('',(0.027051,0.0219709993561754,0.0964570359447053));
#1462=CARTESIAN_POINT('',(0.0270509996282876,0.0190380599886921,0.0962453692780387));
#1463=CARTESIAN_POINT('',(0.0245109994424315,0.0175715906268628,0.096033702611372));
#1464=CARTESIAN_POINT('',(0.0219709992565753,0.0161051212650334,0.0958220359447052));
#1465=CARTESIAN_POINT('',(0.0194309994424315,0.0175715912706874,0.0956103692780387));
#1466=CARTESIAN_POINT('',(0.0168909996282877,0.0190380612763414,0.0953987026113719));
#1467=CARTESIAN_POINT('',(0.016891,0.0219710006438247,0.0951870359447053));
#1468=CARTESIAN_POINT('',(0.0168910003717124,0.0249039400113079,0.0949753692780386));
#1469=CARTESIAN_POINT('',(0.0194310005575685,0.0263704093731373,0.094763702611372));
#1470=CARTESIAN_POINT('',(0.0219710007434247,0.0278368787349666,0.0945520359447053));
#1471=CARTESIAN_POINT('',(0.0245110005575685,0.0263704087293126,0.0943403692780387));
#1472=CARTESIAN_POINT('',(0.0270510003717123,0.0249039387236587,0.094128702611372));
#1473=CARTESIAN_POINT('',(0.027051,0.0219709993561754,0.0939170359447053));
#1474=CARTESIAN_POINT('',(0.0270509996282876,0.0190380599886921,0.0937053692780386));
#1475=CARTESIAN_POINT('',(0.0245109994424315,0.0175715906268628,0.093493702611372));
#1476=CARTESIAN_POINT('',(0.0219709992565753,0.0161051212650334,0.0932820359447053));
#1477=CARTESIAN_POINT('',(0.0194309994424315,0.0175715912706874,0.0930703692780387));
#1478=CARTESIAN_POINT('',(0.0168909996282877,0.0190380612763414,0.0928587026113719));
#1479=CARTESIAN_POINT('',(0.016891,0.0219710006438247,0.0926470359447053));
#1480=CARTESIAN_POINT('',(0.0168910003717124,0.0249039400113079,0.0924353692780386));
#1481=CARTESIAN_POINT('',(0.0194310005575685,0.0263704093731373,0.092223702611372));
#1482=CARTESIAN_POINT('',(0.0219710007434247,0.0278368787349666,0.0920120359447053));
#1483=CARTESIAN_POINT('',(0.0245110005575685,0.0263704087293126,0.0918003692780387));
#1484=CARTESIAN_POINT('',(0.0270510003717123,0.0249039387236587,0.0915887026113719));
#1485=CARTESIAN_POINT('',(0.027051,0.0219709993561754,0.0913770359447053));
#1486=CARTESIAN_POINT('',(0.0270509996282876,0.0190380599886921,0.0911653692780386));
#1487=CARTESIAN_POINT('',(0.0245109994424315,0.0175715906268628,0.090953702611372));
#1488=CARTESIAN_POINT('',(0.0219709992565753,0.0161051212650334,0.0907420359447053));
#1489=CARTESIAN_POINT('',(0.0194309994424315,0.0175715912706874,0.0905303692780387));
#1490=CARTESIAN_POINT('',(0.0168909996282877,0.0190380612763414,0.090318702611372));
#1491=CARTESIAN_POINT('',(0.016891,0.0219710006438247,0.0901070359447053));
#1492=CARTESIAN_POINT('',(0.0168910003717124,0.0249039400113079,0.0898953692780387));
#1493=CARTESIAN_POINT('',(0.0194310005575685,0.0263704093731373,0.089683702611372));
#1494=CARTESIAN_POINT('',(0.0219710007434247,0.0278368787349666,0.0894720359447053));
#1495=CARTESIAN_POINT('',(0.0245110005575685,0.0263704087293126,0.0892603692780387));
#1496=CARTESIAN_POINT('',(0.0270510003717123,0.0249039387236587,0.0890487026113719));
#1497=CARTESIAN_POINT('',(0.027051,0.0219709993561754,0.0888370359447053));
#1498=CARTESIAN_POINT('',(0.0270509996282876,0.0190380599886921,0.0886253692780386));
#1499=CARTESIAN_POINT('',(0.0245109994424315,0.0175715906268628,0.088413702611372));
#1500=CARTESIAN_POINT('',(0.0219709992565753,0.0161051212650334,0.0882020359447053));
#1501=CARTESIAN_POINT('',(0.0194309994424315,0.0175715912706874,0.0879903692780387));
#1502=CARTESIAN_POINT('',(0.0168909996282877,0.0190380612763414,0.0877787026113719));
#1503=CARTESIAN_POINT('',(0.016891,0.0219710006438247,0.0875670359447053));
#1504=CARTESIAN_POINT('',(0.0168910003717124,0.0249039400113079,0.0873553692780386));
#1505=CARTESIAN_POINT('',(0.0194310005575685,0.0263704093731373,0.087143702611372));
#1506=CARTESIAN_POINT('',(0.0219710007434247,0.0278368787349666,0.0869320359447053));
#1507=CARTESIAN_POINT('',(0.0245110005575685,0.0263704087293126,0.0867203692780387));
#1508=CARTESIAN_POINT('',(0.0270510003717123,0.0249039387236587,0.086508702611372));
#1509=CARTESIAN_POINT('',(0.027051,0.0219709993561754,0.0862970359447053));
#1510=CARTESIAN_POINT('',(0.0270509996282876,0.0190380599886921,0.0860853692780385));
#1511=CARTESIAN_POINT('',(0.0245109994424315,0.0175715906268628,0.085873702611372));
#1512=CARTESIAN_POINT('',(0.0219709992565753,0.0161051212650334,0.0856620359447052));
#1513=CARTESIAN_POINT('',(0.0194309994424315,0.0175715912706874,0.0854503692780387));
#1514=CARTESIAN_POINT('',(0.0168909996282877,0.0190380612763414,0.0852387026113719));
#1515=CARTESIAN_POINT('',(0.016891,0.0219710006438247,0.0850270359447053));
#1516=CARTESIAN_POINT('',(0.0168910003717124,0.0249039400113079,0.0848153692780386));
#1517=CARTESIAN_POINT('',(0.0194310005575685,0.0263704093731373,0.084603702611372));
#1518=CARTESIAN_POINT('',(0.0219710007434247,0.0278368787349666,0.0843920359447053));
#1519=CARTESIAN_POINT('',(0.0245110005575685,0.0263704087293126,0.0841803692780387));
#1520=CARTESIAN_POINT('',(0.0270510003717123,0.0249039387236587,0.083968702611372));
#1521=CARTESIAN_POINT('',(0.027051,0.0219709993561754,0.0837570359447053));
#1522=CARTESIAN_POINT('',(0.0270509996282876,0.0190380599886921,0.0835453692780386));
#1523=CARTESIAN_POINT('',(0.0245109994424315,0.0175715906268628,0.083333702611372));
#1524=CARTESIAN_POINT('',(0.0219709992565753,0.0161051212650334,0.0831220359447053));
#1525=CARTESIAN_POINT('',(0.0194309994424315,0.0175715912706874,0.0829103692780387));
#1526=CARTESIAN_POINT('',(0.0168909996282877,0.0190380612763414,0.0826987026113719));
#1527=CARTESIAN_POINT('',(0.016891,0.0219710006438247,0.0824870359447053));
#1528=CARTESIAN_POINT('',(0.0168910003717124,0.0249039400113079,0.0822753692780386));
#1529=CARTESIAN_POINT('',(0.0194310005575685,0.0263704093731373,0.082063702611372));
#1530=CARTESIAN_POINT('',(0.0219710007434247,0.0278368787349666,0.0818520359447052));
#1531=CARTESIAN_POINT('',(0.0245110005575685,0.0263704087293126,0.0816403692780387));
#1532=CARTESIAN_POINT('',(0.0270510003717123,0.0249039387236587,0.0814287026113719));
#1533=CARTESIAN_POINT('',(0.027051,0.0219709993561754,0.0812170359447053));
#1534=CARTESIAN_POINT('',(0.0270509996282876,0.0190380599886921,0.0810053692780386));
#1535=CARTESIAN_POINT('',(0.0245109994424315,0.0175715906268628,0.080793702611372));
#1536=CARTESIAN_POINT('',(0.0219709992565753,0.0161051212650334,0.0805820359447053));
#1537=CARTESIAN_POINT('',(0.0194309994424315,0.0175715912706874,0.0803703692780387));
#1538=CARTESIAN_POINT('',(0.0168909996282877,0.0190380612763414,0.080158702611372));
#1539=CARTESIAN_POINT('',(0.016891,0.0219710006438247,0.0799470359447053));
#1540=CARTESIAN_POINT('',(0.0168910003717124,0.0249039400113079,0.0797353692780387));
#1541=CARTESIAN_POINT('',(0.0194310005575685,0.0263704093731373,0.079523702611372));
#1542=CARTESIAN_POINT('',(0.0219710007434247,0.0278368787349666,0.0793120359447053));
#1543=CARTESIAN_POINT('',(0.0245110005575685,0.0263704087293126,0.0791003692780387));
#1544=CARTESIAN_POINT('',(0.0270510003717123,0.0249039387236587,0.0788887026113719));
#1545=CARTESIAN_POINT('',(0.027051,0.0219709993561754,0.0786770359447053));
#1546=CARTESIAN_POINT('',(0.0270509996282876,0.0190380599886921,0.0784653692780386));
#1547=CARTESIAN_POINT('',(0.0245109994424315,0.0175715906268628,0.078253702611372));
#1548=CARTESIAN_POINT('',(0.0219709992565753,0.0161051212650334,0.0780420359447053));
#1549=CARTESIAN_POINT('',(0.0194309994424315,0.0175715912706874,0.0778303692780387));
#1550=CARTESIAN_POINT('',(0.0168909996282877,0.0190380612763414,0.077618702611372));
#1551=CARTESIAN_POINT('',(0.016891,0.0219710006438247,0.0774070359447053));
#1552=CARTESIAN_POINT('',(0.0168910003717124,0.0249039400113079,0.0771953692780386));
#1553=CARTESIAN_POINT('',(0.0194310005575685,0.0263704093731373,0.076983702611372));
#1554=CARTESIAN_POINT('',(0.0219710007434247,0.0278368787349666,0.0767720359447053));
#1555=CARTESIAN_POINT('',(0.0245110005575685,0.0263704087293126,0.0765603692780387));
#1556=CARTESIAN_POINT('',(0.0270510003717123,0.0249039387236587,0.076348702611372));
#1557=CARTESIAN_POINT('',(0.027051,0.0219709993561754,0.0761370359447053));
#1558=CARTESIAN_POINT('',(0.0270509996282876,0.0190380599886921,0.0759253692780387));
#1559=CARTESIAN_POINT('',(0.0245109994424315,0.0175715906268628,0.075713702611372));
#1560=CARTESIAN_POINT('',(0.0219709992565753,0.0161051212650334,0.0755020359447052));
#1561=CARTESIAN_POINT('',(0.0194309994424315,0.0175715912706874,0.0752903692780387));
#1562=CARTESIAN_POINT('',(0.0168909996282877,0.0190380612763414,0.0750787026113719));
#1563=CARTESIAN_POINT('',(0.016891,0.0219710006438247,0.0748670359447053));
#1564=CARTESIAN_POINT('',(0.0168910003717124,0.0249039400113079,0.0746553692780386));
#1565=CARTESIAN_POINT('',(0.0194310005575685,0.0263704093731373,0.074443702611372));
#1566=CARTESIAN_POINT('',(0.0219710007434247,0.0278368787349666,0.0742320359447053));
#1567=CARTESIAN_POINT('',(0.0245110005575685,0.0263704087293126,0.0740203692780387));
#1568=CARTESIAN_POINT('',(0.0270510003717123,0.0249039387236587,0.0738087026113719));
#1569=CARTESIAN_POINT('',(0.027051,0.0219709993561754,0.0735970359447053));
#1570=CARTESIAN_POINT('',(0.0270509996282876,0.0190380599886921,0.0733853692780387));
#1571=CARTESIAN_POINT('',(0.0245109994424315,0.0175715906268628,0.073173702611372));
#1572=CARTESIAN_POINT('',(0.0219709992565753,0.0161051212650334,0.0729620359447053));
#1573=CARTESIAN_POINT('',(0.0194309994424315,0.0175715912706874,0.0727503692780387));
#1574=CARTESIAN_POINT('',(0.0168909996282877,0.0190380612763414,0.072538702611372));
#1575=CARTESIAN_POINT('',(0.016891,0.0219710006438247,0.0723270359447053));
#1576=CARTESIAN_POINT('',(0.0168910003717124,0.0249039400113079,0.0721153692780386));
#1577=CARTESIAN_POINT('',(0.0194310005575685,0.0263704093731373,0.071903702611372));
#1578=CARTESIAN_POINT('',(0.0219710007434247,0.0278368787349666,0.0716920359447052));
#1579=CARTESIAN_POINT('',(0.0245110005575685,0.0263704087293126,0.0714803692780387));
#1580=CARTESIAN_POINT('',(0.0270510003717123,0.0249039387236587,0.0712687026113719));
#1581=CARTESIAN_POINT('',(0.027051,0.0219709993561754,0.0710570359447053));
#1582=CARTESIAN_POINT('',(0.0270509996282876,0.0190380599886921,0.0708453692780386));
#1583=CARTESIAN_POINT('',(0.0245109994424315,0.0175715906268628,0.070633702611372));
#1584=CARTESIAN_POINT('',(0.0219709992565753,0.0161051212650334,0.0704220359447053));
#1585=CARTESIAN_POINT('',(0.0194309994424315,0.0175715912706874,0.0702103692780387));
#1586=CARTESIAN_POINT('',(0.0168909996282877,0.0190380612763414,0.069998702611372));
#1587=CARTESIAN_POINT('',(0.016891,0.0219710006438247,0.0697870359447053));
#1588=CARTESIAN_POINT('',(0.0168910003717124,0.0249039400113079,0.0695753692780386));
#1589=CARTESIAN_POINT('',(0.0194310005575685,0.0263704093731373,0.069363702611372));
#1590=CARTESIAN_POINT('',(0.0219710007434247,0.0278368787349666,0.0691520359447053));
#1591=CARTESIAN_POINT('',(0.0245110005575685,0.0263704087293126,0.0689403692780387));
#1592=CARTESIAN_POINT('',(0.0270510003717123,0.0249039387236587,0.0687287026113719));
#1593=CARTESIAN_POINT('',(0.027051,0.0219709993561754,0.0685170359447053));
#1594=CARTESIAN_POINT('',(0.0270509996282876,0.0190380599886921,0.0683053692780386));
#1595=CARTESIAN_POINT('',(0.0245109994424315,0.0175715906268628,0.068093702611372));
#1596=CARTESIAN_POINT('',(0.0219709992565753,0.0161051212650334,0.0678820359447053));
#1597=CARTESIAN_POINT('',(0.0194309994424315,0.0175715912706874,0.0676703692780387));
#1598=CARTESIAN_POINT('',(0.0168909996282877,0.0190380612763414,0.0674587026113719));
#1599=CARTESIAN_POINT('',(0.016891,0.0219710006438247,0.0672470359447053));
#1600=CARTESIAN_POINT('',(0.0168910003717124,0.0249039400113079,0.0670353692780386));
#1601=CARTESIAN_POINT('',(0.0194310005575685,0.0263704093731373,0.066823702611372));
#1602=CARTESIAN_POINT('',(0.0219710007434247,0.0278368787349666,0.0666120359447053));
#1603=CARTESIAN_POINT('',(0.0245110005575685,0.0263704087293126,0.0664003692780387));
#1604=CARTESIAN_POINT('',(0.0270510003717123,0.0249039387236587,0.066188702611372));
#1605=CARTESIAN_POINT('',(0.027051,0.0219709993561754,0.0659770359447053));
#1606=CARTESIAN_POINT('',(0.0270509996282876,0.0190380599886921,0.0657653692780387));
#1607=CARTESIAN_POINT('',(0.0245109994424315,0.0175715906268628,0.065553702611372));
#1608=CARTESIAN_POINT('',(0.0219709992565753,0.0161051212650334,0.0653420359447052));
#1609=CARTESIAN_POINT('',(0.0194309994424315,0.0175715912706874,0.0651303692780387));
#1610=CARTESIAN_POINT('',(0.0168909996282877,0.0190380612763414,0.0649187026113719));
#1611=CARTESIAN_POINT('',(0.016891,0.0219710006438247,0.0647070359447053));
#1612=CARTESIAN_POINT('',(0.0168910003717124,0.0249039400113079,0.0644953692780386));
#1613=CARTESIAN_POINT('',(0.0194310005575685,0.0263704093731373,0.064283702611372));
#1614=CARTESIAN_POINT('',(0.0219710007434247,0.0278368787349666,0.0640720359447053));
#1615=CARTESIAN_POINT('',(0.0245110005575685,0.0263704087293126,0.0638603692780387));
#1616=CARTESIAN_POINT('',(0.0270510003717123,0.0249039387236587,0.063648702611372));
#1617=CARTESIAN_POINT('',(0.027051,0.0219709993561754,0.0634370359447053));
#1618=CARTESIAN_POINT('',(0.0270509996282876,0.0190380599886921,0.0632253692780386));
#1619=CARTESIAN_POINT('',(0.0245109994424315,0.0175715906268628,0.063013702611372));
#1620=CARTESIAN_POINT('',(0.0219709992565753,0.0161051212650334,0.0628020359447053));
#1621=CARTESIAN_POINT('',(0.0194309994424315,0.0175715912706874,0.0625903692780387));
#1622=CARTESIAN_POINT('',(0.0168909996282877,0.0190380612763414,0.0623787026113719));
#1623=CARTESIAN_POINT('',(0.016891,0.0219710006438247,0.0621670359447053));
#1624=CARTESIAN_POINT('',(0.0168910003717124,0.0249039400113079,0.0619553692780386));
#1625=CARTESIAN_POINT('',(0.0194310005575685,0.0263704093731373,0.061743702611372));
#1626=CARTESIAN_POINT('',(0.0219710007434247,0.0278368787349666,0.0615320359447052));
#1627=CARTESIAN_POINT('',(0.0245110005575685,0.0263704087293126,0.0613203692780387));
#1628=CARTESIAN_POINT('',(0.0270510003717123,0.0249039387236587,0.0611087026113719));
#1629=CARTESIAN_POINT('',(0.027051,0.0219709993561754,0.0608970359447053));
#1630=CARTESIAN_POINT('',(0.0270509996282876,0.0190380599886921,0.0606853692780386));
#1631=CARTESIAN_POINT('',(0.0245109994424315,0.0175715906268628,0.060473702611372));
#1632=CARTESIAN_POINT('',(0.0219709992565753,0.0161051212650334,0.0602620359447053));
#1633=CARTESIAN_POINT('',(0.0194309994424315,0.0175715912706874,0.0600503692780387));
#1634=CARTESIAN_POINT('',(0.0168909996282877,0.0190380612763414,0.059838702611372));
#1635=CARTESIAN_POINT('',(0.016891,0.0219710006438247,0.0596270359447053));
#1636=CARTESIAN_POINT('',(0.0168910003717124,0.0249039400113079,0.0594153692780387));
#1637=CARTESIAN_POINT('',(0.0194310005575685,0.0263704093731373,0.059203702611372));
#1638=CARTESIAN_POINT('',(0.0219710007434247,0.0278368787349666,0.0589920359447053));
#1639=CARTESIAN_POINT('',(0.0245110005575685,0.0263704087293126,0.0587803692780387));
#1640=CARTESIAN_POINT('',(0.0270510003717123,0.0249039387236587,0.0585687026113719));
#1641=CARTESIAN_POINT('',(0.027051,0.0219709993561754,0.0583570359447053));
#1642=CARTESIAN_POINT('',(0.0270509996282876,0.0190380599886921,0.0581453692780386));
#1643=CARTESIAN_POINT('',(0.0245109994424315,0.0175715906268628,0.057933702611372));
#1644=CARTESIAN_POINT('',(0.0219709992565753,0.0161051212650334,0.0577220359447053));
#1645=CARTESIAN_POINT('',(0.0194309994424315,0.0175715912706874,0.0575103692780387));
#1646=CARTESIAN_POINT('',(0.0168909996282877,0.0190380612763414,0.0572987026113719));
#1647=CARTESIAN_POINT('',(0.016891,0.0219710006438247,0.0570870359447053));
#1648=CARTESIAN_POINT('',(0.0168910003717124,0.0249039400113079,0.0568753692780386));
#1649=CARTESIAN_POINT('',(0.0194310005575685,0.0263704093731373,0.056663702611372));
#1650=CARTESIAN_POINT('',(0.0219710007434247,0.0278368787349666,0.0564520359447053));
#1651=CARTESIAN_POINT('',(0.0245110005575685,0.0263704087293126,0.0562403692780387));
#1652=CARTESIAN_POINT('',(0.0270510003717123,0.0249039387236587,0.056028702611372));
#1653=CARTESIAN_POINT('',(0.027051,0.0219709993561754,0.0558170359447053));
#1654=CARTESIAN_POINT('',(0.0270509996282876,0.0190380599886921,0.0556053692780387));
#1655=CARTESIAN_POINT('',(0.0245109994424315,0.0175715906268628,0.055393702611372));
#1656=CARTESIAN_POINT('',(0.0219709992565753,0.0161051212650334,0.0551820359447052));
#1657=CARTESIAN_POINT('',(0.0194309994424315,0.0175715912706874,0.0549703692780387));
#1658=CARTESIAN_POINT('',(0.0168909996282877,0.0190380612763414,0.0547587026113719));
#1659=CARTESIAN_POINT('',(0.016891,0.0219710006438247,0.0545470359447053));
#1660=CARTESIAN_POINT('',(0.0168910003717124,0.0249039400113079,0.0543353692780386));
#1661=CARTESIAN_POINT('',(0.0194310005575685,0.0263704093731373,0.054123702611372));
#1662=CARTESIAN_POINT('',(0.0219710007434247,0.0278368787349666,0.0539120359447053));
#1663=CARTESIAN_POINT('',(0.0245110005575685,0.0263704087293126,0.0537003692780387));
#1664=CARTESIAN_POINT('',(0.0270510003717123,0.0249039387236587,0.053488702611372));
#1665=CARTESIAN_POINT('',(0.027051,0.0219709993561754,0.0532770359447053));
#1666=CARTESIAN_POINT('',(0.0270509996282876,0.0190380599886921,0.0530653692780386));
#1667=CARTESIAN_POINT('',(0.0245109994424315,0.0175715906268628,0.052853702611372));
#1668=CARTESIAN_POINT('',(0.0219709992565753,0.0161051212650334,0.0526420359447053));
#1669=CARTESIAN_POINT('',(0.0194309994424315,0.0175715912706874,0.0524303692780387));
#1670=CARTESIAN_POINT('',(0.0168909996282877,0.0190380612763414,0.052218702611372));
#1671=CARTESIAN_POINT('',(0.016891,0.0219710006438247,0.0520070359447053));
#1672=CARTESIAN_POINT('',(0.0168910003717124,0.0249039400113079,0.0517953692780386));
#1673=CARTESIAN_POINT('',(0.0194310005575685,0.0263704093731373,0.051583702611372));
#1674=CARTESIAN_POINT('',(0.0219710007434247,0.0278368787349666,0.0513720359447052));
#1675=CARTESIAN_POINT('',(0.0245110005575685,0.0263704087293126,0.0511603692780386));
#1676=CARTESIAN_POINT('',(0.0270510003717123,0.0249039387236587,0.0509487026113719));
#1677=CARTESIAN_POINT('',(0.027051,0.0219709993561754,0.0507370359447053));
#1678=CARTESIAN_POINT('',(0.0270509996282876,0.0190380599886921,0.0505253692780386));
#1679=CARTESIAN_POINT('',(0.0245109994424315,0.0175715906268628,0.050313702611372));
#1680=CARTESIAN_POINT('',(0.0219709992565753,0.0161051212650334,0.0501020359447053));
#1681=CARTESIAN_POINT('',(0.0194309994424315,0.0175715912706874,0.0498903692780386));
#1682=CARTESIAN_POINT('',(0.0168909996282877,0.0190380612763414,0.049678702611372));
#1683=CARTESIAN_POINT('',(0.016891,0.0219710006438247,0.0494670359447053));
#1684=CARTESIAN_POINT('',(0.0168910003717124,0.0249039400113079,0.0492553692780386));
#1685=CARTESIAN_POINT('',(0.0194310005575685,0.0263704093731373,0.049043702611372));
#1686=CARTESIAN_POINT('',(0.0219710007434247,0.0278368787349666,0.0488320359447053));
#1687=CARTESIAN_POINT('',(0.0245110005575685,0.0263704087293126,0.0486203692780387));
#1688=CARTESIAN_POINT('',(0.0270510003717123,0.0249039387236587,0.0484087026113719));
#1689=CARTESIAN_POINT('',(0.027051,0.0219709993561754,0.0481970359447053));
#1690=CARTESIAN_POINT('',(0.0270509996282876,0.0190380599886921,0.0479853692780386));
#1691=CARTESIAN_POINT('',(0.0245109994424315,0.0175715906268628,0.047773702611372));
#1692=CARTESIAN_POINT('',(0.0219709992565753,0.0161051212650334,0.0475620359447053));
#1693=CARTESIAN_POINT('',(0.0194309994424315,0.0175715912706874,0.0473503692780387));
#1694=CARTESIAN_POINT('',(0.0168909996282877,0.0190380612763414,0.047138702611372));
#1695=CARTESIAN_POINT('',(0.016891,0.0219710006438247,0.0469270359447053));
#1696=CARTESIAN_POINT('',(0.0168910003717124,0.0249039400113079,0.0467153692780386));
#1697=CARTESIAN_POINT('',(0.0194310005575685,0.0263704093731373,0.046503702611372));
#1698=CARTESIAN_POINT('',(0.0219710007434247,0.0278368787349666,0.0462920359447052));
#1699=CARTESIAN_POINT('',(0.0245110005575685,0.0263704087293126,0.0460803692780386));
#1700=CARTESIAN_POINT('',(0.0270510003717123,0.0249039387236587,0.0458687026113719));
#1701=CARTESIAN_POINT('',(0.027051,0.0219709993561754,0.0456570359447053));
#1702=CARTESIAN_POINT('',(0.0270509996282876,0.0190380599886921,0.0454453692780386));
#1703=CARTESIAN_POINT('',(0.0245109994424315,0.0175715906268628,0.045233702611372));
#1704=CARTESIAN_POINT('',(0.0219709992565753,0.0161051212650334,0.0450220359447053));
#1705=CARTESIAN_POINT('',(0.0194309994424315,0.0175715912706874,0.0448103692780386));
#1706=CARTESIAN_POINT('',(0.0168909996282877,0.0190380612763414,0.0445987026113719));
#1707=CARTESIAN_POINT('',(0.016891,0.0219710006438247,0.0443870359447053));
#1708=CARTESIAN_POINT('',(0.0168910003717124,0.0249039400113079,0.0441753692780386));
#1709=CARTESIAN_POINT('',(0.0194310005575685,0.0263704093731373,0.043963702611372));
#1710=CARTESIAN_POINT('',(0.0219710007434247,0.0278368787349666,0.0437520359447053));
#1711=CARTESIAN_POINT('',(0.0245110005575685,0.0263704087293126,0.0435403692780386));
#1712=CARTESIAN_POINT('',(0.0270510003717123,0.0249039387236587,0.043328702611372));
#1713=CARTESIAN_POINT('',(0.027051,0.0219709993561754,0.0431170359447053));
#1714=CARTESIAN_POINT('',(0.0270509996282876,0.0190380599886921,0.0429053692780386));
#1715=CARTESIAN_POINT('',(0.0245109994424315,0.0175715906268628,0.042693702611372));
#1716=CARTESIAN_POINT('',(0.0219709992565753,0.0161051212650334,0.0424820359447053));
#1717=CARTESIAN_POINT('',(0.0194309994424315,0.0175715912706874,0.0422703692780386));
#1718=CARTESIAN_POINT('',(0.0168909996282877,0.0190380612763414,0.0420587026113719));
#1719=CARTESIAN_POINT('',(0.016891,0.0219710006438247,0.0418470359447053));
#1720=CARTESIAN_POINT('',(0.0168910003717124,0.0249039400113079,0.0416353692780386));
#1721=CARTESIAN_POINT('',(0.0194310005575685,0.0263704093731373,0.0414237026113719));
#1722=CARTESIAN_POINT('',(0.0219710007434247,0.0278368787349666,0.0412120359447052));
#1723=CARTESIAN_POINT('',(0.0245110005575685,0.0263704087293126,0.0410003692780386));
#1724=CARTESIAN_POINT('',(0.0270510003717123,0.0249039387236587,0.0407887026113719));
#1725=CARTESIAN_POINT('',(0.027051,0.0219709993561754,0.0405770359447053));
#1726=CARTESIAN_POINT('',(0.0270509996282876,0.0190380599886921,0.0403653692780386));
#1727=CARTESIAN_POINT('',(0.0245109994424315,0.0175715906268628,0.040153702611372));
#1728=CARTESIAN_POINT('',(0.0219709992565753,0.0161051212650334,0.0399420359447053));
#1729=CARTESIAN_POINT('',(0.0194309994424315,0.0175715912706874,0.0397303692780386));
#1730=CARTESIAN_POINT('',(0.0168909996282877,0.0190380612763414,0.0395187026113719));
#1731=CARTESIAN_POINT('',(0.016891,0.0219710006438247,0.0393070359447053));
#1732=CARTESIAN_POINT('',(0.0168910003717124,0.0249039400113079,0.0390953692780386));
#1733=CARTESIAN_POINT('',(0.0194310005575685,0.0263704093731373,0.038883702611372));
#1734=CARTESIAN_POINT('',(0.0219710007434247,0.0278368787349666,0.0386720359447053));
#1735=CARTESIAN_POINT('',(0.0245110005575685,0.0263704087293126,0.0384603692780386));
#1736=CARTESIAN_POINT('',(0.0270510003717123,0.0249039387236587,0.038248702611372));
#1737=CARTESIAN_POINT('',(0.027051,0.0219709993561754,0.0380370359447053));
#1738=CARTESIAN_POINT('',(0.0270509996282876,0.0190380599886921,0.0378253692780386));
#1739=CARTESIAN_POINT('',(0.0245109994424315,0.0175715906268628,0.037613702611372));
#1740=CARTESIAN_POINT('',(0.0219709992565753,0.0161051212650334,0.0374020359447053));
#1741=CARTESIAN_POINT('',(0.0194309994424315,0.0175715912706874,0.0371903692780386));
#1742=CARTESIAN_POINT('',(0.0168909996282877,0.0190380612763414,0.0369787026113719));
#1743=CARTESIAN_POINT('',(0.016891,0.0219710006438247,0.0367670359447053));
#1744=CARTESIAN_POINT('',(0.0168910003717124,0.0249039400113079,0.0365553692780386));
#1745=CARTESIAN_POINT('',(0.0194310005575685,0.0263704093731373,0.0363437026113719));
#1746=CARTESIAN_POINT('',(0.0219710007434247,0.0278368787349666,0.0361320359447052));
#1747=CARTESIAN_POINT('',(0.0245110005575685,0.0263704087293126,0.0359203692780386));
#1748=CARTESIAN_POINT('',(0.0270510003717123,0.0249039387236587,0.0357087026113719));
#1749=CARTESIAN_POINT('',(0.027051,0.0219709993561754,0.0354970359447053));
#1750=CARTESIAN_POINT('',(0.0270509996282876,0.0190380599886921,0.0352853692780386));
#1751=CARTESIAN_POINT('',(0.0245109994424315,0.0175715906268628,0.0350737026113719));
#1752=CARTESIAN_POINT('',(0.0219709992565753,0.0161051212650334,0.0348620359447053));
#1753=CARTESIAN_POINT('',(0.0194309994424315,0.0175715912706874,0.0346503692780386));
#1754=CARTESIAN_POINT('',(0.0168909996282877,0.0190380612763414,0.0344387026113719));
#1755=CARTESIAN_POINT('',(0.016891,0.0219710006438247,0.0342270359447053));
#1756=CARTESIAN_POINT('',(0.0168910003717124,0.0249039400113079,0.0340153692780386));
#1757=CARTESIAN_POINT('',(0.0194310005575685,0.0263704093731373,0.033803702611372));
#1758=CARTESIAN_POINT('',(0.0219710007434247,0.0278368787349666,0.0335920359447053));
#1759=CARTESIAN_POINT('',(0.0245110005575685,0.0263704087293126,0.0333803692780386));
#1760=CARTESIAN_POINT('',(0.0270510003717123,0.0249039387236587,0.033168702611372));
#1761=CARTESIAN_POINT('',(0.027051,0.0219709993561754,0.0329570359447053));
#1762=CARTESIAN_POINT('',(0.0270509996282876,0.0190380599886921,0.0327453692780386));
#1763=CARTESIAN_POINT('',(0.0245109994424315,0.0175715906268628,0.032533702611372));
#1764=CARTESIAN_POINT('',(0.0219709992565753,0.0161051212650334,0.0323220359447053));
#1765=CARTESIAN_POINT('',(0.0194309994424315,0.0175715912706874,0.0321103692780386));
#1766=CARTESIAN_POINT('',(0.0168909996282877,0.0190380612763414,0.0318987026113719));
#1767=CARTESIAN_POINT('',(0.016891,0.0219710006438247,0.0316870359447053));
#1768=CARTESIAN_POINT('',(0.0168910003717124,0.0249039400113079,0.0314753692780386));
#1769=CARTESIAN_POINT('',(0.0194310005575685,0.0263704093731373,0.0312637026113719));
#1770=CARTESIAN_POINT('',(0.0219710007434247,0.0278368787349666,0.0310520359447052));
#1771=CARTESIAN_POINT('',(0.0245110005575685,0.0263704087293126,0.0308403692780386));
#1772=CARTESIAN_POINT('',(0.0270510003717123,0.0249039387236587,0.0306287026113719));
#1773=CARTESIAN_POINT('',(0.027051,0.0219709993561754,0.0304170359447053));
#1774=CARTESIAN_POINT('',(0.0270509996282876,0.0190380599886921,0.0302053692780386));
#1775=CARTESIAN_POINT('',(0.0245109994424315,0.0175715906268628,0.0299937026113719));
#1776=CARTESIAN_POINT('',(0.0219709992565753,0.0161051212650334,0.0297820359447053));
#1777=CARTESIAN_POINT('',(0.0194309994424315,0.0175715912706874,0.0295703692780386));
#1778=CARTESIAN_POINT('',(0.0168909996282877,0.0190380612763414,0.0293587026113719));
#1779=CARTESIAN_POINT('',(0.016891,0.0219710006438247,0.0291470359447053));
#1780=CARTESIAN_POINT('',(0.0168910003717124,0.0249039400113079,0.0289353692780386));
#1781=CARTESIAN_POINT('',(0.0194310005575685,0.0263704093731373,0.028723702611372));
#1782=CARTESIAN_POINT('',(0.0219710007434247,0.0278368787349666,0.0285120359447053));
#1783=CARTESIAN_POINT('',(0.0245110005575685,0.0263704087293126,0.0283003692780386));
#1784=CARTESIAN_POINT('',(0.0270510003717123,0.0249039387236587,0.0280887026113719));
#1785=CARTESIAN_POINT('',(0.027051,0.0219709993561754,0.0278770359447053));
#1786=CARTESIAN_POINT('',(0.0270509996282876,0.0190380599886921,0.0276653692780386));
#1787=CARTESIAN_POINT('',(0.0245109994424315,0.0175715906268628,0.027453702611372));
#1788=CARTESIAN_POINT('',(0.0219709992565753,0.0161051212650334,0.0272420359447053));
#1789=CARTESIAN_POINT('',(0.0194309994424315,0.0175715912706874,0.0270303692780386));
#1790=CARTESIAN_POINT('',(0.0168909996282877,0.0190380612763414,0.0268187026113719));
#1791=CARTESIAN_POINT('',(0.016891,0.0219710006438247,0.0266070359447053));
#1792=CARTESIAN_POINT('',(0.0168910003717124,0.0249039400113079,0.0263953692780386));
#1793=CARTESIAN_POINT('',(0.0194310005575685,0.0263704093731373,0.0261837026113719));
#1794=CARTESIAN_POINT('',(0.0219710007434247,0.0278368787349666,0.0259720359447052));
#1795=CARTESIAN_POINT('',(0.0245110005575685,0.0263704087293126,0.0257603692780386));
#1796=CARTESIAN_POINT('',(0.0270510003717123,0.0249039387236587,0.0255487026113719));
#1797=CARTESIAN_POINT('',(0.027051,0.0219709993561754,0.0253370359447053));
#1798=CARTESIAN_POINT('',(0.0270509996282876,0.0190380599886921,0.0251253692780386));
#1799=CARTESIAN_POINT('',(0.0245109994424315,0.0175715906268628,0.0249137026113719));
#1800=CARTESIAN_POINT('',(0.0219709992565753,0.0161051212650334,0.0247020359447053));
#1801=CARTESIAN_POINT('',(0.0194309994424315,0.0175715912706874,0.0244903692780386));
#1802=CARTESIAN_POINT('',(0.0168909996282877,0.0190380612763414,0.0242787026113719));
#1803=CARTESIAN_POINT('',(0.016891,0.0219710006438247,0.0240670359447053));
#1804=CARTESIAN_POINT('',(0.0168910003717124,0.0249039400113079,0.0238553692780386));
#1805=CARTESIAN_POINT('',(0.0194310005575685,0.0263704093731373,0.023643702611372));
#1806=CARTESIAN_POINT('',(0.0219710007434247,0.0278368787349666,0.0234320359447053));
#1807=CARTESIAN_POINT('',(0.0245110005575685,0.0263704087293126,0.0232203692780386));
#1808=CARTESIAN_POINT('',(0.0270510003717123,0.0249039387236587,0.023008702611372));
#1809=CARTESIAN_POINT('',(0.027051,0.0219709993561754,0.0227970359447053));
#1810=CARTESIAN_POINT('',(0.0270509996282876,0.0190380599886921,0.0225853692780386));
#1811=CARTESIAN_POINT('',(0.0245109994424315,0.0175715906268628,0.022373702611372));
#1812=CARTESIAN_POINT('',(0.0219709992565753,0.0161051212650334,0.0221620359447053));
#1813=CARTESIAN_POINT('',(0.0194309994424315,0.0175715912706874,0.0219503692780386));
#1814=CARTESIAN_POINT('',(0.0168909996282877,0.0190380612763414,0.0217387026113719));
#1815=CARTESIAN_POINT('',(0.016891,0.0219710006438247,0.0215270359447053));
#1816=CARTESIAN_POINT('',(0.0168910003717124,0.0249039400113079,0.0213153692780386));
#1817=CARTESIAN_POINT('',(0.0194310005575685,0.0263704093731373,0.0211037026113719));
#1818=CARTESIAN_POINT('',(0.0219710007434247,0.0278368787349666,0.0208920359447052));
#1819=CARTESIAN_POINT('',(0.0245110005575685,0.0263704087293126,0.0206803692780386));
#1820=CARTESIAN_POINT('',(0.0270510003717123,0.0249039387236587,0.0204687026113719));
#1821=CARTESIAN_POINT('',(0.027051,0.0219709993561754,0.0202570359447053));
#1822=CARTESIAN_POINT('',(0.0270509996282876,0.0190380599886921,0.0200453692780386));
#1823=CARTESIAN_POINT('',(0.0245109994424315,0.0175715906268628,0.0198337026113719));
#1824=CARTESIAN_POINT('',(0.0219709992565753,0.0161051212650334,0.0196220359447053));
#1825=CARTESIAN_POINT('',(0.0194309994424315,0.0175715912706874,0.0194103692780386));
#1826=CARTESIAN_POINT('',(0.0168909996282877,0.0190380612763414,0.0191987026113719));
#1827=CARTESIAN_POINT('',(0.016891,0.0219710006438247,0.0189870359447053));
#1828=CARTESIAN_POINT('',(0.0168910003717124,0.0249039400113079,0.0187753692780386));
#1829=CARTESIAN_POINT('',(0.0194310005575685,0.0263704093731373,0.018563702611372));
#1830=CARTESIAN_POINT('',(0.0219710007434247,0.0278368787349666,0.0183520359447053));
#1831=CARTESIAN_POINT('',(0.0245110005575685,0.0263704087293126,0.0181403692780386));
#1832=CARTESIAN_POINT('',(0.0270510003717123,0.0249039387236587,0.017928702611372));
#1833=CARTESIAN_POINT('',(0.027051,0.0219709993561754,0.0177170359447053));
#1834=CARTESIAN_POINT('',(0.0270509996282876,0.0190380599886921,0.0175053692780386));
#1835=CARTESIAN_POINT('',(0.0245109994424315,0.0175715906268628,0.017293702611372));
#1836=CARTESIAN_POINT('',(0.0219709992565753,0.0161051212650334,0.0170820359447053));
#1837=CARTESIAN_POINT('',(0.0194309994424315,0.0175715912706874,0.0168703692780386));
#1838=CARTESIAN_POINT('',(0.0168909996282877,0.0190380612763414,0.0166587026113719));
#1839=CARTESIAN_POINT('',(0.016891,0.0219710006438247,0.0164470359447053));
#1840=CARTESIAN_POINT('',(0.0168910003717124,0.0249039400113079,0.0162353692780386));
#1841=CARTESIAN_POINT('',(0.0194310005575685,0.0263704093731373,0.0160237026113719));
#1842=CARTESIAN_POINT('',(0.0219710007434247,0.0278368787349666,0.0158120359447053));
#1843=CARTESIAN_POINT('',(0.0245110005575685,0.0263704087293126,0.0156003692780386));
#1844=CARTESIAN_POINT('',(0.0270510003717123,0.0249039387236587,0.0153887026113719));
#1845=CARTESIAN_POINT('',(0.027051,0.0219709993561754,0.0151770359447053));
#1846=CARTESIAN_POINT('',(0.0270509996282876,0.0190380599886921,0.0149653692780386));
#1847=CARTESIAN_POINT('',(0.0245109994424315,0.0175715906268628,0.0147537026113719));
#1848=CARTESIAN_POINT('',(0.0219709992565753,0.0161051212650334,0.0145420359447053));
#1849=CARTESIAN_POINT('',(0.0194309994424315,0.0175715912706874,0.0143303692780386));
#1850=CARTESIAN_POINT('',(0.0168909996282877,0.0190380612763414,0.0141187026113719));
#1851=CARTESIAN_POINT('',(0.016891,0.0219710006438247,0.0139070359447053));
#1852=CARTESIAN_POINT('',(0.0168910003717124,0.0249039400113079,0.0136953692780386));
#1853=CARTESIAN_POINT('',(0.0194310005575685,0.0263704093731373,0.0134837026113719));
#1854=CARTESIAN_POINT('',(0.0219710007434247,0.0278368787349666,0.0132720359447053));
#1855=CARTESIAN_POINT('',(0.0245110005575685,0.0263704087293126,0.0130603692780386));
#1856=CARTESIAN_POINT('',(0.0270510003717123,0.0249039387236587,0.012848702611372));
#1857=CARTESIAN_POINT('',(0.027051,0.0219709993561754,0.0126370359447053));
#1858=CARTESIAN_POINT('',(0.0296852226909636,0.0220368751789034,0.178887561990947));
#1859=CARTESIAN_POINT('',(0.0297232557432365,0.0175830666316869,0.17867589532428));
#1860=CARTESIAN_POINT('',(0.025885160923891,0.0153232247686268,0.178464228657614));
#1861=CARTESIAN_POINT('',(0.0220470661045456,0.0130633829055668,0.178252561990947));
#1862=CARTESIAN_POINT('',(0.0181709382329274,0.0152573495897234,0.17804089532428));
#1863=CARTESIAN_POINT('',(0.0142948103613092,0.01745131627388,0.177829228657614));
#1864=CARTESIAN_POINT('',(0.0142567773090363,0.0219051248210965,0.177617561990947));
#1865=CARTESIAN_POINT('',(0.0142187442567635,0.0263589333683131,0.177405895324281));
#1866=CARTESIAN_POINT('',(0.018056839076109,0.0286187752313731,0.177194228657614));
#1867=CARTESIAN_POINT('',(0.0218949338954544,0.0308786170944332,0.176982561990947));
#1868=CARTESIAN_POINT('',(0.0257710617670726,0.0286846504102766,0.176770895324281));
#1869=CARTESIAN_POINT('',(0.0296471896386908,0.02649068372612,0.176559228657614));
#1870=CARTESIAN_POINT('',(0.0296852226909636,0.0220368751789034,0.176347561990947));
#1871=CARTESIAN_POINT('',(0.0297232557432365,0.0175830666316869,0.17613589532428));
#1872=CARTESIAN_POINT('',(0.025885160923891,0.0153232247686268,0.175924228657614));
#1873=CARTESIAN_POINT('',(0.0220470661045456,0.0130633829055668,0.175712561990947));
#1874=CARTESIAN_POINT('',(0.0181709382329274,0.0152573495897234,0.17550089532428));
#1875=CARTESIAN_POINT('',(0.0142948103613092,0.01745131627388,0.175289228657614));
#1876=CARTESIAN_POINT('',(0.0142567773090363,0.0219051248210965,0.175077561990947));
#1877=CARTESIAN_POINT('',(0.0142187442567635,0.0263589333683131,0.174865895324281));
#1878=CARTESIAN_POINT('',(0.018056839076109,0.0286187752313731,0.174654228657614));
#1879=CARTESIAN_POINT('',(0.0218949338954544,0.0308786170944332,0.174442561990947));
#1880=CARTESIAN_POINT('',(0.0257710617670726,0.0286846504102766,0.17423089532428));
#1881=CARTESIAN_POINT('',(0.0296471896386908,0.0264906837261201,0.174019228657614));
#1882=CARTESIAN_POINT('',(0.0296852226909636,0.0220368751789034,0.173807561990947));
#1883=CARTESIAN_POINT('',(0.0297232557432365,0.0175830666316869,0.17359589532428));
#1884=CARTESIAN_POINT('',(0.025885160923891,0.0153232247686268,0.173384228657614));
#1885=CARTESIAN_POINT('',(0.0220470661045456,0.0130633829055668,0.173172561990947));
#1886=CARTESIAN_POINT('',(0.0181709382329274,0.0152573495897234,0.17296089532428));
#1887=CARTESIAN_POINT('',(0.0142948103613092,0.01745131627388,0.172749228657614));
#1888=CARTESIAN_POINT('',(0.0142567773090363,0.0219051248210965,0.172537561990947));
#1889=CARTESIAN_POINT('',(0.0142187442567635,0.0263589333683131,0.172325895324281));
#1890=CARTESIAN_POINT('',(0.018056839076109,0.0286187752313731,0.172114228657614));
#1891=CARTESIAN_POINT('',(0.0218949338954544,0.0308786170944332,0.171902561990947));
#1892=CARTESIAN_POINT('',(0.0257710617670726,0.0286846504102767,0.171690895324281));
#1893=CARTESIAN_POINT('',(0.0296471896386908,0.0264906837261201,0.171479228657614));
#1894=CARTESIAN_POINT('',(0.0296852226909636,0.0220368751789034,0.171267561990947));
#1895=CARTESIAN_POINT('',(0.0297232557432365,0.0175830666316869,0.17105589532428));
#1896=CARTESIAN_POINT('',(0.0258851609238911,0.0153232247686268,0.170844228657614));
#1897=CARTESIAN_POINT('',(0.0220470661045456,0.0130633829055668,0.170632561990947));
#1898=CARTESIAN_POINT('',(0.0181709382329274,0.0152573495897234,0.170420895324281));
#1899=CARTESIAN_POINT('',(0.0142948103613092,0.0174513162738799,0.170209228657614));
#1900=CARTESIAN_POINT('',(0.0142567773090363,0.0219051248210965,0.169997561990947));
#1901=CARTESIAN_POINT('',(0.0142187442567635,0.0263589333683131,0.16978589532428));
#1902=CARTESIAN_POINT('',(0.018056839076109,0.0286187752313731,0.169574228657614));
#1903=CARTESIAN_POINT('',(0.0218949338954544,0.0308786170944332,0.169362561990947));
#1904=CARTESIAN_POINT('',(0.0257710617670726,0.0286846504102767,0.16915089532428));
#1905=CARTESIAN_POINT('',(0.0296471896386908,0.0264906837261201,0.168939228657614));
#1906=CARTESIAN_POINT('',(0.0296852226909636,0.0220368751789034,0.168727561990947));
#1907=CARTESIAN_POINT('',(0.0297232557432365,0.0175830666316869,0.16851589532428));
#1908=CARTESIAN_POINT('',(0.0258851609238911,0.0153232247686268,0.168304228657614));
#1909=CARTESIAN_POINT('',(0.0220470661045456,0.0130633829055668,0.168092561990947));
#1910=CARTESIAN_POINT('',(0.0181709382329274,0.0152573495897234,0.16788089532428));
#1911=CARTESIAN_POINT('',(0.0142948103613092,0.0174513162738799,0.167669228657614));
#1912=CARTESIAN_POINT('',(0.0142567773090363,0.0219051248210965,0.167457561990947));
#1913=CARTESIAN_POINT('',(0.0142187442567635,0.0263589333683131,0.16724589532428));
#1914=CARTESIAN_POINT('',(0.018056839076109,0.0286187752313731,0.167034228657614));
#1915=CARTESIAN_POINT('',(0.0218949338954544,0.0308786170944332,0.166822561990947));
#1916=CARTESIAN_POINT('',(0.0257710617670726,0.0286846504102767,0.166610895324281));
#1917=CARTESIAN_POINT('',(0.0296471896386908,0.0264906837261201,0.166399228657614));
#1918=CARTESIAN_POINT('',(0.0296852226909636,0.0220368751789035,0.166187561990947));
#1919=CARTESIAN_POINT('',(0.0297232557432365,0.0175830666316869,0.16597589532428));
#1920=CARTESIAN_POINT('',(0.0258851609238911,0.0153232247686268,0.165764228657614));
#1921=CARTESIAN_POINT('',(0.0220470661045457,0.0130633829055668,0.165552561990947));
#1922=CARTESIAN_POINT('',(0.0181709382329274,0.0152573495897234,0.165340895324281));
#1923=CARTESIAN_POINT('',(0.0142948103613092,0.01745131627388,0.165129228657614));
#1924=CARTESIAN_POINT('',(0.0142567773090363,0.0219051248210965,0.164917561990947));
#1925=CARTESIAN_POINT('',(0.0142187442567635,0.0263589333683131,0.16470589532428));
#1926=CARTESIAN_POINT('',(0.0180568390761089,0.0286187752313731,0.164494228657614));
#1927=CARTESIAN_POINT('',(0.0218949338954544,0.0308786170944332,0.164282561990947));
#1928=CARTESIAN_POINT('',(0.0257710617670725,0.0286846504102767,0.16407089532428));
#1929=CARTESIAN_POINT('',(0.0296471896386908,0.0264906837261201,0.163859228657614));
#1930=CARTESIAN_POINT('',(0.0296852226909636,0.0220368751789034,0.163647561990947));
#1931=CARTESIAN_POINT('',(0.0297232557432365,0.0175830666316869,0.16343589532428));
#1932=CARTESIAN_POINT('',(0.0258851609238911,0.0153232247686268,0.163224228657614));
#1933=CARTESIAN_POINT('',(0.0220470661045457,0.0130633829055668,0.163012561990947));
#1934=CARTESIAN_POINT('',(0.0181709382329274,0.0152573495897234,0.16280089532428));
#1935=CARTESIAN_POINT('',(0.0142948103613092,0.01745131627388,0.162589228657614));
#1936=CARTESIAN_POINT('',(0.0142567773090363,0.0219051248210965,0.162377561990947));
#1937=CARTESIAN_POINT('',(0.0142187442567635,0.0263589333683131,0.16216589532428));
#1938=CARTESIAN_POINT('',(0.0180568390761089,0.0286187752313731,0.161954228657614));
#1939=CARTESIAN_POINT('',(0.0218949338954544,0.0308786170944332,0.161742561990947));
#1940=CARTESIAN_POINT('',(0.0257710617670725,0.0286846504102767,0.16153089532428));
#1941=CARTESIAN_POINT('',(0.0296471896386908,0.0264906837261201,0.161319228657614));
#1942=CARTESIAN_POINT('',(0.0296852226909636,0.0220368751789034,0.161107561990947));
#1943=CARTESIAN_POINT('',(0.0297232557432365,0.0175830666316869,0.16089589532428));
#1944=CARTESIAN_POINT('',(0.0258851609238911,0.0153232247686268,0.160684228657614));
#1945=CARTESIAN_POINT('',(0.0220470661045457,0.0130633829055668,0.160472561990947));
#1946=CARTESIAN_POINT('',(0.0181709382329274,0.0152573495897234,0.160260895324281));
#1947=CARTESIAN_POINT('',(0.0142948103613092,0.0174513162738799,0.160049228657614));
#1948=CARTESIAN_POINT('',(0.0142567773090363,0.0219051248210965,0.159837561990947));
#1949=CARTESIAN_POINT('',(0.0142187442567635,0.0263589333683131,0.15962589532428));
#1950=CARTESIAN_POINT('',(0.0180568390761089,0.0286187752313731,0.159414228657614));
#1951=CARTESIAN_POINT('',(0.0218949338954544,0.0308786170944332,0.159202561990947));
#1952=CARTESIAN_POINT('',(0.0257710617670725,0.0286846504102767,0.15899089532428));
#1953=CARTESIAN_POINT('',(0.0296471896386908,0.0264906837261201,0.158779228657614));
#1954=CARTESIAN_POINT('',(0.0296852226909636,0.0220368751789034,0.158567561990947));
#1955=CARTESIAN_POINT('',(0.0297232557432365,0.0175830666316869,0.15835589532428));
#1956=CARTESIAN_POINT('',(0.0258851609238911,0.0153232247686268,0.158144228657614));
#1957=CARTESIAN_POINT('',(0.0220470661045457,0.0130633829055668,0.157932561990947));
#1958=CARTESIAN_POINT('',(0.0181709382329274,0.0152573495897234,0.15772089532428));
#1959=CARTESIAN_POINT('',(0.0142948103613092,0.0174513162738799,0.157509228657614));
#1960=CARTESIAN_POINT('',(0.0142567773090363,0.0219051248210965,0.157297561990947));
#1961=CARTESIAN_POINT('',(0.0142187442567635,0.0263589333683131,0.15708589532428));
#1962=CARTESIAN_POINT('',(0.0180568390761089,0.0286187752313731,0.156874228657614));
#1963=CARTESIAN_POINT('',(0.0218949338954544,0.0308786170944332,0.156662561990947));
#1964=CARTESIAN_POINT('',(0.0257710617670725,0.0286846504102767,0.15645089532428));
#1965=CARTESIAN_POINT('',(0.0296471896386908,0.0264906837261201,0.156239228657614));
#1966=CARTESIAN_POINT('',(0.0296852226909636,0.0220368751789035,0.156027561990947));
#1967=CARTESIAN_POINT('',(0.0297232557432365,0.0175830666316869,0.15581589532428));
#1968=CARTESIAN_POINT('',(0.0258851609238911,0.0153232247686268,0.155604228657614));
#1969=CARTESIAN_POINT('',(0.0220470661045457,0.0130633829055668,0.155392561990947));
#1970=CARTESIAN_POINT('',(0.0181709382329274,0.0152573495897234,0.155180895324281));
#1971=CARTESIAN_POINT('',(0.0142948103613092,0.0174513162738799,0.154969228657614));
#1972=CARTESIAN_POINT('',(0.0142567773090363,0.0219051248210965,0.154757561990947));
#1973=CARTESIAN_POINT('',(0.0142187442567635,0.0263589333683131,0.15454589532428));
#1974=CARTESIAN_POINT('',(0.0180568390761089,0.0286187752313731,0.154334228657614));
#1975=CARTESIAN_POINT('',(0.0218949338954544,0.0308786170944332,0.154122561990947));
#1976=CARTESIAN_POINT('',(0.0257710617670725,0.0286846504102767,0.15391089532428));
#1977=CARTESIAN_POINT('',(0.0296471896386908,0.0264906837261201,0.153699228657614));
#1978=CARTESIAN_POINT('',(0.0296852226909636,0.0220368751789035,0.153487561990947));
#1979=CARTESIAN_POINT('',(0.0297232557432365,0.0175830666316869,0.15327589532428));
#1980=CARTESIAN_POINT('',(0.0258851609238911,0.0153232247686268,0.153064228657614));
#1981=CARTESIAN_POINT('',(0.0220470661045457,0.0130633829055668,0.152852561990947));
#1982=CARTESIAN_POINT('',(0.0181709382329274,0.0152573495897234,0.15264089532428));
#1983=CARTESIAN_POINT('',(0.0142948103613092,0.01745131627388,0.152429228657614));
#1984=CARTESIAN_POINT('',(0.0142567773090363,0.0219051248210964,0.152217561990947));
#1985=CARTESIAN_POINT('',(0.0142187442567635,0.0263589333683131,0.15200589532428));
#1986=CARTESIAN_POINT('',(0.0180568390761089,0.0286187752313731,0.151794228657614));
#1987=CARTESIAN_POINT('',(0.0218949338954544,0.0308786170944332,0.151582561990947));
#1988=CARTESIAN_POINT('',(0.0257710617670726,0.0286846504102766,0.15137089532428));
#1989=CARTESIAN_POINT('',(0.0296471896386908,0.0264906837261201,0.151159228657614));
#1990=CARTESIAN_POINT('',(0.0296852226909636,0.0220368751789035,0.150947561990947));
#1991=CARTESIAN_POINT('',(0.0297232557432365,0.0175830666316869,0.150735895324281));
#1992=CARTESIAN_POINT('',(0.0258851609238911,0.0153232247686268,0.150524228657614));
#1993=CARTESIAN_POINT('',(0.0220470661045456,0.0130633829055668,0.150312561990947));
#1994=CARTESIAN_POINT('',(0.0181709382329275,0.0152573495897233,0.150100895324281));
#1995=CARTESIAN_POINT('',(0.0142948103613092,0.0174513162738799,0.149889228657614));
#1996=CARTESIAN_POINT('',(0.0142567773090363,0.0219051248210965,0.149677561990947));
#1997=CARTESIAN_POINT('',(0.0142187442567635,0.0263589333683131,0.14946589532428));
#1998=CARTESIAN_POINT('',(0.0180568390761089,0.0286187752313731,0.149254228657614));
#1999=CARTESIAN_POINT('',(0.0218949338954543,0.0308786170944332,0.149042561990947));
#2000=CARTESIAN_POINT('',(0.0257710617670725,0.0286846504102767,0.14883089532428));
#2001=CARTESIAN_POINT('',(0.0296471896386908,0.0264906837261201,0.148619228657614));
#2002=CARTESIAN_POINT('',(0.0296852226909636,0.0220368751789034,0.148407561990947));
#2003=CARTESIAN_POINT('',(0.0297232557432365,0.017583066631687,0.14819589532428));
#2004=CARTESIAN_POINT('',(0.0258851609238911,0.0153232247686269,0.147984228657614));
#2005=CARTESIAN_POINT('',(0.0220470661045457,0.0130633829055668,0.147772561990947));
#2006=CARTESIAN_POINT('',(0.0181709382329274,0.0152573495897234,0.14756089532428));
#2007=CARTESIAN_POINT('',(0.0142948103613092,0.01745131627388,0.147349228657614));
#2008=CARTESIAN_POINT('',(0.0142567773090363,0.0219051248210964,0.147137561990947));
#2009=CARTESIAN_POINT('',(0.0142187442567635,0.0263589333683131,0.14692589532428));
#2010=CARTESIAN_POINT('',(0.0180568390761089,0.0286187752313731,0.146714228657614));
#2011=CARTESIAN_POINT('',(0.0218949338954544,0.0308786170944332,0.146502561990947));
#2012=CARTESIAN_POINT('',(0.0257710617670726,0.0286846504102766,0.14629089532428));
#2013=CARTESIAN_POINT('',(0.0296471896386908,0.0264906837261201,0.146079228657614));
#2014=CARTESIAN_POINT('',(0.0296852226909636,0.0220368751789035,0.145867561990947));
#2015=CARTESIAN_POINT('',(0.0297232557432365,0.0175830666316869,0.14565589532428));
#2016=CARTESIAN_POINT('',(0.0258851609238911,0.0153232247686268,0.145444228657614));
#2017=CARTESIAN_POINT('',(0.0220470661045457,0.0130633829055668,0.145232561990947));
#2018=CARTESIAN_POINT('',(0.0181709382329275,0.0152573495897233,0.14502089532428));
#2019=CARTESIAN_POINT('',(0.0142948103613092,0.0174513162738799,0.144809228657614));
#2020=CARTESIAN_POINT('',(0.0142567773090363,0.0219051248210965,0.144597561990947));
#2021=CARTESIAN_POINT('',(0.0142187442567635,0.0263589333683131,0.14438589532428));
#2022=CARTESIAN_POINT('',(0.0180568390761089,0.0286187752313731,0.144174228657614));
#2023=CARTESIAN_POINT('',(0.0218949338954542,0.0308786170944332,0.143962561990947));
#2024=CARTESIAN_POINT('',(0.0257710617670725,0.0286846504102767,0.14375089532428));
#2025=CARTESIAN_POINT('',(0.0296471896386908,0.0264906837261201,0.143539228657614));
#2026=CARTESIAN_POINT('',(0.0296852226909636,0.0220368751789034,0.143327561990947));
#2027=CARTESIAN_POINT('',(0.0297232557432365,0.017583066631687,0.14311589532428));
#2028=CARTESIAN_POINT('',(0.0258851609238911,0.0153232247686269,0.142904228657614));
#2029=CARTESIAN_POINT('',(0.0220470661045457,0.0130633829055668,0.142692561990947));
#2030=CARTESIAN_POINT('',(0.0181709382329274,0.0152573495897233,0.14248089532428));
#2031=CARTESIAN_POINT('',(0.0142948103613092,0.01745131627388,0.142269228657614));
#2032=CARTESIAN_POINT('',(0.0142567773090363,0.0219051248210964,0.142057561990947));
#2033=CARTESIAN_POINT('',(0.0142187442567635,0.0263589333683131,0.14184589532428));
#2034=CARTESIAN_POINT('',(0.0180568390761089,0.0286187752313731,0.141634228657614));
#2035=CARTESIAN_POINT('',(0.0218949338954544,0.0308786170944332,0.141422561990947));
#2036=CARTESIAN_POINT('',(0.0257710617670725,0.0286846504102767,0.14121089532428));
#2037=CARTESIAN_POINT('',(0.0296471896386908,0.0264906837261201,0.140999228657614));
#2038=CARTESIAN_POINT('',(0.0296852226909636,0.0220368751789035,0.140787561990947));
#2039=CARTESIAN_POINT('',(0.0297232557432365,0.0175830666316869,0.14057589532428));
#2040=CARTESIAN_POINT('',(0.0258851609238911,0.0153232247686268,0.140364228657614));
#2041=CARTESIAN_POINT('',(0.0220470661045457,0.0130633829055668,0.140152561990947));
#2042=CARTESIAN_POINT('',(0.0181709382329275,0.0152573495897233,0.13994089532428));
#2043=CARTESIAN_POINT('',(0.0142948103613092,0.0174513162738799,0.139729228657614));
#2044=CARTESIAN_POINT('',(0.0142567773090363,0.0219051248210965,0.139517561990947));
#2045=CARTESIAN_POINT('',(0.0142187442567635,0.0263589333683131,0.139305895324281));
#2046=CARTESIAN_POINT('',(0.0180568390761089,0.0286187752313731,0.139094228657614));
#2047=CARTESIAN_POINT('',(0.0218949338954542,0.0308786170944332,0.138882561990947));
#2048=CARTESIAN_POINT('',(0.0257710617670725,0.0286846504102767,0.13867089532428));
#2049=CARTESIAN_POINT('',(0.0296471896386908,0.0264906837261201,0.138459228657614));
#2050=CARTESIAN_POINT('',(0.0296852226909636,0.0220368751789035,0.138247561990947));
#2051=CARTESIAN_POINT('',(0.0297232557432365,0.017583066631687,0.13803589532428));
#2052=CARTESIAN_POINT('',(0.0258851609238911,0.0153232247686269,0.137824228657614));
#2053=CARTESIAN_POINT('',(0.0220470661045457,0.0130633829055668,0.137612561990947));
#2054=CARTESIAN_POINT('',(0.0181709382329274,0.0152573495897233,0.13740089532428));
#2055=CARTESIAN_POINT('',(0.0142948103613092,0.0174513162738799,0.137189228657614));
#2056=CARTESIAN_POINT('',(0.0142567773090363,0.0219051248210964,0.136977561990947));
#2057=CARTESIAN_POINT('',(0.0142187442567635,0.0263589333683131,0.13676589532428));
#2058=CARTESIAN_POINT('',(0.0180568390761089,0.0286187752313731,0.136554228657614));
#2059=CARTESIAN_POINT('',(0.0218949338954543,0.0308786170944332,0.136342561990947));
#2060=CARTESIAN_POINT('',(0.0257710617670725,0.0286846504102767,0.13613089532428));
#2061=CARTESIAN_POINT('',(0.0296471896386908,0.0264906837261201,0.135919228657614));
#2062=CARTESIAN_POINT('',(0.0296852226909636,0.0220368751789035,0.135707561990947));
#2063=CARTESIAN_POINT('',(0.0297232557432365,0.0175830666316869,0.13549589532428));
#2064=CARTESIAN_POINT('',(0.0258851609238911,0.0153232247686268,0.135284228657614));
#2065=CARTESIAN_POINT('',(0.0220470661045458,0.0130633829055668,0.135072561990947));
#2066=CARTESIAN_POINT('',(0.0181709382329275,0.0152573495897233,0.13486089532428));
#2067=CARTESIAN_POINT('',(0.0142948103613092,0.0174513162738799,0.134649228657614));
#2068=CARTESIAN_POINT('',(0.0142567773090363,0.0219051248210965,0.134437561990947));
#2069=CARTESIAN_POINT('',(0.0142187442567634,0.026358933368313,0.13422589532428));
#2070=CARTESIAN_POINT('',(0.0180568390761089,0.0286187752313731,0.134014228657614));
#2071=CARTESIAN_POINT('',(0.0218949338954542,0.0308786170944332,0.133802561990947));
#2072=CARTESIAN_POINT('',(0.0257710617670725,0.0286846504102767,0.13359089532428));
#2073=CARTESIAN_POINT('',(0.0296471896386908,0.0264906837261201,0.133379228657614));
#2074=CARTESIAN_POINT('',(0.0296852226909636,0.0220368751789036,0.133167561990947));
#2075=CARTESIAN_POINT('',(0.0297232557432366,0.017583066631687,0.13295589532428));
#2076=CARTESIAN_POINT('',(0.0258851609238911,0.0153232247686269,0.132744228657614));
#2077=CARTESIAN_POINT('',(0.0220470661045457,0.0130633829055668,0.132532561990947));
#2078=CARTESIAN_POINT('',(0.0181709382329274,0.0152573495897233,0.13232089532428));
#2079=CARTESIAN_POINT('',(0.0142948103613092,0.0174513162738799,0.132109228657614));
#2080=CARTESIAN_POINT('',(0.0142567773090363,0.0219051248210964,0.131897561990947));
#2081=CARTESIAN_POINT('',(0.0142187442567635,0.0263589333683131,0.131685895324281));
#2082=CARTESIAN_POINT('',(0.0180568390761089,0.0286187752313731,0.131474228657614));
#2083=CARTESIAN_POINT('',(0.0218949338954543,0.0308786170944332,0.131262561990947));
#2084=CARTESIAN_POINT('',(0.0257710617670725,0.0286846504102767,0.13105089532428));
#2085=CARTESIAN_POINT('',(0.0296471896386908,0.0264906837261201,0.130839228657614));
#2086=CARTESIAN_POINT('',(0.0296852226909636,0.0220368751789035,0.130627561990947));
#2087=CARTESIAN_POINT('',(0.0297232557432365,0.0175830666316869,0.13041589532428));
#2088=CARTESIAN_POINT('',(0.0258851609238912,0.0153232247686269,0.130204228657614));
#2089=CARTESIAN_POINT('',(0.0220470661045458,0.0130633829055668,0.129992561990947));
#2090=CARTESIAN_POINT('',(0.0181709382329275,0.0152573495897233,0.12978089532428));
#2091=CARTESIAN_POINT('',(0.0142948103613092,0.0174513162738799,0.129569228657614));
#2092=CARTESIAN_POINT('',(0.0142567773090363,0.0219051248210965,0.129357561990947));
#2093=CARTESIAN_POINT('',(0.0142187442567634,0.026358933368313,0.129145895324281));
#2094=CARTESIAN_POINT('',(0.0180568390761089,0.0286187752313731,0.128934228657614));
#2095=CARTESIAN_POINT('',(0.0218949338954542,0.0308786170944332,0.128722561990947));
#2096=CARTESIAN_POINT('',(0.0257710617670725,0.0286846504102767,0.12851089532428));
#2097=CARTESIAN_POINT('',(0.0296471896386908,0.0264906837261201,0.128299228657614));
#2098=CARTESIAN_POINT('',(0.0296852226909636,0.0220368751789036,0.128087561990947));
#2099=CARTESIAN_POINT('',(0.0297232557432366,0.017583066631687,0.12787589532428));
#2100=CARTESIAN_POINT('',(0.0258851609238911,0.0153232247686269,0.127664228657614));
#2101=CARTESIAN_POINT('',(0.0220470661045457,0.0130633829055668,0.127452561990947));
#2102=CARTESIAN_POINT('',(0.0181709382329274,0.0152573495897233,0.12724089532428));
#2103=CARTESIAN_POINT('',(0.0142948103613092,0.0174513162738799,0.127029228657614));
#2104=CARTESIAN_POINT('',(0.0142567773090363,0.0219051248210964,0.126817561990947));
#2105=CARTESIAN_POINT('',(0.0142187442567634,0.026358933368313,0.12660589532428));
#2106=CARTESIAN_POINT('',(0.0180568390761089,0.0286187752313731,0.126394228657614));
#2107=CARTESIAN_POINT('',(0.0218949338954542,0.0308786170944332,0.126182561990947));
#2108=CARTESIAN_POINT('',(0.0257710617670726,0.0286846504102767,0.12597089532428));
#2109=CARTESIAN_POINT('',(0.0296471896386908,0.0264906837261201,0.125759228657614));
#2110=CARTESIAN_POINT('',(0.0296852226909636,0.0220368751789036,0.125547561990947));
#2111=CARTESIAN_POINT('',(0.0297232557432365,0.0175830666316869,0.12533589532428));
#2112=CARTESIAN_POINT('',(0.0258851609238912,0.0153232247686269,0.125124228657614));
#2113=CARTESIAN_POINT('',(0.0220470661045457,0.0130633829055668,0.124912561990947));
#2114=CARTESIAN_POINT('',(0.0181709382329275,0.0152573495897233,0.12470089532428));
#2115=CARTESIAN_POINT('',(0.0142948103613093,0.0174513162738798,0.124489228657614));
#2116=CARTESIAN_POINT('',(0.0142567773090363,0.0219051248210965,0.124277561990947));
#2117=CARTESIAN_POINT('',(0.0142187442567634,0.026358933368313,0.124065895324281));
#2118=CARTESIAN_POINT('',(0.018056839076109,0.0286187752313731,0.123854228657614));
#2119=CARTESIAN_POINT('',(0.0218949338954542,0.0308786170944332,0.123642561990947));
#2120=CARTESIAN_POINT('',(0.0257710617670724,0.0286846504102767,0.12343089532428));
#2121=CARTESIAN_POINT('',(0.0296471896386908,0.0264906837261201,0.123219228657614));
#2122=CARTESIAN_POINT('',(0.0296852226909636,0.0220368751789036,0.123007561990947));
#2123=CARTESIAN_POINT('',(0.0297232557432365,0.0175830666316869,0.12279589532428));
#2124=CARTESIAN_POINT('',(0.0258851609238911,0.0153232247686269,0.122584228657614));
#2125=CARTESIAN_POINT('',(0.0220470661045459,0.0130633829055668,0.122372561990947));
#2126=CARTESIAN_POINT('',(0.0181709382329274,0.0152573495897233,0.12216089532428));
#2127=CARTESIAN_POINT('',(0.0142948103613092,0.0174513162738798,0.121949228657614));
#2128=CARTESIAN_POINT('',(0.0142567773090363,0.0219051248210965,0.121737561990947));
#2129=CARTESIAN_POINT('',(0.0142187442567635,0.0263589333683131,0.12152589532428));
#2130=CARTESIAN_POINT('',(0.0180568390761088,0.0286187752313731,0.121314228657614));
#2131=CARTESIAN_POINT('',(0.0218949338954543,0.0308786170944332,0.121102561990947));
#2132=CARTESIAN_POINT('',(0.0257710617670725,0.0286846504102767,0.12089089532428));
#2133=CARTESIAN_POINT('',(0.0296471896386907,0.0264906837261202,0.120679228657614));
#2134=CARTESIAN_POINT('',(0.0296852226909636,0.0220368751789035,0.120467561990947));
#2135=CARTESIAN_POINT('',(0.0297232557432366,0.017583066631687,0.12025589532428));
#2136=CARTESIAN_POINT('',(0.0258851609238911,0.0153232247686268,0.120044228657614));
#2137=CARTESIAN_POINT('',(0.0220470661045458,0.0130633829055668,0.119832561990947));
#2138=CARTESIAN_POINT('',(0.0181709382329276,0.0152573495897233,0.11962089532428));
#2139=CARTESIAN_POINT('',(0.0142948103613092,0.0174513162738799,0.119409228657614));
#2140=CARTESIAN_POINT('',(0.0142567773090363,0.0219051248210964,0.119197561990947));
#2141=CARTESIAN_POINT('',(0.0142187442567635,0.0263589333683131,0.11898589532428));
#2142=CARTESIAN_POINT('',(0.0180568390761089,0.0286187752313731,0.118774228657614));
#2143=CARTESIAN_POINT('',(0.0218949338954541,0.0308786170944332,0.118562561990947));
#2144=CARTESIAN_POINT('',(0.0257710617670725,0.0286846504102767,0.11835089532428));
#2145=CARTESIAN_POINT('',(0.0296471896386908,0.0264906837261202,0.118139228657614));
#2146=CARTESIAN_POINT('',(0.0296852226909636,0.0220368751789035,0.117927561990947));
#2147=CARTESIAN_POINT('',(0.0297232557432366,0.017583066631687,0.11771589532428));
#2148=CARTESIAN_POINT('',(0.0258851609238912,0.015323224768627,0.117504228657614));
#2149=CARTESIAN_POINT('',(0.0220470661045457,0.0130633829055668,0.117292561990947));
#2150=CARTESIAN_POINT('',(0.0181709382329275,0.0152573495897233,0.11708089532428));
#2151=CARTESIAN_POINT('',(0.0142948103613092,0.0174513162738799,0.116869228657614));
#2152=CARTESIAN_POINT('',(0.0142567773090363,0.0219051248210964,0.116657561990947));
#2153=CARTESIAN_POINT('',(0.0142187442567634,0.026358933368313,0.11644589532428));
#2154=CARTESIAN_POINT('',(0.0180568390761089,0.0286187752313731,0.116234228657614));
#2155=CARTESIAN_POINT('',(0.0218949338954542,0.0308786170944332,0.116022561990947));
#2156=CARTESIAN_POINT('',(0.0257710617670726,0.0286846504102767,0.11581089532428));
#2157=CARTESIAN_POINT('',(0.0296471896386908,0.0264906837261201,0.115599228657614));
#2158=CARTESIAN_POINT('',(0.0296852226909636,0.0220368751789036,0.115387561990947));
#2159=CARTESIAN_POINT('',(0.0297232557432365,0.0175830666316869,0.115175895324281));
#2160=CARTESIAN_POINT('',(0.0258851609238912,0.0153232247686269,0.114964228657614));
#2161=CARTESIAN_POINT('',(0.0220470661045457,0.0130633829055668,0.114752561990947));
#2162=CARTESIAN_POINT('',(0.0181709382329275,0.0152573495897233,0.11454089532428));
#2163=CARTESIAN_POINT('',(0.0142948103613093,0.0174513162738797,0.114329228657614));
#2164=CARTESIAN_POINT('',(0.0142567773090363,0.0219051248210965,0.114117561990947));
#2165=CARTESIAN_POINT('',(0.0142187442567634,0.026358933368313,0.11390589532428));
#2166=CARTESIAN_POINT('',(0.0180568390761089,0.0286187752313731,0.113694228657614));
#2167=CARTESIAN_POINT('',(0.0218949338954542,0.0308786170944332,0.113482561990947));
#2168=CARTESIAN_POINT('',(0.0257710617670724,0.0286846504102767,0.11327089532428));
#2169=CARTESIAN_POINT('',(0.0296471896386908,0.0264906837261201,0.113059228657614));
#2170=CARTESIAN_POINT('',(0.0296852226909636,0.0220368751789036,0.112847561990947));
#2171=CARTESIAN_POINT('',(0.0297232557432366,0.0175830666316871,0.11263589532428));
#2172=CARTESIAN_POINT('',(0.0258851609238911,0.0153232247686269,0.112424228657614));
#2173=CARTESIAN_POINT('',(0.0220470661045459,0.0130633829055668,0.112212561990947));
#2174=CARTESIAN_POINT('',(0.0181709382329274,0.0152573495897233,0.11200089532428));
#2175=CARTESIAN_POINT('',(0.0142948103613092,0.0174513162738798,0.111789228657614));
#2176=CARTESIAN_POINT('',(0.0142567773090363,0.0219051248210963,0.111577561990947));
#2177=CARTESIAN_POINT('',(0.0142187442567635,0.0263589333683131,0.11136589532428));
#2178=CARTESIAN_POINT('',(0.0180568390761088,0.0286187752313731,0.111154228657614));
#2179=CARTESIAN_POINT('',(0.0218949338954543,0.0308786170944332,0.110942561990947));
#2180=CARTESIAN_POINT('',(0.0257710617670725,0.0286846504102767,0.11073089532428));
#2181=CARTESIAN_POINT('',(0.0296471896386907,0.0264906837261202,0.110519228657614));
#2182=CARTESIAN_POINT('',(0.0296852226909636,0.0220368751789035,0.110307561990947));
#2183=CARTESIAN_POINT('',(0.0297232557432366,0.017583066631687,0.11009589532428));
#2184=CARTESIAN_POINT('',(0.0258851609238911,0.0153232247686268,0.109884228657614));
#2185=CARTESIAN_POINT('',(0.0220470661045458,0.0130633829055668,0.109672561990947));
#2186=CARTESIAN_POINT('',(0.0181709382329276,0.0152573495897233,0.10946089532428));
#2187=CARTESIAN_POINT('',(0.0142948103613092,0.0174513162738799,0.109249228657614));
#2188=CARTESIAN_POINT('',(0.0142567773090363,0.0219051248210964,0.109037561990947));
#2189=CARTESIAN_POINT('',(0.0142187442567635,0.0263589333683131,0.10882589532428));
#2190=CARTESIAN_POINT('',(0.0180568390761088,0.0286187752313731,0.108614228657614));
#2191=CARTESIAN_POINT('',(0.0218949338954541,0.0308786170944332,0.108402561990947));
#2192=CARTESIAN_POINT('',(0.0257710617670725,0.0286846504102767,0.10819089532428));
#2193=CARTESIAN_POINT('',(0.0296471896386908,0.0264906837261202,0.107979228657614));
#2194=CARTESIAN_POINT('',(0.0296852226909636,0.0220368751789035,0.107767561990947));
#2195=CARTESIAN_POINT('',(0.0297232557432366,0.017583066631687,0.10755589532428));
#2196=CARTESIAN_POINT('',(0.0258851609238912,0.015323224768627,0.107344228657614));
#2197=CARTESIAN_POINT('',(0.0220470661045457,0.0130633829055668,0.107132561990947));
#2198=CARTESIAN_POINT('',(0.0181709382329275,0.0152573495897233,0.10692089532428));
#2199=CARTESIAN_POINT('',(0.0142948103613092,0.0174513162738799,0.106709228657614));
#2200=CARTESIAN_POINT('',(0.0142567773090363,0.0219051248210964,0.106497561990947));
#2201=CARTESIAN_POINT('',(0.0142187442567634,0.026358933368313,0.10628589532428));
#2202=CARTESIAN_POINT('',(0.0180568390761089,0.0286187752313731,0.106074228657614));
#2203=CARTESIAN_POINT('',(0.0218949338954542,0.0308786170944332,0.105862561990947));
#2204=CARTESIAN_POINT('',(0.0257710617670726,0.0286846504102767,0.10565089532428));
#2205=CARTESIAN_POINT('',(0.0296471896386908,0.0264906837261202,0.105439228657614));
#2206=CARTESIAN_POINT('',(0.0296852226909636,0.0220368751789036,0.105227561990947));
#2207=CARTESIAN_POINT('',(0.0297232557432365,0.0175830666316869,0.10501589532428));
#2208=CARTESIAN_POINT('',(0.0258851609238912,0.0153232247686269,0.104804228657614));
#2209=CARTESIAN_POINT('',(0.0220470661045459,0.0130633829055668,0.104592561990947));
#2210=CARTESIAN_POINT('',(0.0181709382329275,0.0152573495897233,0.10438089532428));
#2211=CARTESIAN_POINT('',(0.0142948103613093,0.0174513162738797,0.104169228657614));
#2212=CARTESIAN_POINT('',(0.0142567773090363,0.0219051248210965,0.103957561990947));
#2213=CARTESIAN_POINT('',(0.0142187442567634,0.026358933368313,0.10374589532428));
#2214=CARTESIAN_POINT('',(0.0180568390761087,0.028618775231373,0.103534228657614));
#2215=CARTESIAN_POINT('',(0.0218949338954542,0.0308786170944332,0.103322561990947));
#2216=CARTESIAN_POINT('',(0.0257710617670724,0.0286846504102767,0.10311089532428));
#2217=CARTESIAN_POINT('',(0.0296471896386908,0.0264906837261201,0.102899228657614));
#2218=CARTESIAN_POINT('',(0.0296852226909636,0.0220368751789036,0.102687561990947));
#2219=CARTESIAN_POINT('',(0.0297232557432366,0.0175830666316871,0.10247589532428));
#2220=CARTESIAN_POINT('',(0.0258851609238911,0.0153232247686269,0.102264228657614));
#2221=CARTESIAN_POINT('',(0.0220470661045459,0.0130633829055668,0.102052561990947));
#2222=CARTESIAN_POINT('',(0.0181709382329274,0.0152573495897233,0.10184089532428));
#2223=CARTESIAN_POINT('',(0.0142948103613092,0.0174513162738798,0.101629228657614));
#2224=CARTESIAN_POINT('',(0.0142567773090363,0.0219051248210963,0.101417561990947));
#2225=CARTESIAN_POINT('',(0.0142187442567635,0.026358933368313,0.10120589532428));
#2226=CARTESIAN_POINT('',(0.0180568390761087,0.0286187752313731,0.100994228657614));
#2227=CARTESIAN_POINT('',(0.0218949338954543,0.0308786170944332,0.100782561990947));
#2228=CARTESIAN_POINT('',(0.0257710617670725,0.0286846504102767,0.10057089532428));
#2229=CARTESIAN_POINT('',(0.0296471896386907,0.0264906837261203,0.100359228657614));
#2230=CARTESIAN_POINT('',(0.0296852226909636,0.0220368751789035,0.100147561990947));
#2231=CARTESIAN_POINT('',(0.0297232557432366,0.017583066631687,0.0999358953242804));
#2232=CARTESIAN_POINT('',(0.0258851609238911,0.0153232247686268,0.0997242286576138));
#2233=CARTESIAN_POINT('',(0.0220470661045458,0.0130633829055668,0.0995125619909471));
#2234=CARTESIAN_POINT('',(0.0181709382329276,0.0152573495897233,0.0993008953242805));
#2235=CARTESIAN_POINT('',(0.0142948103613092,0.0174513162738799,0.0990892286576138));
#2236=CARTESIAN_POINT('',(0.0142567773090363,0.0219051248210963,0.0988775619909471));
#2237=CARTESIAN_POINT('',(0.0142187442567635,0.0263589333683131,0.0986658953242805));
#2238=CARTESIAN_POINT('',(0.0180568390761088,0.0286187752313731,0.0984542286576138));
#2239=CARTESIAN_POINT('',(0.0218949338954541,0.0308786170944332,0.0982425619909472));
#2240=CARTESIAN_POINT('',(0.0257710617670725,0.0286846504102767,0.0980308953242805));
#2241=CARTESIAN_POINT('',(0.0296471896386908,0.0264906837261202,0.0978192286576137));
#2242=CARTESIAN_POINT('',(0.0296852226909636,0.0220368751789035,0.0976075619909471));
#2243=CARTESIAN_POINT('',(0.0297232557432366,0.017583066631687,0.0973958953242804));
#2244=CARTESIAN_POINT('',(0.0258851609238912,0.015323224768627,0.0971842286576138));
#2245=CARTESIAN_POINT('',(0.0220470661045457,0.0130633829055668,0.0969725619909471));
#2246=CARTESIAN_POINT('',(0.0181709382329275,0.0152573495897233,0.0967608953242805));
#2247=CARTESIAN_POINT('',(0.0142948103613093,0.0174513162738797,0.0965492286576138));
#2248=CARTESIAN_POINT('',(0.0142567773090363,0.0219051248210964,0.0963375619909471));
#2249=CARTESIAN_POINT('',(0.0142187442567634,0.0263589333683129,0.0961258953242805));
#2250=CARTESIAN_POINT('',(0.0180568390761089,0.0286187752313731,0.0959142286576138));
#2251=CARTESIAN_POINT('',(0.0218949338954542,0.0308786170944332,0.0957025619909472));
#2252=CARTESIAN_POINT('',(0.0257710617670724,0.0286846504102768,0.0954908953242805));
#2253=CARTESIAN_POINT('',(0.0296471896386908,0.0264906837261202,0.0952792286576138));
#2254=CARTESIAN_POINT('',(0.0296852226909636,0.0220368751789036,0.0950675619909471));
#2255=CARTESIAN_POINT('',(0.0297232557432365,0.017583066631687,0.0948558953242805));
#2256=CARTESIAN_POINT('',(0.0258851609238912,0.015323224768627,0.0946442286576138));
#2257=CARTESIAN_POINT('',(0.0220470661045459,0.0130633829055668,0.0944325619909471));
#2258=CARTESIAN_POINT('',(0.0181709382329275,0.0152573495897233,0.0942208953242805));
#2259=CARTESIAN_POINT('',(0.0142948103613093,0.0174513162738797,0.0940092286576138));
#2260=CARTESIAN_POINT('',(0.0142567773090363,0.0219051248210964,0.0937975619909471));
#2261=CARTESIAN_POINT('',(0.0142187442567634,0.026358933368313,0.0935858953242804));
#2262=CARTESIAN_POINT('',(0.0180568390761087,0.028618775231373,0.0933742286576138));
#2263=CARTESIAN_POINT('',(0.0218949338954542,0.0308786170944332,0.0931625619909471));
#2264=CARTESIAN_POINT('',(0.0257710617670724,0.0286846504102767,0.0929508953242805));
#2265=CARTESIAN_POINT('',(0.0296471896386908,0.0264906837261201,0.0927392286576138));
#2266=CARTESIAN_POINT('',(0.0296852226909636,0.0220368751789036,0.0925275619909471));
#2267=CARTESIAN_POINT('',(0.0297232557432366,0.0175830666316871,0.0923158953242805));
#2268=CARTESIAN_POINT('',(0.0258851609238912,0.0153232247686269,0.0921042286576138));
#2269=CARTESIAN_POINT('',(0.0220470661045459,0.0130633829055668,0.0918925619909472));
#2270=CARTESIAN_POINT('',(0.0181709382329274,0.0152573495897233,0.0916808953242805));
#2271=CARTESIAN_POINT('',(0.0142948103613092,0.0174513162738798,0.0914692286576137));
#2272=CARTESIAN_POINT('',(0.0142567773090363,0.0219051248210963,0.0912575619909471));
#2273=CARTESIAN_POINT('',(0.0142187442567635,0.026358933368313,0.0910458953242804));
#2274=CARTESIAN_POINT('',(0.0180568390761087,0.028618775231373,0.0908342286576138));
#2275=CARTESIAN_POINT('',(0.0218949338954543,0.0308786170944332,0.0906225619909471));
#2276=CARTESIAN_POINT('',(0.0257710617670724,0.0286846504102767,0.0904108953242805));
#2277=CARTESIAN_POINT('',(0.0296471896386907,0.0264906837261203,0.0901992286576138));
#2278=CARTESIAN_POINT('',(0.0296852226909636,0.0220368751789035,0.0899875619909471));
#2279=CARTESIAN_POINT('',(0.0297232557432366,0.0175830666316871,0.0897758953242805));
#2280=CARTESIAN_POINT('',(0.0258851609238913,0.015323224768627,0.0895642286576138));
#2281=CARTESIAN_POINT('',(0.0220470661045458,0.0130633829055668,0.0893525619909471));
#2282=CARTESIAN_POINT('',(0.0181709382329276,0.0152573495897232,0.0891408953242805));
#2283=CARTESIAN_POINT('',(0.0142948103613092,0.0174513162738799,0.0889292286576138));
#2284=CARTESIAN_POINT('',(0.0142567773090363,0.0219051248210963,0.0887175619909471));
#2285=CARTESIAN_POINT('',(0.0142187442567633,0.0263589333683128,0.0885058953242805));
#2286=CARTESIAN_POINT('',(0.0180568390761088,0.0286187752313731,0.0882942286576138));
#2287=CARTESIAN_POINT('',(0.0218949338954541,0.0308786170944332,0.0880825619909471));
#2288=CARTESIAN_POINT('',(0.0257710617670725,0.0286846504102767,0.0878708953242805));
#2289=CARTESIAN_POINT('',(0.0296471896386908,0.0264906837261202,0.0876592286576137));
#2290=CARTESIAN_POINT('',(0.0296852226909636,0.0220368751789038,0.0874475619909471));
#2291=CARTESIAN_POINT('',(0.0297232557432366,0.017583066631687,0.0872358953242804));
#2292=CARTESIAN_POINT('',(0.0258851609238912,0.015323224768627,0.0870242286576138));
#2293=CARTESIAN_POINT('',(0.0220470661045457,0.0130633829055668,0.0868125619909471));
#2294=CARTESIAN_POINT('',(0.0181709382329275,0.0152573495897233,0.0866008953242805));
#2295=CARTESIAN_POINT('',(0.0142948103613093,0.0174513162738797,0.0863892286576138));
#2296=CARTESIAN_POINT('',(0.0142567773090363,0.0219051248210964,0.0861775619909471));
#2297=CARTESIAN_POINT('',(0.0142187442567634,0.0263589333683129,0.0859658953242805));
#2298=CARTESIAN_POINT('',(0.0180568390761089,0.0286187752313731,0.0857542286576138));
#2299=CARTESIAN_POINT('',(0.0218949338954542,0.0308786170944332,0.0855425619909471));
#2300=CARTESIAN_POINT('',(0.0257710617670724,0.0286846504102768,0.0853308953242805));
#2301=CARTESIAN_POINT('',(0.0296471896386908,0.0264906837261202,0.0851192286576138));
#2302=CARTESIAN_POINT('',(0.0296852226909636,0.0220368751789037,0.0849075619909471));
#2303=CARTESIAN_POINT('',(0.0297232557432365,0.017583066631687,0.0846958953242805));
#2304=CARTESIAN_POINT('',(0.0258851609238912,0.015323224768627,0.0844842286576138));
#2305=CARTESIAN_POINT('',(0.022047066104546,0.0130633829055668,0.0842725619909471));
#2306=CARTESIAN_POINT('',(0.0181709382329275,0.0152573495897233,0.0840608953242805));
#2307=CARTESIAN_POINT('',(0.0142948103613093,0.0174513162738797,0.0838492286576138));
#2308=CARTESIAN_POINT('',(0.0142567773090363,0.0219051248210964,0.0836375619909471));
#2309=CARTESIAN_POINT('',(0.0142187442567634,0.026358933368313,0.0834258953242804));
#2310=CARTESIAN_POINT('',(0.0180568390761087,0.028618775231373,0.0832142286576138));
#2311=CARTESIAN_POINT('',(0.0218949338954542,0.0308786170944332,0.0830025619909471));
#2312=CARTESIAN_POINT('',(0.0257710617670724,0.0286846504102768,0.0827908953242805));
#2313=CARTESIAN_POINT('',(0.0296471896386908,0.0264906837261201,0.0825792286576138));
#2314=CARTESIAN_POINT('',(0.0296852226909636,0.0220368751789036,0.0823675619909471));
#2315=CARTESIAN_POINT('',(0.0297232557432366,0.0175830666316871,0.0821558953242805));
#2316=CARTESIAN_POINT('',(0.0258851609238912,0.0153232247686269,0.0819442286576138));
#2317=CARTESIAN_POINT('',(0.0220470661045459,0.0130633829055668,0.0817325619909472));
#2318=CARTESIAN_POINT('',(0.0181709382329277,0.0152573495897232,0.0815208953242805));
#2319=CARTESIAN_POINT('',(0.0142948103613092,0.0174513162738798,0.0813092286576138));
#2320=CARTESIAN_POINT('',(0.0142567773090363,0.0219051248210963,0.0810975619909471));
#2321=CARTESIAN_POINT('',(0.0142187442567634,0.026358933368313,0.0808858953242804));
#2322=CARTESIAN_POINT('',(0.0180568390761087,0.028618775231373,0.0806742286576138));
#2323=CARTESIAN_POINT('',(0.021894933895454,0.0308786170944332,0.0804625619909471));
#2324=CARTESIAN_POINT('',(0.0257710617670724,0.0286846504102767,0.0802508953242805));
#2325=CARTESIAN_POINT('',(0.0296471896386907,0.0264906837261203,0.0800392286576138));
#2326=CARTESIAN_POINT('',(0.0296852226909636,0.0220368751789035,0.0798275619909471));
#2327=CARTESIAN_POINT('',(0.0297232557432366,0.0175830666316871,0.0796158953242805));
#2328=CARTESIAN_POINT('',(0.0258851609238913,0.015323224768627,0.0794042286576138));
#2329=CARTESIAN_POINT('',(0.0220470661045458,0.0130633829055668,0.0791925619909471));
#2330=CARTESIAN_POINT('',(0.0181709382329276,0.0152573495897232,0.0789808953242805));
#2331=CARTESIAN_POINT('',(0.0142948103613092,0.0174513162738799,0.0787692286576138));
#2332=CARTESIAN_POINT('',(0.0142567773090363,0.0219051248210963,0.0785575619909471));
#2333=CARTESIAN_POINT('',(0.0142187442567633,0.0263589333683128,0.0783458953242805));
#2334=CARTESIAN_POINT('',(0.0180568390761088,0.0286187752313731,0.0781342286576138));
#2335=CARTESIAN_POINT('',(0.0218949338954541,0.0308786170944332,0.0779225619909471));
#2336=CARTESIAN_POINT('',(0.0257710617670725,0.0286846504102767,0.0777108953242805));
#2337=CARTESIAN_POINT('',(0.0296471896386907,0.0264906837261202,0.0774992286576137));
#2338=CARTESIAN_POINT('',(0.0296852226909636,0.0220368751789038,0.0772875619909471));
#2339=CARTESIAN_POINT('',(0.0297232557432366,0.017583066631687,0.0770758953242804));
#2340=CARTESIAN_POINT('',(0.0258851609238913,0.015323224768627,0.0768642286576138));
#2341=CARTESIAN_POINT('',(0.0220470661045457,0.0130633829055668,0.0766525619909471));
#2342=CARTESIAN_POINT('',(0.0181709382329276,0.0152573495897233,0.0764408953242805));
#2343=CARTESIAN_POINT('',(0.0142948103613093,0.0174513162738797,0.0762292286576138));
#2344=CARTESIAN_POINT('',(0.0142567773090363,0.0219051248210964,0.0760175619909471));
#2345=CARTESIAN_POINT('',(0.0142187442567634,0.0263589333683129,0.0758058953242805));
#2346=CARTESIAN_POINT('',(0.0180568390761089,0.0286187752313731,0.0755942286576138));
#2347=CARTESIAN_POINT('',(0.0218949338954541,0.0308786170944332,0.0753825619909471));
#2348=CARTESIAN_POINT('',(0.0257710617670725,0.0286846504102767,0.0751708953242805));
#2349=CARTESIAN_POINT('',(0.0296471896386906,0.0264906837261204,0.0749592286576138));
#2350=CARTESIAN_POINT('',(0.0296852226909636,0.0220368751789037,0.0747475619909471));
#2351=CARTESIAN_POINT('',(0.0297232557432365,0.017583066631687,0.0745358953242805));
#2352=CARTESIAN_POINT('',(0.0258851609238915,0.0153232247686271,0.0743242286576138));
#2353=CARTESIAN_POINT('',(0.022047066104546,0.0130633829055668,0.0741125619909471));
#2354=CARTESIAN_POINT('',(0.0181709382329275,0.0152573495897233,0.0739008953242805));
#2355=CARTESIAN_POINT('',(0.0142948103613092,0.01745131627388,0.0736892286576137));
#2356=CARTESIAN_POINT('',(0.0142567773090363,0.0219051248210962,0.0734775619909471));
#2357=CARTESIAN_POINT('',(0.0142187442567634,0.026358933368313,0.0732658953242804));
#2358=CARTESIAN_POINT('',(0.0180568390761089,0.0286187752313731,0.0730542286576138));
#2359=CARTESIAN_POINT('',(0.0218949338954539,0.0308786170944332,0.0728425619909471));
#2360=CARTESIAN_POINT('',(0.0257710617670724,0.0286846504102768,0.0726308953242805));
#2361=CARTESIAN_POINT('',(0.0296471896386908,0.0264906837261201,0.0724192286576138));
#2362=CARTESIAN_POINT('',(0.0296852226909636,0.0220368751789038,0.0722075619909471));
#2363=CARTESIAN_POINT('',(0.0297232557432366,0.0175830666316871,0.0719958953242805));
#2364=CARTESIAN_POINT('',(0.0258851609238912,0.0153232247686269,0.0717842286576138));
#2365=CARTESIAN_POINT('',(0.0220470661045456,0.0130633829055668,0.0715725619909472));
#2366=CARTESIAN_POINT('',(0.0181709382329277,0.0152573495897232,0.0713608953242805));
#2367=CARTESIAN_POINT('',(0.0142948103613092,0.0174513162738798,0.0711492286576137));
#2368=CARTESIAN_POINT('',(0.0142567773090363,0.0219051248210965,0.0709375619909471));
#2369=CARTESIAN_POINT('',(0.0142187442567633,0.0263589333683128,0.0707258953242804));
#2370=CARTESIAN_POINT('',(0.0180568390761087,0.028618775231373,0.0705142286576138));
#2371=CARTESIAN_POINT('',(0.0218949338954542,0.0308786170944332,0.0703025619909471));
#2372=CARTESIAN_POINT('',(0.0257710617670723,0.0286846504102768,0.0700908953242805));
#2373=CARTESIAN_POINT('',(0.0296471896386907,0.0264906837261203,0.0698792286576138));
#2374=CARTESIAN_POINT('',(0.0296852226909636,0.0220368751789036,0.0696675619909471));
#2375=CARTESIAN_POINT('',(0.0297232557432367,0.0175830666316873,0.0694558953242805));
#2376=CARTESIAN_POINT('',(0.0258851609238913,0.015323224768627,0.0692442286576138));
#2377=CARTESIAN_POINT('',(0.0220470661045459,0.0130633829055668,0.0690325619909471));
#2378=CARTESIAN_POINT('',(0.0181709382329274,0.0152573495897233,0.0688208953242805));
#2379=CARTESIAN_POINT('',(0.0142948103613094,0.0174513162738796,0.0686092286576138));
#2380=CARTESIAN_POINT('',(0.0142567773090363,0.0219051248210963,0.0683975619909471));
#2381=CARTESIAN_POINT('',(0.0142187442567635,0.0263589333683131,0.0681858953242805));
#2382=CARTESIAN_POINT('',(0.0180568390761086,0.028618775231373,0.0679742286576138));
#2383=CARTESIAN_POINT('',(0.0218949338954541,0.0308786170944332,0.0677625619909472));
#2384=CARTESIAN_POINT('',(0.0257710617670725,0.0286846504102767,0.0675508953242805));
#2385=CARTESIAN_POINT('',(0.0296471896386906,0.0264906837261205,0.0673392286576137));
#2386=CARTESIAN_POINT('',(0.0296852226909636,0.0220368751789038,0.0671275619909471));
#2387=CARTESIAN_POINT('',(0.0297232557432366,0.017583066631687,0.0669158953242804));
#2388=CARTESIAN_POINT('',(0.0258851609238911,0.0153232247686268,0.0667042286576138));
#2389=CARTESIAN_POINT('',(0.022047066104546,0.0130633829055668,0.0664925619909471));
#2390=CARTESIAN_POINT('',(0.0181709382329276,0.0152573495897233,0.0662808953242805));
#2391=CARTESIAN_POINT('',(0.0142948103613092,0.0174513162738799,0.0660692286576138));
#2392=CARTESIAN_POINT('',(0.0142567773090363,0.0219051248210962,0.0658575619909471));
#2393=CARTESIAN_POINT('',(0.0142187442567634,0.0263589333683129,0.0656458953242805));
#2394=CARTESIAN_POINT('',(0.0180568390761089,0.0286187752313731,0.0654342286576138));
#2395=CARTESIAN_POINT('',(0.0218949338954539,0.0308786170944332,0.0652225619909471));
#2396=CARTESIAN_POINT('',(0.0257710617670724,0.0286846504102768,0.0650108953242805));
#2397=CARTESIAN_POINT('',(0.0296471896386908,0.0264906837261202,0.0647992286576138));
#2398=CARTESIAN_POINT('',(0.0296852226909636,0.0220368751789035,0.0645875619909471));
#2399=CARTESIAN_POINT('',(0.0297232557432367,0.0175830666316872,0.0643758953242805));
#2400=CARTESIAN_POINT('',(0.0258851609238912,0.015323224768627,0.0641642286576138));
#2401=CARTESIAN_POINT('',(0.0220470661045457,0.0130633829055668,0.0639525619909471));
#2402=CARTESIAN_POINT('',(0.0181709382329277,0.0152573495897232,0.0637408953242805));
#2403=CARTESIAN_POINT('',(0.0142948103613093,0.0174513162738797,0.0635292286576137));
#2404=CARTESIAN_POINT('',(0.0142567773090363,0.0219051248210964,0.0633175619909471));
#2405=CARTESIAN_POINT('',(0.0142187442567633,0.0263589333683127,0.0631058953242804));
#2406=CARTESIAN_POINT('',(0.0180568390761087,0.028618775231373,0.0628942286576138));
#2407=CARTESIAN_POINT('',(0.0218949338954542,0.0308786170944332,0.0626825619909471));
#2408=CARTESIAN_POINT('',(0.0257710617670722,0.0286846504102768,0.0624708953242805));
#2409=CARTESIAN_POINT('',(0.0296471896386906,0.0264906837261204,0.0622592286576138));
#2410=CARTESIAN_POINT('',(0.0296852226909636,0.0220368751789036,0.0620475619909471));
#2411=CARTESIAN_POINT('',(0.0297232557432365,0.0175830666316869,0.0618358953242805));
#2412=CARTESIAN_POINT('',(0.0258851609238914,0.015323224768627,0.0616242286576138));
#2413=CARTESIAN_POINT('',(0.0220470661045459,0.0130633829055668,0.0614125619909472));
#2414=CARTESIAN_POINT('',(0.0181709382329275,0.0152573495897233,0.0612008953242805));
#2415=CARTESIAN_POINT('',(0.0142948103613094,0.0174513162738796,0.0609892286576137));
#2416=CARTESIAN_POINT('',(0.0142567773090363,0.0219051248210963,0.0607775619909471));
#2417=CARTESIAN_POINT('',(0.0142187442567634,0.026358933368313,0.0605658953242804));
#2418=CARTESIAN_POINT('',(0.0180568390761086,0.0286187752313729,0.0603542286576138));
#2419=CARTESIAN_POINT('',(0.021894933895454,0.0308786170944332,0.0601425619909471));
#2420=CARTESIAN_POINT('',(0.0257710617670724,0.0286846504102767,0.0599308953242805));
#2421=CARTESIAN_POINT('',(0.0296471896386908,0.0264906837261201,0.0597192286576138));
#2422=CARTESIAN_POINT('',(0.0296852226909636,0.0220368751789038,0.0595075619909471));
#2423=CARTESIAN_POINT('',(0.0297232557432366,0.0175830666316871,0.0592958953242805));
#2424=CARTESIAN_POINT('',(0.0258851609238911,0.0153232247686269,0.0590842286576138));
#2425=CARTESIAN_POINT('',(0.0220470661045461,0.0130633829055668,0.0588725619909471));
#2426=CARTESIAN_POINT('',(0.0181709382329277,0.0152573495897232,0.0586608953242805));
#2427=CARTESIAN_POINT('',(0.0142948103613092,0.0174513162738799,0.0584492286576138));
#2428=CARTESIAN_POINT('',(0.0142567773090363,0.0219051248210961,0.0582375619909471));
#2429=CARTESIAN_POINT('',(0.0142187442567633,0.0263589333683128,0.0580258953242805));
#2430=CARTESIAN_POINT('',(0.0180568390761088,0.0286187752313731,0.0578142286576138));
#2431=CARTESIAN_POINT('',(0.0218949338954543,0.0308786170944332,0.0576025619909471));
#2432=CARTESIAN_POINT('',(0.0257710617670723,0.0286846504102768,0.0573908953242805));
#2433=CARTESIAN_POINT('',(0.0296471896386907,0.0264906837261202,0.0571792286576137));
#2434=CARTESIAN_POINT('',(0.0296852226909636,0.0220368751789035,0.0569675619909471));
#2435=CARTESIAN_POINT('',(0.0297232557432367,0.0175830666316873,0.0567558953242804));
#2436=CARTESIAN_POINT('',(0.0258851609238913,0.015323224768627,0.0565442286576138));
#2437=CARTESIAN_POINT('',(0.0220470661045458,0.0130633829055668,0.0563325619909471));
#2438=CARTESIAN_POINT('',(0.0181709382329278,0.0152573495897232,0.0561208953242805));
#2439=CARTESIAN_POINT('',(0.0142948103613093,0.0174513162738797,0.0559092286576138));
#2440=CARTESIAN_POINT('',(0.0142567773090363,0.0219051248210964,0.0556975619909471));
#2441=CARTESIAN_POINT('',(0.0142187442567635,0.0263589333683131,0.0554858953242805));
#2442=CARTESIAN_POINT('',(0.0180568390761086,0.028618775231373,0.0552742286576138));
#2443=CARTESIAN_POINT('',(0.0218949338954541,0.0308786170944332,0.0550625619909471));
#2444=CARTESIAN_POINT('',(0.0257710617670725,0.0286846504102767,0.0548508953242805));
#2445=CARTESIAN_POINT('',(0.0296471896386906,0.0264906837261204,0.0546392286576138));
#2446=CARTESIAN_POINT('',(0.0296852226909636,0.0220368751789037,0.0544275619909471));
#2447=CARTESIAN_POINT('',(0.0297232557432366,0.017583066631687,0.0542158953242805));
#2448=CARTESIAN_POINT('',(0.0258851609238915,0.0153232247686271,0.0540042286576138));
#2449=CARTESIAN_POINT('',(0.022047066104546,0.0130633829055668,0.0537925619909471));
#2450=CARTESIAN_POINT('',(0.0181709382329275,0.0152573495897233,0.0535808953242805));
#2451=CARTESIAN_POINT('',(0.0142948103613094,0.0174513162738795,0.0533692286576138));
#2452=CARTESIAN_POINT('',(0.0142567773090363,0.0219051248210962,0.0531575619909471));
#2453=CARTESIAN_POINT('',(0.0142187442567634,0.026358933368313,0.0529458953242804));
#2454=CARTESIAN_POINT('',(0.0180568390761089,0.0286187752313731,0.0527342286576138));
#2455=CARTESIAN_POINT('',(0.0218949338954539,0.0308786170944332,0.0525225619909471));
#2456=CARTESIAN_POINT('',(0.0257710617670724,0.0286846504102768,0.0523108953242805));
#2457=CARTESIAN_POINT('',(0.0296471896386908,0.0264906837261201,0.0520992286576138));
#2458=CARTESIAN_POINT('',(0.0296852226909636,0.0220368751789038,0.0518875619909471));
#2459=CARTESIAN_POINT('',(0.0297232557432366,0.0175830666316871,0.0516758953242805));
#2460=CARTESIAN_POINT('',(0.0258851609238912,0.0153232247686269,0.0514642286576138));
#2461=CARTESIAN_POINT('',(0.0220470661045462,0.0130633829055668,0.0512525619909471));
#2462=CARTESIAN_POINT('',(0.0181709382329277,0.0152573495897232,0.0510408953242805));
#2463=CARTESIAN_POINT('',(0.0142948103613093,0.0174513162738798,0.0508292286576138));
#2464=CARTESIAN_POINT('',(0.0142567773090363,0.0219051248210965,0.0506175619909471));
#2465=CARTESIAN_POINT('',(0.0142187442567633,0.0263589333683128,0.0504058953242805));
#2466=CARTESIAN_POINT('',(0.0180568390761087,0.028618775231373,0.0501942286576138));
#2467=CARTESIAN_POINT('',(0.0218949338954542,0.0308786170944332,0.0499825619909471));
#2468=CARTESIAN_POINT('',(0.0257710617670723,0.0286846504102768,0.0497708953242805));
#2469=CARTESIAN_POINT('',(0.0296471896386907,0.0264906837261203,0.0495592286576138));
#2470=CARTESIAN_POINT('',(0.0296852226909636,0.0220368751789036,0.0493475619909471));
#2471=CARTESIAN_POINT('',(0.0297232557432367,0.0175830666316873,0.0491358953242804));
#2472=CARTESIAN_POINT('',(0.0258851609238913,0.015323224768627,0.0489242286576138));
#2473=CARTESIAN_POINT('',(0.0220470661045459,0.0130633829055668,0.0487125619909471));
#2474=CARTESIAN_POINT('',(0.0181709382329274,0.0152573495897233,0.0485008953242805));
#2475=CARTESIAN_POINT('',(0.0142948103613094,0.0174513162738796,0.0482892286576138));
#2476=CARTESIAN_POINT('',(0.0142567773090363,0.0219051248210963,0.0480775619909471));
#2477=CARTESIAN_POINT('',(0.0142187442567635,0.0263589333683131,0.0478658953242804));
#2478=CARTESIAN_POINT('',(0.0180568390761086,0.0286187752313729,0.0476542286576138));
#2479=CARTESIAN_POINT('',(0.0218949338954541,0.0308786170944332,0.0474425619909471));
#2480=CARTESIAN_POINT('',(0.0257710617670725,0.0286846504102767,0.0472308953242805));
#2481=CARTESIAN_POINT('',(0.0296471896386906,0.0264906837261205,0.0470192286576138));
#2482=CARTESIAN_POINT('',(0.0296852226909636,0.0220368751789038,0.0468075619909471));
#2483=CARTESIAN_POINT('',(0.0297232557432366,0.017583066631687,0.0465958953242805));
#2484=CARTESIAN_POINT('',(0.0258851609238915,0.0153232247686271,0.0463842286576138));
#2485=CARTESIAN_POINT('',(0.022047066104546,0.0130633829055668,0.0461725619909471));
#2486=CARTESIAN_POINT('',(0.0181709382329276,0.0152573495897233,0.0459608953242805));
#2487=CARTESIAN_POINT('',(0.0142948103613092,0.0174513162738799,0.0457492286576138));
#2488=CARTESIAN_POINT('',(0.0142567773090363,0.0219051248210961,0.0455375619909471));
#2489=CARTESIAN_POINT('',(0.0142187442567634,0.0263589333683129,0.0453258953242805));
#2490=CARTESIAN_POINT('',(0.0180568390761089,0.0286187752313731,0.0451142286576138));
#2491=CARTESIAN_POINT('',(0.0218949338954539,0.0308786170944332,0.0449025619909471));
#2492=CARTESIAN_POINT('',(0.0257710617670724,0.0286846504102768,0.0446908953242805));
#2493=CARTESIAN_POINT('',(0.0296471896386908,0.0264906837261202,0.0444792286576138));
#2494=CARTESIAN_POINT('',(0.0296852226909636,0.0220368751789039,0.0442675619909471));
#2495=CARTESIAN_POINT('',(0.0297232557432367,0.0175830666316872,0.0440558953242805));
#2496=CARTESIAN_POINT('',(0.0258851609238912,0.015323224768627,0.0438442286576138));
#2497=CARTESIAN_POINT('',(0.0220470661045457,0.0130633829055668,0.0436325619909471));
#2498=CARTESIAN_POINT('',(0.0181709382329277,0.0152573495897232,0.0434208953242805));
#2499=CARTESIAN_POINT('',(0.0142948103613093,0.0174513162738797,0.0432092286576138));
#2500=CARTESIAN_POINT('',(0.0142567773090363,0.0219051248210964,0.0429975619909471));
#2501=CARTESIAN_POINT('',(0.0142187442567633,0.0263589333683127,0.0427858953242804));
#2502=CARTESIAN_POINT('',(0.0180568390761087,0.028618775231373,0.0425742286576138));
#2503=CARTESIAN_POINT('',(0.0218949338954542,0.0308786170944332,0.0423625619909471));
#2504=CARTESIAN_POINT('',(0.0257710617670722,0.0286846504102768,0.0421508953242805));
#2505=CARTESIAN_POINT('',(0.0296471896386906,0.0264906837261204,0.0419392286576138));
#2506=CARTESIAN_POINT('',(0.0296852226909636,0.0220368751789036,0.0417275619909472));
#2507=CARTESIAN_POINT('',(0.0297232557432365,0.0175830666316869,0.0415158953242805));
#2508=CARTESIAN_POINT('',(0.0258851609238914,0.0153232247686271,0.0413042286576138));
#2509=CARTESIAN_POINT('',(0.0220470661045459,0.0130633829055668,0.0410925619909471));
#2510=CARTESIAN_POINT('',(0.0181709382329275,0.0152573495897233,0.0408808953242805));
#2511=CARTESIAN_POINT('',(0.0142948103613094,0.0174513162738796,0.0406692286576138));
#2512=CARTESIAN_POINT('',(0.0142567773090363,0.0219051248210962,0.0404575619909472));
#2513=CARTESIAN_POINT('',(0.0142187442567634,0.026358933368313,0.0402458953242805));
#2514=CARTESIAN_POINT('',(0.0180568390761086,0.0286187752313729,0.0400342286576138));
#2515=CARTESIAN_POINT('',(0.021894933895454,0.0308786170944332,0.0398225619909471));
#2516=CARTESIAN_POINT('',(0.0257710617670724,0.0286846504102767,0.0396108953242804));
#2517=CARTESIAN_POINT('',(0.0296471896386905,0.0264906837261205,0.0393992286576138));
#2518=CARTESIAN_POINT('',(0.0296852226909636,0.0220368751789038,0.0391875619909471));
#2519=CARTESIAN_POINT('',(0.0297232557432366,0.0175830666316871,0.0389758953242804));
#2520=CARTESIAN_POINT('',(0.0258851609238911,0.0153232247686269,0.0387642286576138));
#2521=CARTESIAN_POINT('',(0.0220470661045461,0.0130633829055668,0.0385525619909471));
#2522=CARTESIAN_POINT('',(0.0181709382329277,0.0152573495897232,0.0383408953242804));
#2523=CARTESIAN_POINT('',(0.0142948103613092,0.0174513162738798,0.0381292286576137));
#2524=CARTESIAN_POINT('',(0.0142567773090363,0.0219051248210961,0.0379175619909471));
#2525=CARTESIAN_POINT('',(0.0142187442567633,0.0263589333683128,0.0377058953242804));
#2526=CARTESIAN_POINT('',(0.0180568390761088,0.0286187752313731,0.0374942286576138));
#2527=CARTESIAN_POINT('',(0.0218949338954538,0.0308786170944332,0.0372825619909471));
#2528=CARTESIAN_POINT('',(0.0257710617670723,0.0286846504102768,0.0370708953242804));
#2529=CARTESIAN_POINT('',(0.0296471896386907,0.0264906837261202,0.0368592286576138));
#2530=CARTESIAN_POINT('',(0.0296852226909636,0.0220368751789035,0.0366475619909472));
#2531=CARTESIAN_POINT('',(0.0297232557432367,0.0175830666316873,0.0364358953242805));
#2532=CARTESIAN_POINT('',(0.0258851609238913,0.015323224768627,0.0362242286576138));
#2533=CARTESIAN_POINT('',(0.0220470661045458,0.0130633829055668,0.0360125619909471));
#2534=CARTESIAN_POINT('',(0.0181709382329278,0.0152573495897231,0.0358008953242805));
#2535=CARTESIAN_POINT('',(0.0142948103613093,0.0174513162738796,0.0355892286576138));
#2536=CARTESIAN_POINT('',(0.0142567773090363,0.0219051248210964,0.0353775619909472));
#2537=CARTESIAN_POINT('',(0.0142187442567632,0.0263589333683127,0.0351658953242805));
#2538=CARTESIAN_POINT('',(0.0180568390761086,0.028618775231373,0.0349542286576138));
#2539=CARTESIAN_POINT('',(0.0218949338954541,0.0308786170944332,0.0347425619909471));
#2540=CARTESIAN_POINT('',(0.0257710617670725,0.0286846504102767,0.0345308953242805));
#2541=CARTESIAN_POINT('',(0.0296471896386906,0.0264906837261204,0.0343192286576138));
#2542=CARTESIAN_POINT('',(0.0296852226909636,0.0220368751789037,0.0341075619909471));
#2543=CARTESIAN_POINT('',(0.0297232557432366,0.017583066631687,0.0338958953242804));
#2544=CARTESIAN_POINT('',(0.0258851609238915,0.0153232247686271,0.0336842286576138));
#2545=CARTESIAN_POINT('',(0.022047066104546,0.0130633829055668,0.0334725619909471));
#2546=CARTESIAN_POINT('',(0.0181709382329275,0.0152573495897233,0.0332608953242805));
#2547=CARTESIAN_POINT('',(0.0142948103613094,0.0174513162738795,0.0330492286576138));
#2548=CARTESIAN_POINT('',(0.0142567773090363,0.0219051248210962,0.0328375619909471));
#2549=CARTESIAN_POINT('',(0.0142187442567634,0.026358933368313,0.0326258953242804));
#2550=CARTESIAN_POINT('',(0.0180568390761089,0.0286187752313731,0.0324142286576138));
#2551=CARTESIAN_POINT('',(0.0218949338954539,0.0308786170944332,0.0322025619909471));
#2552=CARTESIAN_POINT('',(0.0257710617670724,0.0286846504102768,0.0319908953242805));
#2553=CARTESIAN_POINT('',(0.0296471896386908,0.0264906837261202,0.0317792286576138));
#2554=CARTESIAN_POINT('',(0.0296852226909636,0.0220368751789039,0.0315675619909472));
#2555=CARTESIAN_POINT('',(0.0297232557432366,0.0175830666316871,0.0313558953242805));
#2556=CARTESIAN_POINT('',(0.0258851609238912,0.0153232247686269,0.0311442286576138));
#2557=CARTESIAN_POINT('',(0.0220470661045462,0.0130633829055668,0.0309325619909471));
#2558=CARTESIAN_POINT('',(0.0181709382329277,0.0152573495897232,0.0307208953242804));
#2559=CARTESIAN_POINT('',(0.0142948103613093,0.0174513162738797,0.0305092286576138));
#2560=CARTESIAN_POINT('',(0.0142567773090363,0.021905124821096,0.0302975619909471));
#2561=CARTESIAN_POINT('',(0.0142187442567633,0.0263589333683128,0.0300858953242804));
#2562=CARTESIAN_POINT('',(0.0180568390761087,0.028618775231373,0.0298742286576138));
#2563=CARTESIAN_POINT('',(0.0218949338954542,0.0308786170944332,0.0296625619909471));
#2564=CARTESIAN_POINT('',(0.0257710617670723,0.0286846504102768,0.0294508953242804));
#2565=CARTESIAN_POINT('',(0.0296471896386907,0.0264906837261204,0.0292392286576138));
#2566=CARTESIAN_POINT('',(0.0296852226909636,0.0220368751789036,0.0290275619909471));
#2567=CARTESIAN_POINT('',(0.0297232557432367,0.0175830666316873,0.0288158953242804));
#2568=CARTESIAN_POINT('',(0.0258851609238913,0.015323224768627,0.0286042286576138));
#2569=CARTESIAN_POINT('',(0.0220470661045459,0.0130633829055668,0.0283925619909471));
#2570=CARTESIAN_POINT('',(0.0181709382329278,0.0152573495897231,0.0281808953242805));
#2571=CARTESIAN_POINT('',(0.0142948103613094,0.0174513162738796,0.0279692286576138));
#2572=CARTESIAN_POINT('',(0.0142567773090363,0.0219051248210963,0.0277575619909471));
#2573=CARTESIAN_POINT('',(0.0142187442567635,0.026358933368313,0.0275458953242804));
#2574=CARTESIAN_POINT('',(0.0180568390761086,0.0286187752313729,0.0273342286576138));
#2575=CARTESIAN_POINT('',(0.0218949338954541,0.0308786170944332,0.0271225619909471));
#2576=CARTESIAN_POINT('',(0.0257710617670725,0.0286846504102767,0.0269108953242805));
#2577=CARTESIAN_POINT('',(0.0296471896386906,0.0264906837261205,0.0266992286576138));
#2578=CARTESIAN_POINT('',(0.0296852226909636,0.0220368751789038,0.0264875619909472));
#2579=CARTESIAN_POINT('',(0.0297232557432366,0.017583066631687,0.0262758953242805));
#2580=CARTESIAN_POINT('',(0.0258851609238915,0.0153232247686271,0.0260642286576138));
#2581=CARTESIAN_POINT('',(0.022047066104546,0.0130633829055668,0.0258525619909471));
#2582=CARTESIAN_POINT('',(0.0181709382329276,0.0152573495897233,0.0256408953242805));
#2583=CARTESIAN_POINT('',(0.0142948103613092,0.0174513162738799,0.0254292286576138));
#2584=CARTESIAN_POINT('',(0.0142567773090363,0.0219051248210961,0.0252175619909472));
#2585=CARTESIAN_POINT('',(0.0142187442567634,0.0263589333683128,0.0250058953242805));
#2586=CARTESIAN_POINT('',(0.0180568390761088,0.0286187752313731,0.0247942286576137));
#2587=CARTESIAN_POINT('',(0.0218949338954538,0.0308786170944332,0.0245825619909471));
#2588=CARTESIAN_POINT('',(0.0257710617670724,0.0286846504102768,0.0243708953242804));
#2589=CARTESIAN_POINT('',(0.0296471896386908,0.0264906837261202,0.0241592286576138));
#2590=CARTESIAN_POINT('',(0.0296852226909636,0.0220368751789039,0.0239475619909471));
#2591=CARTESIAN_POINT('',(0.0297232557432367,0.0175830666316872,0.0237358953242804));
#2592=CARTESIAN_POINT('',(0.0258851609238912,0.015323224768627,0.0235242286576138));
#2593=CARTESIAN_POINT('',(0.0220470661045463,0.0130633829055668,0.0233125619909471));
#2594=CARTESIAN_POINT('',(0.0181709382329277,0.0152573495897232,0.0231008953242804));
#2595=CARTESIAN_POINT('',(0.0142948103613093,0.0174513162738797,0.0228892286576138));
#2596=CARTESIAN_POINT('',(0.0142567773090363,0.0219051248210964,0.0226775619909471));
#2597=CARTESIAN_POINT('',(0.0142187442567633,0.0263589333683127,0.0224658953242804));
#2598=CARTESIAN_POINT('',(0.0180568390761086,0.028618775231373,0.0222542286576138));
#2599=CARTESIAN_POINT('',(0.0218949338954542,0.0308786170944332,0.0220425619909471));
#2600=CARTESIAN_POINT('',(0.0257710617670722,0.0286846504102768,0.0218308953242804));
#2601=CARTESIAN_POINT('',(0.0296471896386906,0.0264906837261204,0.0216192286576138));
#2602=CARTESIAN_POINT('',(0.0296852226909636,0.0220368751789036,0.0214075619909471));
#2603=CARTESIAN_POINT('',(0.0297232557432368,0.0175830666316874,0.0211958953242805));
#2604=CARTESIAN_POINT('',(0.0258851609238914,0.0153232247686271,0.0209842286576138));
#2605=CARTESIAN_POINT('',(0.0220470661045459,0.0130633829055668,0.0207725619909471));
#2606=CARTESIAN_POINT('',(0.0181709382329275,0.0152573495897233,0.0205608953242805));
#2607=CARTESIAN_POINT('',(0.0142948103613094,0.0174513162738795,0.0203492286576138));
#2608=CARTESIAN_POINT('',(0.0142567773090363,0.0219051248210962,0.0201375619909471));
#2609=CARTESIAN_POINT('',(0.0142187442567634,0.026358933368313,0.0199258953242804));
#2610=CARTESIAN_POINT('',(0.0180568390761086,0.0286187752313729,0.0197142286576137));
#2611=CARTESIAN_POINT('',(0.0218949338954539,0.0308786170944332,0.0195025619909471));
#2612=CARTESIAN_POINT('',(0.0257710617670724,0.0286846504102767,0.0192908953242805));
#2613=CARTESIAN_POINT('',(0.0296471896386905,0.0264906837261205,0.0190792286576138));
#2614=CARTESIAN_POINT('',(0.0296852226909636,0.0220368751789038,0.0188675619909471));
#2615=CARTESIAN_POINT('',(0.0297232557432366,0.0175830666316871,0.0186558953242804));
#2616=CARTESIAN_POINT('',(0.0258851609238912,0.0153232247686269,0.0184442286576138));
#2617=CARTESIAN_POINT('',(0.0220470661045462,0.0130633829055668,0.0182325619909471));
#2618=CARTESIAN_POINT('',(0.0181709382329277,0.0152573495897232,0.0180208953242805));
#2619=CARTESIAN_POINT('',(0.0142948103613092,0.0174513162738798,0.0178092286576138));
#2620=CARTESIAN_POINT('',(0.0142567773090363,0.0219051248210961,0.0175975619909471));
#2621=CARTESIAN_POINT('',(0.0142187442567633,0.0263589333683128,0.0173858953242804));
#2622=CARTESIAN_POINT('',(0.0180568390761087,0.028618775231373,0.0171742286576138));
#2623=CARTESIAN_POINT('',(0.0218949338954538,0.0308786170944332,0.0169625619909471));
#2624=CARTESIAN_POINT('',(0.0257710617670723,0.0286846504102768,0.0167508953242805));
#2625=CARTESIAN_POINT('',(0.0296471896386907,0.0264906837261203,0.0165392286576138));
#2626=CARTESIAN_POINT('',(0.0296852226909636,0.0220368751789035,0.0163275619909471));
#2627=CARTESIAN_POINT('',(0.0297232557432367,0.0175830666316873,0.0161158953242804));
#2628=CARTESIAN_POINT('',(0.0258851609238913,0.015323224768627,0.0159042286576138));
#2629=CARTESIAN_POINT('',(0.0220470661045458,0.0130633829055668,0.0156925619909471));
#2630=CARTESIAN_POINT('',(0.0181709382329278,0.0152573495897231,0.0154808953242804));
#2631=CARTESIAN_POINT('',(0.0142948103613093,0.0174513162738796,0.0152692286576138));
#2632=CARTESIAN_POINT('',(0.0142567773090363,0.0219051248210963,0.0150575619909471));
#2633=CARTESIAN_POINT('',(0.0142187442567632,0.0263589333683126,0.0148458953242804));
#2634=CARTESIAN_POINT('',(0.0180568390761086,0.028618775231373,0.0146342286576138));
#2635=CARTESIAN_POINT('',(0.0218949338954541,0.0308786170944332,0.0144225619909471));
#2636=CARTESIAN_POINT('',(0.0257710617670722,0.0286846504102769,0.0142108953242804));
#2637=CARTESIAN_POINT('',(0.0296471896386906,0.0264906837261205,0.0139992286576138));
#2638=CARTESIAN_POINT('',(0.0296852226909636,0.0220368751789038,0.0137875619909471));
#2639=CARTESIAN_POINT('',(0.0297232557432366,0.017583066631687,0.0135758953242804));
#2640=CARTESIAN_POINT('',(0.0258851609238915,0.0153232247686271,0.0133642286576138));
#2641=CARTESIAN_POINT('',(0.022047066104546,0.0130633829055668,0.0131525619909471));
#2642=CARTESIAN_POINT('',(0.0181709382329275,0.0152573495897233,0.0129408953242804));
#2643=CARTESIAN_POINT('',(0.0142948103613095,0.0174513162738794,0.0127292286576138));
#2644=CARTESIAN_POINT('',(0.0142567773090363,0.0219051248210962,0.0125175619909471));
#2645=CARTESIAN_POINT('',(0.0142187442567634,0.0263589333683129,0.0123058953242804));
#2646=CARTESIAN_POINT('',(0.0180568390761085,0.0286187752313729,0.0120942286576138));
#2647=CARTESIAN_POINT('',(0.0218949338954539,0.0308786170944332,0.0118825619909471));
#2648=CARTESIAN_POINT('',(0.0257710617670724,0.0286846504102768,0.0116708953242804));
#2649=CARTESIAN_POINT('',(0.0296471896386908,0.0264906837261202,0.0114592286576138));
#2650=CARTESIAN_POINT('',(0.0296852226909636,0.0220368751789039,0.0112475619909471));
#2651=CARTESIAN_POINT('',(0.0150688393362886,0.018525169267464,0.1778));
#2652=CARTESIAN_POINT('',(0.0294725196915703,0.023771214871052,0.0113354960454365));
#2653=CARTESIAN_POINT('',(0.0150688393362883,0.0185251692674647,0.1778));
#2654=CARTESIAN_POINT('',(0.0147409690638241,0.0193968123798911,0.1778));
#2655=CARTESIAN_POINT('',(0.0144063203274583,0.0212297786205898,0.1778));
#2656=CARTESIAN_POINT('',(0.0150779499663642,0.0249299574155324,0.1778));
#2657=CARTESIAN_POINT('',(0.0178936993046704,0.0277821977132289,0.1778));
#2658=CARTESIAN_POINT('',(0.0216302124012453,0.0283814906820214,0.1778));
#2659=CARTESIAN_POINT('',(0.0243601770891904,0.0275470524389394,0.1778));
#2660=CARTESIAN_POINT('',(0.0264351491562874,0.0255758158290907,0.1778));
#2661=CARTESIAN_POINT('',(0.0269651559622298,0.0237363711890704,0.1778));
#2662=CARTESIAN_POINT('',(0.0269822755699041,0.0228037767783301,0.1778));
#2663=CARTESIAN_POINT('',(0.026982275569904,0.0228037767783301,0.1778));
#2664=CARTESIAN_POINT('',(0.027051,0.0219709993561753,0.180277035944705));
#2665=CARTESIAN_POINT('',(0.0270509996282876,0.0190380599886921,0.180065369278039));
#2666=CARTESIAN_POINT('',(0.0245109994424315,0.0175715906268628,0.179853702611372));
#2667=CARTESIAN_POINT('',(0.0219709992565753,0.0161051212650334,0.179642035944705));
#2668=CARTESIAN_POINT('',(0.0194309994424315,0.0175715912706874,0.179430369278038));
#2669=CARTESIAN_POINT('',(0.0168909996282877,0.0190380612763414,0.179218702611372));
#2670=CARTESIAN_POINT('',(0.016891,0.0219710006438246,0.179007035944705));
#2671=CARTESIAN_POINT('',(0.0168910003717124,0.0249039400113079,0.178795369278039));
#2672=CARTESIAN_POINT('',(0.0194310005575685,0.0263704093731373,0.178583702611372));
#2673=CARTESIAN_POINT('',(0.0219710007434247,0.0278368787349665,0.178372035944705));
#2674=CARTESIAN_POINT('',(0.0245110005575685,0.0263704087293126,0.178160369278038));
#2675=CARTESIAN_POINT('',(0.0270510003717123,0.0249039387236586,0.177948702611372));
#2676=CARTESIAN_POINT('',(0.027051,0.0219709993561753,0.177737035944705));
#2677=CARTESIAN_POINT('',(0.0270509996282876,0.0190380599886921,0.177525369278039));
#2678=CARTESIAN_POINT('',(0.0245109994424315,0.0175715906268628,0.177313702611372));
#2679=CARTESIAN_POINT('',(0.0219709992565753,0.0161051212650334,0.177102035944705));
#2680=CARTESIAN_POINT('',(0.0194309994424315,0.0175715912706874,0.176890369278039));
#2681=CARTESIAN_POINT('',(0.0168909996282877,0.0190380612763414,0.176678702611372));
#2682=CARTESIAN_POINT('',(0.016891,0.0219710006438246,0.176467035944706));
#2683=CARTESIAN_POINT('',(0.0168910003717124,0.0249039400113079,0.176255369278039));
#2684=CARTESIAN_POINT('',(0.0194310005575685,0.0263704093731373,0.176043702611372));
#2685=CARTESIAN_POINT('',(0.0219710007434247,0.0278368787349665,0.175832035944705));
#2686=CARTESIAN_POINT('',(0.0245110005575685,0.0263704087293126,0.175620369278038));
#2687=CARTESIAN_POINT('',(0.0270510003717123,0.0249039387236586,0.175408702611372));
#2688=CARTESIAN_POINT('',(0.027051,0.0219709993561753,0.175197035944705));
#2689=CARTESIAN_POINT('',(0.0270509996282876,0.0190380599886921,0.174985369278039));
#2690=CARTESIAN_POINT('',(0.0245109994424315,0.0175715906268628,0.174773702611372));
#2691=CARTESIAN_POINT('',(0.0219709992565753,0.0161051212650334,0.174562035944705));
#2692=CARTESIAN_POINT('',(0.0194309994424315,0.0175715912706874,0.174350369278038));
#2693=CARTESIAN_POINT('',(0.0168909996282877,0.0190380612763414,0.174138702611372));
#2694=CARTESIAN_POINT('',(0.016891,0.0219710006438246,0.173927035944705));
#2695=CARTESIAN_POINT('',(0.0168910003717124,0.0249039400113079,0.173715369278039));
#2696=CARTESIAN_POINT('',(0.0194310005575685,0.0263704093731373,0.173503702611372));
#2697=CARTESIAN_POINT('',(0.0219710007434247,0.0278368787349665,0.173292035944705));
#2698=CARTESIAN_POINT('',(0.0245110005575685,0.0263704087293126,0.173080369278038));
#2699=CARTESIAN_POINT('',(0.0270510003717123,0.0249039387236586,0.172868702611372));
#2700=CARTESIAN_POINT('',(0.027051,0.0219709993561753,0.172657035944705));
#2701=CARTESIAN_POINT('',(0.0270509996282876,0.0190380599886921,0.172445369278039));
#2702=CARTESIAN_POINT('',(0.0245109994424315,0.0175715906268628,0.172233702611372));
#2703=CARTESIAN_POINT('',(0.0219709992565753,0.0161051212650334,0.172022035944705));
#2704=CARTESIAN_POINT('',(0.0194309994424315,0.0175715912706874,0.171810369278038));
#2705=CARTESIAN_POINT('',(0.0168909996282877,0.0190380612763414,0.171598702611372));
#2706=CARTESIAN_POINT('',(0.016891,0.0219710006438246,0.171387035944706));
#2707=CARTESIAN_POINT('',(0.0168910003717124,0.0249039400113079,0.171175369278039));
#2708=CARTESIAN_POINT('',(0.0194310005575685,0.0263704093731373,0.170963702611372));
#2709=CARTESIAN_POINT('',(0.0219710007434247,0.0278368787349665,0.170752035944705));
#2710=CARTESIAN_POINT('',(0.0245110005575685,0.0263704087293126,0.170540369278039));
#2711=CARTESIAN_POINT('',(0.0270510003717123,0.0249039387236586,0.170328702611372));
#2712=CARTESIAN_POINT('',(0.027051,0.0219709993561753,0.170117035944705));
#2713=CARTESIAN_POINT('',(0.0270509996282876,0.0190380599886921,0.169905369278039));
#2714=CARTESIAN_POINT('',(0.0245109994424315,0.0175715906268628,0.169693702611372));
#2715=CARTESIAN_POINT('',(0.0219709992565753,0.0161051212650334,0.169482035944705));
#2716=CARTESIAN_POINT('',(0.0194309994424315,0.0175715912706874,0.169270369278038));
#2717=CARTESIAN_POINT('',(0.0168909996282877,0.0190380612763414,0.169058702611372));
#2718=CARTESIAN_POINT('',(0.016891,0.0219710006438246,0.168847035944705));
#2719=CARTESIAN_POINT('',(0.0168910003717124,0.0249039400113079,0.168635369278038));
#2720=CARTESIAN_POINT('',(0.0194310005575685,0.0263704093731373,0.168423702611372));
#2721=CARTESIAN_POINT('',(0.0219710007434247,0.0278368787349665,0.168212035944705));
#2722=CARTESIAN_POINT('',(0.0245110005575685,0.0263704087293126,0.168000369278038));
#2723=CARTESIAN_POINT('',(0.0270510003717123,0.0249039387236586,0.167788702611372));
#2724=CARTESIAN_POINT('',(0.027051,0.0219709993561753,0.167577035944705));
#2725=CARTESIAN_POINT('',(0.0270509996282876,0.0190380599886921,0.167365369278038));
#2726=CARTESIAN_POINT('',(0.0245109994424315,0.0175715906268628,0.167153702611372));
#2727=CARTESIAN_POINT('',(0.0219709992565753,0.0161051212650334,0.166942035944705));
#2728=CARTESIAN_POINT('',(0.0194309994424315,0.0175715912706874,0.166730369278038));
#2729=CARTESIAN_POINT('',(0.0168909996282877,0.0190380612763414,0.166518702611372));
#2730=CARTESIAN_POINT('',(0.016891,0.0219710006438246,0.166307035944706));
#2731=CARTESIAN_POINT('',(0.0168910003717124,0.0249039400113079,0.166095369278039));
#2732=CARTESIAN_POINT('',(0.0194310005575685,0.0263704093731373,0.165883702611372));
#2733=CARTESIAN_POINT('',(0.0219710007434247,0.0278368787349665,0.165672035944705));
#2734=CARTESIAN_POINT('',(0.0245110005575685,0.0263704087293126,0.165460369278039));
#2735=CARTESIAN_POINT('',(0.0270510003717123,0.0249039387236586,0.165248702611372));
#2736=CARTESIAN_POINT('',(0.027051,0.0219709993561753,0.165037035944705));
#2737=CARTESIAN_POINT('',(0.0270509996282876,0.0190380599886921,0.164825369278039));
#2738=CARTESIAN_POINT('',(0.0245109994424315,0.0175715906268628,0.164613702611372));
#2739=CARTESIAN_POINT('',(0.0219709992565753,0.0161051212650334,0.164402035944705));
#2740=CARTESIAN_POINT('',(0.0194309994424315,0.0175715912706874,0.164190369278038));
#2741=CARTESIAN_POINT('',(0.0168909996282877,0.0190380612763414,0.163978702611372));
#2742=CARTESIAN_POINT('',(0.016891,0.0219710006438246,0.163767035944705));
#2743=CARTESIAN_POINT('',(0.0168910003717124,0.0249039400113079,0.163555369278039));
#2744=CARTESIAN_POINT('',(0.0194310005575685,0.0263704093731373,0.163343702611372));
#2745=CARTESIAN_POINT('',(0.0219710007434247,0.0278368787349665,0.163132035944705));
#2746=CARTESIAN_POINT('',(0.0245110005575685,0.0263704087293126,0.162920369278038));
#2747=CARTESIAN_POINT('',(0.0270510003717123,0.0249039387236586,0.162708702611372));
#2748=CARTESIAN_POINT('',(0.027051,0.0219709993561753,0.162497035944705));
#2749=CARTESIAN_POINT('',(0.0270509996282876,0.0190380599886921,0.162285369278038));
#2750=CARTESIAN_POINT('',(0.0245109994424315,0.0175715906268628,0.162073702611372));
#2751=CARTESIAN_POINT('',(0.0219709992565753,0.0161051212650334,0.161862035944705));
#2752=CARTESIAN_POINT('',(0.0194309994424315,0.0175715912706874,0.161650369278038));
#2753=CARTESIAN_POINT('',(0.0168909996282877,0.0190380612763414,0.161438702611372));
#2754=CARTESIAN_POINT('',(0.016891,0.0219710006438246,0.161227035944705));
#2755=CARTESIAN_POINT('',(0.0168910003717124,0.0249039400113079,0.161015369278039));
#2756=CARTESIAN_POINT('',(0.0194310005575685,0.0263704093731373,0.160803702611372));
#2757=CARTESIAN_POINT('',(0.0219710007434247,0.0278368787349665,0.160592035944705));
#2758=CARTESIAN_POINT('',(0.0245110005575685,0.0263704087293126,0.160380369278039));
#2759=CARTESIAN_POINT('',(0.0270510003717123,0.0249039387236586,0.160168702611372));
#2760=CARTESIAN_POINT('',(0.027051,0.0219709993561753,0.159957035944705));
#2761=CARTESIAN_POINT('',(0.0270509996282876,0.0190380599886921,0.159745369278039));
#2762=CARTESIAN_POINT('',(0.0245109994424315,0.0175715906268628,0.159533702611372));
#2763=CARTESIAN_POINT('',(0.0219709992565753,0.0161051212650334,0.159322035944705));
#2764=CARTESIAN_POINT('',(0.0194309994424315,0.0175715912706874,0.159110369278038));
#2765=CARTESIAN_POINT('',(0.0168909996282877,0.0190380612763414,0.158898702611372));
#2766=CARTESIAN_POINT('',(0.016891,0.0219710006438246,0.158687035944705));
#2767=CARTESIAN_POINT('',(0.0168910003717124,0.0249039400113079,0.158475369278039));
#2768=CARTESIAN_POINT('',(0.0194310005575685,0.0263704093731373,0.158263702611372));
#2769=CARTESIAN_POINT('',(0.0219710007434247,0.0278368787349665,0.158052035944705));
#2770=CARTESIAN_POINT('',(0.0245110005575685,0.0263704087293126,0.157840369278038));
#2771=CARTESIAN_POINT('',(0.0270510003717123,0.0249039387236586,0.157628702611372));
#2772=CARTESIAN_POINT('',(0.027051,0.0219709993561753,0.157417035944705));
#2773=CARTESIAN_POINT('',(0.0270509996282876,0.0190380599886921,0.157205369278039));
#2774=CARTESIAN_POINT('',(0.0245109994424315,0.0175715906268628,0.156993702611372));
#2775=CARTESIAN_POINT('',(0.0219709992565753,0.0161051212650334,0.156782035944705));
#2776=CARTESIAN_POINT('',(0.0194309994424315,0.0175715912706874,0.156570369278038));
#2777=CARTESIAN_POINT('',(0.0168909996282877,0.0190380612763414,0.156358702611372));
#2778=CARTESIAN_POINT('',(0.016891,0.0219710006438246,0.156147035944705));
#2779=CARTESIAN_POINT('',(0.0168910003717124,0.0249039400113079,0.155935369278039));
#2780=CARTESIAN_POINT('',(0.0194310005575685,0.0263704093731373,0.155723702611372));
#2781=CARTESIAN_POINT('',(0.0219710007434247,0.0278368787349665,0.155512035944705));
#2782=CARTESIAN_POINT('',(0.0245110005575685,0.0263704087293126,0.155300369278039));
#2783=CARTESIAN_POINT('',(0.0270510003717123,0.0249039387236586,0.155088702611372));
#2784=CARTESIAN_POINT('',(0.027051,0.0219709993561753,0.154877035944705));
#2785=CARTESIAN_POINT('',(0.0270509996282876,0.0190380599886921,0.154665369278038));
#2786=CARTESIAN_POINT('',(0.0245109994424315,0.0175715906268628,0.154453702611372));
#2787=CARTESIAN_POINT('',(0.0219709992565753,0.0161051212650334,0.154242035944705));
#2788=CARTESIAN_POINT('',(0.0194309994424315,0.0175715912706874,0.154030369278038));
#2789=CARTESIAN_POINT('',(0.0168909996282877,0.0190380612763414,0.153818702611372));
#2790=CARTESIAN_POINT('',(0.016891,0.0219710006438246,0.153607035944705));
#2791=CARTESIAN_POINT('',(0.0168910003717124,0.0249039400113079,0.153395369278038));
#2792=CARTESIAN_POINT('',(0.0194310005575685,0.0263704093731373,0.153183702611372));
#2793=CARTESIAN_POINT('',(0.0219710007434247,0.0278368787349665,0.152972035944705));
#2794=CARTESIAN_POINT('',(0.0245110005575685,0.0263704087293126,0.152760369278038));
#2795=CARTESIAN_POINT('',(0.0270510003717123,0.0249039387236586,0.152548702611372));
#2796=CARTESIAN_POINT('',(0.027051,0.0219709993561753,0.152337035944705));
#2797=CARTESIAN_POINT('',(0.0270509996282876,0.0190380599886921,0.152125369278039));
#2798=CARTESIAN_POINT('',(0.0245109994424315,0.0175715906268628,0.151913702611372));
#2799=CARTESIAN_POINT('',(0.0219709992565753,0.0161051212650334,0.151702035944705));
#2800=CARTESIAN_POINT('',(0.0194309994424315,0.0175715912706874,0.151490369278038));
#2801=CARTESIAN_POINT('',(0.0168909996282877,0.0190380612763414,0.151278702611372));
#2802=CARTESIAN_POINT('',(0.016891,0.0219710006438246,0.151067035944705));
#2803=CARTESIAN_POINT('',(0.0168910003717124,0.0249039400113079,0.150855369278039));
#2804=CARTESIAN_POINT('',(0.0194310005575685,0.0263704093731373,0.150643702611372));
#2805=CARTESIAN_POINT('',(0.0219710007434247,0.0278368787349665,0.150432035944705));
#2806=CARTESIAN_POINT('',(0.0245110005575685,0.0263704087293126,0.150220369278039));
#2807=CARTESIAN_POINT('',(0.0270510003717123,0.0249039387236586,0.150008702611372));
#2808=CARTESIAN_POINT('',(0.027051,0.0219709993561753,0.149797035944705));
#2809=CARTESIAN_POINT('',(0.0270509996282876,0.0190380599886921,0.149585369278039));
#2810=CARTESIAN_POINT('',(0.0245109994424315,0.0175715906268628,0.149373702611372));
#2811=CARTESIAN_POINT('',(0.0219709992565753,0.0161051212650334,0.149162035944705));
#2812=CARTESIAN_POINT('',(0.0194309994424315,0.0175715912706874,0.148950369278039));
#2813=CARTESIAN_POINT('',(0.0168909996282877,0.0190380612763414,0.148738702611372));
#2814=CARTESIAN_POINT('',(0.016891,0.0219710006438246,0.148527035944705));
#2815=CARTESIAN_POINT('',(0.0168910003717124,0.0249039400113079,0.148315369278039));
#2816=CARTESIAN_POINT('',(0.0194310005575685,0.0263704093731373,0.148103702611372));
#2817=CARTESIAN_POINT('',(0.0219710007434247,0.0278368787349665,0.147892035944705));
#2818=CARTESIAN_POINT('',(0.0245110005575685,0.0263704087293126,0.147680369278039));
#2819=CARTESIAN_POINT('',(0.0270510003717123,0.0249039387236586,0.147468702611372));
#2820=CARTESIAN_POINT('',(0.027051,0.0219709993561753,0.147257035944705));
#2821=CARTESIAN_POINT('',(0.0270509996282876,0.0190380599886921,0.147045369278038));
#2822=CARTESIAN_POINT('',(0.0245109994424315,0.0175715906268628,0.146833702611372));
#2823=CARTESIAN_POINT('',(0.0219709992565753,0.0161051212650334,0.146622035944705));
#2824=CARTESIAN_POINT('',(0.0194309994424315,0.0175715912706874,0.146410369278039));
#2825=CARTESIAN_POINT('',(0.0168909996282877,0.0190380612763414,0.146198702611372));
#2826=CARTESIAN_POINT('',(0.016891,0.0219710006438246,0.145987035944705));
#2827=CARTESIAN_POINT('',(0.0168910003717124,0.0249039400113079,0.145775369278038));
#2828=CARTESIAN_POINT('',(0.0194310005575685,0.0263704093731373,0.145563702611372));
#2829=CARTESIAN_POINT('',(0.0219710007434247,0.0278368787349665,0.145352035944705));
#2830=CARTESIAN_POINT('',(0.0245110005575685,0.0263704087293126,0.145140369278039));
#2831=CARTESIAN_POINT('',(0.0270510003717123,0.0249039387236586,0.144928702611372));
#2832=CARTESIAN_POINT('',(0.027051,0.0219709993561753,0.144717035944705));
#2833=CARTESIAN_POINT('',(0.0270509996282876,0.0190380599886921,0.144505369278039));
#2834=CARTESIAN_POINT('',(0.0245109994424315,0.0175715906268628,0.144293702611372));
#2835=CARTESIAN_POINT('',(0.0219709992565753,0.0161051212650334,0.144082035944705));
#2836=CARTESIAN_POINT('',(0.0194309994424315,0.0175715912706874,0.143870369278039));
#2837=CARTESIAN_POINT('',(0.0168909996282877,0.0190380612763414,0.143658702611372));
#2838=CARTESIAN_POINT('',(0.016891,0.0219710006438246,0.143447035944705));
#2839=CARTESIAN_POINT('',(0.0168910003717124,0.0249039400113079,0.143235369278039));
#2840=CARTESIAN_POINT('',(0.0194310005575685,0.0263704093731373,0.143023702611372));
#2841=CARTESIAN_POINT('',(0.0219710007434247,0.0278368787349665,0.142812035944705));
#2842=CARTESIAN_POINT('',(0.0245110005575685,0.0263704087293126,0.142600369278039));
#2843=CARTESIAN_POINT('',(0.0270510003717123,0.0249039387236586,0.142388702611372));
#2844=CARTESIAN_POINT('',(0.027051,0.0219709993561753,0.142177035944705));
#2845=CARTESIAN_POINT('',(0.0270509996282876,0.0190380599886921,0.141965369278039));
#2846=CARTESIAN_POINT('',(0.0245109994424315,0.0175715906268628,0.141753702611372));
#2847=CARTESIAN_POINT('',(0.0219709992565753,0.0161051212650334,0.141542035944705));
#2848=CARTESIAN_POINT('',(0.0194309994424315,0.0175715912706874,0.141330369278039));
#2849=CARTESIAN_POINT('',(0.0168909996282877,0.0190380612763414,0.141118702611372));
#2850=CARTESIAN_POINT('',(0.016891,0.0219710006438246,0.140907035944705));
#2851=CARTESIAN_POINT('',(0.0168910003717124,0.0249039400113079,0.140695369278038));
#2852=CARTESIAN_POINT('',(0.0194310005575685,0.0263704093731373,0.140483702611372));
#2853=CARTESIAN_POINT('',(0.0219710007434247,0.0278368787349665,0.140272035944705));
#2854=CARTESIAN_POINT('',(0.0245110005575685,0.0263704087293126,0.140060369278039));
#2855=CARTESIAN_POINT('',(0.0270510003717123,0.0249039387236586,0.139848702611372));
#2856=CARTESIAN_POINT('',(0.027051,0.0219709993561753,0.139637035944705));
#2857=CARTESIAN_POINT('',(0.0270509996282876,0.0190380599886921,0.139425369278039));
#2858=CARTESIAN_POINT('',(0.0245109994424315,0.0175715906268628,0.139213702611372));
#2859=CARTESIAN_POINT('',(0.0219709992565753,0.0161051212650334,0.139002035944705));
#2860=CARTESIAN_POINT('',(0.0194309994424315,0.0175715912706874,0.138790369278039));
#2861=CARTESIAN_POINT('',(0.0168909996282877,0.0190380612763414,0.138578702611372));
#2862=CARTESIAN_POINT('',(0.016891,0.0219710006438246,0.138367035944705));
#2863=CARTESIAN_POINT('',(0.0168910003717124,0.0249039400113079,0.138155369278039));
#2864=CARTESIAN_POINT('',(0.0194310005575685,0.0263704093731373,0.137943702611372));
#2865=CARTESIAN_POINT('',(0.0219710007434247,0.0278368787349665,0.137732035944705));
#2866=CARTESIAN_POINT('',(0.0245110005575685,0.0263704087293126,0.137520369278039));
#2867=CARTESIAN_POINT('',(0.0270510003717123,0.0249039387236586,0.137308702611372));
#2868=CARTESIAN_POINT('',(0.027051,0.0219709993561753,0.137097035944705));
#2869=CARTESIAN_POINT('',(0.0270509996282876,0.0190380599886921,0.136885369278039));
#2870=CARTESIAN_POINT('',(0.0245109994424315,0.0175715906268628,0.136673702611372));
#2871=CARTESIAN_POINT('',(0.0219709992565753,0.0161051212650334,0.136462035944705));
#2872=CARTESIAN_POINT('',(0.0194309994424315,0.0175715912706874,0.136250369278039));
#2873=CARTESIAN_POINT('',(0.0168909996282877,0.0190380612763414,0.136038702611372));
#2874=CARTESIAN_POINT('',(0.016891,0.0219710006438246,0.135827035944705));
#2875=CARTESIAN_POINT('',(0.0168910003717124,0.0249039400113079,0.135615369278039));
#2876=CARTESIAN_POINT('',(0.0194310005575685,0.0263704093731373,0.135403702611372));
#2877=CARTESIAN_POINT('',(0.0219710007434247,0.0278368787349665,0.135192035944705));
#2878=CARTESIAN_POINT('',(0.0245110005575685,0.0263704087293126,0.134980369278039));
#2879=CARTESIAN_POINT('',(0.0270510003717123,0.0249039387236586,0.134768702611372));
#2880=CARTESIAN_POINT('',(0.027051,0.0219709993561753,0.134557035944705));
#2881=CARTESIAN_POINT('',(0.0270509996282876,0.0190380599886921,0.134345369278039));
#2882=CARTESIAN_POINT('',(0.0245109994424315,0.0175715906268628,0.134133702611372));
#2883=CARTESIAN_POINT('',(0.0219709992565753,0.0161051212650334,0.133922035944705));
#2884=CARTESIAN_POINT('',(0.0194309994424315,0.0175715912706874,0.133710369278039));
#2885=CARTESIAN_POINT('',(0.0168909996282877,0.0190380612763414,0.133498702611372));
#2886=CARTESIAN_POINT('',(0.016891,0.0219710006438246,0.133287035944705));
#2887=CARTESIAN_POINT('',(0.0168910003717124,0.0249039400113079,0.133075369278038));
#2888=CARTESIAN_POINT('',(0.0194310005575685,0.0263704093731373,0.132863702611372));
#2889=CARTESIAN_POINT('',(0.0219710007434247,0.0278368787349665,0.132652035944705));
#2890=CARTESIAN_POINT('',(0.0245110005575685,0.0263704087293126,0.132440369278039));
#2891=CARTESIAN_POINT('',(0.0270510003717123,0.0249039387236586,0.132228702611372));
#2892=CARTESIAN_POINT('',(0.027051,0.0219709993561753,0.132017035944705));
#2893=CARTESIAN_POINT('',(0.0270509996282876,0.0190380599886921,0.131805369278039));
#2894=CARTESIAN_POINT('',(0.0245109994424315,0.0175715906268628,0.131593702611372));
#2895=CARTESIAN_POINT('',(0.0219709992565753,0.0161051212650334,0.131382035944705));
#2896=CARTESIAN_POINT('',(0.0194309994424315,0.0175715912706874,0.131170369278039));
#2897=CARTESIAN_POINT('',(0.0168909996282877,0.0190380612763414,0.130958702611372));
#2898=CARTESIAN_POINT('',(0.016891,0.0219710006438246,0.130747035944705));
#2899=CARTESIAN_POINT('',(0.0168910003717124,0.0249039400113079,0.130535369278039));
#2900=CARTESIAN_POINT('',(0.0194310005575685,0.0263704093731373,0.130323702611372));
#2901=CARTESIAN_POINT('',(0.0219710007434247,0.0278368787349665,0.130112035944705));
#2902=CARTESIAN_POINT('',(0.0245110005575685,0.0263704087293126,0.129900369278039));
#2903=CARTESIAN_POINT('',(0.0270510003717123,0.0249039387236586,0.129688702611372));
#2904=CARTESIAN_POINT('',(0.027051,0.0219709993561753,0.129477035944705));
#2905=CARTESIAN_POINT('',(0.0270509996282876,0.0190380599886921,0.129265369278039));
#2906=CARTESIAN_POINT('',(0.0245109994424315,0.0175715906268628,0.129053702611372));
#2907=CARTESIAN_POINT('',(0.0219709992565753,0.0161051212650334,0.128842035944705));
#2908=CARTESIAN_POINT('',(0.0194309994424315,0.0175715912706874,0.128630369278039));
#2909=CARTESIAN_POINT('',(0.0168909996282877,0.0190380612763414,0.128418702611372));
#2910=CARTESIAN_POINT('',(0.016891,0.0219710006438246,0.128207035944705));
#2911=CARTESIAN_POINT('',(0.0168910003717124,0.0249039400113079,0.127995369278039));
#2912=CARTESIAN_POINT('',(0.0194310005575685,0.0263704093731373,0.127783702611372));
#2913=CARTESIAN_POINT('',(0.0219710007434247,0.0278368787349665,0.127572035944705));
#2914=CARTESIAN_POINT('',(0.0245110005575685,0.0263704087293126,0.127360369278039));
#2915=CARTESIAN_POINT('',(0.0270510003717123,0.0249039387236586,0.127148702611372));
#2916=CARTESIAN_POINT('',(0.027051,0.0219709993561753,0.126937035944705));
#2917=CARTESIAN_POINT('',(0.0270509996282876,0.0190380599886921,0.126725369278038));
#2918=CARTESIAN_POINT('',(0.0245109994424315,0.0175715906268628,0.126513702611372));
#2919=CARTESIAN_POINT('',(0.0219709992565753,0.0161051212650334,0.126302035944705));
#2920=CARTESIAN_POINT('',(0.0194309994424315,0.0175715912706874,0.126090369278039));
#2921=CARTESIAN_POINT('',(0.0168909996282877,0.0190380612763414,0.125878702611372));
#2922=CARTESIAN_POINT('',(0.016891,0.0219710006438246,0.125667035944705));
#2923=CARTESIAN_POINT('',(0.0168910003717124,0.0249039400113079,0.125455369278039));
#2924=CARTESIAN_POINT('',(0.0194310005575685,0.0263704093731373,0.125243702611372));
#2925=CARTESIAN_POINT('',(0.0219710007434247,0.0278368787349665,0.125032035944705));
#2926=CARTESIAN_POINT('',(0.0245110005575685,0.0263704087293126,0.124820369278039));
#2927=CARTESIAN_POINT('',(0.0270510003717123,0.0249039387236586,0.124608702611372));
#2928=CARTESIAN_POINT('',(0.027051,0.0219709993561753,0.124397035944705));
#2929=CARTESIAN_POINT('',(0.0270509996282876,0.0190380599886921,0.124185369278039));
#2930=CARTESIAN_POINT('',(0.0245109994424315,0.0175715906268628,0.123973702611372));
#2931=CARTESIAN_POINT('',(0.0219709992565753,0.0161051212650334,0.123762035944705));
#2932=CARTESIAN_POINT('',(0.0194309994424315,0.0175715912706874,0.123550369278039));
#2933=CARTESIAN_POINT('',(0.0168909996282877,0.0190380612763414,0.123338702611372));
#2934=CARTESIAN_POINT('',(0.016891,0.0219710006438246,0.123127035944705));
#2935=CARTESIAN_POINT('',(0.0168910003717124,0.0249039400113079,0.122915369278039));
#2936=CARTESIAN_POINT('',(0.0194310005575685,0.0263704093731373,0.122703702611372));
#2937=CARTESIAN_POINT('',(0.0219710007434247,0.0278368787349665,0.122492035944705));
#2938=CARTESIAN_POINT('',(0.0245110005575685,0.0263704087293126,0.122280369278039));
#2939=CARTESIAN_POINT('',(0.0270510003717123,0.0249039387236586,0.122068702611372));
#2940=CARTESIAN_POINT('',(0.027051,0.0219709993561753,0.121857035944705));
#2941=CARTESIAN_POINT('',(0.0270509996282876,0.0190380599886921,0.121645369278038));
#2942=CARTESIAN_POINT('',(0.0245109994424315,0.0175715906268628,0.121433702611372));
#2943=CARTESIAN_POINT('',(0.0219709992565753,0.0161051212650334,0.121222035944705));
#2944=CARTESIAN_POINT('',(0.0194309994424315,0.0175715912706874,0.121010369278039));
#2945=CARTESIAN_POINT('',(0.0168909996282877,0.0190380612763414,0.120798702611372));
#2946=CARTESIAN_POINT('',(0.016891,0.0219710006438246,0.120587035944705));
#2947=CARTESIAN_POINT('',(0.0168910003717124,0.0249039400113079,0.120375369278038));
#2948=CARTESIAN_POINT('',(0.0194310005575685,0.0263704093731373,0.120163702611372));
#2949=CARTESIAN_POINT('',(0.0219710007434247,0.0278368787349665,0.119952035944705));
#2950=CARTESIAN_POINT('',(0.0245110005575685,0.0263704087293126,0.119740369278039));
#2951=CARTESIAN_POINT('',(0.0270510003717123,0.0249039387236586,0.119528702611372));
#2952=CARTESIAN_POINT('',(0.027051,0.0219709993561753,0.119317035944705));
#2953=CARTESIAN_POINT('',(0.0270509996282876,0.0190380599886921,0.119105369278038));
#2954=CARTESIAN_POINT('',(0.0245109994424315,0.0175715906268628,0.118893702611372));
#2955=CARTESIAN_POINT('',(0.0219709992565753,0.0161051212650334,0.118682035944705));
#2956=CARTESIAN_POINT('',(0.0194309994424315,0.0175715912706874,0.118470369278039));
#2957=CARTESIAN_POINT('',(0.0168909996282877,0.0190380612763414,0.118258702611372));
#2958=CARTESIAN_POINT('',(0.016891,0.0219710006438246,0.118047035944705));
#2959=CARTESIAN_POINT('',(0.0168910003717124,0.0249039400113079,0.117835369278039));
#2960=CARTESIAN_POINT('',(0.0194310005575685,0.0263704093731373,0.117623702611372));
#2961=CARTESIAN_POINT('',(0.0219710007434247,0.0278368787349665,0.117412035944705));
#2962=CARTESIAN_POINT('',(0.0245110005575685,0.0263704087293126,0.117200369278039));
#2963=CARTESIAN_POINT('',(0.0270510003717123,0.0249039387236586,0.116988702611372));
#2964=CARTESIAN_POINT('',(0.027051,0.0219709993561753,0.116777035944705));
#2965=CARTESIAN_POINT('',(0.0270509996282876,0.0190380599886921,0.116565369278039));
#2966=CARTESIAN_POINT('',(0.0245109994424315,0.0175715906268628,0.116353702611372));
#2967=CARTESIAN_POINT('',(0.0219709992565753,0.0161051212650334,0.116142035944705));
#2968=CARTESIAN_POINT('',(0.0194309994424315,0.0175715912706874,0.115930369278039));
#2969=CARTESIAN_POINT('',(0.0168909996282877,0.0190380612763414,0.115718702611372));
#2970=CARTESIAN_POINT('',(0.016891,0.0219710006438246,0.115507035944705));
#2971=CARTESIAN_POINT('',(0.0168910003717124,0.0249039400113079,0.115295369278039));
#2972=CARTESIAN_POINT('',(0.0194310005575685,0.0263704093731373,0.115083702611372));
#2973=CARTESIAN_POINT('',(0.0219710007434247,0.0278368787349665,0.114872035944705));
#2974=CARTESIAN_POINT('',(0.0245110005575685,0.0263704087293126,0.114660369278039));
#2975=CARTESIAN_POINT('',(0.0270510003717123,0.0249039387236586,0.114448702611372));
#2976=CARTESIAN_POINT('',(0.027051,0.0219709993561753,0.114237035944705));
#2977=CARTESIAN_POINT('',(0.0270509996282876,0.0190380599886921,0.114025369278039));
#2978=CARTESIAN_POINT('',(0.0245109994424315,0.0175715906268628,0.113813702611372));
#2979=CARTESIAN_POINT('',(0.0219709992565753,0.0161051212650334,0.113602035944705));
#2980=CARTESIAN_POINT('',(0.0194309994424315,0.0175715912706874,0.113390369278039));
#2981=CARTESIAN_POINT('',(0.0168909996282877,0.0190380612763414,0.113178702611372));
#2982=CARTESIAN_POINT('',(0.016891,0.0219710006438246,0.112967035944705));
#2983=CARTESIAN_POINT('',(0.0168910003717124,0.0249039400113079,0.112755369278039));
#2984=CARTESIAN_POINT('',(0.0194310005575685,0.0263704093731373,0.112543702611372));
#2985=CARTESIAN_POINT('',(0.0219710007434247,0.0278368787349665,0.112332035944705));
#2986=CARTESIAN_POINT('',(0.0245110005575685,0.0263704087293126,0.112120369278039));
#2987=CARTESIAN_POINT('',(0.0270510003717123,0.0249039387236586,0.111908702611372));
#2988=CARTESIAN_POINT('',(0.027051,0.0219709993561753,0.111697035944705));
#2989=CARTESIAN_POINT('',(0.0270509996282876,0.0190380599886921,0.111485369278039));
#2990=CARTESIAN_POINT('',(0.0245109994424315,0.0175715906268628,0.111273702611372));
#2991=CARTESIAN_POINT('',(0.0219709992565753,0.0161051212650334,0.111062035944705));
#2992=CARTESIAN_POINT('',(0.0194309994424315,0.0175715912706874,0.110850369278039));
#2993=CARTESIAN_POINT('',(0.0168909996282877,0.0190380612763414,0.110638702611372));
#2994=CARTESIAN_POINT('',(0.016891,0.0219710006438246,0.110427035944705));
#2995=CARTESIAN_POINT('',(0.0168910003717124,0.0249039400113079,0.110215369278039));
#2996=CARTESIAN_POINT('',(0.0194310005575685,0.0263704093731373,0.110003702611372));
#2997=CARTESIAN_POINT('',(0.0219710007434247,0.0278368787349665,0.109792035944705));
#2998=CARTESIAN_POINT('',(0.0245110005575685,0.0263704087293126,0.109580369278039));
#2999=CARTESIAN_POINT('',(0.0270510003717123,0.0249039387236586,0.109368702611372));
#3000=CARTESIAN_POINT('',(0.027051,0.0219709993561753,0.109157035944705));
#3001=CARTESIAN_POINT('',(0.0270509996282876,0.0190380599886921,0.108945369278039));
#3002=CARTESIAN_POINT('',(0.0245109994424315,0.0175715906268628,0.108733702611372));
#3003=CARTESIAN_POINT('',(0.0219709992565753,0.0161051212650334,0.108522035944705));
#3004=CARTESIAN_POINT('',(0.0194309994424315,0.0175715912706874,0.108310369278039));
#3005=CARTESIAN_POINT('',(0.0168909996282877,0.0190380612763414,0.108098702611372));
#3006=CARTESIAN_POINT('',(0.016891,0.0219710006438246,0.107887035944705));
#3007=CARTESIAN_POINT('',(0.0168910003717124,0.0249039400113079,0.107675369278039));
#3008=CARTESIAN_POINT('',(0.0194310005575685,0.0263704093731373,0.107463702611372));
#3009=CARTESIAN_POINT('',(0.0219710007434247,0.0278368787349665,0.107252035944705));
#3010=CARTESIAN_POINT('',(0.0245110005575685,0.0263704087293126,0.107040369278039));
#3011=CARTESIAN_POINT('',(0.0270510003717123,0.0249039387236586,0.106828702611372));
#3012=CARTESIAN_POINT('',(0.027051,0.0219709993561753,0.106617035944705));
#3013=CARTESIAN_POINT('',(0.0270509996282876,0.0190380599886921,0.106405369278039));
#3014=CARTESIAN_POINT('',(0.0245109994424315,0.0175715906268628,0.106193702611372));
#3015=CARTESIAN_POINT('',(0.0219709992565753,0.0161051212650334,0.105982035944705));
#3016=CARTESIAN_POINT('',(0.0194309994424315,0.0175715912706874,0.105770369278039));
#3017=CARTESIAN_POINT('',(0.0168909996282877,0.0190380612763414,0.105558702611372));
#3018=CARTESIAN_POINT('',(0.016891,0.0219710006438246,0.105347035944705));
#3019=CARTESIAN_POINT('',(0.0168910003717124,0.0249039400113079,0.105135369278039));
#3020=CARTESIAN_POINT('',(0.0194310005575685,0.0263704093731373,0.104923702611372));
#3021=CARTESIAN_POINT('',(0.0219710007434247,0.0278368787349665,0.104712035944705));
#3022=CARTESIAN_POINT('',(0.0245110005575685,0.0263704087293126,0.104500369278039));
#3023=CARTESIAN_POINT('',(0.0270510003717123,0.0249039387236586,0.104288702611372));
#3024=CARTESIAN_POINT('',(0.027051,0.0219709993561753,0.104077035944705));
#3025=CARTESIAN_POINT('',(0.0270509996282876,0.0190380599886921,0.103865369278039));
#3026=CARTESIAN_POINT('',(0.0245109994424315,0.0175715906268628,0.103653702611372));
#3027=CARTESIAN_POINT('',(0.0219709992565753,0.0161051212650334,0.103442035944705));
#3028=CARTESIAN_POINT('',(0.0194309994424315,0.0175715912706874,0.103230369278039));
#3029=CARTESIAN_POINT('',(0.0168909996282877,0.0190380612763414,0.103018702611372));
#3030=CARTESIAN_POINT('',(0.016891,0.0219710006438246,0.102807035944705));
#3031=CARTESIAN_POINT('',(0.0168910003717124,0.0249039400113079,0.102595369278039));
#3032=CARTESIAN_POINT('',(0.0194310005575685,0.0263704093731373,0.102383702611372));
#3033=CARTESIAN_POINT('',(0.0219710007434247,0.0278368787349665,0.102172035944705));
#3034=CARTESIAN_POINT('',(0.0245110005575685,0.0263704087293126,0.101960369278039));
#3035=CARTESIAN_POINT('',(0.0270510003717123,0.0249039387236586,0.101748702611372));
#3036=CARTESIAN_POINT('',(0.027051,0.0219709993561753,0.101537035944705));
#3037=CARTESIAN_POINT('',(0.0270509996282876,0.0190380599886921,0.101325369278039));
#3038=CARTESIAN_POINT('',(0.0245109994424315,0.0175715906268628,0.101113702611372));
#3039=CARTESIAN_POINT('',(0.0219709992565753,0.0161051212650334,0.100902035944705));
#3040=CARTESIAN_POINT('',(0.0194309994424315,0.0175715912706874,0.100690369278039));
#3041=CARTESIAN_POINT('',(0.0168909996282877,0.0190380612763414,0.100478702611372));
#3042=CARTESIAN_POINT('',(0.016891,0.0219710006438246,0.100267035944705));
#3043=CARTESIAN_POINT('',(0.0168910003717124,0.0249039400113079,0.100055369278039));
#3044=CARTESIAN_POINT('',(0.0194310005575685,0.0263704093731373,0.099843702611372));
#3045=CARTESIAN_POINT('',(0.0219710007434247,0.0278368787349665,0.0996320359447053));
#3046=CARTESIAN_POINT('',(0.0245110005575685,0.0263704087293126,0.0994203692780386));
#3047=CARTESIAN_POINT('',(0.0270510003717123,0.0249039387236586,0.0992087026113719));
#3048=CARTESIAN_POINT('',(0.027051,0.0219709993561753,0.0989970359447053));
#3049=CARTESIAN_POINT('',(0.0270509996282876,0.0190380599886921,0.0987853692780386));
#3050=CARTESIAN_POINT('',(0.0245109994424315,0.0175715906268628,0.098573702611372));
#3051=CARTESIAN_POINT('',(0.0219709992565753,0.0161051212650334,0.0983620359447053));
#3052=CARTESIAN_POINT('',(0.0194309994424315,0.0175715912706874,0.0981503692780386));
#3053=CARTESIAN_POINT('',(0.0168909996282877,0.0190380612763414,0.097938702611372));
#3054=CARTESIAN_POINT('',(0.016891,0.0219710006438246,0.0977270359447053));
#3055=CARTESIAN_POINT('',(0.0168910003717124,0.0249039400113079,0.0975153692780387));
#3056=CARTESIAN_POINT('',(0.0194310005575685,0.0263704093731373,0.097303702611372));
#3057=CARTESIAN_POINT('',(0.0219710007434247,0.0278368787349665,0.0970920359447053));
#3058=CARTESIAN_POINT('',(0.0245110005575685,0.0263704087293126,0.0968803692780386));
#3059=CARTESIAN_POINT('',(0.0270510003717123,0.0249039387236586,0.0966687026113719));
#3060=CARTESIAN_POINT('',(0.027051,0.0219709993561753,0.0964570359447053));
#3061=CARTESIAN_POINT('',(0.0270509996282876,0.0190380599886921,0.0962453692780386));
#3062=CARTESIAN_POINT('',(0.0245109994424315,0.0175715906268628,0.096033702611372));
#3063=CARTESIAN_POINT('',(0.0219709992565753,0.0161051212650334,0.0958220359447053));
#3064=CARTESIAN_POINT('',(0.0194309994424315,0.0175715912706874,0.0956103692780386));
#3065=CARTESIAN_POINT('',(0.0168909996282877,0.0190380612763414,0.0953987026113719));
#3066=CARTESIAN_POINT('',(0.016891,0.0219710006438246,0.0951870359447053));
#3067=CARTESIAN_POINT('',(0.0168910003717124,0.0249039400113079,0.0949753692780386));
#3068=CARTESIAN_POINT('',(0.0194310005575685,0.0263704093731373,0.094763702611372));
#3069=CARTESIAN_POINT('',(0.0219710007434247,0.0278368787349665,0.0945520359447053));
#3070=CARTESIAN_POINT('',(0.0245110005575685,0.0263704087293126,0.0943403692780386));
#3071=CARTESIAN_POINT('',(0.0270510003717123,0.0249039387236586,0.0941287026113719));
#3072=CARTESIAN_POINT('',(0.027051,0.0219709993561753,0.0939170359447053));
#3073=CARTESIAN_POINT('',(0.0270509996282876,0.0190380599886921,0.0937053692780385));
#3074=CARTESIAN_POINT('',(0.0245109994424315,0.0175715906268628,0.093493702611372));
#3075=CARTESIAN_POINT('',(0.0219709992565753,0.0161051212650334,0.0932820359447052));
#3076=CARTESIAN_POINT('',(0.0194309994424315,0.0175715912706874,0.0930703692780386));
#3077=CARTESIAN_POINT('',(0.0168909996282877,0.0190380612763414,0.0928587026113719));
#3078=CARTESIAN_POINT('',(0.016891,0.0219710006438246,0.0926470359447053));
#3079=CARTESIAN_POINT('',(0.0168910003717124,0.0249039400113079,0.0924353692780386));
#3080=CARTESIAN_POINT('',(0.0194310005575685,0.0263704093731373,0.092223702611372));
#3081=CARTESIAN_POINT('',(0.0219710007434247,0.0278368787349665,0.0920120359447053));
#3082=CARTESIAN_POINT('',(0.0245110005575685,0.0263704087293126,0.0918003692780386));
#3083=CARTESIAN_POINT('',(0.0270510003717123,0.0249039387236586,0.091588702611372));
#3084=CARTESIAN_POINT('',(0.027051,0.0219709993561753,0.0913770359447053));
#3085=CARTESIAN_POINT('',(0.0270509996282876,0.0190380599886921,0.0911653692780386));
#3086=CARTESIAN_POINT('',(0.0245109994424315,0.0175715906268628,0.090953702611372));
#3087=CARTESIAN_POINT('',(0.0219709992565753,0.0161051212650334,0.0907420359447053));
#3088=CARTESIAN_POINT('',(0.0194309994424315,0.0175715912706874,0.0905303692780386));
#3089=CARTESIAN_POINT('',(0.0168909996282877,0.0190380612763414,0.0903187026113719));
#3090=CARTESIAN_POINT('',(0.016891,0.0219710006438246,0.0901070359447053));
#3091=CARTESIAN_POINT('',(0.0168910003717124,0.0249039400113079,0.0898953692780386));
#3092=CARTESIAN_POINT('',(0.0194310005575685,0.0263704093731373,0.089683702611372));
#3093=CARTESIAN_POINT('',(0.0219710007434247,0.0278368787349665,0.0894720359447052));
#3094=CARTESIAN_POINT('',(0.0245110005575685,0.0263704087293126,0.0892603692780386));
#3095=CARTESIAN_POINT('',(0.0270510003717123,0.0249039387236586,0.0890487026113719));
#3096=CARTESIAN_POINT('',(0.027051,0.0219709993561753,0.0888370359447053));
#3097=CARTESIAN_POINT('',(0.0270509996282876,0.0190380599886921,0.0886253692780386));
#3098=CARTESIAN_POINT('',(0.0245109994424315,0.0175715906268628,0.088413702611372));
#3099=CARTESIAN_POINT('',(0.0219709992565753,0.0161051212650334,0.0882020359447053));
#3100=CARTESIAN_POINT('',(0.0194309994424315,0.0175715912706874,0.0879903692780386));
#3101=CARTESIAN_POINT('',(0.0168909996282877,0.0190380612763414,0.087778702611372));
#3102=CARTESIAN_POINT('',(0.016891,0.0219710006438246,0.0875670359447053));
#3103=CARTESIAN_POINT('',(0.0168910003717124,0.0249039400113079,0.0873553692780387));
#3104=CARTESIAN_POINT('',(0.0194310005575685,0.0263704093731373,0.087143702611372));
#3105=CARTESIAN_POINT('',(0.0219710007434247,0.0278368787349665,0.0869320359447052));
#3106=CARTESIAN_POINT('',(0.0245110005575685,0.0263704087293126,0.0867203692780386));
#3107=CARTESIAN_POINT('',(0.0270510003717123,0.0249039387236586,0.0865087026113719));
#3108=CARTESIAN_POINT('',(0.027051,0.0219709993561753,0.0862970359447053));
#3109=CARTESIAN_POINT('',(0.0270509996282876,0.0190380599886921,0.0860853692780386));
#3110=CARTESIAN_POINT('',(0.0245109994424315,0.0175715906268628,0.085873702611372));
#3111=CARTESIAN_POINT('',(0.0219709992565753,0.0161051212650334,0.0856620359447053));
#3112=CARTESIAN_POINT('',(0.0194309994424315,0.0175715912706874,0.0854503692780386));
#3113=CARTESIAN_POINT('',(0.0168909996282877,0.0190380612763414,0.0852387026113719));
#3114=CARTESIAN_POINT('',(0.016891,0.0219710006438246,0.0850270359447053));
#3115=CARTESIAN_POINT('',(0.0168910003717124,0.0249039400113079,0.0848153692780386));
#3116=CARTESIAN_POINT('',(0.0194310005575685,0.0263704093731373,0.084603702611372));
#3117=CARTESIAN_POINT('',(0.0219710007434247,0.0278368787349665,0.0843920359447053));
#3118=CARTESIAN_POINT('',(0.0245110005575685,0.0263704087293126,0.0841803692780386));
#3119=CARTESIAN_POINT('',(0.0270510003717123,0.0249039387236586,0.083968702611372));
#3120=CARTESIAN_POINT('',(0.027051,0.0219709993561753,0.0837570359447053));
#3121=CARTESIAN_POINT('',(0.0270509996282876,0.0190380599886921,0.0835453692780385));
#3122=CARTESIAN_POINT('',(0.0245109994424315,0.0175715906268628,0.083333702611372));
#3123=CARTESIAN_POINT('',(0.0219709992565753,0.0161051212650334,0.0831220359447052));
#3124=CARTESIAN_POINT('',(0.0194309994424315,0.0175715912706874,0.0829103692780386));
#3125=CARTESIAN_POINT('',(0.0168909996282877,0.0190380612763414,0.0826987026113719));
#3126=CARTESIAN_POINT('',(0.016891,0.0219710006438246,0.0824870359447053));
#3127=CARTESIAN_POINT('',(0.0168910003717124,0.0249039400113079,0.0822753692780386));
#3128=CARTESIAN_POINT('',(0.0194310005575685,0.0263704093731373,0.082063702611372));
#3129=CARTESIAN_POINT('',(0.0219710007434247,0.0278368787349665,0.0818520359447053));
#3130=CARTESIAN_POINT('',(0.0245110005575685,0.0263704087293126,0.0816403692780386));
#3131=CARTESIAN_POINT('',(0.0270510003717123,0.0249039387236586,0.081428702611372));
#3132=CARTESIAN_POINT('',(0.027051,0.0219709993561753,0.0812170359447053));
#3133=CARTESIAN_POINT('',(0.0270509996282876,0.0190380599886921,0.0810053692780387));
#3134=CARTESIAN_POINT('',(0.0245109994424315,0.0175715906268628,0.080793702611372));
#3135=CARTESIAN_POINT('',(0.0219709992565753,0.0161051212650334,0.0805820359447052));
#3136=CARTESIAN_POINT('',(0.0194309994424315,0.0175715912706874,0.0803703692780386));
#3137=CARTESIAN_POINT('',(0.0168909996282877,0.0190380612763414,0.080158702611372));
#3138=CARTESIAN_POINT('',(0.016891,0.0219710006438246,0.0799470359447053));
#3139=CARTESIAN_POINT('',(0.0168910003717124,0.0249039400113079,0.0797353692780386));
#3140=CARTESIAN_POINT('',(0.0194310005575685,0.0263704093731373,0.079523702611372));
#3141=CARTESIAN_POINT('',(0.0219710007434247,0.0278368787349665,0.0793120359447052));
#3142=CARTESIAN_POINT('',(0.0245110005575685,0.0263704087293126,0.0791003692780386));
#3143=CARTESIAN_POINT('',(0.0270510003717123,0.0249039387236586,0.0788887026113719));
#3144=CARTESIAN_POINT('',(0.027051,0.0219709993561753,0.0786770359447053));
#3145=CARTESIAN_POINT('',(0.0270509996282876,0.0190380599886921,0.0784653692780386));
#3146=CARTESIAN_POINT('',(0.0245109994424315,0.0175715906268628,0.078253702611372));
#3147=CARTESIAN_POINT('',(0.0219709992565753,0.0161051212650334,0.0780420359447053));
#3148=CARTESIAN_POINT('',(0.0194309994424315,0.0175715912706874,0.0778303692780386));
#3149=CARTESIAN_POINT('',(0.0168909996282877,0.0190380612763414,0.077618702611372));
#3150=CARTESIAN_POINT('',(0.016891,0.0219710006438246,0.0774070359447053));
#3151=CARTESIAN_POINT('',(0.0168910003717124,0.0249039400113079,0.0771953692780385));
#3152=CARTESIAN_POINT('',(0.0194310005575685,0.0263704093731373,0.076983702611372));
#3153=CARTESIAN_POINT('',(0.0219710007434247,0.0278368787349665,0.0767720359447052));
#3154=CARTESIAN_POINT('',(0.0245110005575685,0.0263704087293126,0.0765603692780386));
#3155=CARTESIAN_POINT('',(0.0270510003717123,0.0249039387236586,0.0763487026113719));
#3156=CARTESIAN_POINT('',(0.027051,0.0219709993561753,0.0761370359447053));
#3157=CARTESIAN_POINT('',(0.0270509996282876,0.0190380599886921,0.0759253692780386));
#3158=CARTESIAN_POINT('',(0.0245109994424315,0.0175715906268628,0.075713702611372));
#3159=CARTESIAN_POINT('',(0.0219709992565753,0.0161051212650334,0.0755020359447053));
#3160=CARTESIAN_POINT('',(0.0194309994424315,0.0175715912706874,0.0752903692780386));
#3161=CARTESIAN_POINT('',(0.0168909996282877,0.0190380612763414,0.075078702611372));
#3162=CARTESIAN_POINT('',(0.016891,0.0219710006438246,0.0748670359447053));
#3163=CARTESIAN_POINT('',(0.0168910003717124,0.0249039400113079,0.0746553692780386));
#3164=CARTESIAN_POINT('',(0.0194310005575685,0.0263704093731373,0.074443702611372));
#3165=CARTESIAN_POINT('',(0.0219710007434247,0.0278368787349665,0.0742320359447053));
#3166=CARTESIAN_POINT('',(0.0245110005575685,0.0263704087293126,0.0740203692780386));
#3167=CARTESIAN_POINT('',(0.0270510003717123,0.0249039387236586,0.073808702611372));
#3168=CARTESIAN_POINT('',(0.027051,0.0219709993561753,0.0735970359447053));
#3169=CARTESIAN_POINT('',(0.0270509996282876,0.0190380599886921,0.0733853692780387));
#3170=CARTESIAN_POINT('',(0.0245109994424315,0.0175715906268628,0.073173702611372));
#3171=CARTESIAN_POINT('',(0.0219709992565753,0.0161051212650334,0.0729620359447052));
#3172=CARTESIAN_POINT('',(0.0194309994424315,0.0175715912706874,0.0727503692780386));
#3173=CARTESIAN_POINT('',(0.0168909996282877,0.0190380612763414,0.0725387026113719));
#3174=CARTESIAN_POINT('',(0.016891,0.0219710006438246,0.0723270359447053));
#3175=CARTESIAN_POINT('',(0.0168910003717124,0.0249039400113079,0.0721153692780386));
#3176=CARTESIAN_POINT('',(0.0194310005575685,0.0263704093731373,0.071903702611372));
#3177=CARTESIAN_POINT('',(0.0219710007434247,0.0278368787349665,0.0716920359447053));
#3178=CARTESIAN_POINT('',(0.0245110005575685,0.0263704087293126,0.0714803692780386));
#3179=CARTESIAN_POINT('',(0.0270510003717123,0.0249039387236586,0.071268702611372));
#3180=CARTESIAN_POINT('',(0.027051,0.0219709993561753,0.0710570359447053));
#3181=CARTESIAN_POINT('',(0.0270509996282876,0.0190380599886921,0.0708453692780386));
#3182=CARTESIAN_POINT('',(0.0245109994424315,0.0175715906268628,0.0706337026113719));
#3183=CARTESIAN_POINT('',(0.0219709992565753,0.0161051212650334,0.0704220359447053));
#3184=CARTESIAN_POINT('',(0.0194309994424315,0.0175715912706874,0.0702103692780386));
#3185=CARTESIAN_POINT('',(0.0168909996282877,0.0190380612763414,0.0699987026113719));
#3186=CARTESIAN_POINT('',(0.016891,0.0219710006438246,0.0697870359447053));
#3187=CARTESIAN_POINT('',(0.0168910003717124,0.0249039400113079,0.0695753692780386));
#3188=CARTESIAN_POINT('',(0.0194310005575685,0.0263704093731373,0.069363702611372));
#3189=CARTESIAN_POINT('',(0.0219710007434247,0.0278368787349665,0.0691520359447052));
#3190=CARTESIAN_POINT('',(0.0245110005575685,0.0263704087293126,0.0689403692780386));
#3191=CARTESIAN_POINT('',(0.0270510003717123,0.0249039387236586,0.0687287026113719));
#3192=CARTESIAN_POINT('',(0.027051,0.0219709993561753,0.0685170359447053));
#3193=CARTESIAN_POINT('',(0.0270509996282876,0.0190380599886921,0.0683053692780386));
#3194=CARTESIAN_POINT('',(0.0245109994424315,0.0175715906268628,0.068093702611372));
#3195=CARTESIAN_POINT('',(0.0219709992565753,0.0161051212650334,0.0678820359447053));
#3196=CARTESIAN_POINT('',(0.0194309994424315,0.0175715912706874,0.0676703692780386));
#3197=CARTESIAN_POINT('',(0.0168909996282877,0.0190380612763414,0.067458702611372));
#3198=CARTESIAN_POINT('',(0.016891,0.0219710006438246,0.0672470359447053));
#3199=CARTESIAN_POINT('',(0.0168910003717124,0.0249039400113079,0.0670353692780387));
#3200=CARTESIAN_POINT('',(0.0194310005575685,0.0263704093731373,0.066823702611372));
#3201=CARTESIAN_POINT('',(0.0219710007434247,0.0278368787349665,0.0666120359447052));
#3202=CARTESIAN_POINT('',(0.0245110005575685,0.0263704087293126,0.0664003692780386));
#3203=CARTESIAN_POINT('',(0.0270510003717123,0.0249039387236586,0.0661887026113719));
#3204=CARTESIAN_POINT('',(0.027051,0.0219709993561753,0.0659770359447053));
#3205=CARTESIAN_POINT('',(0.0270509996282876,0.0190380599886921,0.0657653692780386));
#3206=CARTESIAN_POINT('',(0.0245109994424315,0.0175715906268628,0.0655537026113719));
#3207=CARTESIAN_POINT('',(0.0219709992565753,0.0161051212650334,0.0653420359447053));
#3208=CARTESIAN_POINT('',(0.0194309994424315,0.0175715912706874,0.0651303692780386));
#3209=CARTESIAN_POINT('',(0.0168909996282877,0.0190380612763414,0.0649187026113719));
#3210=CARTESIAN_POINT('',(0.016891,0.0219710006438246,0.0647070359447053));
#3211=CARTESIAN_POINT('',(0.0168910003717124,0.0249039400113079,0.0644953692780386));
#3212=CARTESIAN_POINT('',(0.0194310005575685,0.0263704093731373,0.064283702611372));
#3213=CARTESIAN_POINT('',(0.0219710007434247,0.0278368787349665,0.0640720359447053));
#3214=CARTESIAN_POINT('',(0.0245110005575685,0.0263704087293126,0.0638603692780386));
#3215=CARTESIAN_POINT('',(0.0270510003717123,0.0249039387236586,0.063648702611372));
#3216=CARTESIAN_POINT('',(0.027051,0.0219709993561753,0.0634370359447053));
#3217=CARTESIAN_POINT('',(0.0270509996282876,0.0190380599886921,0.0632253692780386));
#3218=CARTESIAN_POINT('',(0.0245109994424315,0.0175715906268628,0.0630137026113719));
#3219=CARTESIAN_POINT('',(0.0219709992565753,0.0161051212650334,0.0628020359447052));
#3220=CARTESIAN_POINT('',(0.0194309994424315,0.0175715912706874,0.0625903692780386));
#3221=CARTESIAN_POINT('',(0.0168909996282877,0.0190380612763414,0.0623787026113719));
#3222=CARTESIAN_POINT('',(0.016891,0.0219710006438246,0.0621670359447053));
#3223=CARTESIAN_POINT('',(0.0168910003717124,0.0249039400113079,0.0619553692780386));
#3224=CARTESIAN_POINT('',(0.0194310005575685,0.0263704093731373,0.061743702611372));
#3225=CARTESIAN_POINT('',(0.0219710007434247,0.0278368787349665,0.0615320359447053));
#3226=CARTESIAN_POINT('',(0.0245110005575685,0.0263704087293126,0.0613203692780386));
#3227=CARTESIAN_POINT('',(0.0270510003717123,0.0249039387236586,0.061108702611372));
#3228=CARTESIAN_POINT('',(0.027051,0.0219709993561753,0.0608970359447053));
#3229=CARTESIAN_POINT('',(0.0270509996282876,0.0190380599886921,0.0606853692780386));
#3230=CARTESIAN_POINT('',(0.0245109994424315,0.0175715906268628,0.0604737026113719));
#3231=CARTESIAN_POINT('',(0.0219709992565753,0.0161051212650334,0.0602620359447053));
#3232=CARTESIAN_POINT('',(0.0194309994424315,0.0175715912706874,0.0600503692780386));
#3233=CARTESIAN_POINT('',(0.0168909996282877,0.0190380612763414,0.0598387026113719));
#3234=CARTESIAN_POINT('',(0.016891,0.0219710006438246,0.0596270359447053));
#3235=CARTESIAN_POINT('',(0.0168910003717124,0.0249039400113079,0.0594153692780386));
#3236=CARTESIAN_POINT('',(0.0194310005575685,0.0263704093731373,0.059203702611372));
#3237=CARTESIAN_POINT('',(0.0219710007434247,0.0278368787349665,0.0589920359447052));
#3238=CARTESIAN_POINT('',(0.0245110005575685,0.0263704087293126,0.0587803692780386));
#3239=CARTESIAN_POINT('',(0.0270510003717123,0.0249039387236586,0.0585687026113719));
#3240=CARTESIAN_POINT('',(0.027051,0.0219709993561753,0.0583570359447053));
#3241=CARTESIAN_POINT('',(0.0270509996282876,0.0190380599886921,0.0581453692780386));
#3242=CARTESIAN_POINT('',(0.0245109994424315,0.0175715906268628,0.0579337026113719));
#3243=CARTESIAN_POINT('',(0.0219709992565753,0.0161051212650334,0.0577220359447053));
#3244=CARTESIAN_POINT('',(0.0194309994424315,0.0175715912706874,0.0575103692780386));
#3245=CARTESIAN_POINT('',(0.0168909996282877,0.0190380612763414,0.057298702611372));
#3246=CARTESIAN_POINT('',(0.016891,0.0219710006438246,0.0570870359447053));
#3247=CARTESIAN_POINT('',(0.0168910003717124,0.0249039400113079,0.0568753692780387));
#3248=CARTESIAN_POINT('',(0.0194310005575685,0.0263704093731373,0.056663702611372));
#3249=CARTESIAN_POINT('',(0.0219710007434247,0.0278368787349665,0.0564520359447052));
#3250=CARTESIAN_POINT('',(0.0245110005575685,0.0263704087293126,0.0562403692780386));
#3251=CARTESIAN_POINT('',(0.0270510003717123,0.0249039387236586,0.0560287026113719));
#3252=CARTESIAN_POINT('',(0.027051,0.0219709993561753,0.0558170359447053));
#3253=CARTESIAN_POINT('',(0.0270509996282876,0.0190380599886921,0.0556053692780386));
#3254=CARTESIAN_POINT('',(0.0245109994424315,0.0175715906268628,0.0553937026113719));
#3255=CARTESIAN_POINT('',(0.0219709992565753,0.0161051212650334,0.0551820359447053));
#3256=CARTESIAN_POINT('',(0.0194309994424315,0.0175715912706874,0.0549703692780386));
#3257=CARTESIAN_POINT('',(0.0168909996282877,0.0190380612763414,0.0547587026113719));
#3258=CARTESIAN_POINT('',(0.016891,0.0219710006438246,0.0545470359447053));
#3259=CARTESIAN_POINT('',(0.0168910003717124,0.0249039400113079,0.0543353692780386));
#3260=CARTESIAN_POINT('',(0.0194310005575685,0.0263704093731373,0.054123702611372));
#3261=CARTESIAN_POINT('',(0.0219710007434247,0.0278368787349665,0.0539120359447053));
#3262=CARTESIAN_POINT('',(0.0245110005575685,0.0263704087293126,0.0537003692780386));
#3263=CARTESIAN_POINT('',(0.0270510003717123,0.0249039387236586,0.053488702611372));
#3264=CARTESIAN_POINT('',(0.027051,0.0219709993561753,0.0532770359447053));
#3265=CARTESIAN_POINT('',(0.0270509996282876,0.0190380599886921,0.0530653692780387));
#3266=CARTESIAN_POINT('',(0.0245109994424315,0.0175715906268628,0.052853702611372));
#3267=CARTESIAN_POINT('',(0.0219709992565753,0.0161051212650334,0.0526420359447052));
#3268=CARTESIAN_POINT('',(0.0194309994424315,0.0175715912706874,0.0524303692780386));
#3269=CARTESIAN_POINT('',(0.0168909996282877,0.0190380612763414,0.0522187026113719));
#3270=CARTESIAN_POINT('',(0.016891,0.0219710006438246,0.0520070359447053));
#3271=CARTESIAN_POINT('',(0.0168910003717124,0.0249039400113079,0.0517953692780386));
#3272=CARTESIAN_POINT('',(0.0194310005575685,0.0263704093731373,0.0515837026113719));
#3273=CARTESIAN_POINT('',(0.0219710007434247,0.0278368787349665,0.0513720359447053));
#3274=CARTESIAN_POINT('',(0.0245110005575685,0.0263704087293126,0.0511603692780386));
#3275=CARTESIAN_POINT('',(0.0270510003717123,0.0249039387236586,0.0509487026113719));
#3276=CARTESIAN_POINT('',(0.027051,0.0219709993561753,0.0507370359447053));
#3277=CARTESIAN_POINT('',(0.0270509996282876,0.0190380599886921,0.0505253692780386));
#3278=CARTESIAN_POINT('',(0.0245109994424315,0.0175715906268628,0.0503137026113719));
#3279=CARTESIAN_POINT('',(0.0219709992565753,0.0161051212650334,0.0501020359447053));
#3280=CARTESIAN_POINT('',(0.0194309994424315,0.0175715912706874,0.0498903692780386));
#3281=CARTESIAN_POINT('',(0.0168909996282877,0.0190380612763414,0.0496787026113719));
#3282=CARTESIAN_POINT('',(0.016891,0.0219710006438246,0.0494670359447053));
#3283=CARTESIAN_POINT('',(0.0168910003717124,0.0249039400113079,0.0492553692780386));
#3284=CARTESIAN_POINT('',(0.0194310005575685,0.0263704093731373,0.049043702611372));
#3285=CARTESIAN_POINT('',(0.0219710007434247,0.0278368787349665,0.0488320359447053));
#3286=CARTESIAN_POINT('',(0.0245110005575685,0.0263704087293126,0.0486203692780386));
#3287=CARTESIAN_POINT('',(0.0270510003717123,0.0249039387236586,0.0484087026113719));
#3288=CARTESIAN_POINT('',(0.027051,0.0219709993561753,0.0481970359447053));
#3289=CARTESIAN_POINT('',(0.0270509996282876,0.0190380599886921,0.0479853692780386));
#3290=CARTESIAN_POINT('',(0.0245109994424315,0.0175715906268628,0.047773702611372));
#3291=CARTESIAN_POINT('',(0.0219709992565753,0.0161051212650334,0.0475620359447053));
#3292=CARTESIAN_POINT('',(0.0194309994424315,0.0175715912706874,0.0473503692780386));
#3293=CARTESIAN_POINT('',(0.0168909996282877,0.0190380612763414,0.0471387026113719));
#3294=CARTESIAN_POINT('',(0.016891,0.0219710006438246,0.0469270359447053));
#3295=CARTESIAN_POINT('',(0.0168910003717124,0.0249039400113079,0.0467153692780386));
#3296=CARTESIAN_POINT('',(0.0194310005575685,0.0263704093731373,0.0465037026113719));
#3297=CARTESIAN_POINT('',(0.0219710007434247,0.0278368787349665,0.0462920359447053));
#3298=CARTESIAN_POINT('',(0.0245110005575685,0.0263704087293126,0.0460803692780386));
#3299=CARTESIAN_POINT('',(0.0270510003717123,0.0249039387236586,0.045868702611372));
#3300=CARTESIAN_POINT('',(0.027051,0.0219709993561753,0.0456570359447053));
#3301=CARTESIAN_POINT('',(0.0270509996282876,0.0190380599886921,0.0454453692780386));
#3302=CARTESIAN_POINT('',(0.0245109994424315,0.0175715906268628,0.0452337026113719));
#3303=CARTESIAN_POINT('',(0.0219709992565753,0.0161051212650334,0.0450220359447053));
#3304=CARTESIAN_POINT('',(0.0194309994424315,0.0175715912706874,0.0448103692780386));
#3305=CARTESIAN_POINT('',(0.0168909996282877,0.0190380612763414,0.044598702611372));
#3306=CARTESIAN_POINT('',(0.016891,0.0219710006438246,0.0443870359447053));
#3307=CARTESIAN_POINT('',(0.0168910003717124,0.0249039400113079,0.0441753692780386));
#3308=CARTESIAN_POINT('',(0.0194310005575685,0.0263704093731373,0.043963702611372));
#3309=CARTESIAN_POINT('',(0.0219710007434247,0.0278368787349665,0.0437520359447052));
#3310=CARTESIAN_POINT('',(0.0245110005575685,0.0263704087293126,0.0435403692780386));
#3311=CARTESIAN_POINT('',(0.0270510003717123,0.0249039387236586,0.0433287026113719));
#3312=CARTESIAN_POINT('',(0.027051,0.0219709993561753,0.0431170359447053));
#3313=CARTESIAN_POINT('',(0.0270509996282876,0.0190380599886921,0.0429053692780386));
#3314=CARTESIAN_POINT('',(0.0245109994424315,0.0175715906268628,0.042693702611372));
#3315=CARTESIAN_POINT('',(0.0219709992565753,0.0161051212650334,0.0424820359447053));
#3316=CARTESIAN_POINT('',(0.0194309994424315,0.0175715912706874,0.0422703692780386));
#3317=CARTESIAN_POINT('',(0.0168909996282877,0.0190380612763414,0.042058702611372));
#3318=CARTESIAN_POINT('',(0.016891,0.0219710006438246,0.0418470359447053));
#3319=CARTESIAN_POINT('',(0.0168910003717124,0.0249039400113079,0.0416353692780386));
#3320=CARTESIAN_POINT('',(0.0194310005575685,0.0263704093731373,0.041423702611372));
#3321=CARTESIAN_POINT('',(0.0219710007434247,0.0278368787349665,0.0412120359447053));
#3322=CARTESIAN_POINT('',(0.0245110005575685,0.0263704087293126,0.0410003692780386));
#3323=CARTESIAN_POINT('',(0.0270510003717123,0.0249039387236586,0.0407887026113719));
#3324=CARTESIAN_POINT('',(0.027051,0.0219709993561753,0.0405770359447053));
#3325=CARTESIAN_POINT('',(0.0270509996282876,0.0190380599886921,0.0403653692780386));
#3326=CARTESIAN_POINT('',(0.0245109994424315,0.0175715906268628,0.040153702611372));
#3327=CARTESIAN_POINT('',(0.0219709992565753,0.0161051212650334,0.0399420359447053));
#3328=CARTESIAN_POINT('',(0.0194309994424315,0.0175715912706874,0.0397303692780386));
#3329=CARTESIAN_POINT('',(0.0168909996282877,0.0190380612763414,0.0395187026113719));
#3330=CARTESIAN_POINT('',(0.016891,0.0219710006438246,0.0393070359447053));
#3331=CARTESIAN_POINT('',(0.0168910003717124,0.0249039400113079,0.0390953692780386));
#3332=CARTESIAN_POINT('',(0.0194310005575685,0.0263704093731373,0.038883702611372));
#3333=CARTESIAN_POINT('',(0.0219710007434247,0.0278368787349665,0.0386720359447052));
#3334=CARTESIAN_POINT('',(0.0245110005575685,0.0263704087293126,0.0384603692780386));
#3335=CARTESIAN_POINT('',(0.0270510003717123,0.0249039387236586,0.0382487026113719));
#3336=CARTESIAN_POINT('',(0.027051,0.0219709993561753,0.0380370359447053));
#3337=CARTESIAN_POINT('',(0.0270509996282876,0.0190380599886921,0.0378253692780386));
#3338=CARTESIAN_POINT('',(0.0245109994424315,0.0175715906268628,0.037613702611372));
#3339=CARTESIAN_POINT('',(0.0219709992565753,0.0161051212650334,0.0374020359447053));
#3340=CARTESIAN_POINT('',(0.0194309994424315,0.0175715912706874,0.0371903692780386));
#3341=CARTESIAN_POINT('',(0.0168909996282877,0.0190380612763414,0.036978702611372));
#3342=CARTESIAN_POINT('',(0.016891,0.0219710006438246,0.0367670359447053));
#3343=CARTESIAN_POINT('',(0.0168910003717124,0.0249039400113079,0.0365553692780386));
#3344=CARTESIAN_POINT('',(0.0194310005575685,0.0263704093731373,0.036343702611372));
#3345=CARTESIAN_POINT('',(0.0219710007434247,0.0278368787349665,0.0361320359447053));
#3346=CARTESIAN_POINT('',(0.0245110005575685,0.0263704087293126,0.0359203692780386));
#3347=CARTESIAN_POINT('',(0.0270510003717123,0.0249039387236586,0.0357087026113719));
#3348=CARTESIAN_POINT('',(0.027051,0.0219709993561753,0.0354970359447053));
#3349=CARTESIAN_POINT('',(0.0270509996282876,0.0190380599886921,0.0352853692780386));
#3350=CARTESIAN_POINT('',(0.0245109994424315,0.0175715906268628,0.035073702611372));
#3351=CARTESIAN_POINT('',(0.0219709992565753,0.0161051212650334,0.0348620359447053));
#3352=CARTESIAN_POINT('',(0.0194309994424315,0.0175715912706874,0.0346503692780386));
#3353=CARTESIAN_POINT('',(0.0168909996282877,0.0190380612763414,0.0344387026113719));
#3354=CARTESIAN_POINT('',(0.016891,0.0219710006438246,0.0342270359447053));
#3355=CARTESIAN_POINT('',(0.0168910003717124,0.0249039400113079,0.0340153692780386));
#3356=CARTESIAN_POINT('',(0.0194310005575685,0.0263704093731373,0.033803702611372));
#3357=CARTESIAN_POINT('',(0.0219710007434247,0.0278368787349665,0.0335920359447053));
#3358=CARTESIAN_POINT('',(0.0245110005575685,0.0263704087293126,0.0333803692780386));
#3359=CARTESIAN_POINT('',(0.0270510003717123,0.0249039387236586,0.0331687026113719));
#3360=CARTESIAN_POINT('',(0.027051,0.0219709993561753,0.0329570359447053));
#3361=CARTESIAN_POINT('',(0.0270509996282876,0.0190380599886921,0.0327453692780386));
#3362=CARTESIAN_POINT('',(0.0245109994424315,0.0175715906268628,0.032533702611372));
#3363=CARTESIAN_POINT('',(0.0219709992565753,0.0161051212650334,0.0323220359447053));
#3364=CARTESIAN_POINT('',(0.0194309994424315,0.0175715912706874,0.0321103692780386));
#3365=CARTESIAN_POINT('',(0.0168909996282877,0.0190380612763414,0.031898702611372));
#3366=CARTESIAN_POINT('',(0.016891,0.0219710006438246,0.0316870359447053));
#3367=CARTESIAN_POINT('',(0.0168910003717124,0.0249039400113079,0.0314753692780386));
#3368=CARTESIAN_POINT('',(0.0194310005575685,0.0263704093731373,0.031263702611372));
#3369=CARTESIAN_POINT('',(0.0219710007434247,0.0278368787349665,0.0310520359447053));
#3370=CARTESIAN_POINT('',(0.0245110005575685,0.0263704087293126,0.0308403692780386));
#3371=CARTESIAN_POINT('',(0.0270510003717123,0.0249039387236586,0.0306287026113719));
#3372=CARTESIAN_POINT('',(0.027051,0.0219709993561753,0.0304170359447053));
#3373=CARTESIAN_POINT('',(0.0270509996282876,0.0190380599886921,0.0302053692780386));
#3374=CARTESIAN_POINT('',(0.0245109994424315,0.0175715906268628,0.029993702611372));
#3375=CARTESIAN_POINT('',(0.0219709992565753,0.0161051212650334,0.0297820359447053));
#3376=CARTESIAN_POINT('',(0.0194309994424315,0.0175715912706874,0.0295703692780386));
#3377=CARTESIAN_POINT('',(0.0168909996282877,0.0190380612763414,0.0293587026113719));
#3378=CARTESIAN_POINT('',(0.016891,0.0219710006438246,0.0291470359447052));
#3379=CARTESIAN_POINT('',(0.0168910003717124,0.0249039400113079,0.0289353692780386));
#3380=CARTESIAN_POINT('',(0.0194310005575685,0.0263704093731373,0.0287237026113719));
#3381=CARTESIAN_POINT('',(0.0219710007434247,0.0278368787349665,0.0285120359447052));
#3382=CARTESIAN_POINT('',(0.0245110005575685,0.0263704087293126,0.0283003692780386));
#3383=CARTESIAN_POINT('',(0.0270510003717123,0.0249039387236586,0.0280887026113719));
#3384=CARTESIAN_POINT('',(0.027051,0.0219709993561753,0.0278770359447053));
#3385=CARTESIAN_POINT('',(0.0270509996282876,0.0190380599886921,0.0276653692780386));
#3386=CARTESIAN_POINT('',(0.0245109994424315,0.0175715906268628,0.0274537026113719));
#3387=CARTESIAN_POINT('',(0.0219709992565753,0.0161051212650334,0.0272420359447053));
#3388=CARTESIAN_POINT('',(0.0194309994424315,0.0175715912706874,0.0270303692780386));
#3389=CARTESIAN_POINT('',(0.0168909996282877,0.0190380612763414,0.026818702611372));
#3390=CARTESIAN_POINT('',(0.016891,0.0219710006438246,0.0266070359447053));
#3391=CARTESIAN_POINT('',(0.0168910003717124,0.0249039400113079,0.0263953692780386));
#3392=CARTESIAN_POINT('',(0.0194310005575685,0.0263704093731373,0.0261837026113719));
#3393=CARTESIAN_POINT('',(0.0219710007434247,0.0278368787349665,0.0259720359447053));
#3394=CARTESIAN_POINT('',(0.0245110005575685,0.0263704087293126,0.0257603692780386));
#3395=CARTESIAN_POINT('',(0.0270510003717123,0.0249039387236586,0.0255487026113719));
#3396=CARTESIAN_POINT('',(0.027051,0.0219709993561753,0.0253370359447052));
#3397=CARTESIAN_POINT('',(0.0270509996282876,0.0190380599886921,0.0251253692780386));
#3398=CARTESIAN_POINT('',(0.0245109994424315,0.0175715906268628,0.0249137026113719));
#3399=CARTESIAN_POINT('',(0.0219709992565753,0.0161051212650334,0.0247020359447053));
#3400=CARTESIAN_POINT('',(0.0194309994424315,0.0175715912706874,0.0244903692780386));
#3401=CARTESIAN_POINT('',(0.0168909996282877,0.0190380612763414,0.0242787026113719));
#3402=CARTESIAN_POINT('',(0.016891,0.0219710006438246,0.0240670359447052));
#3403=CARTESIAN_POINT('',(0.0168910003717124,0.0249039400113079,0.0238553692780386));
#3404=CARTESIAN_POINT('',(0.0194310005575685,0.0263704093731373,0.0236437026113719));
#3405=CARTESIAN_POINT('',(0.0219710007434247,0.0278368787349665,0.0234320359447052));
#3406=CARTESIAN_POINT('',(0.0245110005575685,0.0263704087293126,0.0232203692780386));
#3407=CARTESIAN_POINT('',(0.0270510003717123,0.0249039387236586,0.0230087026113719));
#3408=CARTESIAN_POINT('',(0.027051,0.0219709993561753,0.0227970359447053));
#3409=CARTESIAN_POINT('',(0.0270509996282876,0.0190380599886921,0.0225853692780386));
#3410=CARTESIAN_POINT('',(0.0245109994424315,0.0175715906268628,0.0223737026113719));
#3411=CARTESIAN_POINT('',(0.0219709992565753,0.0161051212650334,0.0221620359447053));
#3412=CARTESIAN_POINT('',(0.0194309994424315,0.0175715912706874,0.0219503692780386));
#3413=CARTESIAN_POINT('',(0.0168909996282877,0.0190380612763414,0.021738702611372));
#3414=CARTESIAN_POINT('',(0.016891,0.0219710006438246,0.0215270359447053));
#3415=CARTESIAN_POINT('',(0.0168910003717124,0.0249039400113079,0.0213153692780386));
#3416=CARTESIAN_POINT('',(0.0194310005575685,0.0263704093731373,0.021103702611372));
#3417=CARTESIAN_POINT('',(0.0219710007434247,0.0278368787349665,0.0208920359447053));
#3418=CARTESIAN_POINT('',(0.0245110005575685,0.0263704087293126,0.0206803692780386));
#3419=CARTESIAN_POINT('',(0.0270510003717123,0.0249039387236586,0.0204687026113719));
#3420=CARTESIAN_POINT('',(0.027051,0.0219709993561753,0.0202570359447053));
#3421=CARTESIAN_POINT('',(0.0270509996282876,0.0190380599886921,0.0200453692780386));
#3422=CARTESIAN_POINT('',(0.0245109994424315,0.0175715906268628,0.019833702611372));
#3423=CARTESIAN_POINT('',(0.0219709992565753,0.0161051212650334,0.0196220359447053));
#3424=CARTESIAN_POINT('',(0.0194309994424315,0.0175715912706874,0.0194103692780386));
#3425=CARTESIAN_POINT('',(0.0168909996282877,0.0190380612763414,0.0191987026113719));
#3426=CARTESIAN_POINT('',(0.016891,0.0219710006438246,0.0189870359447053));
#3427=CARTESIAN_POINT('',(0.0168910003717124,0.0249039400113079,0.0187753692780386));
#3428=CARTESIAN_POINT('',(0.0194310005575685,0.0263704093731373,0.018563702611372));
#3429=CARTESIAN_POINT('',(0.0219710007434247,0.0278368787349665,0.0183520359447053));
#3430=CARTESIAN_POINT('',(0.0245110005575685,0.0263704087293126,0.0181403692780386));
#3431=CARTESIAN_POINT('',(0.0270510003717123,0.0249039387236586,0.0179287026113719));
#3432=CARTESIAN_POINT('',(0.027051,0.0219709993561753,0.0177170359447053));
#3433=CARTESIAN_POINT('',(0.0270509996282876,0.0190380599886921,0.0175053692780386));
#3434=CARTESIAN_POINT('',(0.0245109994424315,0.0175715906268628,0.017293702611372));
#3435=CARTESIAN_POINT('',(0.0219709992565753,0.0161051212650334,0.0170820359447053));
#3436=CARTESIAN_POINT('',(0.0194309994424315,0.0175715912706874,0.0168703692780386));
#3437=CARTESIAN_POINT('',(0.0168909996282877,0.0190380612763414,0.016658702611372));
#3438=CARTESIAN_POINT('',(0.016891,0.0219710006438246,0.0164470359447053));
#3439=CARTESIAN_POINT('',(0.0168910003717124,0.0249039400113079,0.0162353692780386));
#3440=CARTESIAN_POINT('',(0.0194310005575685,0.0263704093731373,0.016023702611372));
#3441=CARTESIAN_POINT('',(0.0219710007434247,0.0278368787349665,0.0158120359447052));
#3442=CARTESIAN_POINT('',(0.0245110005575685,0.0263704087293126,0.0156003692780386));
#3443=CARTESIAN_POINT('',(0.0270510003717123,0.0249039387236586,0.0153887026113719));
#3444=CARTESIAN_POINT('',(0.027051,0.0219709993561753,0.0151770359447052));
#3445=CARTESIAN_POINT('',(0.0270509996282876,0.0190380599886921,0.0149653692780386));
#3446=CARTESIAN_POINT('',(0.0245109994424315,0.0175715906268628,0.0147537026113719));
#3447=CARTESIAN_POINT('',(0.0219709992565753,0.0161051212650334,0.0145420359447053));
#3448=CARTESIAN_POINT('',(0.0194309994424315,0.0175715912706874,0.0143303692780386));
#3449=CARTESIAN_POINT('',(0.0168909996282877,0.0190380612763414,0.0141187026113719));
#3450=CARTESIAN_POINT('',(0.016891,0.0219710006438246,0.0139070359447053));
#3451=CARTESIAN_POINT('',(0.0168910003717124,0.0249039400113079,0.0136953692780386));
#3452=CARTESIAN_POINT('',(0.0194310005575685,0.0263704093731373,0.0134837026113719));
#3453=CARTESIAN_POINT('',(0.0219710007434247,0.0278368787349665,0.0132720359447053));
#3454=CARTESIAN_POINT('',(0.0245110005575685,0.0263704087293126,0.0130603692780386));
#3455=CARTESIAN_POINT('',(0.0270510003717123,0.0249039387236586,0.0128487026113719));
#3456=CARTESIAN_POINT('',(0.027051,0.0219709993561753,0.0126370359447053));
#3457=CARTESIAN_POINT('',(0.0169597244300956,0.0211382232216977,0.01397));
#3458=CARTESIAN_POINT('',(0.0169597244300957,0.0211382232216977,0.01397));
#3459=CARTESIAN_POINT('',(0.0166913385388031,0.0219243814738786,0.0138341217866428));
#3460=CARTESIAN_POINT('',(0.0165743737954553,0.023607194747229,0.0135947215767574));
#3461=CARTESIAN_POINT('',(0.0174544815664861,0.0259738156497526,0.013187527696489));
#3462=CARTESIAN_POINT('',(0.0192907045811569,0.0277243486460048,0.0128687895491176));
#3463=CARTESIAN_POINT('',(0.0216382516168121,0.0286385653084589,0.0125288837842192));
#3464=CARTESIAN_POINT('',(0.0241538559210357,0.0286248700479591,0.0121954426350609));
#3465=CARTESIAN_POINT('',(0.027268072629785,0.0273499499699969,0.0118337100579059));
#3466=CARTESIAN_POINT('',(0.0289133904917436,0.0253206771943029,0.0115176145062548));
#3467=CARTESIAN_POINT('',(0.0294725196915704,0.0237712148710517,0.0113354960454365));
#3468=CARTESIAN_POINT('',(0.027051,0.0219709993561754,0.177756154261232));
#3469=CARTESIAN_POINT('',(0.0270509996282877,0.0190380599886921,0.177544487594566));
#3470=CARTESIAN_POINT('',(0.0245109994424315,0.0175715906268627,0.177332820927899));
#3471=CARTESIAN_POINT('',(0.0219709992565753,0.0161051212650334,0.177121154261232));
#3472=CARTESIAN_POINT('',(0.0194309994424315,0.0175715912706874,0.176909487594565));
#3473=CARTESIAN_POINT('',(0.0168909996282876,0.0190380612763414,0.176697820927899));
#3474=CARTESIAN_POINT('',(0.016891,0.0219710006438247,0.176486154261232));
#3475=CARTESIAN_POINT('',(0.0168910003717123,0.0249039400113079,0.176274487594566));
#3476=CARTESIAN_POINT('',(0.0194310005575685,0.0263704093731373,0.176062820927899));
#3477=CARTESIAN_POINT('',(0.0219710007434247,0.0278368787349666,0.175851154261232));
#3478=CARTESIAN_POINT('',(0.0245110005575685,0.0263704087293126,0.175639487594565));
#3479=CARTESIAN_POINT('',(0.0270510003717124,0.0249039387236587,0.175427820927899));
#3480=CARTESIAN_POINT('',(0.027051,0.0219709993561754,0.175216154261232));
#3481=CARTESIAN_POINT('',(0.0270509996282877,0.0190380599886921,0.175004487594565));
#3482=CARTESIAN_POINT('',(0.0245109994424315,0.0175715906268627,0.174792820927899));
#3483=CARTESIAN_POINT('',(0.0219709992565753,0.0161051212650334,0.174581154261232));
#3484=CARTESIAN_POINT('',(0.0194309994424315,0.0175715912706874,0.174369487594565));
#3485=CARTESIAN_POINT('',(0.0168909996282876,0.0190380612763414,0.174157820927899));
#3486=CARTESIAN_POINT('',(0.016891,0.0219710006438247,0.173946154261232));
#3487=CARTESIAN_POINT('',(0.0168910003717123,0.0249039400113079,0.173734487594566));
#3488=CARTESIAN_POINT('',(0.0194310005575685,0.0263704093731373,0.173522820927899));
#3489=CARTESIAN_POINT('',(0.0219710007434247,0.0278368787349666,0.173311154261232));
#3490=CARTESIAN_POINT('',(0.0245110005575685,0.0263704087293126,0.173099487594565));
#3491=CARTESIAN_POINT('',(0.0270510003717124,0.0249039387236587,0.172887820927899));
#3492=CARTESIAN_POINT('',(0.027051,0.0219709993561754,0.172676154261232));
#3493=CARTESIAN_POINT('',(0.0270509996282877,0.0190380599886921,0.172464487594566));
#3494=CARTESIAN_POINT('',(0.0245109994424315,0.0175715906268627,0.172252820927899));
#3495=CARTESIAN_POINT('',(0.0219709992565753,0.0161051212650334,0.172041154261232));
#3496=CARTESIAN_POINT('',(0.0194309994424315,0.0175715912706874,0.171829487594565));
#3497=CARTESIAN_POINT('',(0.0168909996282876,0.0190380612763414,0.171617820927899));
#3498=CARTESIAN_POINT('',(0.016891,0.0219710006438247,0.171406154261232));
#3499=CARTESIAN_POINT('',(0.0168910003717123,0.0249039400113079,0.171194487594566));
#3500=CARTESIAN_POINT('',(0.0194310005575685,0.0263704093731373,0.170982820927899));
#3501=CARTESIAN_POINT('',(0.0219710007434247,0.0278368787349666,0.170771154261232));
#3502=CARTESIAN_POINT('',(0.0245110005575685,0.0263704087293126,0.170559487594565));
#3503=CARTESIAN_POINT('',(0.0270510003717124,0.0249039387236587,0.170347820927899));
#3504=CARTESIAN_POINT('',(0.027051,0.0219709993561754,0.170136154261232));
#3505=CARTESIAN_POINT('',(0.0270509996282877,0.0190380599886921,0.169924487594565));
#3506=CARTESIAN_POINT('',(0.0245109994424315,0.0175715906268627,0.169712820927899));
#3507=CARTESIAN_POINT('',(0.0219709992565753,0.0161051212650334,0.169501154261232));
#3508=CARTESIAN_POINT('',(0.0194309994424315,0.0175715912706874,0.169289487594565));
#3509=CARTESIAN_POINT('',(0.0168909996282876,0.0190380612763414,0.169077820927899));
#3510=CARTESIAN_POINT('',(0.016891,0.0219710006438247,0.168866154261232));
#3511=CARTESIAN_POINT('',(0.0168910003717123,0.0249039400113079,0.168654487594566));
#3512=CARTESIAN_POINT('',(0.0194310005575685,0.0263704093731373,0.168442820927899));
#3513=CARTESIAN_POINT('',(0.0219710007434247,0.0278368787349666,0.168231154261232));
#3514=CARTESIAN_POINT('',(0.0245110005575685,0.0263704087293126,0.168019487594565));
#3515=CARTESIAN_POINT('',(0.0270510003717124,0.0249039387236587,0.167807820927899));
#3516=CARTESIAN_POINT('',(0.027051,0.0219709993561754,0.167596154261232));
#3517=CARTESIAN_POINT('',(0.0270509996282877,0.0190380599886921,0.167384487594565));
#3518=CARTESIAN_POINT('',(0.0245109994424315,0.0175715906268627,0.167172820927899));
#3519=CARTESIAN_POINT('',(0.0219709992565753,0.0161051212650334,0.166961154261232));
#3520=CARTESIAN_POINT('',(0.0194309994424315,0.0175715912706874,0.166749487594565));
#3521=CARTESIAN_POINT('',(0.0168909996282876,0.0190380612763414,0.166537820927899));
#3522=CARTESIAN_POINT('',(0.016891,0.0219710006438247,0.166326154261232));
#3523=CARTESIAN_POINT('',(0.0168910003717123,0.0249039400113079,0.166114487594566));
#3524=CARTESIAN_POINT('',(0.0194310005575685,0.0263704093731373,0.165902820927899));
#3525=CARTESIAN_POINT('',(0.0219710007434247,0.0278368787349666,0.165691154261232));
#3526=CARTESIAN_POINT('',(0.0245110005575685,0.0263704087293126,0.165479487594565));
#3527=CARTESIAN_POINT('',(0.0270510003717124,0.0249039387236587,0.165267820927899));
#3528=CARTESIAN_POINT('',(0.027051,0.0219709993561754,0.165056154261232));
#3529=CARTESIAN_POINT('',(0.0270509996282877,0.0190380599886921,0.164844487594566));
#3530=CARTESIAN_POINT('',(0.0245109994424315,0.0175715906268627,0.164632820927899));
#3531=CARTESIAN_POINT('',(0.0219709992565753,0.0161051212650334,0.164421154261232));
#3532=CARTESIAN_POINT('',(0.0194309994424315,0.0175715912706874,0.164209487594565));
#3533=CARTESIAN_POINT('',(0.0168909996282876,0.0190380612763414,0.163997820927899));
#3534=CARTESIAN_POINT('',(0.016891,0.0219710006438247,0.163786154261232));
#3535=CARTESIAN_POINT('',(0.0168910003717123,0.0249039400113079,0.163574487594566));
#3536=CARTESIAN_POINT('',(0.0194310005575685,0.0263704093731373,0.163362820927899));
#3537=CARTESIAN_POINT('',(0.0219710007434247,0.0278368787349666,0.163151154261232));
#3538=CARTESIAN_POINT('',(0.0245110005575685,0.0263704087293126,0.162939487594565));
#3539=CARTESIAN_POINT('',(0.0270510003717124,0.0249039387236587,0.162727820927899));
#3540=CARTESIAN_POINT('',(0.027051,0.0219709993561754,0.162516154261232));
#3541=CARTESIAN_POINT('',(0.0270509996282877,0.0190380599886921,0.162304487594565));
#3542=CARTESIAN_POINT('',(0.0245109994424315,0.0175715906268627,0.162092820927899));
#3543=CARTESIAN_POINT('',(0.0219709992565753,0.0161051212650334,0.161881154261232));
#3544=CARTESIAN_POINT('',(0.0194309994424315,0.0175715912706874,0.161669487594565));
#3545=CARTESIAN_POINT('',(0.0168909996282876,0.0190380612763414,0.161457820927899));
#3546=CARTESIAN_POINT('',(0.016891,0.0219710006438247,0.161246154261232));
#3547=CARTESIAN_POINT('',(0.0168910003717123,0.0249039400113079,0.161034487594565));
#3548=CARTESIAN_POINT('',(0.0194310005575685,0.0263704093731373,0.160822820927899));
#3549=CARTESIAN_POINT('',(0.0219710007434247,0.0278368787349666,0.160611154261232));
#3550=CARTESIAN_POINT('',(0.0245110005575685,0.0263704087293126,0.160399487594565));
#3551=CARTESIAN_POINT('',(0.0270510003717124,0.0249039387236587,0.160187820927899));
#3552=CARTESIAN_POINT('',(0.027051,0.0219709993561754,0.159976154261232));
#3553=CARTESIAN_POINT('',(0.0270509996282877,0.0190380599886921,0.159764487594566));
#3554=CARTESIAN_POINT('',(0.0245109994424315,0.0175715906268627,0.159552820927899));
#3555=CARTESIAN_POINT('',(0.0219709992565753,0.0161051212650334,0.159341154261232));
#3556=CARTESIAN_POINT('',(0.0194309994424315,0.0175715912706874,0.159129487594565));
#3557=CARTESIAN_POINT('',(0.0168909996282876,0.0190380612763414,0.158917820927899));
#3558=CARTESIAN_POINT('',(0.016891,0.0219710006438247,0.158706154261232));
#3559=CARTESIAN_POINT('',(0.0168910003717123,0.0249039400113079,0.158494487594566));
#3560=CARTESIAN_POINT('',(0.0194310005575685,0.0263704093731373,0.158282820927899));
#3561=CARTESIAN_POINT('',(0.0219710007434247,0.0278368787349666,0.158071154261232));
#3562=CARTESIAN_POINT('',(0.0245110005575685,0.0263704087293126,0.157859487594565));
#3563=CARTESIAN_POINT('',(0.0270510003717124,0.0249039387236587,0.157647820927899));
#3564=CARTESIAN_POINT('',(0.027051,0.0219709993561754,0.157436154261232));
#3565=CARTESIAN_POINT('',(0.0270509996282877,0.0190380599886921,0.157224487594566));
#3566=CARTESIAN_POINT('',(0.0245109994424315,0.0175715906268627,0.157012820927899));
#3567=CARTESIAN_POINT('',(0.0219709992565753,0.0161051212650334,0.156801154261232));
#3568=CARTESIAN_POINT('',(0.0194309994424315,0.0175715912706874,0.156589487594565));
#3569=CARTESIAN_POINT('',(0.0168909996282876,0.0190380612763414,0.156377820927899));
#3570=CARTESIAN_POINT('',(0.016891,0.0219710006438247,0.156166154261232));
#3571=CARTESIAN_POINT('',(0.0168910003717123,0.0249039400113079,0.155954487594565));
#3572=CARTESIAN_POINT('',(0.0194310005575685,0.0263704093731373,0.155742820927899));
#3573=CARTESIAN_POINT('',(0.0219710007434247,0.0278368787349666,0.155531154261232));
#3574=CARTESIAN_POINT('',(0.0245110005575685,0.0263704087293126,0.155319487594565));
#3575=CARTESIAN_POINT('',(0.0270510003717124,0.0249039387236587,0.155107820927899));
#3576=CARTESIAN_POINT('',(0.027051,0.0219709993561754,0.154896154261232));
#3577=CARTESIAN_POINT('',(0.0270509996282877,0.0190380599886921,0.154684487594565));
#3578=CARTESIAN_POINT('',(0.0245109994424315,0.0175715906268627,0.154472820927899));
#3579=CARTESIAN_POINT('',(0.0219709992565753,0.0161051212650334,0.154261154261232));
#3580=CARTESIAN_POINT('',(0.0194309994424315,0.0175715912706874,0.154049487594565));
#3581=CARTESIAN_POINT('',(0.0168909996282876,0.0190380612763414,0.153837820927899));
#3582=CARTESIAN_POINT('',(0.016891,0.0219710006438247,0.153626154261232));
#3583=CARTESIAN_POINT('',(0.0168910003717123,0.0249039400113079,0.153414487594566));
#3584=CARTESIAN_POINT('',(0.0194310005575685,0.0263704093731373,0.153202820927899));
#3585=CARTESIAN_POINT('',(0.0219710007434247,0.0278368787349666,0.152991154261232));
#3586=CARTESIAN_POINT('',(0.0245110005575685,0.0263704087293126,0.152779487594565));
#3587=CARTESIAN_POINT('',(0.0270510003717124,0.0249039387236587,0.152567820927899));
#3588=CARTESIAN_POINT('',(0.027051,0.0219709993561754,0.152356154261232));
#3589=CARTESIAN_POINT('',(0.0270509996282877,0.0190380599886921,0.152144487594566));
#3590=CARTESIAN_POINT('',(0.0245109994424315,0.0175715906268627,0.151932820927899));
#3591=CARTESIAN_POINT('',(0.0219709992565753,0.0161051212650334,0.151721154261232));
#3592=CARTESIAN_POINT('',(0.0194309994424315,0.0175715912706874,0.151509487594565));
#3593=CARTESIAN_POINT('',(0.0168909996282876,0.0190380612763414,0.151297820927899));
#3594=CARTESIAN_POINT('',(0.016891,0.0219710006438247,0.151086154261232));
#3595=CARTESIAN_POINT('',(0.0168910003717123,0.0249039400113079,0.150874487594566));
#3596=CARTESIAN_POINT('',(0.0194310005575685,0.0263704093731373,0.150662820927899));
#3597=CARTESIAN_POINT('',(0.0219710007434247,0.0278368787349666,0.150451154261232));
#3598=CARTESIAN_POINT('',(0.0245110005575685,0.0263704087293126,0.150239487594565));
#3599=CARTESIAN_POINT('',(0.0270510003717124,0.0249039387236587,0.150027820927899));
#3600=CARTESIAN_POINT('',(0.027051,0.0219709993561754,0.149816154261232));
#3601=CARTESIAN_POINT('',(0.0270509996282877,0.0190380599886921,0.149604487594565));
#3602=CARTESIAN_POINT('',(0.0245109994424315,0.0175715906268627,0.149392820927899));
#3603=CARTESIAN_POINT('',(0.0219709992565753,0.0161051212650334,0.149181154261232));
#3604=CARTESIAN_POINT('',(0.0194309994424315,0.0175715912706874,0.148969487594566));
#3605=CARTESIAN_POINT('',(0.0168909996282876,0.0190380612763414,0.148757820927899));
#3606=CARTESIAN_POINT('',(0.016891,0.0219710006438247,0.148546154261232));
#3607=CARTESIAN_POINT('',(0.0168910003717123,0.0249039400113079,0.148334487594565));
#3608=CARTESIAN_POINT('',(0.0194310005575685,0.0263704093731373,0.148122820927899));
#3609=CARTESIAN_POINT('',(0.0219710007434247,0.0278368787349666,0.147911154261232));
#3610=CARTESIAN_POINT('',(0.0245110005575685,0.0263704087293126,0.147699487594566));
#3611=CARTESIAN_POINT('',(0.0270510003717124,0.0249039387236587,0.147487820927899));
#3612=CARTESIAN_POINT('',(0.027051,0.0219709993561754,0.147276154261232));
#3613=CARTESIAN_POINT('',(0.0270509996282877,0.0190380599886921,0.147064487594566));
#3614=CARTESIAN_POINT('',(0.0245109994424315,0.0175715906268627,0.146852820927899));
#3615=CARTESIAN_POINT('',(0.0219709992565753,0.0161051212650334,0.146641154261232));
#3616=CARTESIAN_POINT('',(0.0194309994424315,0.0175715912706874,0.146429487594566));
#3617=CARTESIAN_POINT('',(0.0168909996282876,0.0190380612763414,0.146217820927899));
#3618=CARTESIAN_POINT('',(0.016891,0.0219710006438247,0.146006154261232));
#3619=CARTESIAN_POINT('',(0.0168910003717123,0.0249039400113079,0.145794487594566));
#3620=CARTESIAN_POINT('',(0.0194310005575685,0.0263704093731373,0.145582820927899));
#3621=CARTESIAN_POINT('',(0.0219710007434247,0.0278368787349666,0.145371154261232));
#3622=CARTESIAN_POINT('',(0.0245110005575685,0.0263704087293126,0.145159487594566));
#3623=CARTESIAN_POINT('',(0.0270510003717124,0.0249039387236587,0.144947820927899));
#3624=CARTESIAN_POINT('',(0.027051,0.0219709993561754,0.144736154261232));
#3625=CARTESIAN_POINT('',(0.0270509996282877,0.0190380599886921,0.144524487594566));
#3626=CARTESIAN_POINT('',(0.0245109994424315,0.0175715906268627,0.144312820927899));
#3627=CARTESIAN_POINT('',(0.0219709992565753,0.0161051212650334,0.144101154261232));
#3628=CARTESIAN_POINT('',(0.0194309994424315,0.0175715912706874,0.143889487594566));
#3629=CARTESIAN_POINT('',(0.0168909996282876,0.0190380612763414,0.143677820927899));
#3630=CARTESIAN_POINT('',(0.016891,0.0219710006438247,0.143466154261232));
#3631=CARTESIAN_POINT('',(0.0168910003717123,0.0249039400113079,0.143254487594566));
#3632=CARTESIAN_POINT('',(0.0194310005575685,0.0263704093731373,0.143042820927899));
#3633=CARTESIAN_POINT('',(0.0219710007434247,0.0278368787349666,0.142831154261232));
#3634=CARTESIAN_POINT('',(0.0245110005575685,0.0263704087293126,0.142619487594566));
#3635=CARTESIAN_POINT('',(0.0270510003717124,0.0249039387236587,0.142407820927899));
#3636=CARTESIAN_POINT('',(0.027051,0.0219709993561754,0.142196154261232));
#3637=CARTESIAN_POINT('',(0.0270509996282877,0.0190380599886921,0.141984487594566));
#3638=CARTESIAN_POINT('',(0.0245109994424315,0.0175715906268627,0.141772820927899));
#3639=CARTESIAN_POINT('',(0.0219709992565753,0.0161051212650334,0.141561154261232));
#3640=CARTESIAN_POINT('',(0.0194309994424315,0.0175715912706874,0.141349487594566));
#3641=CARTESIAN_POINT('',(0.0168909996282876,0.0190380612763414,0.141137820927899));
#3642=CARTESIAN_POINT('',(0.016891,0.0219710006438247,0.140926154261232));
#3643=CARTESIAN_POINT('',(0.0168910003717123,0.0249039400113079,0.140714487594565));
#3644=CARTESIAN_POINT('',(0.0194310005575685,0.0263704093731373,0.140502820927899));
#3645=CARTESIAN_POINT('',(0.0219710007434247,0.0278368787349666,0.140291154261232));
#3646=CARTESIAN_POINT('',(0.0245110005575685,0.0263704087293126,0.140079487594566));
#3647=CARTESIAN_POINT('',(0.0270510003717124,0.0249039387236587,0.139867820927899));
#3648=CARTESIAN_POINT('',(0.027051,0.0219709993561754,0.139656154261232));
#3649=CARTESIAN_POINT('',(0.0270509996282877,0.0190380599886921,0.139444487594566));
#3650=CARTESIAN_POINT('',(0.0245109994424315,0.0175715906268627,0.139232820927899));
#3651=CARTESIAN_POINT('',(0.0219709992565753,0.0161051212650334,0.139021154261232));
#3652=CARTESIAN_POINT('',(0.0194309994424315,0.0175715912706874,0.138809487594566));
#3653=CARTESIAN_POINT('',(0.0168909996282876,0.0190380612763414,0.138597820927899));
#3654=CARTESIAN_POINT('',(0.016891,0.0219710006438247,0.138386154261232));
#3655=CARTESIAN_POINT('',(0.0168910003717123,0.0249039400113079,0.138174487594566));
#3656=CARTESIAN_POINT('',(0.0194310005575685,0.0263704093731373,0.137962820927899));
#3657=CARTESIAN_POINT('',(0.0219710007434247,0.0278368787349666,0.137751154261232));
#3658=CARTESIAN_POINT('',(0.0245110005575685,0.0263704087293126,0.137539487594566));
#3659=CARTESIAN_POINT('',(0.0270510003717124,0.0249039387236587,0.137327820927899));
#3660=CARTESIAN_POINT('',(0.027051,0.0219709993561754,0.137116154261232));
#3661=CARTESIAN_POINT('',(0.0270509996282877,0.0190380599886921,0.136904487594566));
#3662=CARTESIAN_POINT('',(0.0245109994424315,0.0175715906268627,0.136692820927899));
#3663=CARTESIAN_POINT('',(0.0219709992565753,0.0161051212650334,0.136481154261232));
#3664=CARTESIAN_POINT('',(0.0194309994424315,0.0175715912706874,0.136269487594566));
#3665=CARTESIAN_POINT('',(0.0168909996282876,0.0190380612763414,0.136057820927899));
#3666=CARTESIAN_POINT('',(0.016891,0.0219710006438247,0.135846154261232));
#3667=CARTESIAN_POINT('',(0.0168910003717123,0.0249039400113079,0.135634487594565));
#3668=CARTESIAN_POINT('',(0.0194310005575685,0.0263704093731373,0.135422820927899));
#3669=CARTESIAN_POINT('',(0.0219710007434247,0.0278368787349666,0.135211154261232));
#3670=CARTESIAN_POINT('',(0.0245110005575685,0.0263704087293126,0.134999487594566));
#3671=CARTESIAN_POINT('',(0.0270510003717124,0.0249039387236587,0.134787820927899));
#3672=CARTESIAN_POINT('',(0.027051,0.0219709993561754,0.134576154261232));
#3673=CARTESIAN_POINT('',(0.0270509996282877,0.0190380599886921,0.134364487594565));
#3674=CARTESIAN_POINT('',(0.0245109994424315,0.0175715906268627,0.134152820927899));
#3675=CARTESIAN_POINT('',(0.0219709992565753,0.0161051212650334,0.133941154261232));
#3676=CARTESIAN_POINT('',(0.0194309994424315,0.0175715912706874,0.133729487594566));
#3677=CARTESIAN_POINT('',(0.0168909996282876,0.0190380612763414,0.133517820927899));
#3678=CARTESIAN_POINT('',(0.016891,0.0219710006438247,0.133306154261232));
#3679=CARTESIAN_POINT('',(0.0168910003717123,0.0249039400113079,0.133094487594566));
#3680=CARTESIAN_POINT('',(0.0194310005575685,0.0263704093731373,0.132882820927899));
#3681=CARTESIAN_POINT('',(0.0219710007434247,0.0278368787349666,0.132671154261232));
#3682=CARTESIAN_POINT('',(0.0245110005575685,0.0263704087293126,0.132459487594566));
#3683=CARTESIAN_POINT('',(0.0270510003717124,0.0249039387236587,0.132247820927899));
#3684=CARTESIAN_POINT('',(0.027051,0.0219709993561754,0.132036154261232));
#3685=CARTESIAN_POINT('',(0.0270509996282877,0.0190380599886921,0.131824487594566));
#3686=CARTESIAN_POINT('',(0.0245109994424315,0.0175715906268627,0.131612820927899));
#3687=CARTESIAN_POINT('',(0.0219709992565753,0.0161051212650334,0.131401154261232));
#3688=CARTESIAN_POINT('',(0.0194309994424315,0.0175715912706874,0.131189487594566));
#3689=CARTESIAN_POINT('',(0.0168909996282876,0.0190380612763414,0.130977820927899));
#3690=CARTESIAN_POINT('',(0.016891,0.0219710006438247,0.130766154261232));
#3691=CARTESIAN_POINT('',(0.0168910003717123,0.0249039400113079,0.130554487594566));
#3692=CARTESIAN_POINT('',(0.0194310005575685,0.0263704093731373,0.130342820927899));
#3693=CARTESIAN_POINT('',(0.0219710007434247,0.0278368787349666,0.130131154261232));
#3694=CARTESIAN_POINT('',(0.0245110005575685,0.0263704087293126,0.129919487594566));
#3695=CARTESIAN_POINT('',(0.0270510003717124,0.0249039387236587,0.129707820927899));
#3696=CARTESIAN_POINT('',(0.027051,0.0219709993561754,0.129496154261232));
#3697=CARTESIAN_POINT('',(0.0270509996282877,0.0190380599886921,0.129284487594565));
#3698=CARTESIAN_POINT('',(0.0245109994424315,0.0175715906268627,0.129072820927899));
#3699=CARTESIAN_POINT('',(0.0219709992565753,0.0161051212650334,0.128861154261232));
#3700=CARTESIAN_POINT('',(0.0194309994424315,0.0175715912706874,0.128649487594566));
#3701=CARTESIAN_POINT('',(0.0168909996282876,0.0190380612763414,0.128437820927899));
#3702=CARTESIAN_POINT('',(0.016891,0.0219710006438247,0.128226154261232));
#3703=CARTESIAN_POINT('',(0.0168910003717123,0.0249039400113079,0.128014487594565));
#3704=CARTESIAN_POINT('',(0.0194310005575685,0.0263704093731373,0.127802820927899));
#3705=CARTESIAN_POINT('',(0.0219710007434247,0.0278368787349666,0.127591154261232));
#3706=CARTESIAN_POINT('',(0.0245110005575685,0.0263704087293126,0.127379487594566));
#3707=CARTESIAN_POINT('',(0.0270510003717124,0.0249039387236587,0.127167820927899));
#3708=CARTESIAN_POINT('',(0.027051,0.0219709993561754,0.126956154261232));
#3709=CARTESIAN_POINT('',(0.0270509996282877,0.0190380599886921,0.126744487594565));
#3710=CARTESIAN_POINT('',(0.0245109994424315,0.0175715906268627,0.126532820927899));
#3711=CARTESIAN_POINT('',(0.0219709992565753,0.0161051212650334,0.126321154261232));
#3712=CARTESIAN_POINT('',(0.0194309994424315,0.0175715912706874,0.126109487594566));
#3713=CARTESIAN_POINT('',(0.0168909996282876,0.0190380612763414,0.125897820927899));
#3714=CARTESIAN_POINT('',(0.016891,0.0219710006438247,0.125686154261232));
#3715=CARTESIAN_POINT('',(0.0168910003717123,0.0249039400113079,0.125474487594566));
#3716=CARTESIAN_POINT('',(0.0194310005575685,0.0263704093731373,0.125262820927899));
#3717=CARTESIAN_POINT('',(0.0219710007434247,0.0278368787349666,0.125051154261232));
#3718=CARTESIAN_POINT('',(0.0245110005575685,0.0263704087293126,0.124839487594566));
#3719=CARTESIAN_POINT('',(0.0270510003717124,0.0249039387236587,0.124627820927899));
#3720=CARTESIAN_POINT('',(0.027051,0.0219709993561754,0.124416154261232));
#3721=CARTESIAN_POINT('',(0.0270509996282877,0.0190380599886921,0.124204487594566));
#3722=CARTESIAN_POINT('',(0.0245109994424315,0.0175715906268627,0.123992820927899));
#3723=CARTESIAN_POINT('',(0.0219709992565753,0.0161051212650334,0.123781154261232));
#3724=CARTESIAN_POINT('',(0.0194309994424315,0.0175715912706874,0.123569487594566));
#3725=CARTESIAN_POINT('',(0.0168909996282876,0.0190380612763414,0.123357820927899));
#3726=CARTESIAN_POINT('',(0.016891,0.0219710006438247,0.123146154261232));
#3727=CARTESIAN_POINT('',(0.0168910003717123,0.0249039400113079,0.122934487594565));
#3728=CARTESIAN_POINT('',(0.0194310005575685,0.0263704093731373,0.122722820927899));
#3729=CARTESIAN_POINT('',(0.0219710007434247,0.0278368787349666,0.122511154261232));
#3730=CARTESIAN_POINT('',(0.0245110005575685,0.0263704087293126,0.122299487594566));
#3731=CARTESIAN_POINT('',(0.0270510003717124,0.0249039387236587,0.122087820927899));
#3732=CARTESIAN_POINT('',(0.027051,0.0219709993561754,0.121876154261232));
#3733=CARTESIAN_POINT('',(0.0270509996282877,0.0190380599886921,0.121664487594565));
#3734=CARTESIAN_POINT('',(0.0245109994424315,0.0175715906268627,0.121452820927899));
#3735=CARTESIAN_POINT('',(0.0219709992565753,0.0161051212650334,0.121241154261232));
#3736=CARTESIAN_POINT('',(0.0194309994424315,0.0175715912706874,0.121029487594566));
#3737=CARTESIAN_POINT('',(0.0168909996282876,0.0190380612763414,0.120817820927899));
#3738=CARTESIAN_POINT('',(0.016891,0.0219710006438247,0.120606154261232));
#3739=CARTESIAN_POINT('',(0.0168910003717123,0.0249039400113079,0.120394487594566));
#3740=CARTESIAN_POINT('',(0.0194310005575685,0.0263704093731373,0.120182820927899));
#3741=CARTESIAN_POINT('',(0.0219710007434247,0.0278368787349666,0.119971154261232));
#3742=CARTESIAN_POINT('',(0.0245110005575685,0.0263704087293126,0.119759487594566));
#3743=CARTESIAN_POINT('',(0.0270510003717124,0.0249039387236587,0.119547820927899));
#3744=CARTESIAN_POINT('',(0.027051,0.0219709993561754,0.119336154261232));
#3745=CARTESIAN_POINT('',(0.0270509996282877,0.0190380599886921,0.119124487594566));
#3746=CARTESIAN_POINT('',(0.0245109994424315,0.0175715906268627,0.118912820927899));
#3747=CARTESIAN_POINT('',(0.0219709992565753,0.0161051212650334,0.118701154261232));
#3748=CARTESIAN_POINT('',(0.0194309994424315,0.0175715912706874,0.118489487594566));
#3749=CARTESIAN_POINT('',(0.0168909996282876,0.0190380612763414,0.118277820927899));
#3750=CARTESIAN_POINT('',(0.016891,0.0219710006438247,0.118066154261232));
#3751=CARTESIAN_POINT('',(0.0168910003717123,0.0249039400113079,0.117854487594566));
#3752=CARTESIAN_POINT('',(0.0194310005575685,0.0263704093731373,0.117642820927899));
#3753=CARTESIAN_POINT('',(0.0219710007434247,0.0278368787349666,0.117431154261232));
#3754=CARTESIAN_POINT('',(0.0245110005575685,0.0263704087293126,0.117219487594566));
#3755=CARTESIAN_POINT('',(0.0270510003717124,0.0249039387236587,0.117007820927899));
#3756=CARTESIAN_POINT('',(0.027051,0.0219709993561754,0.116796154261232));
#3757=CARTESIAN_POINT('',(0.0270509996282877,0.0190380599886921,0.116584487594566));
#3758=CARTESIAN_POINT('',(0.0245109994424315,0.0175715906268627,0.116372820927899));
#3759=CARTESIAN_POINT('',(0.0219709992565753,0.0161051212650334,0.116161154261232));
#3760=CARTESIAN_POINT('',(0.0194309994424315,0.0175715912706874,0.115949487594566));
#3761=CARTESIAN_POINT('',(0.0168909996282876,0.0190380612763414,0.115737820927899));
#3762=CARTESIAN_POINT('',(0.016891,0.0219710006438247,0.115526154261232));
#3763=CARTESIAN_POINT('',(0.0168910003717123,0.0249039400113079,0.115314487594566));
#3764=CARTESIAN_POINT('',(0.0194310005575685,0.0263704093731373,0.115102820927899));
#3765=CARTESIAN_POINT('',(0.0219710007434247,0.0278368787349666,0.114891154261232));
#3766=CARTESIAN_POINT('',(0.0245110005575685,0.0263704087293126,0.114679487594566));
#3767=CARTESIAN_POINT('',(0.0270510003717124,0.0249039387236587,0.114467820927899));
#3768=CARTESIAN_POINT('',(0.027051,0.0219709993561754,0.114256154261232));
#3769=CARTESIAN_POINT('',(0.0270509996282877,0.0190380599886921,0.114044487594566));
#3770=CARTESIAN_POINT('',(0.0245109994424315,0.0175715906268627,0.113832820927899));
#3771=CARTESIAN_POINT('',(0.0219709992565753,0.0161051212650334,0.113621154261232));
#3772=CARTESIAN_POINT('',(0.0194309994424315,0.0175715912706874,0.113409487594566));
#3773=CARTESIAN_POINT('',(0.0168909996282876,0.0190380612763414,0.113197820927899));
#3774=CARTESIAN_POINT('',(0.016891,0.0219710006438247,0.112986154261232));
#3775=CARTESIAN_POINT('',(0.0168910003717123,0.0249039400113079,0.112774487594566));
#3776=CARTESIAN_POINT('',(0.0194310005575685,0.0263704093731373,0.112562820927899));
#3777=CARTESIAN_POINT('',(0.0219710007434247,0.0278368787349666,0.112351154261232));
#3778=CARTESIAN_POINT('',(0.0245110005575685,0.0263704087293126,0.112139487594566));
#3779=CARTESIAN_POINT('',(0.0270510003717124,0.0249039387236587,0.111927820927899));
#3780=CARTESIAN_POINT('',(0.027051,0.0219709993561754,0.111716154261232));
#3781=CARTESIAN_POINT('',(0.0270509996282877,0.0190380599886921,0.111504487594566));
#3782=CARTESIAN_POINT('',(0.0245109994424315,0.0175715906268627,0.111292820927899));
#3783=CARTESIAN_POINT('',(0.0219709992565753,0.0161051212650334,0.111081154261232));
#3784=CARTESIAN_POINT('',(0.0194309994424315,0.0175715912706874,0.110869487594566));
#3785=CARTESIAN_POINT('',(0.0168909996282876,0.0190380612763414,0.110657820927899));
#3786=CARTESIAN_POINT('',(0.016891,0.0219710006438247,0.110446154261232));
#3787=CARTESIAN_POINT('',(0.0168910003717123,0.0249039400113079,0.110234487594566));
#3788=CARTESIAN_POINT('',(0.0194310005575685,0.0263704093731373,0.110022820927899));
#3789=CARTESIAN_POINT('',(0.0219710007434247,0.0278368787349666,0.109811154261232));
#3790=CARTESIAN_POINT('',(0.0245110005575685,0.0263704087293126,0.109599487594566));
#3791=CARTESIAN_POINT('',(0.0270510003717124,0.0249039387236587,0.109387820927899));
#3792=CARTESIAN_POINT('',(0.027051,0.0219709993561754,0.109176154261232));
#3793=CARTESIAN_POINT('',(0.0270509996282877,0.0190380599886921,0.108964487594566));
#3794=CARTESIAN_POINT('',(0.0245109994424315,0.0175715906268627,0.108752820927899));
#3795=CARTESIAN_POINT('',(0.0219709992565753,0.0161051212650334,0.108541154261232));
#3796=CARTESIAN_POINT('',(0.0194309994424315,0.0175715912706874,0.108329487594566));
#3797=CARTESIAN_POINT('',(0.0168909996282876,0.0190380612763414,0.108117820927899));
#3798=CARTESIAN_POINT('',(0.016891,0.0219710006438247,0.107906154261232));
#3799=CARTESIAN_POINT('',(0.0168910003717123,0.0249039400113079,0.107694487594566));
#3800=CARTESIAN_POINT('',(0.0194310005575685,0.0263704093731373,0.107482820927899));
#3801=CARTESIAN_POINT('',(0.0219710007434247,0.0278368787349666,0.107271154261232));
#3802=CARTESIAN_POINT('',(0.0245110005575685,0.0263704087293126,0.107059487594566));
#3803=CARTESIAN_POINT('',(0.0270510003717124,0.0249039387236587,0.106847820927899));
#3804=CARTESIAN_POINT('',(0.027051,0.0219709993561754,0.106636154261232));
#3805=CARTESIAN_POINT('',(0.0270509996282877,0.0190380599886921,0.106424487594566));
#3806=CARTESIAN_POINT('',(0.0245109994424315,0.0175715906268627,0.106212820927899));
#3807=CARTESIAN_POINT('',(0.0219709992565753,0.0161051212650334,0.106001154261232));
#3808=CARTESIAN_POINT('',(0.0194309994424315,0.0175715912706874,0.105789487594566));
#3809=CARTESIAN_POINT('',(0.0168909996282876,0.0190380612763414,0.105577820927899));
#3810=CARTESIAN_POINT('',(0.016891,0.0219710006438247,0.105366154261232));
#3811=CARTESIAN_POINT('',(0.0168910003717123,0.0249039400113079,0.105154487594566));
#3812=CARTESIAN_POINT('',(0.0194310005575685,0.0263704093731373,0.104942820927899));
#3813=CARTESIAN_POINT('',(0.0219710007434247,0.0278368787349666,0.104731154261232));
#3814=CARTESIAN_POINT('',(0.0245110005575685,0.0263704087293126,0.104519487594566));
#3815=CARTESIAN_POINT('',(0.0270510003717124,0.0249039387236587,0.104307820927899));
#3816=CARTESIAN_POINT('',(0.027051,0.0219709993561754,0.104096154261232));
#3817=CARTESIAN_POINT('',(0.0270509996282877,0.0190380599886921,0.103884487594566));
#3818=CARTESIAN_POINT('',(0.0245109994424315,0.0175715906268627,0.103672820927899));
#3819=CARTESIAN_POINT('',(0.0219709992565753,0.0161051212650334,0.103461154261232));
#3820=CARTESIAN_POINT('',(0.0194309994424315,0.0175715912706874,0.103249487594566));
#3821=CARTESIAN_POINT('',(0.0168909996282876,0.0190380612763414,0.103037820927899));
#3822=CARTESIAN_POINT('',(0.016891,0.0219710006438247,0.102826154261232));
#3823=CARTESIAN_POINT('',(0.0168910003717123,0.0249039400113079,0.102614487594566));
#3824=CARTESIAN_POINT('',(0.0194310005575685,0.0263704093731373,0.102402820927899));
#3825=CARTESIAN_POINT('',(0.0219710007434247,0.0278368787349666,0.102191154261232));
#3826=CARTESIAN_POINT('',(0.0245110005575685,0.0263704087293126,0.101979487594566));
#3827=CARTESIAN_POINT('',(0.0270510003717124,0.0249039387236587,0.101767820927899));
#3828=CARTESIAN_POINT('',(0.027051,0.0219709993561754,0.101556154261232));
#3829=CARTESIAN_POINT('',(0.0270509996282877,0.0190380599886921,0.101344487594566));
#3830=CARTESIAN_POINT('',(0.0245109994424315,0.0175715906268627,0.101132820927899));
#3831=CARTESIAN_POINT('',(0.0219709992565753,0.0161051212650334,0.100921154261232));
#3832=CARTESIAN_POINT('',(0.0194309994424315,0.0175715912706874,0.100709487594566));
#3833=CARTESIAN_POINT('',(0.0168909996282876,0.0190380612763414,0.100497820927899));
#3834=CARTESIAN_POINT('',(0.016891,0.0219710006438247,0.100286154261232));
#3835=CARTESIAN_POINT('',(0.0168910003717123,0.0249039400113079,0.100074487594566));
#3836=CARTESIAN_POINT('',(0.0194310005575685,0.0263704093731373,0.0998628209278989));
#3837=CARTESIAN_POINT('',(0.0219710007434247,0.0278368787349666,0.0996511542612323));
#3838=CARTESIAN_POINT('',(0.0245110005575685,0.0263704087293126,0.0994394875945656));
#3839=CARTESIAN_POINT('',(0.0270510003717124,0.0249039387236587,0.099227820927899));
#3840=CARTESIAN_POINT('',(0.027051,0.0219709993561754,0.0990161542612322));
#3841=CARTESIAN_POINT('',(0.0270509996282877,0.0190380599886921,0.0988044875945655));
#3842=CARTESIAN_POINT('',(0.0245109994424315,0.0175715906268627,0.0985928209278989));
#3843=CARTESIAN_POINT('',(0.0219709992565753,0.0161051212650334,0.0983811542612322));
#3844=CARTESIAN_POINT('',(0.0194309994424315,0.0175715912706874,0.0981694875945656));
#3845=CARTESIAN_POINT('',(0.0168909996282876,0.0190380612763414,0.0979578209278989));
#3846=CARTESIAN_POINT('',(0.016891,0.0219710006438247,0.0977461542612322));
#3847=CARTESIAN_POINT('',(0.0168910003717123,0.0249039400113079,0.0975344875945656));
#3848=CARTESIAN_POINT('',(0.0194310005575685,0.0263704093731373,0.0973228209278989));
#3849=CARTESIAN_POINT('',(0.0219710007434247,0.0278368787349666,0.0971111542612323));
#3850=CARTESIAN_POINT('',(0.0245110005575685,0.0263704087293126,0.0968994875945656));
#3851=CARTESIAN_POINT('',(0.0270510003717124,0.0249039387236587,0.0966878209278989));
#3852=CARTESIAN_POINT('',(0.027051,0.0219709993561754,0.0964761542612322));
#3853=CARTESIAN_POINT('',(0.0270509996282877,0.0190380599886921,0.0962644875945656));
#3854=CARTESIAN_POINT('',(0.0245109994424315,0.0175715906268627,0.0960528209278989));
#3855=CARTESIAN_POINT('',(0.0219709992565753,0.0161051212650334,0.0958411542612322));
#3856=CARTESIAN_POINT('',(0.0194309994424315,0.0175715912706874,0.0956294875945656));
#3857=CARTESIAN_POINT('',(0.0168909996282876,0.0190380612763414,0.0954178209278989));
#3858=CARTESIAN_POINT('',(0.016891,0.0219710006438247,0.0952061542612322));
#3859=CARTESIAN_POINT('',(0.0168910003717123,0.0249039400113079,0.0949944875945655));
#3860=CARTESIAN_POINT('',(0.0194310005575685,0.0263704093731373,0.0947828209278989));
#3861=CARTESIAN_POINT('',(0.0219710007434247,0.0278368787349666,0.0945711542612322));
#3862=CARTESIAN_POINT('',(0.0245110005575685,0.0263704087293126,0.0943594875945656));
#3863=CARTESIAN_POINT('',(0.0270510003717124,0.0249039387236587,0.0941478209278989));
#3864=CARTESIAN_POINT('',(0.027051,0.0219709993561754,0.0939361542612322));
#3865=CARTESIAN_POINT('',(0.0270509996282877,0.0190380599886921,0.0937244875945656));
#3866=CARTESIAN_POINT('',(0.0245109994424315,0.0175715906268627,0.0935128209278989));
#3867=CARTESIAN_POINT('',(0.0219709992565753,0.0161051212650334,0.0933011542612323));
#3868=CARTESIAN_POINT('',(0.0194309994424315,0.0175715912706874,0.0930894875945656));
#3869=CARTESIAN_POINT('',(0.0168909996282876,0.0190380612763414,0.0928778209278989));
#3870=CARTESIAN_POINT('',(0.016891,0.0219710006438247,0.0926661542612322));
#3871=CARTESIAN_POINT('',(0.0168910003717123,0.0249039400113079,0.0924544875945655));
#3872=CARTESIAN_POINT('',(0.0194310005575685,0.0263704093731373,0.0922428209278989));
#3873=CARTESIAN_POINT('',(0.0219710007434247,0.0278368787349666,0.0920311542612322));
#3874=CARTESIAN_POINT('',(0.0245110005575685,0.0263704087293126,0.0918194875945656));
#3875=CARTESIAN_POINT('',(0.0270510003717124,0.0249039387236587,0.0916078209278989));
#3876=CARTESIAN_POINT('',(0.027051,0.0219709993561754,0.0913961542612322));
#3877=CARTESIAN_POINT('',(0.0270509996282877,0.0190380599886921,0.0911844875945656));
#3878=CARTESIAN_POINT('',(0.0245109994424315,0.0175715906268627,0.0909728209278989));
#3879=CARTESIAN_POINT('',(0.0219709992565753,0.0161051212650334,0.0907611542612322));
#3880=CARTESIAN_POINT('',(0.0194309994424315,0.0175715912706874,0.0905494875945656));
#3881=CARTESIAN_POINT('',(0.0168909996282876,0.0190380612763414,0.0903378209278989));
#3882=CARTESIAN_POINT('',(0.016891,0.0219710006438247,0.0901261542612322));
#3883=CARTESIAN_POINT('',(0.0168910003717123,0.0249039400113079,0.0899144875945656));
#3884=CARTESIAN_POINT('',(0.0194310005575685,0.0263704093731373,0.0897028209278989));
#3885=CARTESIAN_POINT('',(0.0219710007434247,0.0278368787349666,0.0894911542612323));
#3886=CARTESIAN_POINT('',(0.0245110005575685,0.0263704087293126,0.0892794875945656));
#3887=CARTESIAN_POINT('',(0.0270510003717124,0.0249039387236587,0.089067820927899));
#3888=CARTESIAN_POINT('',(0.027051,0.0219709993561754,0.0888561542612322));
#3889=CARTESIAN_POINT('',(0.0270509996282877,0.0190380599886921,0.0886444875945655));
#3890=CARTESIAN_POINT('',(0.0245109994424315,0.0175715906268627,0.0884328209278989));
#3891=CARTESIAN_POINT('',(0.0219709992565753,0.0161051212650334,0.0882211542612322));
#3892=CARTESIAN_POINT('',(0.0194309994424315,0.0175715912706874,0.0880094875945656));
#3893=CARTESIAN_POINT('',(0.0168909996282876,0.0190380612763414,0.0877978209278989));
#3894=CARTESIAN_POINT('',(0.016891,0.0219710006438247,0.0875861542612322));
#3895=CARTESIAN_POINT('',(0.0168910003717123,0.0249039400113079,0.0873744875945656));
#3896=CARTESIAN_POINT('',(0.0194310005575685,0.0263704093731373,0.0871628209278989));
#3897=CARTESIAN_POINT('',(0.0219710007434247,0.0278368787349666,0.0869511542612323));
#3898=CARTESIAN_POINT('',(0.0245110005575685,0.0263704087293126,0.0867394875945656));
#3899=CARTESIAN_POINT('',(0.0270510003717124,0.0249039387236587,0.0865278209278989));
#3900=CARTESIAN_POINT('',(0.027051,0.0219709993561754,0.0863161542612322));
#3901=CARTESIAN_POINT('',(0.0270509996282877,0.0190380599886921,0.0861044875945656));
#3902=CARTESIAN_POINT('',(0.0245109994424315,0.0175715906268627,0.0858928209278989));
#3903=CARTESIAN_POINT('',(0.0219709992565753,0.0161051212650334,0.0856811542612323));
#3904=CARTESIAN_POINT('',(0.0194309994424315,0.0175715912706874,0.0854694875945656));
#3905=CARTESIAN_POINT('',(0.0168909996282876,0.0190380612763414,0.0852578209278989));
#3906=CARTESIAN_POINT('',(0.016891,0.0219710006438247,0.0850461542612322));
#3907=CARTESIAN_POINT('',(0.0168910003717123,0.0249039400113079,0.0848344875945655));
#3908=CARTESIAN_POINT('',(0.0194310005575685,0.0263704093731373,0.0846228209278989));
#3909=CARTESIAN_POINT('',(0.0219710007434247,0.0278368787349666,0.0844111542612322));
#3910=CARTESIAN_POINT('',(0.0245110005575685,0.0263704087293126,0.0841994875945656));
#3911=CARTESIAN_POINT('',(0.0270510003717124,0.0249039387236587,0.0839878209278989));
#3912=CARTESIAN_POINT('',(0.027051,0.0219709993561754,0.0837761542612322));
#3913=CARTESIAN_POINT('',(0.0270509996282877,0.0190380599886921,0.0835644875945656));
#3914=CARTESIAN_POINT('',(0.0245109994424315,0.0175715906268627,0.0833528209278989));
#3915=CARTESIAN_POINT('',(0.0219709992565753,0.0161051212650334,0.0831411542612323));
#3916=CARTESIAN_POINT('',(0.0194309994424315,0.0175715912706874,0.0829294875945656));
#3917=CARTESIAN_POINT('',(0.0168909996282876,0.0190380612763414,0.0827178209278989));
#3918=CARTESIAN_POINT('',(0.016891,0.0219710006438247,0.0825061542612322));
#3919=CARTESIAN_POINT('',(0.0168910003717123,0.0249039400113079,0.0822944875945655));
#3920=CARTESIAN_POINT('',(0.0194310005575685,0.0263704093731373,0.0820828209278989));
#3921=CARTESIAN_POINT('',(0.0219710007434247,0.0278368787349666,0.0818711542612322));
#3922=CARTESIAN_POINT('',(0.0245110005575685,0.0263704087293126,0.0816594875945656));
#3923=CARTESIAN_POINT('',(0.0270510003717124,0.0249039387236587,0.0814478209278989));
#3924=CARTESIAN_POINT('',(0.027051,0.0219709993561754,0.0812361542612322));
#3925=CARTESIAN_POINT('',(0.0270509996282877,0.0190380599886921,0.0810244875945656));
#3926=CARTESIAN_POINT('',(0.0245109994424315,0.0175715906268627,0.0808128209278989));
#3927=CARTESIAN_POINT('',(0.0219709992565753,0.0161051212650334,0.0806011542612322));
#3928=CARTESIAN_POINT('',(0.0194309994424315,0.0175715912706874,0.0803894875945656));
#3929=CARTESIAN_POINT('',(0.0168909996282876,0.0190380612763414,0.0801778209278989));
#3930=CARTESIAN_POINT('',(0.016891,0.0219710006438247,0.0799661542612322));
#3931=CARTESIAN_POINT('',(0.0168910003717123,0.0249039400113079,0.0797544875945656));
#3932=CARTESIAN_POINT('',(0.0194310005575685,0.0263704093731373,0.0795428209278989));
#3933=CARTESIAN_POINT('',(0.0219710007434247,0.0278368787349666,0.0793311542612323));
#3934=CARTESIAN_POINT('',(0.0245110005575685,0.0263704087293126,0.0791194875945656));
#3935=CARTESIAN_POINT('',(0.0270510003717124,0.0249039387236587,0.0789078209278989));
#3936=CARTESIAN_POINT('',(0.027051,0.0219709993561754,0.0786961542612322));
#3937=CARTESIAN_POINT('',(0.0270509996282877,0.0190380599886921,0.0784844875945655));
#3938=CARTESIAN_POINT('',(0.0245109994424315,0.0175715906268627,0.0782728209278989));
#3939=CARTESIAN_POINT('',(0.0219709992565753,0.0161051212650334,0.0780611542612322));
#3940=CARTESIAN_POINT('',(0.0194309994424315,0.0175715912706874,0.0778494875945656));
#3941=CARTESIAN_POINT('',(0.0168909996282876,0.0190380612763414,0.0776378209278989));
#3942=CARTESIAN_POINT('',(0.016891,0.0219710006438247,0.0774261542612322));
#3943=CARTESIAN_POINT('',(0.0168910003717123,0.0249039400113079,0.0772144875945656));
#3944=CARTESIAN_POINT('',(0.0194310005575685,0.0263704093731373,0.0770028209278989));
#3945=CARTESIAN_POINT('',(0.0219710007434247,0.0278368787349666,0.0767911542612323));
#3946=CARTESIAN_POINT('',(0.0245110005575685,0.0263704087293126,0.0765794875945656));
#3947=CARTESIAN_POINT('',(0.0270510003717124,0.0249039387236587,0.0763678209278989));
#3948=CARTESIAN_POINT('',(0.027051,0.0219709993561754,0.0761561542612322));
#3949=CARTESIAN_POINT('',(0.0270509996282877,0.0190380599886921,0.0759444875945656));
#3950=CARTESIAN_POINT('',(0.0245109994424315,0.0175715906268627,0.0757328209278989));
#3951=CARTESIAN_POINT('',(0.0219709992565753,0.0161051212650334,0.0755211542612322));
#3952=CARTESIAN_POINT('',(0.0194309994424315,0.0175715912706874,0.0753094875945656));
#3953=CARTESIAN_POINT('',(0.0168909996282876,0.0190380612763414,0.0750978209278989));
#3954=CARTESIAN_POINT('',(0.016891,0.0219710006438247,0.0748861542612322));
#3955=CARTESIAN_POINT('',(0.0168910003717123,0.0249039400113079,0.0746744875945655));
#3956=CARTESIAN_POINT('',(0.0194310005575685,0.0263704093731373,0.0744628209278989));
#3957=CARTESIAN_POINT('',(0.0219710007434247,0.0278368787349666,0.0742511542612322));
#3958=CARTESIAN_POINT('',(0.0245110005575685,0.0263704087293126,0.0740394875945656));
#3959=CARTESIAN_POINT('',(0.0270510003717124,0.0249039387236587,0.0738278209278989));
#3960=CARTESIAN_POINT('',(0.027051,0.0219709993561754,0.0736161542612322));
#3961=CARTESIAN_POINT('',(0.0270509996282877,0.0190380599886921,0.0734044875945656));
#3962=CARTESIAN_POINT('',(0.0245109994424315,0.0175715906268627,0.0731928209278989));
#3963=CARTESIAN_POINT('',(0.0219709992565753,0.0161051212650334,0.0729811542612323));
#3964=CARTESIAN_POINT('',(0.0194309994424315,0.0175715912706874,0.0727694875945656));
#3965=CARTESIAN_POINT('',(0.0168909996282876,0.0190380612763414,0.0725578209278989));
#3966=CARTESIAN_POINT('',(0.016891,0.0219710006438247,0.0723461542612322));
#3967=CARTESIAN_POINT('',(0.0168910003717123,0.0249039400113079,0.0721344875945656));
#3968=CARTESIAN_POINT('',(0.0194310005575685,0.0263704093731373,0.0719228209278989));
#3969=CARTESIAN_POINT('',(0.0219710007434247,0.0278368787349666,0.0717111542612322));
#3970=CARTESIAN_POINT('',(0.0245110005575685,0.0263704087293126,0.0714994875945656));
#3971=CARTESIAN_POINT('',(0.0270510003717124,0.0249039387236587,0.0712878209278989));
#3972=CARTESIAN_POINT('',(0.027051,0.0219709993561754,0.0710761542612322));
#3973=CARTESIAN_POINT('',(0.0270509996282877,0.0190380599886921,0.0708644875945656));
#3974=CARTESIAN_POINT('',(0.0245109994424315,0.0175715906268627,0.0706528209278989));
#3975=CARTESIAN_POINT('',(0.0219709992565753,0.0161051212650334,0.0704411542612322));
#3976=CARTESIAN_POINT('',(0.0194309994424315,0.0175715912706874,0.0702294875945656));
#3977=CARTESIAN_POINT('',(0.0168909996282876,0.0190380612763414,0.0700178209278989));
#3978=CARTESIAN_POINT('',(0.016891,0.0219710006438247,0.0698061542612322));
#3979=CARTESIAN_POINT('',(0.0168910003717123,0.0249039400113079,0.0695944875945656));
#3980=CARTESIAN_POINT('',(0.0194310005575685,0.0263704093731373,0.0693828209278989));
#3981=CARTESIAN_POINT('',(0.0219710007434247,0.0278368787349666,0.0691711542612323));
#3982=CARTESIAN_POINT('',(0.0245110005575685,0.0263704087293126,0.0689594875945656));
#3983=CARTESIAN_POINT('',(0.0270510003717124,0.0249039387236587,0.068747820927899));
#3984=CARTESIAN_POINT('',(0.027051,0.0219709993561754,0.0685361542612322));
#3985=CARTESIAN_POINT('',(0.0270509996282877,0.0190380599886921,0.0683244875945655));
#3986=CARTESIAN_POINT('',(0.0245109994424315,0.0175715906268627,0.0681128209278989));
#3987=CARTESIAN_POINT('',(0.0219709992565753,0.0161051212650334,0.0679011542612322));
#3988=CARTESIAN_POINT('',(0.0194309994424315,0.0175715912706874,0.0676894875945656));
#3989=CARTESIAN_POINT('',(0.0168909996282876,0.0190380612763414,0.0674778209278989));
#3990=CARTESIAN_POINT('',(0.016891,0.0219710006438247,0.0672661542612322));
#3991=CARTESIAN_POINT('',(0.0168910003717123,0.0249039400113079,0.0670544875945656));
#3992=CARTESIAN_POINT('',(0.0194310005575685,0.0263704093731373,0.0668428209278989));
#3993=CARTESIAN_POINT('',(0.0219710007434247,0.0278368787349666,0.0666311542612323));
#3994=CARTESIAN_POINT('',(0.0245110005575685,0.0263704087293126,0.0664194875945656));
#3995=CARTESIAN_POINT('',(0.0270510003717124,0.0249039387236587,0.0662078209278989));
#3996=CARTESIAN_POINT('',(0.027051,0.0219709993561754,0.0659961542612322));
#3997=CARTESIAN_POINT('',(0.0270509996282877,0.0190380599886921,0.0657844875945656));
#3998=CARTESIAN_POINT('',(0.0245109994424315,0.0175715906268627,0.0655728209278989));
#3999=CARTESIAN_POINT('',(0.0219709992565753,0.0161051212650334,0.0653611542612322));
#4000=CARTESIAN_POINT('',(0.0194309994424315,0.0175715912706874,0.0651494875945656));
#4001=CARTESIAN_POINT('',(0.0168909996282876,0.0190380612763414,0.0649378209278989));
#4002=CARTESIAN_POINT('',(0.016891,0.0219710006438247,0.0647261542612322));
#4003=CARTESIAN_POINT('',(0.0168910003717123,0.0249039400113079,0.0645144875945655));
#4004=CARTESIAN_POINT('',(0.0194310005575685,0.0263704093731373,0.0643028209278989));
#4005=CARTESIAN_POINT('',(0.0219710007434247,0.0278368787349666,0.0640911542612322));
#4006=CARTESIAN_POINT('',(0.0245110005575685,0.0263704087293126,0.0638794875945656));
#4007=CARTESIAN_POINT('',(0.0270510003717124,0.0249039387236587,0.0636678209278989));
#4008=CARTESIAN_POINT('',(0.027051,0.0219709993561754,0.0634561542612322));
#4009=CARTESIAN_POINT('',(0.0270509996282877,0.0190380599886921,0.0632444875945656));
#4010=CARTESIAN_POINT('',(0.0245109994424315,0.0175715906268627,0.0630328209278989));
#4011=CARTESIAN_POINT('',(0.0219709992565753,0.0161051212650334,0.0628211542612323));
#4012=CARTESIAN_POINT('',(0.0194309994424315,0.0175715912706874,0.0626094875945656));
#4013=CARTESIAN_POINT('',(0.0168909996282876,0.0190380612763414,0.0623978209278989));
#4014=CARTESIAN_POINT('',(0.016891,0.0219710006438247,0.0621861542612322));
#4015=CARTESIAN_POINT('',(0.0168910003717123,0.0249039400113079,0.0619744875945656));
#4016=CARTESIAN_POINT('',(0.0194310005575685,0.0263704093731373,0.0617628209278989));
#4017=CARTESIAN_POINT('',(0.0219710007434247,0.0278368787349666,0.0615511542612322));
#4018=CARTESIAN_POINT('',(0.0245110005575685,0.0263704087293126,0.0613394875945656));
#4019=CARTESIAN_POINT('',(0.0270510003717124,0.0249039387236587,0.0611278209278989));
#4020=CARTESIAN_POINT('',(0.027051,0.0219709993561754,0.0609161542612322));
#4021=CARTESIAN_POINT('',(0.0270509996282877,0.0190380599886921,0.0607044875945656));
#4022=CARTESIAN_POINT('',(0.0245109994424315,0.0175715906268627,0.0604928209278989));
#4023=CARTESIAN_POINT('',(0.0219709992565753,0.0161051212650334,0.0602811542612322));
#4024=CARTESIAN_POINT('',(0.0194309994424315,0.0175715912706874,0.0600694875945656));
#4025=CARTESIAN_POINT('',(0.0168909996282876,0.0190380612763414,0.0598578209278989));
#4026=CARTESIAN_POINT('',(0.016891,0.0219710006438247,0.0596461542612322));
#4027=CARTESIAN_POINT('',(0.0168910003717123,0.0249039400113079,0.0594344875945656));
#4028=CARTESIAN_POINT('',(0.0194310005575685,0.0263704093731373,0.0592228209278989));
#4029=CARTESIAN_POINT('',(0.0219710007434247,0.0278368787349666,0.0590111542612323));
#4030=CARTESIAN_POINT('',(0.0245110005575685,0.0263704087293126,0.0587994875945656));
#4031=CARTESIAN_POINT('',(0.0270510003717124,0.0249039387236587,0.058587820927899));
#4032=CARTESIAN_POINT('',(0.027051,0.0219709993561754,0.0583761542612322));
#4033=CARTESIAN_POINT('',(0.0270509996282877,0.0190380599886921,0.0581644875945655));
#4034=CARTESIAN_POINT('',(0.0245109994424315,0.0175715906268627,0.0579528209278989));
#4035=CARTESIAN_POINT('',(0.0219709992565753,0.0161051212650334,0.0577411542612322));
#4036=CARTESIAN_POINT('',(0.0194309994424315,0.0175715912706874,0.0575294875945656));
#4037=CARTESIAN_POINT('',(0.0168909996282876,0.0190380612763414,0.0573178209278989));
#4038=CARTESIAN_POINT('',(0.016891,0.0219710006438247,0.0571061542612322));
#4039=CARTESIAN_POINT('',(0.0168910003717123,0.0249039400113079,0.0568944875945656));
#4040=CARTESIAN_POINT('',(0.0194310005575685,0.0263704093731373,0.0566828209278989));
#4041=CARTESIAN_POINT('',(0.0219710007434247,0.0278368787349666,0.0564711542612322));
#4042=CARTESIAN_POINT('',(0.0245110005575685,0.0263704087293126,0.0562594875945656));
#4043=CARTESIAN_POINT('',(0.0270510003717124,0.0249039387236587,0.0560478209278989));
#4044=CARTESIAN_POINT('',(0.027051,0.0219709993561754,0.0558361542612322));
#4045=CARTESIAN_POINT('',(0.0270509996282877,0.0190380599886921,0.0556244875945656));
#4046=CARTESIAN_POINT('',(0.0245109994424315,0.0175715906268627,0.0554128209278989));
#4047=CARTESIAN_POINT('',(0.0219709992565753,0.0161051212650334,0.0552011542612322));
#4048=CARTESIAN_POINT('',(0.0194309994424315,0.0175715912706874,0.0549894875945656));
#4049=CARTESIAN_POINT('',(0.0168909996282876,0.0190380612763414,0.0547778209278989));
#4050=CARTESIAN_POINT('',(0.016891,0.0219710006438247,0.0545661542612322));
#4051=CARTESIAN_POINT('',(0.0168910003717123,0.0249039400113079,0.0543544875945655));
#4052=CARTESIAN_POINT('',(0.0194310005575685,0.0263704093731373,0.0541428209278989));
#4053=CARTESIAN_POINT('',(0.0219710007434247,0.0278368787349666,0.0539311542612322));
#4054=CARTESIAN_POINT('',(0.0245110005575685,0.0263704087293126,0.0537194875945656));
#4055=CARTESIAN_POINT('',(0.0270510003717124,0.0249039387236587,0.0535078209278989));
#4056=CARTESIAN_POINT('',(0.027051,0.0219709993561754,0.0532961542612322));
#4057=CARTESIAN_POINT('',(0.0270509996282877,0.0190380599886921,0.0530844875945656));
#4058=CARTESIAN_POINT('',(0.0245109994424315,0.0175715906268627,0.0528728209278989));
#4059=CARTESIAN_POINT('',(0.0219709992565753,0.0161051212650334,0.0526611542612323));
#4060=CARTESIAN_POINT('',(0.0194309994424315,0.0175715912706874,0.0524494875945656));
#4061=CARTESIAN_POINT('',(0.0168909996282876,0.0190380612763414,0.0522378209278989));
#4062=CARTESIAN_POINT('',(0.016891,0.0219710006438247,0.0520261542612322));
#4063=CARTESIAN_POINT('',(0.0168910003717123,0.0249039400113079,0.0518144875945656));
#4064=CARTESIAN_POINT('',(0.0194310005575685,0.0263704093731373,0.0516028209278989));
#4065=CARTESIAN_POINT('',(0.0219710007434247,0.0278368787349666,0.0513911542612323));
#4066=CARTESIAN_POINT('',(0.0245110005575685,0.0263704087293126,0.0511794875945656));
#4067=CARTESIAN_POINT('',(0.0270510003717124,0.0249039387236587,0.0509678209278989));
#4068=CARTESIAN_POINT('',(0.027051,0.0219709993561754,0.0507561542612322));
#4069=CARTESIAN_POINT('',(0.0270509996282877,0.0190380599886921,0.0505444875945656));
#4070=CARTESIAN_POINT('',(0.0245109994424315,0.0175715906268627,0.0503328209278989));
#4071=CARTESIAN_POINT('',(0.0219709992565753,0.0161051212650334,0.0501211542612322));
#4072=CARTESIAN_POINT('',(0.0194309994424315,0.0175715912706874,0.0499094875945656));
#4073=CARTESIAN_POINT('',(0.0168909996282876,0.0190380612763414,0.0496978209278989));
#4074=CARTESIAN_POINT('',(0.016891,0.0219710006438247,0.0494861542612322));
#4075=CARTESIAN_POINT('',(0.0168910003717123,0.0249039400113079,0.0492744875945656));
#4076=CARTESIAN_POINT('',(0.0194310005575685,0.0263704093731373,0.0490628209278989));
#4077=CARTESIAN_POINT('',(0.0219710007434247,0.0278368787349666,0.0488511542612322));
#4078=CARTESIAN_POINT('',(0.0245110005575685,0.0263704087293126,0.0486394875945656));
#4079=CARTESIAN_POINT('',(0.0270510003717124,0.0249039387236587,0.0484278209278989));
#4080=CARTESIAN_POINT('',(0.027051,0.0219709993561754,0.0482161542612322));
#4081=CARTESIAN_POINT('',(0.0270509996282877,0.0190380599886921,0.0480044875945656));
#4082=CARTESIAN_POINT('',(0.0245109994424315,0.0175715906268627,0.0477928209278989));
#4083=CARTESIAN_POINT('',(0.0219709992565753,0.0161051212650334,0.0475811542612322));
#4084=CARTESIAN_POINT('',(0.0194309994424315,0.0175715912706874,0.0473694875945656));
#4085=CARTESIAN_POINT('',(0.0168909996282876,0.0190380612763414,0.0471578209278989));
#4086=CARTESIAN_POINT('',(0.016891,0.0219710006438247,0.0469461542612322));
#4087=CARTESIAN_POINT('',(0.0168910003717123,0.0249039400113079,0.0467344875945656));
#4088=CARTESIAN_POINT('',(0.0194310005575685,0.0263704093731373,0.0465228209278989));
#4089=CARTESIAN_POINT('',(0.0219710007434247,0.0278368787349666,0.0463111542612323));
#4090=CARTESIAN_POINT('',(0.0245110005575685,0.0263704087293126,0.0460994875945656));
#4091=CARTESIAN_POINT('',(0.0270510003717124,0.0249039387236587,0.0458878209278989));
#4092=CARTESIAN_POINT('',(0.027051,0.0219709993561754,0.0456761542612322));
#4093=CARTESIAN_POINT('',(0.0270509996282877,0.0190380599886921,0.0454644875945656));
#4094=CARTESIAN_POINT('',(0.0245109994424315,0.0175715906268627,0.0452528209278989));
#4095=CARTESIAN_POINT('',(0.0219709992565753,0.0161051212650334,0.0450411542612322));
#4096=CARTESIAN_POINT('',(0.0194309994424315,0.0175715912706874,0.0448294875945656));
#4097=CARTESIAN_POINT('',(0.0168909996282876,0.0190380612763414,0.0446178209278989));
#4098=CARTESIAN_POINT('',(0.016891,0.0219710006438247,0.0444061542612323));
#4099=CARTESIAN_POINT('',(0.0168910003717123,0.0249039400113079,0.0441944875945656));
#4100=CARTESIAN_POINT('',(0.0194310005575685,0.0263704093731373,0.0439828209278989));
#4101=CARTESIAN_POINT('',(0.0219710007434247,0.0278368787349666,0.0437711542612322));
#4102=CARTESIAN_POINT('',(0.0245110005575685,0.0263704087293126,0.0435594875945656));
#4103=CARTESIAN_POINT('',(0.0270510003717124,0.0249039387236587,0.0433478209278989));
#4104=CARTESIAN_POINT('',(0.027051,0.0219709993561754,0.0431361542612322));
#4105=CARTESIAN_POINT('',(0.0270509996282877,0.0190380599886921,0.0429244875945656));
#4106=CARTESIAN_POINT('',(0.0245109994424315,0.0175715906268627,0.0427128209278989));
#4107=CARTESIAN_POINT('',(0.0219709992565753,0.0161051212650334,0.0425011542612322));
#4108=CARTESIAN_POINT('',(0.0194309994424315,0.0175715912706874,0.0422894875945656));
#4109=CARTESIAN_POINT('',(0.0168909996282876,0.0190380612763414,0.0420778209278989));
#4110=CARTESIAN_POINT('',(0.016891,0.0219710006438247,0.0418661542612323));
#4111=CARTESIAN_POINT('',(0.0168910003717123,0.0249039400113079,0.0416544875945656));
#4112=CARTESIAN_POINT('',(0.0194310005575685,0.0263704093731373,0.0414428209278989));
#4113=CARTESIAN_POINT('',(0.0219710007434247,0.0278368787349666,0.0412311542612323));
#4114=CARTESIAN_POINT('',(0.0245110005575685,0.0263704087293126,0.0410194875945656));
#4115=CARTESIAN_POINT('',(0.0270510003717124,0.0249039387236587,0.0408078209278989));
#4116=CARTESIAN_POINT('',(0.027051,0.0219709993561754,0.0405961542612323));
#4117=CARTESIAN_POINT('',(0.0270509996282877,0.0190380599886921,0.0403844875945656));
#4118=CARTESIAN_POINT('',(0.0245109994424315,0.0175715906268627,0.0401728209278989));
#4119=CARTESIAN_POINT('',(0.0219709992565753,0.0161051212650334,0.0399611542612322));
#4120=CARTESIAN_POINT('',(0.0194309994424315,0.0175715912706874,0.0397494875945656));
#4121=CARTESIAN_POINT('',(0.0168909996282876,0.0190380612763414,0.0395378209278989));
#4122=CARTESIAN_POINT('',(0.016891,0.0219710006438247,0.0393261542612323));
#4123=CARTESIAN_POINT('',(0.0168910003717123,0.0249039400113079,0.0391144875945655));
#4124=CARTESIAN_POINT('',(0.0194310005575685,0.0263704093731373,0.0389028209278989));
#4125=CARTESIAN_POINT('',(0.0219710007434247,0.0278368787349666,0.0386911542612322));
#4126=CARTESIAN_POINT('',(0.0245110005575685,0.0263704087293126,0.0384794875945656));
#4127=CARTESIAN_POINT('',(0.0270510003717124,0.0249039387236587,0.0382678209278989));
#4128=CARTESIAN_POINT('',(0.027051,0.0219709993561754,0.0380561542612322));
#4129=CARTESIAN_POINT('',(0.0270509996282877,0.0190380599886921,0.0378444875945656));
#4130=CARTESIAN_POINT('',(0.0245109994424315,0.0175715906268627,0.0376328209278989));
#4131=CARTESIAN_POINT('',(0.0219709992565753,0.0161051212650334,0.0374211542612322));
#4132=CARTESIAN_POINT('',(0.0194309994424315,0.0175715912706874,0.0372094875945656));
#4133=CARTESIAN_POINT('',(0.0168909996282876,0.0190380612763414,0.0369978209278989));
#4134=CARTESIAN_POINT('',(0.016891,0.0219710006438247,0.0367861542612323));
#4135=CARTESIAN_POINT('',(0.0168910003717123,0.0249039400113079,0.0365744875945656));
#4136=CARTESIAN_POINT('',(0.0194310005575685,0.0263704093731373,0.0363628209278989));
#4137=CARTESIAN_POINT('',(0.0219710007434247,0.0278368787349666,0.0361511542612322));
#4138=CARTESIAN_POINT('',(0.0245110005575685,0.0263704087293126,0.0359394875945656));
#4139=CARTESIAN_POINT('',(0.0270510003717124,0.0249039387236587,0.0357278209278989));
#4140=CARTESIAN_POINT('',(0.027051,0.0219709993561754,0.0355161542612323));
#4141=CARTESIAN_POINT('',(0.0270509996282877,0.0190380599886921,0.0353044875945656));
#4142=CARTESIAN_POINT('',(0.0245109994424315,0.0175715906268627,0.0350928209278989));
#4143=CARTESIAN_POINT('',(0.0219709992565753,0.0161051212650334,0.0348811542612322));
#4144=CARTESIAN_POINT('',(0.0194309994424315,0.0175715912706874,0.0346694875945656));
#4145=CARTESIAN_POINT('',(0.0168909996282876,0.0190380612763414,0.0344578209278989));
#4146=CARTESIAN_POINT('',(0.016891,0.0219710006438247,0.0342461542612323));
#4147=CARTESIAN_POINT('',(0.0168910003717123,0.0249039400113079,0.0340344875945655));
#4148=CARTESIAN_POINT('',(0.0194310005575685,0.0263704093731373,0.0338228209278989));
#4149=CARTESIAN_POINT('',(0.0219710007434247,0.0278368787349666,0.0336111542612322));
#4150=CARTESIAN_POINT('',(0.0245110005575685,0.0263704087293126,0.0333994875945656));
#4151=CARTESIAN_POINT('',(0.0270510003717124,0.0249039387236587,0.0331878209278989));
#4152=CARTESIAN_POINT('',(0.027051,0.0219709993561754,0.0329761542612322));
#4153=CARTESIAN_POINT('',(0.0270509996282877,0.0190380599886921,0.0327644875945656));
#4154=CARTESIAN_POINT('',(0.0245109994424315,0.0175715906268627,0.0325528209278989));
#4155=CARTESIAN_POINT('',(0.0219709992565753,0.0161051212650334,0.0323411542612322));
#4156=CARTESIAN_POINT('',(0.0194309994424315,0.0175715912706874,0.0321294875945656));
#4157=CARTESIAN_POINT('',(0.0168909996282876,0.0190380612763414,0.0319178209278989));
#4158=CARTESIAN_POINT('',(0.016891,0.0219710006438247,0.0317061542612323));
#4159=CARTESIAN_POINT('',(0.0168910003717123,0.0249039400113079,0.0314944875945656));
#4160=CARTESIAN_POINT('',(0.0194310005575685,0.0263704093731373,0.0312828209278989));
#4161=CARTESIAN_POINT('',(0.0219710007434247,0.0278368787349666,0.0310711542612323));
#4162=CARTESIAN_POINT('',(0.0245110005575685,0.0263704087293126,0.0308594875945656));
#4163=CARTESIAN_POINT('',(0.0270510003717124,0.0249039387236587,0.0306478209278989));
#4164=CARTESIAN_POINT('',(0.027051,0.0219709993561754,0.0304361542612323));
#4165=CARTESIAN_POINT('',(0.0270509996282877,0.0190380599886921,0.0302244875945656));
#4166=CARTESIAN_POINT('',(0.0245109994424315,0.0175715906268627,0.0300128209278989));
#4167=CARTESIAN_POINT('',(0.0219709992565753,0.0161051212650334,0.0298011542612322));
#4168=CARTESIAN_POINT('',(0.0194309994424315,0.0175715912706874,0.0295894875945656));
#4169=CARTESIAN_POINT('',(0.0168909996282876,0.0190380612763414,0.0293778209278989));
#4170=CARTESIAN_POINT('',(0.016891,0.0219710006438247,0.0291661542612323));
#4171=CARTESIAN_POINT('',(0.0168910003717123,0.0249039400113079,0.0289544875945655));
#4172=CARTESIAN_POINT('',(0.0194310005575685,0.0263704093731373,0.0287428209278989));
#4173=CARTESIAN_POINT('',(0.0219710007434247,0.0278368787349666,0.0285311542612322));
#4174=CARTESIAN_POINT('',(0.0245110005575685,0.0263704087293126,0.0283194875945656));
#4175=CARTESIAN_POINT('',(0.0270510003717124,0.0249039387236587,0.0281078209278989));
#4176=CARTESIAN_POINT('',(0.027051,0.0219709993561754,0.0278961542612322));
#4177=CARTESIAN_POINT('',(0.0270509996282877,0.0190380599886921,0.0276844875945656));
#4178=CARTESIAN_POINT('',(0.0245109994424315,0.0175715906268627,0.0274728209278989));
#4179=CARTESIAN_POINT('',(0.0219709992565753,0.0161051212650334,0.0272611542612322));
#4180=CARTESIAN_POINT('',(0.0194309994424315,0.0175715912706874,0.0270494875945656));
#4181=CARTESIAN_POINT('',(0.0168909996282876,0.0190380612763414,0.0268378209278989));
#4182=CARTESIAN_POINT('',(0.016891,0.0219710006438247,0.0266261542612322));
#4183=CARTESIAN_POINT('',(0.0168910003717123,0.0249039400113079,0.0264144875945656));
#4184=CARTESIAN_POINT('',(0.0194310005575685,0.0263704093731373,0.0262028209278989));
#4185=CARTESIAN_POINT('',(0.0219710007434247,0.0278368787349666,0.0259911542612323));
#4186=CARTESIAN_POINT('',(0.0245110005575685,0.0263704087293126,0.0257794875945656));
#4187=CARTESIAN_POINT('',(0.0270510003717124,0.0249039387236587,0.0255678209278989));
#4188=CARTESIAN_POINT('',(0.027051,0.0219709993561754,0.0253561542612323));
#4189=CARTESIAN_POINT('',(0.0270509996282877,0.0190380599886921,0.0251444875945656));
#4190=CARTESIAN_POINT('',(0.0245109994424315,0.0175715906268627,0.0249328209278989));
#4191=CARTESIAN_POINT('',(0.0219709992565753,0.0161051212650334,0.0247211542612322));
#4192=CARTESIAN_POINT('',(0.0194309994424315,0.0175715912706874,0.0245094875945656));
#4193=CARTESIAN_POINT('',(0.0168909996282876,0.0190380612763414,0.0242978209278989));
#4194=CARTESIAN_POINT('',(0.016891,0.0219710006438247,0.0240861542612323));
#4195=CARTESIAN_POINT('',(0.0168910003717123,0.0249039400113079,0.0238744875945655));
#4196=CARTESIAN_POINT('',(0.0194310005575685,0.0263704093731373,0.0236628209278989));
#4197=CARTESIAN_POINT('',(0.0219710007434247,0.0278368787349666,0.0234511542612322));
#4198=CARTESIAN_POINT('',(0.0245110005575685,0.0263704087293126,0.0232394875945656));
#4199=CARTESIAN_POINT('',(0.0270510003717124,0.0249039387236587,0.0230278209278989));
#4200=CARTESIAN_POINT('',(0.027051,0.0219709993561754,0.0228161542612322));
#4201=CARTESIAN_POINT('',(0.0270509996282877,0.0190380599886921,0.0226044875945656));
#4202=CARTESIAN_POINT('',(0.0245109994424315,0.0175715906268627,0.0223928209278989));
#4203=CARTESIAN_POINT('',(0.0219709992565753,0.0161051212650334,0.0221811542612322));
#4204=CARTESIAN_POINT('',(0.0194309994424315,0.0175715912706874,0.0219694875945656));
#4205=CARTESIAN_POINT('',(0.0168909996282876,0.0190380612763414,0.0217578209278989));
#4206=CARTESIAN_POINT('',(0.016891,0.0219710006438247,0.0215461542612322));
#4207=CARTESIAN_POINT('',(0.0168910003717123,0.0249039400113079,0.0213344875945656));
#4208=CARTESIAN_POINT('',(0.0194310005575685,0.0263704093731373,0.0211228209278989));
#4209=CARTESIAN_POINT('',(0.0219710007434247,0.0278368787349666,0.0209111542612322));
#4210=CARTESIAN_POINT('',(0.0245110005575685,0.0263704087293126,0.0206994875945656));
#4211=CARTESIAN_POINT('',(0.0270510003717124,0.0249039387236587,0.0204878209278989));
#4212=CARTESIAN_POINT('',(0.027051,0.0219709993561754,0.0202761542612323));
#4213=CARTESIAN_POINT('',(0.0270509996282877,0.0190380599886921,0.0200644875945656));
#4214=CARTESIAN_POINT('',(0.0245109994424315,0.0175715906268627,0.0198528209278989));
#4215=CARTESIAN_POINT('',(0.0219709992565753,0.0161051212650334,0.0196411542612322));
#4216=CARTESIAN_POINT('',(0.0194309994424315,0.0175715912706874,0.0194294875945656));
#4217=CARTESIAN_POINT('',(0.0168909996282876,0.0190380612763414,0.0192178209278989));
#4218=CARTESIAN_POINT('',(0.016891,0.0219710006438247,0.0190061542612323));
#4219=CARTESIAN_POINT('',(0.0168910003717123,0.0249039400113079,0.0187944875945655));
#4220=CARTESIAN_POINT('',(0.0194310005575685,0.0263704093731373,0.0185828209278989));
#4221=CARTESIAN_POINT('',(0.0219710007434247,0.0278368787349666,0.0183711542612322));
#4222=CARTESIAN_POINT('',(0.0245110005575685,0.0263704087293126,0.0181594875945656));
#4223=CARTESIAN_POINT('',(0.0270510003717124,0.0249039387236587,0.0179478209278989));
#4224=CARTESIAN_POINT('',(0.027051,0.0219709993561754,0.0177361542612322));
#4225=CARTESIAN_POINT('',(0.0270509996282877,0.0190380599886921,0.0175244875945656));
#4226=CARTESIAN_POINT('',(0.0245109994424315,0.0175715906268627,0.0173128209278989));
#4227=CARTESIAN_POINT('',(0.0219709992565753,0.0161051212650334,0.0171011542612322));
#4228=CARTESIAN_POINT('',(0.0194309994424315,0.0175715912706874,0.0168894875945656));
#4229=CARTESIAN_POINT('',(0.0168909996282876,0.0190380612763414,0.0166778209278989));
#4230=CARTESIAN_POINT('',(0.016891,0.0219710006438247,0.0164661542612322));
#4231=CARTESIAN_POINT('',(0.0168910003717123,0.0249039400113079,0.0162544875945656));
#4232=CARTESIAN_POINT('',(0.0194310005575685,0.0263704093731373,0.0160428209278989));
#4233=CARTESIAN_POINT('',(0.0219710007434247,0.0278368787349666,0.0158311542612323));
#4234=CARTESIAN_POINT('',(0.0245110005575685,0.0263704087293126,0.0156194875945656));
#4235=CARTESIAN_POINT('',(0.0270510003717124,0.0249039387236587,0.0154078209278989));
#4236=CARTESIAN_POINT('',(0.027051,0.0219709993561754,0.0151961542612323));
#4237=CARTESIAN_POINT('',(0.0270509996282877,0.0190380599886921,0.0149844875945656));
#4238=CARTESIAN_POINT('',(0.0245109994424315,0.0175715906268627,0.0147728209278989));
#4239=CARTESIAN_POINT('',(0.0219709992565753,0.0161051212650334,0.0145611542612322));
#4240=CARTESIAN_POINT('',(0.0194309994424315,0.0175715912706874,0.0143494875945656));
#4241=CARTESIAN_POINT('',(0.0168909996282876,0.0190380612763414,0.0141378209278989));
#4242=CARTESIAN_POINT('',(0.016891,0.0219710006438247,0.0139261542612322));
#4243=CARTESIAN_POINT('',(0.0168910003717123,0.0249039400113079,0.0137144875945655));
#4244=CARTESIAN_POINT('',(0.0194310005575685,0.0263704093731373,0.0135028209278989));
#4245=CARTESIAN_POINT('',(0.0219710007434247,0.0278368787349666,0.0132911542612322));
#4246=CARTESIAN_POINT('',(0.0245110005575685,0.0263704087293126,0.0130794875945656));
#4247=CARTESIAN_POINT('',(0.0270510003717124,0.0249039387236587,0.0128678209278989));
#4248=CARTESIAN_POINT('',(0.027051,0.0219709993561754,0.0126561542612322));
#4249=CARTESIAN_POINT('',(0.0270509996282877,0.0190380599886921,0.0124444875945656));
#4250=CARTESIAN_POINT('',(0.0245109994424315,0.0175715906268627,0.0122328209278989));
#4251=CARTESIAN_POINT('',(0.0219709992565753,0.0161051212650334,0.0120211542612322));
#4252=CARTESIAN_POINT('',(0.0194309994424315,0.0175715912706874,0.0118094875945656));
#4253=CARTESIAN_POINT('',(0.0168909996282876,0.0190380612763414,0.0115978209278989));
#4254=CARTESIAN_POINT('',(0.016891,0.0219710006438247,0.0113861542612322));
#4255=CARTESIAN_POINT('',(0.0168910003717123,0.0249039400113079,0.0111744875945656));
#4256=CARTESIAN_POINT('',(0.0194310005575685,0.0263704093731373,0.0109628209278989));
#4257=CARTESIAN_POINT('',(0.0219710007434247,0.0278368787349666,0.0107511542612322));
#4258=CARTESIAN_POINT('',(0.0245110005575685,0.0263704087293126,0.0105394875945656));
#4259=CARTESIAN_POINT('',(0.0270510003717124,0.0249039387236587,0.0103278209278989));
#4260=CARTESIAN_POINT('',(0.027051,0.0219709993561754,0.0101161542612322));
#4261=CARTESIAN_POINT('',(0.0296852226909637,0.0220368751789034,0.178887561990947));
#4262=CARTESIAN_POINT('',(0.0297232557432365,0.0175830666316869,0.17867589532428));
#4263=CARTESIAN_POINT('',(0.025885160923891,0.0153232247686268,0.178464228657614));
#4264=CARTESIAN_POINT('',(0.0220470661045456,0.0130633829055668,0.178252561990947));
#4265=CARTESIAN_POINT('',(0.0181709382329274,0.0152573495897234,0.17804089532428));
#4266=CARTESIAN_POINT('',(0.0142948103613091,0.01745131627388,0.177829228657614));
#4267=CARTESIAN_POINT('',(0.0142567773090363,0.0219051248210965,0.177617561990947));
#4268=CARTESIAN_POINT('',(0.0142187442567635,0.0263589333683131,0.177405895324281));
#4269=CARTESIAN_POINT('',(0.018056839076109,0.0286187752313732,0.177194228657614));
#4270=CARTESIAN_POINT('',(0.0218949338954544,0.0308786170944332,0.176982561990947));
#4271=CARTESIAN_POINT('',(0.0257710617670726,0.0286846504102766,0.176770895324281));
#4272=CARTESIAN_POINT('',(0.0296471896386909,0.02649068372612,0.176559228657614));
#4273=CARTESIAN_POINT('',(0.0296852226909637,0.0220368751789034,0.176347561990947));
#4274=CARTESIAN_POINT('',(0.0297232557432365,0.0175830666316869,0.17613589532428));
#4275=CARTESIAN_POINT('',(0.025885160923891,0.0153232247686268,0.175924228657614));
#4276=CARTESIAN_POINT('',(0.0220470661045456,0.0130633829055668,0.175712561990947));
#4277=CARTESIAN_POINT('',(0.0181709382329274,0.0152573495897234,0.17550089532428));
#4278=CARTESIAN_POINT('',(0.0142948103613091,0.01745131627388,0.175289228657614));
#4279=CARTESIAN_POINT('',(0.0142567773090363,0.0219051248210965,0.175077561990947));
#4280=CARTESIAN_POINT('',(0.0142187442567635,0.0263589333683131,0.174865895324281));
#4281=CARTESIAN_POINT('',(0.018056839076109,0.0286187752313732,0.174654228657614));
#4282=CARTESIAN_POINT('',(0.0218949338954544,0.0308786170944332,0.174442561990947));
#4283=CARTESIAN_POINT('',(0.0257710617670726,0.0286846504102766,0.17423089532428));
#4284=CARTESIAN_POINT('',(0.0296471896386909,0.02649068372612,0.174019228657614));
#4285=CARTESIAN_POINT('',(0.0296852226909637,0.0220368751789034,0.173807561990947));
#4286=CARTESIAN_POINT('',(0.0297232557432365,0.0175830666316869,0.17359589532428));
#4287=CARTESIAN_POINT('',(0.025885160923891,0.0153232247686268,0.173384228657614));
#4288=CARTESIAN_POINT('',(0.0220470661045456,0.0130633829055668,0.173172561990947));
#4289=CARTESIAN_POINT('',(0.0181709382329274,0.0152573495897234,0.17296089532428));
#4290=CARTESIAN_POINT('',(0.0142948103613091,0.01745131627388,0.172749228657614));
#4291=CARTESIAN_POINT('',(0.0142567773090363,0.0219051248210965,0.172537561990947));
#4292=CARTESIAN_POINT('',(0.0142187442567635,0.0263589333683131,0.172325895324281));
#4293=CARTESIAN_POINT('',(0.018056839076109,0.0286187752313732,0.172114228657614));
#4294=CARTESIAN_POINT('',(0.0218949338954544,0.0308786170944332,0.171902561990947));
#4295=CARTESIAN_POINT('',(0.0257710617670726,0.0286846504102766,0.171690895324281));
#4296=CARTESIAN_POINT('',(0.0296471896386909,0.02649068372612,0.171479228657614));
#4297=CARTESIAN_POINT('',(0.0296852226909637,0.0220368751789034,0.171267561990947));
#4298=CARTESIAN_POINT('',(0.0297232557432365,0.0175830666316869,0.17105589532428));
#4299=CARTESIAN_POINT('',(0.025885160923891,0.0153232247686268,0.170844228657614));
#4300=CARTESIAN_POINT('',(0.0220470661045456,0.0130633829055668,0.170632561990947));
#4301=CARTESIAN_POINT('',(0.0181709382329274,0.0152573495897234,0.170420895324281));
#4302=CARTESIAN_POINT('',(0.0142948103613091,0.01745131627388,0.170209228657614));
#4303=CARTESIAN_POINT('',(0.0142567773090363,0.0219051248210965,0.169997561990947));
#4304=CARTESIAN_POINT('',(0.0142187442567635,0.0263589333683131,0.16978589532428));
#4305=CARTESIAN_POINT('',(0.018056839076109,0.0286187752313732,0.169574228657614));
#4306=CARTESIAN_POINT('',(0.0218949338954544,0.0308786170944332,0.169362561990947));
#4307=CARTESIAN_POINT('',(0.0257710617670726,0.0286846504102766,0.16915089532428));
#4308=CARTESIAN_POINT('',(0.0296471896386909,0.02649068372612,0.168939228657614));
#4309=CARTESIAN_POINT('',(0.0296852226909637,0.0220368751789034,0.168727561990947));
#4310=CARTESIAN_POINT('',(0.0297232557432365,0.0175830666316869,0.16851589532428));
#4311=CARTESIAN_POINT('',(0.025885160923891,0.0153232247686268,0.168304228657614));
#4312=CARTESIAN_POINT('',(0.0220470661045456,0.0130633829055668,0.168092561990947));
#4313=CARTESIAN_POINT('',(0.0181709382329274,0.0152573495897234,0.16788089532428));
#4314=CARTESIAN_POINT('',(0.0142948103613091,0.01745131627388,0.167669228657614));
#4315=CARTESIAN_POINT('',(0.0142567773090363,0.0219051248210965,0.167457561990947));
#4316=CARTESIAN_POINT('',(0.0142187442567635,0.0263589333683131,0.16724589532428));
#4317=CARTESIAN_POINT('',(0.018056839076109,0.0286187752313732,0.167034228657614));
#4318=CARTESIAN_POINT('',(0.0218949338954544,0.0308786170944332,0.166822561990947));
#4319=CARTESIAN_POINT('',(0.0257710617670726,0.0286846504102766,0.166610895324281));
#4320=CARTESIAN_POINT('',(0.0296471896386909,0.02649068372612,0.166399228657614));
#4321=CARTESIAN_POINT('',(0.0296852226909637,0.0220368751789034,0.166187561990947));
#4322=CARTESIAN_POINT('',(0.0297232557432365,0.0175830666316869,0.16597589532428));
#4323=CARTESIAN_POINT('',(0.025885160923891,0.0153232247686268,0.165764228657614));
#4324=CARTESIAN_POINT('',(0.0220470661045456,0.0130633829055668,0.165552561990947));
#4325=CARTESIAN_POINT('',(0.0181709382329274,0.0152573495897234,0.165340895324281));
#4326=CARTESIAN_POINT('',(0.0142948103613091,0.01745131627388,0.165129228657614));
#4327=CARTESIAN_POINT('',(0.0142567773090363,0.0219051248210965,0.164917561990947));
#4328=CARTESIAN_POINT('',(0.0142187442567635,0.0263589333683131,0.16470589532428));
#4329=CARTESIAN_POINT('',(0.018056839076109,0.0286187752313732,0.164494228657614));
#4330=CARTESIAN_POINT('',(0.0218949338954544,0.0308786170944332,0.164282561990947));
#4331=CARTESIAN_POINT('',(0.0257710617670726,0.0286846504102766,0.16407089532428));
#4332=CARTESIAN_POINT('',(0.0296471896386909,0.02649068372612,0.163859228657614));
#4333=CARTESIAN_POINT('',(0.0296852226909637,0.0220368751789034,0.163647561990947));
#4334=CARTESIAN_POINT('',(0.0297232557432365,0.0175830666316869,0.16343589532428));
#4335=CARTESIAN_POINT('',(0.025885160923891,0.0153232247686268,0.163224228657614));
#4336=CARTESIAN_POINT('',(0.0220470661045456,0.0130633829055668,0.163012561990947));
#4337=CARTESIAN_POINT('',(0.0181709382329274,0.0152573495897234,0.16280089532428));
#4338=CARTESIAN_POINT('',(0.0142948103613091,0.01745131627388,0.162589228657614));
#4339=CARTESIAN_POINT('',(0.0142567773090363,0.0219051248210965,0.162377561990947));
#4340=CARTESIAN_POINT('',(0.0142187442567635,0.0263589333683131,0.16216589532428));
#4341=CARTESIAN_POINT('',(0.018056839076109,0.0286187752313732,0.161954228657614));
#4342=CARTESIAN_POINT('',(0.0218949338954544,0.0308786170944332,0.161742561990947));
#4343=CARTESIAN_POINT('',(0.0257710617670726,0.0286846504102766,0.16153089532428));
#4344=CARTESIAN_POINT('',(0.0296471896386909,0.02649068372612,0.161319228657614));
#4345=CARTESIAN_POINT('',(0.0296852226909637,0.0220368751789034,0.161107561990947));
#4346=CARTESIAN_POINT('',(0.0297232557432365,0.0175830666316869,0.16089589532428));
#4347=CARTESIAN_POINT('',(0.025885160923891,0.0153232247686268,0.160684228657614));
#4348=CARTESIAN_POINT('',(0.0220470661045456,0.0130633829055668,0.160472561990947));
#4349=CARTESIAN_POINT('',(0.0181709382329274,0.0152573495897234,0.160260895324281));
#4350=CARTESIAN_POINT('',(0.0142948103613091,0.01745131627388,0.160049228657614));
#4351=CARTESIAN_POINT('',(0.0142567773090363,0.0219051248210965,0.159837561990947));
#4352=CARTESIAN_POINT('',(0.0142187442567635,0.0263589333683131,0.15962589532428));
#4353=CARTESIAN_POINT('',(0.018056839076109,0.0286187752313732,0.159414228657614));
#4354=CARTESIAN_POINT('',(0.0218949338954544,0.0308786170944332,0.159202561990947));
#4355=CARTESIAN_POINT('',(0.0257710617670726,0.0286846504102766,0.15899089532428));
#4356=CARTESIAN_POINT('',(0.0296471896386909,0.02649068372612,0.158779228657614));
#4357=CARTESIAN_POINT('',(0.0296852226909637,0.0220368751789034,0.158567561990947));
#4358=CARTESIAN_POINT('',(0.0297232557432365,0.0175830666316869,0.15835589532428));
#4359=CARTESIAN_POINT('',(0.025885160923891,0.0153232247686268,0.158144228657614));
#4360=CARTESIAN_POINT('',(0.0220470661045456,0.0130633829055668,0.157932561990947));
#4361=CARTESIAN_POINT('',(0.0181709382329274,0.0152573495897234,0.15772089532428));
#4362=CARTESIAN_POINT('',(0.0142948103613091,0.01745131627388,0.157509228657614));
#4363=CARTESIAN_POINT('',(0.0142567773090363,0.0219051248210965,0.157297561990947));
#4364=CARTESIAN_POINT('',(0.0142187442567635,0.0263589333683131,0.15708589532428));
#4365=CARTESIAN_POINT('',(0.018056839076109,0.0286187752313732,0.156874228657614));
#4366=CARTESIAN_POINT('',(0.0218949338954544,0.0308786170944332,0.156662561990947));
#4367=CARTESIAN_POINT('',(0.0257710617670726,0.0286846504102766,0.15645089532428));
#4368=CARTESIAN_POINT('',(0.0296471896386909,0.02649068372612,0.156239228657614));
#4369=CARTESIAN_POINT('',(0.0296852226909637,0.0220368751789034,0.156027561990947));
#4370=CARTESIAN_POINT('',(0.0297232557432365,0.0175830666316869,0.15581589532428));
#4371=CARTESIAN_POINT('',(0.025885160923891,0.0153232247686268,0.155604228657614));
#4372=CARTESIAN_POINT('',(0.0220470661045456,0.0130633829055668,0.155392561990947));
#4373=CARTESIAN_POINT('',(0.0181709382329274,0.0152573495897234,0.155180895324281));
#4374=CARTESIAN_POINT('',(0.0142948103613091,0.01745131627388,0.154969228657614));
#4375=CARTESIAN_POINT('',(0.0142567773090363,0.0219051248210965,0.154757561990947));
#4376=CARTESIAN_POINT('',(0.0142187442567635,0.0263589333683131,0.15454589532428));
#4377=CARTESIAN_POINT('',(0.018056839076109,0.0286187752313732,0.154334228657614));
#4378=CARTESIAN_POINT('',(0.0218949338954544,0.0308786170944332,0.154122561990947));
#4379=CARTESIAN_POINT('',(0.0257710617670726,0.0286846504102766,0.15391089532428));
#4380=CARTESIAN_POINT('',(0.0296471896386909,0.02649068372612,0.153699228657614));
#4381=CARTESIAN_POINT('',(0.0296852226909637,0.0220368751789034,0.153487561990947));
#4382=CARTESIAN_POINT('',(0.0297232557432365,0.0175830666316869,0.15327589532428));
#4383=CARTESIAN_POINT('',(0.025885160923891,0.0153232247686268,0.153064228657614));
#4384=CARTESIAN_POINT('',(0.0220470661045456,0.0130633829055668,0.152852561990947));
#4385=CARTESIAN_POINT('',(0.0181709382329274,0.0152573495897234,0.15264089532428));
#4386=CARTESIAN_POINT('',(0.0142948103613091,0.01745131627388,0.152429228657614));
#4387=CARTESIAN_POINT('',(0.0142567773090363,0.0219051248210965,0.152217561990947));
#4388=CARTESIAN_POINT('',(0.0142187442567635,0.0263589333683131,0.15200589532428));
#4389=CARTESIAN_POINT('',(0.018056839076109,0.0286187752313732,0.151794228657614));
#4390=CARTESIAN_POINT('',(0.0218949338954544,0.0308786170944332,0.151582561990947));
#4391=CARTESIAN_POINT('',(0.0257710617670726,0.0286846504102766,0.15137089532428));
#4392=CARTESIAN_POINT('',(0.0296471896386909,0.02649068372612,0.151159228657614));
#4393=CARTESIAN_POINT('',(0.0296852226909637,0.0220368751789034,0.150947561990947));
#4394=CARTESIAN_POINT('',(0.0297232557432365,0.0175830666316869,0.150735895324281));
#4395=CARTESIAN_POINT('',(0.025885160923891,0.0153232247686268,0.150524228657614));
#4396=CARTESIAN_POINT('',(0.0220470661045456,0.0130633829055668,0.150312561990947));
#4397=CARTESIAN_POINT('',(0.0181709382329274,0.0152573495897234,0.150100895324281));
#4398=CARTESIAN_POINT('',(0.0142948103613091,0.01745131627388,0.149889228657614));
#4399=CARTESIAN_POINT('',(0.0142567773090363,0.0219051248210965,0.149677561990947));
#4400=CARTESIAN_POINT('',(0.0142187442567635,0.0263589333683131,0.14946589532428));
#4401=CARTESIAN_POINT('',(0.018056839076109,0.0286187752313732,0.149254228657614));
#4402=CARTESIAN_POINT('',(0.0218949338954544,0.0308786170944332,0.149042561990947));
#4403=CARTESIAN_POINT('',(0.0257710617670726,0.0286846504102766,0.14883089532428));
#4404=CARTESIAN_POINT('',(0.0296471896386909,0.02649068372612,0.148619228657614));
#4405=CARTESIAN_POINT('',(0.0296852226909637,0.0220368751789034,0.148407561990947));
#4406=CARTESIAN_POINT('',(0.0297232557432365,0.0175830666316869,0.14819589532428));
#4407=CARTESIAN_POINT('',(0.025885160923891,0.0153232247686268,0.147984228657614));
#4408=CARTESIAN_POINT('',(0.0220470661045456,0.0130633829055668,0.147772561990947));
#4409=CARTESIAN_POINT('',(0.0181709382329274,0.0152573495897234,0.14756089532428));
#4410=CARTESIAN_POINT('',(0.0142948103613091,0.01745131627388,0.147349228657614));
#4411=CARTESIAN_POINT('',(0.0142567773090363,0.0219051248210965,0.147137561990947));
#4412=CARTESIAN_POINT('',(0.0142187442567635,0.0263589333683131,0.14692589532428));
#4413=CARTESIAN_POINT('',(0.018056839076109,0.0286187752313732,0.146714228657614));
#4414=CARTESIAN_POINT('',(0.0218949338954544,0.0308786170944332,0.146502561990947));
#4415=CARTESIAN_POINT('',(0.0257710617670726,0.0286846504102766,0.14629089532428));
#4416=CARTESIAN_POINT('',(0.0296471896386909,0.02649068372612,0.146079228657614));
#4417=CARTESIAN_POINT('',(0.0296852226909637,0.0220368751789034,0.145867561990947));
#4418=CARTESIAN_POINT('',(0.0297232557432365,0.0175830666316869,0.14565589532428));
#4419=CARTESIAN_POINT('',(0.025885160923891,0.0153232247686268,0.145444228657614));
#4420=CARTESIAN_POINT('',(0.0220470661045456,0.0130633829055668,0.145232561990947));
#4421=CARTESIAN_POINT('',(0.0181709382329274,0.0152573495897234,0.14502089532428));
#4422=CARTESIAN_POINT('',(0.0142948103613091,0.01745131627388,0.144809228657614));
#4423=CARTESIAN_POINT('',(0.0142567773090363,0.0219051248210965,0.144597561990947));
#4424=CARTESIAN_POINT('',(0.0142187442567635,0.0263589333683131,0.14438589532428));
#4425=CARTESIAN_POINT('',(0.018056839076109,0.0286187752313732,0.144174228657614));
#4426=CARTESIAN_POINT('',(0.0218949338954544,0.0308786170944332,0.143962561990947));
#4427=CARTESIAN_POINT('',(0.0257710617670726,0.0286846504102766,0.14375089532428));
#4428=CARTESIAN_POINT('',(0.0296471896386909,0.02649068372612,0.143539228657614));
#4429=CARTESIAN_POINT('',(0.0296852226909637,0.0220368751789034,0.143327561990947));
#4430=CARTESIAN_POINT('',(0.0297232557432365,0.0175830666316869,0.14311589532428));
#4431=CARTESIAN_POINT('',(0.025885160923891,0.0153232247686268,0.142904228657614));
#4432=CARTESIAN_POINT('',(0.0220470661045456,0.0130633829055668,0.142692561990947));
#4433=CARTESIAN_POINT('',(0.0181709382329274,0.0152573495897234,0.14248089532428));
#4434=CARTESIAN_POINT('',(0.0142948103613091,0.01745131627388,0.142269228657614));
#4435=CARTESIAN_POINT('',(0.0142567773090363,0.0219051248210965,0.142057561990947));
#4436=CARTESIAN_POINT('',(0.0142187442567635,0.0263589333683131,0.14184589532428));
#4437=CARTESIAN_POINT('',(0.018056839076109,0.0286187752313732,0.141634228657614));
#4438=CARTESIAN_POINT('',(0.0218949338954544,0.0308786170944332,0.141422561990947));
#4439=CARTESIAN_POINT('',(0.0257710617670726,0.0286846504102766,0.14121089532428));
#4440=CARTESIAN_POINT('',(0.0296471896386909,0.02649068372612,0.140999228657614));
#4441=CARTESIAN_POINT('',(0.0296852226909637,0.0220368751789034,0.140787561990947));
#4442=CARTESIAN_POINT('',(0.0297232557432365,0.0175830666316869,0.14057589532428));
#4443=CARTESIAN_POINT('',(0.025885160923891,0.0153232247686268,0.140364228657614));
#4444=CARTESIAN_POINT('',(0.0220470661045456,0.0130633829055668,0.140152561990947));
#4445=CARTESIAN_POINT('',(0.0181709382329274,0.0152573495897234,0.13994089532428));
#4446=CARTESIAN_POINT('',(0.0142948103613091,0.01745131627388,0.139729228657614));
#4447=CARTESIAN_POINT('',(0.0142567773090363,0.0219051248210965,0.139517561990947));
#4448=CARTESIAN_POINT('',(0.0142187442567635,0.0263589333683131,0.139305895324281));
#4449=CARTESIAN_POINT('',(0.018056839076109,0.0286187752313732,0.139094228657614));
#4450=CARTESIAN_POINT('',(0.0218949338954544,0.0308786170944332,0.138882561990947));
#4451=CARTESIAN_POINT('',(0.0257710617670726,0.0286846504102766,0.13867089532428));
#4452=CARTESIAN_POINT('',(0.0296471896386909,0.02649068372612,0.138459228657614));
#4453=CARTESIAN_POINT('',(0.0296852226909637,0.0220368751789034,0.138247561990947));
#4454=CARTESIAN_POINT('',(0.0297232557432365,0.0175830666316869,0.13803589532428));
#4455=CARTESIAN_POINT('',(0.025885160923891,0.0153232247686268,0.137824228657614));
#4456=CARTESIAN_POINT('',(0.0220470661045456,0.0130633829055668,0.137612561990947));
#4457=CARTESIAN_POINT('',(0.0181709382329274,0.0152573495897234,0.13740089532428));
#4458=CARTESIAN_POINT('',(0.0142948103613091,0.01745131627388,0.137189228657614));
#4459=CARTESIAN_POINT('',(0.0142567773090363,0.0219051248210965,0.136977561990947));
#4460=CARTESIAN_POINT('',(0.0142187442567635,0.0263589333683131,0.13676589532428));
#4461=CARTESIAN_POINT('',(0.018056839076109,0.0286187752313732,0.136554228657614));
#4462=CARTESIAN_POINT('',(0.0218949338954544,0.0308786170944332,0.136342561990947));
#4463=CARTESIAN_POINT('',(0.0257710617670726,0.0286846504102766,0.13613089532428));
#4464=CARTESIAN_POINT('',(0.0296471896386909,0.02649068372612,0.135919228657614));
#4465=CARTESIAN_POINT('',(0.0296852226909637,0.0220368751789034,0.135707561990947));
#4466=CARTESIAN_POINT('',(0.0297232557432365,0.0175830666316869,0.13549589532428));
#4467=CARTESIAN_POINT('',(0.025885160923891,0.0153232247686268,0.135284228657614));
#4468=CARTESIAN_POINT('',(0.0220470661045456,0.0130633829055668,0.135072561990947));
#4469=CARTESIAN_POINT('',(0.0181709382329274,0.0152573495897234,0.13486089532428));
#4470=CARTESIAN_POINT('',(0.0142948103613091,0.01745131627388,0.134649228657614));
#4471=CARTESIAN_POINT('',(0.0142567773090363,0.0219051248210965,0.134437561990947));
#4472=CARTESIAN_POINT('',(0.0142187442567635,0.0263589333683131,0.13422589532428));
#4473=CARTESIAN_POINT('',(0.018056839076109,0.0286187752313732,0.134014228657614));
#4474=CARTESIAN_POINT('',(0.0218949338954544,0.0308786170944332,0.133802561990947));
#4475=CARTESIAN_POINT('',(0.0257710617670726,0.0286846504102766,0.13359089532428));
#4476=CARTESIAN_POINT('',(0.0296471896386909,0.02649068372612,0.133379228657614));
#4477=CARTESIAN_POINT('',(0.0296852226909637,0.0220368751789034,0.133167561990947));
#4478=CARTESIAN_POINT('',(0.0297232557432365,0.0175830666316869,0.13295589532428));
#4479=CARTESIAN_POINT('',(0.025885160923891,0.0153232247686268,0.132744228657614));
#4480=CARTESIAN_POINT('',(0.0220470661045456,0.0130633829055668,0.132532561990947));
#4481=CARTESIAN_POINT('',(0.0181709382329274,0.0152573495897234,0.13232089532428));
#4482=CARTESIAN_POINT('',(0.0142948103613091,0.01745131627388,0.132109228657614));
#4483=CARTESIAN_POINT('',(0.0142567773090363,0.0219051248210965,0.131897561990947));
#4484=CARTESIAN_POINT('',(0.0142187442567635,0.0263589333683131,0.131685895324281));
#4485=CARTESIAN_POINT('',(0.018056839076109,0.0286187752313732,0.131474228657614));
#4486=CARTESIAN_POINT('',(0.0218949338954544,0.0308786170944332,0.131262561990947));
#4487=CARTESIAN_POINT('',(0.0257710617670726,0.0286846504102766,0.13105089532428));
#4488=CARTESIAN_POINT('',(0.0296471896386909,0.02649068372612,0.130839228657614));
#4489=CARTESIAN_POINT('',(0.0296852226909637,0.0220368751789034,0.130627561990947));
#4490=CARTESIAN_POINT('',(0.0297232557432365,0.0175830666316869,0.13041589532428));
#4491=CARTESIAN_POINT('',(0.025885160923891,0.0153232247686268,0.130204228657614));
#4492=CARTESIAN_POINT('',(0.0220470661045456,0.0130633829055668,0.129992561990947));
#4493=CARTESIAN_POINT('',(0.0181709382329274,0.0152573495897234,0.12978089532428));
#4494=CARTESIAN_POINT('',(0.0142948103613091,0.01745131627388,0.129569228657614));
#4495=CARTESIAN_POINT('',(0.0142567773090363,0.0219051248210965,0.129357561990947));
#4496=CARTESIAN_POINT('',(0.0142187442567635,0.0263589333683131,0.129145895324281));
#4497=CARTESIAN_POINT('',(0.018056839076109,0.0286187752313732,0.128934228657614));
#4498=CARTESIAN_POINT('',(0.0218949338954544,0.0308786170944332,0.128722561990947));
#4499=CARTESIAN_POINT('',(0.0257710617670726,0.0286846504102766,0.12851089532428));
#4500=CARTESIAN_POINT('',(0.0296471896386909,0.02649068372612,0.128299228657614));
#4501=CARTESIAN_POINT('',(0.0296852226909637,0.0220368751789034,0.128087561990947));
#4502=CARTESIAN_POINT('',(0.0297232557432365,0.0175830666316869,0.12787589532428));
#4503=CARTESIAN_POINT('',(0.025885160923891,0.0153232247686268,0.127664228657614));
#4504=CARTESIAN_POINT('',(0.0220470661045456,0.0130633829055668,0.127452561990947));
#4505=CARTESIAN_POINT('',(0.0181709382329274,0.0152573495897234,0.12724089532428));
#4506=CARTESIAN_POINT('',(0.0142948103613091,0.01745131627388,0.127029228657614));
#4507=CARTESIAN_POINT('',(0.0142567773090363,0.0219051248210965,0.126817561990947));
#4508=CARTESIAN_POINT('',(0.0142187442567635,0.0263589333683131,0.12660589532428));
#4509=CARTESIAN_POINT('',(0.018056839076109,0.0286187752313732,0.126394228657614));
#4510=CARTESIAN_POINT('',(0.0218949338954544,0.0308786170944332,0.126182561990947));
#4511=CARTESIAN_POINT('',(0.0257710617670726,0.0286846504102766,0.12597089532428));
#4512=CARTESIAN_POINT('',(0.0296471896386909,0.02649068372612,0.125759228657614));
#4513=CARTESIAN_POINT('',(0.0296852226909637,0.0220368751789034,0.125547561990947));
#4514=CARTESIAN_POINT('',(0.0297232557432365,0.0175830666316869,0.12533589532428));
#4515=CARTESIAN_POINT('',(0.025885160923891,0.0153232247686268,0.125124228657614));
#4516=CARTESIAN_POINT('',(0.0220470661045456,0.0130633829055668,0.124912561990947));
#4517=CARTESIAN_POINT('',(0.0181709382329274,0.0152573495897234,0.12470089532428));
#4518=CARTESIAN_POINT('',(0.0142948103613091,0.01745131627388,0.124489228657614));
#4519=CARTESIAN_POINT('',(0.0142567773090363,0.0219051248210965,0.124277561990947));
#4520=CARTESIAN_POINT('',(0.0142187442567635,0.0263589333683131,0.124065895324281));
#4521=CARTESIAN_POINT('',(0.018056839076109,0.0286187752313732,0.123854228657614));
#4522=CARTESIAN_POINT('',(0.0218949338954544,0.0308786170944332,0.123642561990947));
#4523=CARTESIAN_POINT('',(0.0257710617670726,0.0286846504102766,0.12343089532428));
#4524=CARTESIAN_POINT('',(0.0296471896386909,0.02649068372612,0.123219228657614));
#4525=CARTESIAN_POINT('',(0.0296852226909637,0.0220368751789034,0.123007561990947));
#4526=CARTESIAN_POINT('',(0.0297232557432365,0.0175830666316869,0.12279589532428));
#4527=CARTESIAN_POINT('',(0.025885160923891,0.0153232247686268,0.122584228657614));
#4528=CARTESIAN_POINT('',(0.0220470661045456,0.0130633829055668,0.122372561990947));
#4529=CARTESIAN_POINT('',(0.0181709382329274,0.0152573495897234,0.12216089532428));
#4530=CARTESIAN_POINT('',(0.0142948103613091,0.01745131627388,0.121949228657614));
#4531=CARTESIAN_POINT('',(0.0142567773090363,0.0219051248210965,0.121737561990947));
#4532=CARTESIAN_POINT('',(0.0142187442567635,0.0263589333683131,0.12152589532428));
#4533=CARTESIAN_POINT('',(0.018056839076109,0.0286187752313732,0.121314228657614));
#4534=CARTESIAN_POINT('',(0.0218949338954544,0.0308786170944332,0.121102561990947));
#4535=CARTESIAN_POINT('',(0.0257710617670726,0.0286846504102766,0.12089089532428));
#4536=CARTESIAN_POINT('',(0.0296471896386909,0.02649068372612,0.120679228657614));
#4537=CARTESIAN_POINT('',(0.0296852226909637,0.0220368751789034,0.120467561990947));
#4538=CARTESIAN_POINT('',(0.0297232557432365,0.0175830666316869,0.12025589532428));
#4539=CARTESIAN_POINT('',(0.025885160923891,0.0153232247686268,0.120044228657614));
#4540=CARTESIAN_POINT('',(0.0220470661045456,0.0130633829055668,0.119832561990947));
#4541=CARTESIAN_POINT('',(0.0181709382329274,0.0152573495897234,0.11962089532428));
#4542=CARTESIAN_POINT('',(0.0142948103613091,0.01745131627388,0.119409228657614));
#4543=CARTESIAN_POINT('',(0.0142567773090363,0.0219051248210965,0.119197561990947));
#4544=CARTESIAN_POINT('',(0.0142187442567635,0.0263589333683131,0.11898589532428));
#4545=CARTESIAN_POINT('',(0.018056839076109,0.0286187752313732,0.118774228657614));
#4546=CARTESIAN_POINT('',(0.0218949338954544,0.0308786170944332,0.118562561990947));
#4547=CARTESIAN_POINT('',(0.0257710617670726,0.0286846504102766,0.11835089532428));
#4548=CARTESIAN_POINT('',(0.0296471896386909,0.02649068372612,0.118139228657614));
#4549=CARTESIAN_POINT('',(0.0296852226909637,0.0220368751789034,0.117927561990947));
#4550=CARTESIAN_POINT('',(0.0297232557432365,0.0175830666316869,0.11771589532428));
#4551=CARTESIAN_POINT('',(0.025885160923891,0.0153232247686268,0.117504228657614));
#4552=CARTESIAN_POINT('',(0.0220470661045456,0.0130633829055668,0.117292561990947));
#4553=CARTESIAN_POINT('',(0.0181709382329274,0.0152573495897234,0.11708089532428));
#4554=CARTESIAN_POINT('',(0.0142948103613091,0.01745131627388,0.116869228657614));
#4555=CARTESIAN_POINT('',(0.0142567773090363,0.0219051248210965,0.116657561990947));
#4556=CARTESIAN_POINT('',(0.0142187442567635,0.0263589333683131,0.11644589532428));
#4557=CARTESIAN_POINT('',(0.018056839076109,0.0286187752313732,0.116234228657614));
#4558=CARTESIAN_POINT('',(0.0218949338954544,0.0308786170944332,0.116022561990947));
#4559=CARTESIAN_POINT('',(0.0257710617670726,0.0286846504102766,0.11581089532428));
#4560=CARTESIAN_POINT('',(0.0296471896386909,0.02649068372612,0.115599228657614));
#4561=CARTESIAN_POINT('',(0.0296852226909637,0.0220368751789034,0.115387561990947));
#4562=CARTESIAN_POINT('',(0.0297232557432365,0.0175830666316869,0.115175895324281));
#4563=CARTESIAN_POINT('',(0.025885160923891,0.0153232247686268,0.114964228657614));
#4564=CARTESIAN_POINT('',(0.0220470661045456,0.0130633829055668,0.114752561990947));
#4565=CARTESIAN_POINT('',(0.0181709382329274,0.0152573495897234,0.11454089532428));
#4566=CARTESIAN_POINT('',(0.0142948103613091,0.01745131627388,0.114329228657614));
#4567=CARTESIAN_POINT('',(0.0142567773090363,0.0219051248210965,0.114117561990947));
#4568=CARTESIAN_POINT('',(0.0142187442567635,0.0263589333683131,0.11390589532428));
#4569=CARTESIAN_POINT('',(0.018056839076109,0.0286187752313732,0.113694228657614));
#4570=CARTESIAN_POINT('',(0.0218949338954544,0.0308786170944332,0.113482561990947));
#4571=CARTESIAN_POINT('',(0.0257710617670726,0.0286846504102766,0.11327089532428));
#4572=CARTESIAN_POINT('',(0.0296471896386909,0.02649068372612,0.113059228657614));
#4573=CARTESIAN_POINT('',(0.0296852226909637,0.0220368751789034,0.112847561990947));
#4574=CARTESIAN_POINT('',(0.0297232557432365,0.0175830666316869,0.11263589532428));
#4575=CARTESIAN_POINT('',(0.025885160923891,0.0153232247686268,0.112424228657614));
#4576=CARTESIAN_POINT('',(0.0220470661045456,0.0130633829055668,0.112212561990947));
#4577=CARTESIAN_POINT('',(0.0181709382329274,0.0152573495897234,0.11200089532428));
#4578=CARTESIAN_POINT('',(0.0142948103613091,0.01745131627388,0.111789228657614));
#4579=CARTESIAN_POINT('',(0.0142567773090363,0.0219051248210965,0.111577561990947));
#4580=CARTESIAN_POINT('',(0.0142187442567635,0.0263589333683131,0.11136589532428));
#4581=CARTESIAN_POINT('',(0.018056839076109,0.0286187752313732,0.111154228657614));
#4582=CARTESIAN_POINT('',(0.0218949338954544,0.0308786170944332,0.110942561990947));
#4583=CARTESIAN_POINT('',(0.0257710617670726,0.0286846504102766,0.11073089532428));
#4584=CARTESIAN_POINT('',(0.0296471896386909,0.02649068372612,0.110519228657614));
#4585=CARTESIAN_POINT('',(0.0296852226909637,0.0220368751789034,0.110307561990947));
#4586=CARTESIAN_POINT('',(0.0297232557432365,0.0175830666316869,0.11009589532428));
#4587=CARTESIAN_POINT('',(0.025885160923891,0.0153232247686268,0.109884228657614));
#4588=CARTESIAN_POINT('',(0.0220470661045456,0.0130633829055668,0.109672561990947));
#4589=CARTESIAN_POINT('',(0.0181709382329274,0.0152573495897234,0.10946089532428));
#4590=CARTESIAN_POINT('',(0.0142948103613091,0.01745131627388,0.109249228657614));
#4591=CARTESIAN_POINT('',(0.0142567773090363,0.0219051248210965,0.109037561990947));
#4592=CARTESIAN_POINT('',(0.0142187442567635,0.0263589333683131,0.10882589532428));
#4593=CARTESIAN_POINT('',(0.018056839076109,0.0286187752313732,0.108614228657614));
#4594=CARTESIAN_POINT('',(0.0218949338954544,0.0308786170944332,0.108402561990947));
#4595=CARTESIAN_POINT('',(0.0257710617670726,0.0286846504102766,0.10819089532428));
#4596=CARTESIAN_POINT('',(0.0296471896386909,0.02649068372612,0.107979228657614));
#4597=CARTESIAN_POINT('',(0.0296852226909637,0.0220368751789034,0.107767561990947));
#4598=CARTESIAN_POINT('',(0.0297232557432365,0.0175830666316869,0.10755589532428));
#4599=CARTESIAN_POINT('',(0.025885160923891,0.0153232247686268,0.107344228657614));
#4600=CARTESIAN_POINT('',(0.0220470661045456,0.0130633829055668,0.107132561990947));
#4601=CARTESIAN_POINT('',(0.0181709382329274,0.0152573495897234,0.10692089532428));
#4602=CARTESIAN_POINT('',(0.0142948103613091,0.01745131627388,0.106709228657614));
#4603=CARTESIAN_POINT('',(0.0142567773090363,0.0219051248210965,0.106497561990947));
#4604=CARTESIAN_POINT('',(0.0142187442567635,0.0263589333683131,0.10628589532428));
#4605=CARTESIAN_POINT('',(0.018056839076109,0.0286187752313732,0.106074228657614));
#4606=CARTESIAN_POINT('',(0.0218949338954544,0.0308786170944332,0.105862561990947));
#4607=CARTESIAN_POINT('',(0.0257710617670726,0.0286846504102766,0.10565089532428));
#4608=CARTESIAN_POINT('',(0.0296471896386909,0.02649068372612,0.105439228657614));
#4609=CARTESIAN_POINT('',(0.0296852226909637,0.0220368751789034,0.105227561990947));
#4610=CARTESIAN_POINT('',(0.0297232557432365,0.0175830666316869,0.10501589532428));
#4611=CARTESIAN_POINT('',(0.025885160923891,0.0153232247686268,0.104804228657614));
#4612=CARTESIAN_POINT('',(0.0220470661045456,0.0130633829055668,0.104592561990947));
#4613=CARTESIAN_POINT('',(0.0181709382329274,0.0152573495897234,0.10438089532428));
#4614=CARTESIAN_POINT('',(0.0142948103613091,0.01745131627388,0.104169228657614));
#4615=CARTESIAN_POINT('',(0.0142567773090363,0.0219051248210965,0.103957561990947));
#4616=CARTESIAN_POINT('',(0.0142187442567635,0.0263589333683131,0.10374589532428));
#4617=CARTESIAN_POINT('',(0.018056839076109,0.0286187752313732,0.103534228657614));
#4618=CARTESIAN_POINT('',(0.0218949338954544,0.0308786170944332,0.103322561990947));
#4619=CARTESIAN_POINT('',(0.0257710617670726,0.0286846504102766,0.10311089532428));
#4620=CARTESIAN_POINT('',(0.0296471896386909,0.02649068372612,0.102899228657614));
#4621=CARTESIAN_POINT('',(0.0296852226909637,0.0220368751789034,0.102687561990947));
#4622=CARTESIAN_POINT('',(0.0297232557432365,0.0175830666316869,0.10247589532428));
#4623=CARTESIAN_POINT('',(0.025885160923891,0.0153232247686268,0.102264228657614));
#4624=CARTESIAN_POINT('',(0.0220470661045456,0.0130633829055668,0.102052561990947));
#4625=CARTESIAN_POINT('',(0.0181709382329274,0.0152573495897234,0.10184089532428));
#4626=CARTESIAN_POINT('',(0.0142948103613091,0.01745131627388,0.101629228657614));
#4627=CARTESIAN_POINT('',(0.0142567773090363,0.0219051248210965,0.101417561990947));
#4628=CARTESIAN_POINT('',(0.0142187442567635,0.0263589333683131,0.10120589532428));
#4629=CARTESIAN_POINT('',(0.018056839076109,0.0286187752313732,0.100994228657614));
#4630=CARTESIAN_POINT('',(0.0218949338954544,0.0308786170944332,0.100782561990947));
#4631=CARTESIAN_POINT('',(0.0257710617670726,0.0286846504102766,0.10057089532428));
#4632=CARTESIAN_POINT('',(0.0296471896386909,0.02649068372612,0.100359228657614));
#4633=CARTESIAN_POINT('',(0.0296852226909637,0.0220368751789034,0.100147561990947));
#4634=CARTESIAN_POINT('',(0.0297232557432365,0.0175830666316869,0.0999358953242804));
#4635=CARTESIAN_POINT('',(0.025885160923891,0.0153232247686268,0.0997242286576138));
#4636=CARTESIAN_POINT('',(0.0220470661045456,0.0130633829055668,0.0995125619909471));
#4637=CARTESIAN_POINT('',(0.0181709382329274,0.0152573495897234,0.0993008953242805));
#4638=CARTESIAN_POINT('',(0.0142948103613091,0.01745131627388,0.0990892286576138));
#4639=CARTESIAN_POINT('',(0.0142567773090363,0.0219051248210965,0.0988775619909471));
#4640=CARTESIAN_POINT('',(0.0142187442567635,0.0263589333683131,0.0986658953242805));
#4641=CARTESIAN_POINT('',(0.018056839076109,0.0286187752313732,0.0984542286576138));
#4642=CARTESIAN_POINT('',(0.0218949338954544,0.0308786170944332,0.0982425619909472));
#4643=CARTESIAN_POINT('',(0.0257710617670726,0.0286846504102766,0.0980308953242805));
#4644=CARTESIAN_POINT('',(0.0296471896386909,0.02649068372612,0.0978192286576137));
#4645=CARTESIAN_POINT('',(0.0296852226909637,0.0220368751789034,0.0976075619909471));
#4646=CARTESIAN_POINT('',(0.0297232557432365,0.0175830666316869,0.0973958953242804));
#4647=CARTESIAN_POINT('',(0.025885160923891,0.0153232247686268,0.0971842286576138));
#4648=CARTESIAN_POINT('',(0.0220470661045456,0.0130633829055668,0.0969725619909471));
#4649=CARTESIAN_POINT('',(0.0181709382329274,0.0152573495897234,0.0967608953242805));
#4650=CARTESIAN_POINT('',(0.0142948103613091,0.01745131627388,0.0965492286576138));
#4651=CARTESIAN_POINT('',(0.0142567773090363,0.0219051248210965,0.0963375619909471));
#4652=CARTESIAN_POINT('',(0.0142187442567635,0.0263589333683131,0.0961258953242805));
#4653=CARTESIAN_POINT('',(0.018056839076109,0.0286187752313732,0.0959142286576138));
#4654=CARTESIAN_POINT('',(0.0218949338954544,0.0308786170944332,0.0957025619909472));
#4655=CARTESIAN_POINT('',(0.0257710617670726,0.0286846504102766,0.0954908953242805));
#4656=CARTESIAN_POINT('',(0.0296471896386909,0.02649068372612,0.0952792286576138));
#4657=CARTESIAN_POINT('',(0.0296852226909637,0.0220368751789034,0.0950675619909471));
#4658=CARTESIAN_POINT('',(0.0297232557432365,0.0175830666316869,0.0948558953242805));
#4659=CARTESIAN_POINT('',(0.025885160923891,0.0153232247686268,0.0946442286576138));
#4660=CARTESIAN_POINT('',(0.0220470661045456,0.0130633829055668,0.0944325619909471));
#4661=CARTESIAN_POINT('',(0.0181709382329274,0.0152573495897234,0.0942208953242805));
#4662=CARTESIAN_POINT('',(0.0142948103613091,0.01745131627388,0.0940092286576138));
#4663=CARTESIAN_POINT('',(0.0142567773090363,0.0219051248210965,0.0937975619909471));
#4664=CARTESIAN_POINT('',(0.0142187442567635,0.0263589333683131,0.0935858953242804));
#4665=CARTESIAN_POINT('',(0.018056839076109,0.0286187752313732,0.0933742286576138));
#4666=CARTESIAN_POINT('',(0.0218949338954544,0.0308786170944332,0.0931625619909471));
#4667=CARTESIAN_POINT('',(0.0257710617670726,0.0286846504102766,0.0929508953242805));
#4668=CARTESIAN_POINT('',(0.0296471896386909,0.02649068372612,0.0927392286576138));
#4669=CARTESIAN_POINT('',(0.0296852226909637,0.0220368751789034,0.0925275619909471));
#4670=CARTESIAN_POINT('',(0.0297232557432365,0.0175830666316869,0.0923158953242805));
#4671=CARTESIAN_POINT('',(0.025885160923891,0.0153232247686268,0.0921042286576138));
#4672=CARTESIAN_POINT('',(0.0220470661045456,0.0130633829055668,0.0918925619909472));
#4673=CARTESIAN_POINT('',(0.0181709382329274,0.0152573495897234,0.0916808953242805));
#4674=CARTESIAN_POINT('',(0.0142948103613091,0.01745131627388,0.0914692286576137));
#4675=CARTESIAN_POINT('',(0.0142567773090363,0.0219051248210965,0.0912575619909471));
#4676=CARTESIAN_POINT('',(0.0142187442567635,0.0263589333683131,0.0910458953242804));
#4677=CARTESIAN_POINT('',(0.018056839076109,0.0286187752313732,0.0908342286576138));
#4678=CARTESIAN_POINT('',(0.0218949338954544,0.0308786170944332,0.0906225619909471));
#4679=CARTESIAN_POINT('',(0.0257710617670726,0.0286846504102766,0.0904108953242805));
#4680=CARTESIAN_POINT('',(0.0296471896386909,0.02649068372612,0.0901992286576138));
#4681=CARTESIAN_POINT('',(0.0296852226909637,0.0220368751789034,0.0899875619909471));
#4682=CARTESIAN_POINT('',(0.0297232557432365,0.0175830666316869,0.0897758953242805));
#4683=CARTESIAN_POINT('',(0.025885160923891,0.0153232247686268,0.0895642286576138));
#4684=CARTESIAN_POINT('',(0.0220470661045456,0.0130633829055668,0.0893525619909471));
#4685=CARTESIAN_POINT('',(0.0181709382329274,0.0152573495897234,0.0891408953242805));
#4686=CARTESIAN_POINT('',(0.0142948103613091,0.01745131627388,0.0889292286576138));
#4687=CARTESIAN_POINT('',(0.0142567773090363,0.0219051248210965,0.0887175619909471));
#4688=CARTESIAN_POINT('',(0.0142187442567635,0.0263589333683131,0.0885058953242805));
#4689=CARTESIAN_POINT('',(0.018056839076109,0.0286187752313732,0.0882942286576138));
#4690=CARTESIAN_POINT('',(0.0218949338954544,0.0308786170944332,0.0880825619909471));
#4691=CARTESIAN_POINT('',(0.0257710617670726,0.0286846504102766,0.0878708953242805));
#4692=CARTESIAN_POINT('',(0.0296471896386909,0.02649068372612,0.0876592286576137));
#4693=CARTESIAN_POINT('',(0.0296852226909637,0.0220368751789034,0.0874475619909471));
#4694=CARTESIAN_POINT('',(0.0297232557432365,0.0175830666316869,0.0872358953242804));
#4695=CARTESIAN_POINT('',(0.025885160923891,0.0153232247686268,0.0870242286576138));
#4696=CARTESIAN_POINT('',(0.0220470661045456,0.0130633829055668,0.0868125619909471));
#4697=CARTESIAN_POINT('',(0.0181709382329274,0.0152573495897234,0.0866008953242805));
#4698=CARTESIAN_POINT('',(0.0142948103613091,0.01745131627388,0.0863892286576138));
#4699=CARTESIAN_POINT('',(0.0142567773090363,0.0219051248210965,0.0861775619909471));
#4700=CARTESIAN_POINT('',(0.0142187442567635,0.0263589333683131,0.0859658953242805));
#4701=CARTESIAN_POINT('',(0.018056839076109,0.0286187752313732,0.0857542286576138));
#4702=CARTESIAN_POINT('',(0.0218949338954544,0.0308786170944332,0.0855425619909471));
#4703=CARTESIAN_POINT('',(0.0257710617670726,0.0286846504102766,0.0853308953242805));
#4704=CARTESIAN_POINT('',(0.0296471896386909,0.02649068372612,0.0851192286576138));
#4705=CARTESIAN_POINT('',(0.0296852226909637,0.0220368751789034,0.0849075619909471));
#4706=CARTESIAN_POINT('',(0.0297232557432365,0.0175830666316869,0.0846958953242805));
#4707=CARTESIAN_POINT('',(0.025885160923891,0.0153232247686268,0.0844842286576138));
#4708=CARTESIAN_POINT('',(0.0220470661045456,0.0130633829055668,0.0842725619909471));
#4709=CARTESIAN_POINT('',(0.0181709382329274,0.0152573495897234,0.0840608953242805));
#4710=CARTESIAN_POINT('',(0.0142948103613091,0.01745131627388,0.0838492286576138));
#4711=CARTESIAN_POINT('',(0.0142567773090363,0.0219051248210965,0.0836375619909471));
#4712=CARTESIAN_POINT('',(0.0142187442567635,0.0263589333683131,0.0834258953242804));
#4713=CARTESIAN_POINT('',(0.018056839076109,0.0286187752313732,0.0832142286576138));
#4714=CARTESIAN_POINT('',(0.0218949338954544,0.0308786170944332,0.0830025619909471));
#4715=CARTESIAN_POINT('',(0.0257710617670726,0.0286846504102766,0.0827908953242805));
#4716=CARTESIAN_POINT('',(0.0296471896386909,0.02649068372612,0.0825792286576138));
#4717=CARTESIAN_POINT('',(0.0296852226909637,0.0220368751789034,0.0823675619909471));
#4718=CARTESIAN_POINT('',(0.0297232557432365,0.0175830666316869,0.0821558953242805));
#4719=CARTESIAN_POINT('',(0.025885160923891,0.0153232247686268,0.0819442286576138));
#4720=CARTESIAN_POINT('',(0.0220470661045456,0.0130633829055668,0.0817325619909472));
#4721=CARTESIAN_POINT('',(0.0181709382329274,0.0152573495897234,0.0815208953242805));
#4722=CARTESIAN_POINT('',(0.0142948103613091,0.01745131627388,0.0813092286576138));
#4723=CARTESIAN_POINT('',(0.0142567773090363,0.0219051248210965,0.0810975619909471));
#4724=CARTESIAN_POINT('',(0.0142187442567635,0.0263589333683131,0.0808858953242804));
#4725=CARTESIAN_POINT('',(0.018056839076109,0.0286187752313732,0.0806742286576138));
#4726=CARTESIAN_POINT('',(0.0218949338954544,0.0308786170944332,0.0804625619909471));
#4727=CARTESIAN_POINT('',(0.0257710617670726,0.0286846504102766,0.0802508953242805));
#4728=CARTESIAN_POINT('',(0.0296471896386909,0.02649068372612,0.0800392286576138));
#4729=CARTESIAN_POINT('',(0.0296852226909637,0.0220368751789034,0.0798275619909471));
#4730=CARTESIAN_POINT('',(0.0297232557432365,0.0175830666316869,0.0796158953242805));
#4731=CARTESIAN_POINT('',(0.025885160923891,0.0153232247686268,0.0794042286576138));
#4732=CARTESIAN_POINT('',(0.0220470661045456,0.0130633829055668,0.0791925619909471));
#4733=CARTESIAN_POINT('',(0.0181709382329274,0.0152573495897234,0.0789808953242805));
#4734=CARTESIAN_POINT('',(0.0142948103613091,0.01745131627388,0.0787692286576138));
#4735=CARTESIAN_POINT('',(0.0142567773090363,0.0219051248210965,0.0785575619909471));
#4736=CARTESIAN_POINT('',(0.0142187442567635,0.0263589333683131,0.0783458953242805));
#4737=CARTESIAN_POINT('',(0.018056839076109,0.0286187752313732,0.0781342286576138));
#4738=CARTESIAN_POINT('',(0.0218949338954544,0.0308786170944332,0.0779225619909471));
#4739=CARTESIAN_POINT('',(0.0257710617670726,0.0286846504102766,0.0777108953242805));
#4740=CARTESIAN_POINT('',(0.0296471896386909,0.02649068372612,0.0774992286576137));
#4741=CARTESIAN_POINT('',(0.0296852226909637,0.0220368751789034,0.0772875619909471));
#4742=CARTESIAN_POINT('',(0.0297232557432365,0.0175830666316869,0.0770758953242804));
#4743=CARTESIAN_POINT('',(0.025885160923891,0.0153232247686268,0.0768642286576138));
#4744=CARTESIAN_POINT('',(0.0220470661045456,0.0130633829055668,0.0766525619909471));
#4745=CARTESIAN_POINT('',(0.0181709382329274,0.0152573495897234,0.0764408953242805));
#4746=CARTESIAN_POINT('',(0.0142948103613091,0.01745131627388,0.0762292286576138));
#4747=CARTESIAN_POINT('',(0.0142567773090363,0.0219051248210965,0.0760175619909471));
#4748=CARTESIAN_POINT('',(0.0142187442567635,0.0263589333683131,0.0758058953242805));
#4749=CARTESIAN_POINT('',(0.018056839076109,0.0286187752313732,0.0755942286576138));
#4750=CARTESIAN_POINT('',(0.0218949338954544,0.0308786170944332,0.0753825619909471));
#4751=CARTESIAN_POINT('',(0.0257710617670726,0.0286846504102766,0.0751708953242805));
#4752=CARTESIAN_POINT('',(0.0296471896386909,0.02649068372612,0.0749592286576138));
#4753=CARTESIAN_POINT('',(0.0296852226909637,0.0220368751789034,0.0747475619909471));
#4754=CARTESIAN_POINT('',(0.0297232557432365,0.0175830666316869,0.0745358953242805));
#4755=CARTESIAN_POINT('',(0.025885160923891,0.0153232247686268,0.0743242286576138));
#4756=CARTESIAN_POINT('',(0.0220470661045456,0.0130633829055668,0.0741125619909471));
#4757=CARTESIAN_POINT('',(0.0181709382329274,0.0152573495897234,0.0739008953242805));
#4758=CARTESIAN_POINT('',(0.0142948103613091,0.01745131627388,0.0736892286576137));
#4759=CARTESIAN_POINT('',(0.0142567773090363,0.0219051248210965,0.0734775619909471));
#4760=CARTESIAN_POINT('',(0.0142187442567635,0.0263589333683131,0.0732658953242804));
#4761=CARTESIAN_POINT('',(0.018056839076109,0.0286187752313732,0.0730542286576138));
#4762=CARTESIAN_POINT('',(0.0218949338954544,0.0308786170944332,0.0728425619909471));
#4763=CARTESIAN_POINT('',(0.0257710617670726,0.0286846504102766,0.0726308953242805));
#4764=CARTESIAN_POINT('',(0.0296471896386909,0.02649068372612,0.0724192286576138));
#4765=CARTESIAN_POINT('',(0.0296852226909637,0.0220368751789034,0.0722075619909471));
#4766=CARTESIAN_POINT('',(0.0297232557432365,0.0175830666316869,0.0719958953242805));
#4767=CARTESIAN_POINT('',(0.025885160923891,0.0153232247686268,0.0717842286576138));
#4768=CARTESIAN_POINT('',(0.0220470661045456,0.0130633829055668,0.0715725619909472));
#4769=CARTESIAN_POINT('',(0.0181709382329274,0.0152573495897234,0.0713608953242805));
#4770=CARTESIAN_POINT('',(0.0142948103613091,0.01745131627388,0.0711492286576137));
#4771=CARTESIAN_POINT('',(0.0142567773090363,0.0219051248210965,0.0709375619909471));
#4772=CARTESIAN_POINT('',(0.0142187442567635,0.0263589333683131,0.0707258953242804));
#4773=CARTESIAN_POINT('',(0.018056839076109,0.0286187752313732,0.0705142286576138));
#4774=CARTESIAN_POINT('',(0.0218949338954544,0.0308786170944332,0.0703025619909471));
#4775=CARTESIAN_POINT('',(0.0257710617670726,0.0286846504102766,0.0700908953242805));
#4776=CARTESIAN_POINT('',(0.0296471896386909,0.02649068372612,0.0698792286576138));
#4777=CARTESIAN_POINT('',(0.0296852226909637,0.0220368751789034,0.0696675619909471));
#4778=CARTESIAN_POINT('',(0.0297232557432365,0.0175830666316869,0.0694558953242805));
#4779=CARTESIAN_POINT('',(0.025885160923891,0.0153232247686268,0.0692442286576138));
#4780=CARTESIAN_POINT('',(0.0220470661045456,0.0130633829055668,0.0690325619909471));
#4781=CARTESIAN_POINT('',(0.0181709382329274,0.0152573495897234,0.0688208953242805));
#4782=CARTESIAN_POINT('',(0.0142948103613091,0.01745131627388,0.0686092286576138));
#4783=CARTESIAN_POINT('',(0.0142567773090363,0.0219051248210965,0.0683975619909471));
#4784=CARTESIAN_POINT('',(0.0142187442567635,0.0263589333683131,0.0681858953242805));
#4785=CARTESIAN_POINT('',(0.018056839076109,0.0286187752313732,0.0679742286576138));
#4786=CARTESIAN_POINT('',(0.0218949338954544,0.0308786170944332,0.0677625619909472));
#4787=CARTESIAN_POINT('',(0.0257710617670726,0.0286846504102766,0.0675508953242805));
#4788=CARTESIAN_POINT('',(0.0296471896386909,0.02649068372612,0.0673392286576137));
#4789=CARTESIAN_POINT('',(0.0296852226909637,0.0220368751789034,0.0671275619909471));
#4790=CARTESIAN_POINT('',(0.0297232557432365,0.0175830666316869,0.0669158953242804));
#4791=CARTESIAN_POINT('',(0.025885160923891,0.0153232247686268,0.0667042286576138));
#4792=CARTESIAN_POINT('',(0.0220470661045456,0.0130633829055668,0.0664925619909471));
#4793=CARTESIAN_POINT('',(0.0181709382329274,0.0152573495897234,0.0662808953242805));
#4794=CARTESIAN_POINT('',(0.0142948103613091,0.01745131627388,0.0660692286576138));
#4795=CARTESIAN_POINT('',(0.0142567773090363,0.0219051248210965,0.0658575619909471));
#4796=CARTESIAN_POINT('',(0.0142187442567635,0.0263589333683131,0.0656458953242805));
#4797=CARTESIAN_POINT('',(0.018056839076109,0.0286187752313732,0.0654342286576138));
#4798=CARTESIAN_POINT('',(0.0218949338954544,0.0308786170944332,0.0652225619909471));
#4799=CARTESIAN_POINT('',(0.0257710617670726,0.0286846504102766,0.0650108953242805));
#4800=CARTESIAN_POINT('',(0.0296471896386909,0.02649068372612,0.0647992286576138));
#4801=CARTESIAN_POINT('',(0.0296852226909637,0.0220368751789034,0.0645875619909471));
#4802=CARTESIAN_POINT('',(0.0297232557432365,0.0175830666316869,0.0643758953242805));
#4803=CARTESIAN_POINT('',(0.025885160923891,0.0153232247686268,0.0641642286576138));
#4804=CARTESIAN_POINT('',(0.0220470661045456,0.0130633829055668,0.0639525619909471));
#4805=CARTESIAN_POINT('',(0.0181709382329274,0.0152573495897234,0.0637408953242805));
#4806=CARTESIAN_POINT('',(0.0142948103613091,0.01745131627388,0.0635292286576137));
#4807=CARTESIAN_POINT('',(0.0142567773090363,0.0219051248210965,0.0633175619909471));
#4808=CARTESIAN_POINT('',(0.0142187442567635,0.0263589333683131,0.0631058953242804));
#4809=CARTESIAN_POINT('',(0.018056839076109,0.0286187752313732,0.0628942286576138));
#4810=CARTESIAN_POINT('',(0.0218949338954544,0.0308786170944332,0.0626825619909471));
#4811=CARTESIAN_POINT('',(0.0257710617670726,0.0286846504102766,0.0624708953242805));
#4812=CARTESIAN_POINT('',(0.0296471896386909,0.02649068372612,0.0622592286576138));
#4813=CARTESIAN_POINT('',(0.0296852226909637,0.0220368751789034,0.0620475619909471));
#4814=CARTESIAN_POINT('',(0.0297232557432365,0.0175830666316869,0.0618358953242805));
#4815=CARTESIAN_POINT('',(0.025885160923891,0.0153232247686268,0.0616242286576138));
#4816=CARTESIAN_POINT('',(0.0220470661045456,0.0130633829055668,0.0614125619909472));
#4817=CARTESIAN_POINT('',(0.0181709382329274,0.0152573495897234,0.0612008953242805));
#4818=CARTESIAN_POINT('',(0.0142948103613091,0.01745131627388,0.0609892286576137));
#4819=CARTESIAN_POINT('',(0.0142567773090363,0.0219051248210965,0.0607775619909471));
#4820=CARTESIAN_POINT('',(0.0142187442567635,0.0263589333683131,0.0605658953242804));
#4821=CARTESIAN_POINT('',(0.018056839076109,0.0286187752313732,0.0603542286576138));
#4822=CARTESIAN_POINT('',(0.0218949338954544,0.0308786170944332,0.0601425619909471));
#4823=CARTESIAN_POINT('',(0.0257710617670726,0.0286846504102766,0.0599308953242805));
#4824=CARTESIAN_POINT('',(0.0296471896386909,0.02649068372612,0.0597192286576138));
#4825=CARTESIAN_POINT('',(0.0296852226909637,0.0220368751789034,0.0595075619909471));
#4826=CARTESIAN_POINT('',(0.0297232557432365,0.0175830666316869,0.0592958953242805));
#4827=CARTESIAN_POINT('',(0.025885160923891,0.0153232247686268,0.0590842286576138));
#4828=CARTESIAN_POINT('',(0.0220470661045456,0.0130633829055668,0.0588725619909471));
#4829=CARTESIAN_POINT('',(0.0181709382329274,0.0152573495897234,0.0586608953242805));
#4830=CARTESIAN_POINT('',(0.0142948103613091,0.01745131627388,0.0584492286576138));
#4831=CARTESIAN_POINT('',(0.0142567773090363,0.0219051248210965,0.0582375619909471));
#4832=CARTESIAN_POINT('',(0.0142187442567635,0.0263589333683131,0.0580258953242805));
#4833=CARTESIAN_POINT('',(0.018056839076109,0.0286187752313732,0.0578142286576138));
#4834=CARTESIAN_POINT('',(0.0218949338954544,0.0308786170944332,0.0576025619909471));
#4835=CARTESIAN_POINT('',(0.0257710617670726,0.0286846504102766,0.0573908953242805));
#4836=CARTESIAN_POINT('',(0.0296471896386909,0.02649068372612,0.0571792286576137));
#4837=CARTESIAN_POINT('',(0.0296852226909637,0.0220368751789034,0.0569675619909471));
#4838=CARTESIAN_POINT('',(0.0297232557432365,0.0175830666316869,0.0567558953242804));
#4839=CARTESIAN_POINT('',(0.025885160923891,0.0153232247686268,0.0565442286576138));
#4840=CARTESIAN_POINT('',(0.0220470661045456,0.0130633829055668,0.0563325619909471));
#4841=CARTESIAN_POINT('',(0.0181709382329274,0.0152573495897234,0.0561208953242805));
#4842=CARTESIAN_POINT('',(0.0142948103613091,0.01745131627388,0.0559092286576138));
#4843=CARTESIAN_POINT('',(0.0142567773090363,0.0219051248210965,0.0556975619909471));
#4844=CARTESIAN_POINT('',(0.0142187442567635,0.0263589333683131,0.0554858953242805));
#4845=CARTESIAN_POINT('',(0.018056839076109,0.0286187752313732,0.0552742286576138));
#4846=CARTESIAN_POINT('',(0.0218949338954544,0.0308786170944332,0.0550625619909471));
#4847=CARTESIAN_POINT('',(0.0257710617670726,0.0286846504102766,0.0548508953242805));
#4848=CARTESIAN_POINT('',(0.0296471896386909,0.02649068372612,0.0546392286576138));
#4849=CARTESIAN_POINT('',(0.0296852226909637,0.0220368751789034,0.0544275619909471));
#4850=CARTESIAN_POINT('',(0.0297232557432365,0.0175830666316869,0.0542158953242805));
#4851=CARTESIAN_POINT('',(0.025885160923891,0.0153232247686268,0.0540042286576138));
#4852=CARTESIAN_POINT('',(0.0220470661045456,0.0130633829055668,0.0537925619909471));
#4853=CARTESIAN_POINT('',(0.0181709382329274,0.0152573495897234,0.0535808953242805));
#4854=CARTESIAN_POINT('',(0.0142948103613091,0.01745131627388,0.0533692286576138));
#4855=CARTESIAN_POINT('',(0.0142567773090363,0.0219051248210965,0.0531575619909471));
#4856=CARTESIAN_POINT('',(0.0142187442567635,0.0263589333683131,0.0529458953242804));
#4857=CARTESIAN_POINT('',(0.018056839076109,0.0286187752313732,0.0527342286576138));
#4858=CARTESIAN_POINT('',(0.0218949338954544,0.0308786170944332,0.0525225619909471));
#4859=CARTESIAN_POINT('',(0.0257710617670726,0.0286846504102766,0.0523108953242805));
#4860=CARTESIAN_POINT('',(0.0296471896386909,0.02649068372612,0.0520992286576138));
#4861=CARTESIAN_POINT('',(0.0296852226909637,0.0220368751789034,0.0518875619909471));
#4862=CARTESIAN_POINT('',(0.0297232557432365,0.0175830666316869,0.0516758953242805));
#4863=CARTESIAN_POINT('',(0.025885160923891,0.0153232247686268,0.0514642286576138));
#4864=CARTESIAN_POINT('',(0.0220470661045456,0.0130633829055668,0.0512525619909471));
#4865=CARTESIAN_POINT('',(0.0181709382329274,0.0152573495897234,0.0510408953242805));
#4866=CARTESIAN_POINT('',(0.0142948103613091,0.01745131627388,0.0508292286576138));
#4867=CARTESIAN_POINT('',(0.0142567773090363,0.0219051248210965,0.0506175619909471));
#4868=CARTESIAN_POINT('',(0.0142187442567635,0.0263589333683131,0.0504058953242805));
#4869=CARTESIAN_POINT('',(0.018056839076109,0.0286187752313732,0.0501942286576138));
#4870=CARTESIAN_POINT('',(0.0218949338954544,0.0308786170944332,0.0499825619909471));
#4871=CARTESIAN_POINT('',(0.0257710617670726,0.0286846504102766,0.0497708953242805));
#4872=CARTESIAN_POINT('',(0.0296471896386909,0.02649068372612,0.0495592286576138));
#4873=CARTESIAN_POINT('',(0.0296852226909637,0.0220368751789034,0.0493475619909471));
#4874=CARTESIAN_POINT('',(0.0297232557432365,0.0175830666316869,0.0491358953242804));
#4875=CARTESIAN_POINT('',(0.025885160923891,0.0153232247686268,0.0489242286576138));
#4876=CARTESIAN_POINT('',(0.0220470661045456,0.0130633829055668,0.0487125619909471));
#4877=CARTESIAN_POINT('',(0.0181709382329274,0.0152573495897234,0.0485008953242805));
#4878=CARTESIAN_POINT('',(0.0142948103613091,0.01745131627388,0.0482892286576138));
#4879=CARTESIAN_POINT('',(0.0142567773090363,0.0219051248210965,0.0480775619909471));
#4880=CARTESIAN_POINT('',(0.0142187442567635,0.0263589333683131,0.0478658953242804));
#4881=CARTESIAN_POINT('',(0.018056839076109,0.0286187752313732,0.0476542286576138));
#4882=CARTESIAN_POINT('',(0.0218949338954544,0.0308786170944332,0.0474425619909471));
#4883=CARTESIAN_POINT('',(0.0257710617670726,0.0286846504102766,0.0472308953242805));
#4884=CARTESIAN_POINT('',(0.0296471896386909,0.02649068372612,0.0470192286576138));
#4885=CARTESIAN_POINT('',(0.0296852226909637,0.0220368751789034,0.0468075619909471));
#4886=CARTESIAN_POINT('',(0.0297232557432365,0.0175830666316869,0.0465958953242805));
#4887=CARTESIAN_POINT('',(0.025885160923891,0.0153232247686268,0.0463842286576138));
#4888=CARTESIAN_POINT('',(0.0220470661045456,0.0130633829055668,0.0461725619909471));
#4889=CARTESIAN_POINT('',(0.0181709382329274,0.0152573495897234,0.0459608953242805));
#4890=CARTESIAN_POINT('',(0.0142948103613091,0.01745131627388,0.0457492286576138));
#4891=CARTESIAN_POINT('',(0.0142567773090363,0.0219051248210965,0.0455375619909471));
#4892=CARTESIAN_POINT('',(0.0142187442567635,0.0263589333683131,0.0453258953242805));
#4893=CARTESIAN_POINT('',(0.018056839076109,0.0286187752313732,0.0451142286576138));
#4894=CARTESIAN_POINT('',(0.0218949338954544,0.0308786170944332,0.0449025619909471));
#4895=CARTESIAN_POINT('',(0.0257710617670726,0.0286846504102766,0.0446908953242805));
#4896=CARTESIAN_POINT('',(0.0296471896386909,0.02649068372612,0.0444792286576138));
#4897=CARTESIAN_POINT('',(0.0296852226909637,0.0220368751789034,0.0442675619909471));
#4898=CARTESIAN_POINT('',(0.0297232557432365,0.0175830666316869,0.0440558953242805));
#4899=CARTESIAN_POINT('',(0.025885160923891,0.0153232247686268,0.0438442286576138));
#4900=CARTESIAN_POINT('',(0.0220470661045456,0.0130633829055668,0.0436325619909471));
#4901=CARTESIAN_POINT('',(0.0181709382329274,0.0152573495897234,0.0434208953242805));
#4902=CARTESIAN_POINT('',(0.0142948103613091,0.01745131627388,0.0432092286576138));
#4903=CARTESIAN_POINT('',(0.0142567773090363,0.0219051248210965,0.0429975619909471));
#4904=CARTESIAN_POINT('',(0.0142187442567635,0.0263589333683131,0.0427858953242804));
#4905=CARTESIAN_POINT('',(0.018056839076109,0.0286187752313732,0.0425742286576138));
#4906=CARTESIAN_POINT('',(0.0218949338954544,0.0308786170944332,0.0423625619909471));
#4907=CARTESIAN_POINT('',(0.0257710617670726,0.0286846504102766,0.0421508953242805));
#4908=CARTESIAN_POINT('',(0.0296471896386909,0.02649068372612,0.0419392286576138));
#4909=CARTESIAN_POINT('',(0.0296852226909637,0.0220368751789034,0.0417275619909472));
#4910=CARTESIAN_POINT('',(0.0297232557432365,0.0175830666316869,0.0415158953242805));
#4911=CARTESIAN_POINT('',(0.025885160923891,0.0153232247686268,0.0413042286576138));
#4912=CARTESIAN_POINT('',(0.0220470661045456,0.0130633829055668,0.0410925619909471));
#4913=CARTESIAN_POINT('',(0.0181709382329274,0.0152573495897234,0.0408808953242805));
#4914=CARTESIAN_POINT('',(0.0142948103613091,0.01745131627388,0.0406692286576138));
#4915=CARTESIAN_POINT('',(0.0142567773090363,0.0219051248210965,0.0404575619909472));
#4916=CARTESIAN_POINT('',(0.0142187442567635,0.0263589333683131,0.0402458953242805));
#4917=CARTESIAN_POINT('',(0.018056839076109,0.0286187752313732,0.0400342286576138));
#4918=CARTESIAN_POINT('',(0.0218949338954544,0.0308786170944332,0.0398225619909471));
#4919=CARTESIAN_POINT('',(0.0257710617670726,0.0286846504102766,0.0396108953242804));
#4920=CARTESIAN_POINT('',(0.0296471896386909,0.02649068372612,0.0393992286576138));
#4921=CARTESIAN_POINT('',(0.0296852226909637,0.0220368751789034,0.0391875619909471));
#4922=CARTESIAN_POINT('',(0.0297232557432365,0.0175830666316869,0.0389758953242804));
#4923=CARTESIAN_POINT('',(0.025885160923891,0.0153232247686268,0.0387642286576138));
#4924=CARTESIAN_POINT('',(0.0220470661045456,0.0130633829055668,0.0385525619909471));
#4925=CARTESIAN_POINT('',(0.0181709382329274,0.0152573495897234,0.0383408953242804));
#4926=CARTESIAN_POINT('',(0.0142948103613091,0.01745131627388,0.0381292286576137));
#4927=CARTESIAN_POINT('',(0.0142567773090363,0.0219051248210965,0.0379175619909471));
#4928=CARTESIAN_POINT('',(0.0142187442567635,0.0263589333683131,0.0377058953242804));
#4929=CARTESIAN_POINT('',(0.018056839076109,0.0286187752313732,0.0374942286576138));
#4930=CARTESIAN_POINT('',(0.0218949338954544,0.0308786170944332,0.0372825619909471));
#4931=CARTESIAN_POINT('',(0.0257710617670726,0.0286846504102766,0.0370708953242804));
#4932=CARTESIAN_POINT('',(0.0296471896386909,0.02649068372612,0.0368592286576138));
#4933=CARTESIAN_POINT('',(0.0296852226909637,0.0220368751789034,0.0366475619909472));
#4934=CARTESIAN_POINT('',(0.0297232557432365,0.0175830666316869,0.0364358953242805));
#4935=CARTESIAN_POINT('',(0.025885160923891,0.0153232247686268,0.0362242286576138));
#4936=CARTESIAN_POINT('',(0.0220470661045456,0.0130633829055668,0.0360125619909471));
#4937=CARTESIAN_POINT('',(0.0181709382329274,0.0152573495897234,0.0358008953242805));
#4938=CARTESIAN_POINT('',(0.0142948103613091,0.01745131627388,0.0355892286576138));
#4939=CARTESIAN_POINT('',(0.0142567773090363,0.0219051248210965,0.0353775619909472));
#4940=CARTESIAN_POINT('',(0.0142187442567635,0.0263589333683131,0.0351658953242805));
#4941=CARTESIAN_POINT('',(0.018056839076109,0.0286187752313732,0.0349542286576138));
#4942=CARTESIAN_POINT('',(0.0218949338954544,0.0308786170944332,0.0347425619909471));
#4943=CARTESIAN_POINT('',(0.0257710617670726,0.0286846504102766,0.0345308953242805));
#4944=CARTESIAN_POINT('',(0.0296471896386909,0.02649068372612,0.0343192286576138));
#4945=CARTESIAN_POINT('',(0.0296852226909637,0.0220368751789034,0.0341075619909471));
#4946=CARTESIAN_POINT('',(0.0297232557432365,0.0175830666316869,0.0338958953242804));
#4947=CARTESIAN_POINT('',(0.025885160923891,0.0153232247686268,0.0336842286576138));
#4948=CARTESIAN_POINT('',(0.0220470661045456,0.0130633829055668,0.0334725619909471));
#4949=CARTESIAN_POINT('',(0.0181709382329274,0.0152573495897234,0.0332608953242805));
#4950=CARTESIAN_POINT('',(0.0142948103613091,0.01745131627388,0.0330492286576138));
#4951=CARTESIAN_POINT('',(0.0142567773090363,0.0219051248210965,0.0328375619909471));
#4952=CARTESIAN_POINT('',(0.0142187442567635,0.0263589333683131,0.0326258953242804));
#4953=CARTESIAN_POINT('',(0.018056839076109,0.0286187752313732,0.0324142286576138));
#4954=CARTESIAN_POINT('',(0.0218949338954544,0.0308786170944332,0.0322025619909471));
#4955=CARTESIAN_POINT('',(0.0257710617670726,0.0286846504102766,0.0319908953242805));
#4956=CARTESIAN_POINT('',(0.0296471896386909,0.02649068372612,0.0317792286576138));
#4957=CARTESIAN_POINT('',(0.0296852226909637,0.0220368751789034,0.0315675619909472));
#4958=CARTESIAN_POINT('',(0.0297232557432365,0.0175830666316869,0.0313558953242805));
#4959=CARTESIAN_POINT('',(0.025885160923891,0.0153232247686268,0.0311442286576138));
#4960=CARTESIAN_POINT('',(0.0220470661045456,0.0130633829055668,0.0309325619909471));
#4961=CARTESIAN_POINT('',(0.0181709382329274,0.0152573495897234,0.0307208953242804));
#4962=CARTESIAN_POINT('',(0.0142948103613091,0.01745131627388,0.0305092286576138));
#4963=CARTESIAN_POINT('',(0.0142567773090363,0.0219051248210965,0.0302975619909471));
#4964=CARTESIAN_POINT('',(0.0142187442567635,0.0263589333683131,0.0300858953242804));
#4965=CARTESIAN_POINT('',(0.018056839076109,0.0286187752313732,0.0298742286576138));
#4966=CARTESIAN_POINT('',(0.0218949338954544,0.0308786170944332,0.0296625619909471));
#4967=CARTESIAN_POINT('',(0.0257710617670726,0.0286846504102766,0.0294508953242804));
#4968=CARTESIAN_POINT('',(0.0296471896386909,0.02649068372612,0.0292392286576138));
#4969=CARTESIAN_POINT('',(0.0296852226909637,0.0220368751789034,0.0290275619909471));
#4970=CARTESIAN_POINT('',(0.0297232557432365,0.0175830666316869,0.0288158953242804));
#4971=CARTESIAN_POINT('',(0.025885160923891,0.0153232247686268,0.0286042286576138));
#4972=CARTESIAN_POINT('',(0.0220470661045456,0.0130633829055668,0.0283925619909471));
#4973=CARTESIAN_POINT('',(0.0181709382329274,0.0152573495897234,0.0281808953242805));
#4974=CARTESIAN_POINT('',(0.0142948103613091,0.01745131627388,0.0279692286576138));
#4975=CARTESIAN_POINT('',(0.0142567773090363,0.0219051248210965,0.0277575619909471));
#4976=CARTESIAN_POINT('',(0.0142187442567635,0.0263589333683131,0.0275458953242804));
#4977=CARTESIAN_POINT('',(0.018056839076109,0.0286187752313732,0.0273342286576138));
#4978=CARTESIAN_POINT('',(0.0218949338954544,0.0308786170944332,0.0271225619909471));
#4979=CARTESIAN_POINT('',(0.0257710617670726,0.0286846504102766,0.0269108953242805));
#4980=CARTESIAN_POINT('',(0.0296471896386909,0.02649068372612,0.0266992286576138));
#4981=CARTESIAN_POINT('',(0.0296852226909637,0.0220368751789034,0.0264875619909472));
#4982=CARTESIAN_POINT('',(0.0297232557432365,0.0175830666316869,0.0262758953242805));
#4983=CARTESIAN_POINT('',(0.025885160923891,0.0153232247686268,0.0260642286576138));
#4984=CARTESIAN_POINT('',(0.0220470661045456,0.0130633829055668,0.0258525619909471));
#4985=CARTESIAN_POINT('',(0.0181709382329274,0.0152573495897234,0.0256408953242805));
#4986=CARTESIAN_POINT('',(0.0142948103613091,0.01745131627388,0.0254292286576138));
#4987=CARTESIAN_POINT('',(0.0142567773090363,0.0219051248210965,0.0252175619909472));
#4988=CARTESIAN_POINT('',(0.0142187442567635,0.0263589333683131,0.0250058953242805));
#4989=CARTESIAN_POINT('',(0.018056839076109,0.0286187752313732,0.0247942286576137));
#4990=CARTESIAN_POINT('',(0.0218949338954544,0.0308786170944332,0.0245825619909471));
#4991=CARTESIAN_POINT('',(0.0257710617670726,0.0286846504102766,0.0243708953242804));
#4992=CARTESIAN_POINT('',(0.0296471896386909,0.02649068372612,0.0241592286576138));
#4993=CARTESIAN_POINT('',(0.0296852226909637,0.0220368751789034,0.0239475619909471));
#4994=CARTESIAN_POINT('',(0.0297232557432365,0.0175830666316869,0.0237358953242804));
#4995=CARTESIAN_POINT('',(0.025885160923891,0.0153232247686268,0.0235242286576138));
#4996=CARTESIAN_POINT('',(0.0220470661045456,0.0130633829055668,0.0233125619909471));
#4997=CARTESIAN_POINT('',(0.0181709382329274,0.0152573495897234,0.0231008953242804));
#4998=CARTESIAN_POINT('',(0.0142948103613091,0.01745131627388,0.0228892286576138));
#4999=CARTESIAN_POINT('',(0.0142567773090363,0.0219051248210965,0.0226775619909471));
#5000=CARTESIAN_POINT('',(0.0142187442567635,0.0263589333683131,0.0224658953242804));
#5001=CARTESIAN_POINT('',(0.018056839076109,0.0286187752313732,0.0222542286576138));
#5002=CARTESIAN_POINT('',(0.0218949338954544,0.0308786170944332,0.0220425619909471));
#5003=CARTESIAN_POINT('',(0.0257710617670726,0.0286846504102766,0.0218308953242804));
#5004=CARTESIAN_POINT('',(0.0296471896386909,0.02649068372612,0.0216192286576138));
#5005=CARTESIAN_POINT('',(0.0296852226909637,0.0220368751789034,0.0214075619909471));
#5006=CARTESIAN_POINT('',(0.0297232557432365,0.0175830666316869,0.0211958953242805));
#5007=CARTESIAN_POINT('',(0.025885160923891,0.0153232247686268,0.0209842286576138));
#5008=CARTESIAN_POINT('',(0.0220470661045456,0.0130633829055668,0.0207725619909471));
#5009=CARTESIAN_POINT('',(0.0181709382329274,0.0152573495897234,0.0205608953242805));
#5010=CARTESIAN_POINT('',(0.0142948103613091,0.01745131627388,0.0203492286576138));
#5011=CARTESIAN_POINT('',(0.0142567773090363,0.0219051248210965,0.0201375619909471));
#5012=CARTESIAN_POINT('',(0.0142187442567635,0.0263589333683131,0.0199258953242804));
#5013=CARTESIAN_POINT('',(0.018056839076109,0.0286187752313732,0.0197142286576137));
#5014=CARTESIAN_POINT('',(0.0218949338954544,0.0308786170944332,0.0195025619909471));
#5015=CARTESIAN_POINT('',(0.0257710617670726,0.0286846504102766,0.0192908953242805));
#5016=CARTESIAN_POINT('',(0.0296471896386909,0.02649068372612,0.0190792286576138));
#5017=CARTESIAN_POINT('',(0.0296852226909637,0.0220368751789034,0.0188675619909471));
#5018=CARTESIAN_POINT('',(0.0297232557432365,0.0175830666316869,0.0186558953242804));
#5019=CARTESIAN_POINT('',(0.025885160923891,0.0153232247686268,0.0184442286576138));
#5020=CARTESIAN_POINT('',(0.0220470661045456,0.0130633829055668,0.0182325619909471));
#5021=CARTESIAN_POINT('',(0.0181709382329274,0.0152573495897234,0.0180208953242805));
#5022=CARTESIAN_POINT('',(0.0142948103613091,0.01745131627388,0.0178092286576138));
#5023=CARTESIAN_POINT('',(0.0142567773090363,0.0219051248210965,0.0175975619909471));
#5024=CARTESIAN_POINT('',(0.0142187442567635,0.0263589333683131,0.0173858953242804));
#5025=CARTESIAN_POINT('',(0.018056839076109,0.0286187752313732,0.0171742286576138));
#5026=CARTESIAN_POINT('',(0.0218949338954544,0.0308786170944332,0.0169625619909471));
#5027=CARTESIAN_POINT('',(0.0257710617670726,0.0286846504102766,0.0167508953242805));
#5028=CARTESIAN_POINT('',(0.0296471896386909,0.02649068372612,0.0165392286576138));
#5029=CARTESIAN_POINT('',(0.0296852226909637,0.0220368751789034,0.0163275619909471));
#5030=CARTESIAN_POINT('',(0.0297232557432365,0.0175830666316869,0.0161158953242804));
#5031=CARTESIAN_POINT('',(0.025885160923891,0.0153232247686268,0.0159042286576138));
#5032=CARTESIAN_POINT('',(0.0220470661045456,0.0130633829055668,0.0156925619909471));
#5033=CARTESIAN_POINT('',(0.0181709382329274,0.0152573495897234,0.0154808953242804));
#5034=CARTESIAN_POINT('',(0.0142948103613091,0.01745131627388,0.0152692286576138));
#5035=CARTESIAN_POINT('',(0.0142567773090363,0.0219051248210965,0.0150575619909471));
#5036=CARTESIAN_POINT('',(0.0142187442567635,0.0263589333683131,0.0148458953242804));
#5037=CARTESIAN_POINT('',(0.018056839076109,0.0286187752313732,0.0146342286576138));
#5038=CARTESIAN_POINT('',(0.0218949338954544,0.0308786170944332,0.0144225619909471));
#5039=CARTESIAN_POINT('',(0.0257710617670726,0.0286846504102766,0.0142108953242804));
#5040=CARTESIAN_POINT('',(0.0296471896386909,0.02649068372612,0.0139992286576138));
#5041=CARTESIAN_POINT('',(0.0296852226909637,0.0220368751789034,0.0137875619909471));
#5042=CARTESIAN_POINT('',(0.0297232557432365,0.0175830666316869,0.0135758953242804));
#5043=CARTESIAN_POINT('',(0.025885160923891,0.0153232247686268,0.0133642286576138));
#5044=CARTESIAN_POINT('',(0.0220470661045456,0.0130633829055668,0.0131525619909471));
#5045=CARTESIAN_POINT('',(0.0181709382329274,0.0152573495897234,0.0129408953242804));
#5046=CARTESIAN_POINT('',(0.0142948103613091,0.01745131627388,0.0127292286576138));
#5047=CARTESIAN_POINT('',(0.0142567773090363,0.0219051248210965,0.0125175619909471));
#5048=CARTESIAN_POINT('',(0.0142187442567635,0.0263589333683131,0.0123058953242804));
#5049=CARTESIAN_POINT('',(0.018056839076109,0.0286187752313732,0.0120942286576138));
#5050=CARTESIAN_POINT('',(0.0218949338954544,0.0308786170944332,0.0118825619909471));
#5051=CARTESIAN_POINT('',(0.0257710617670726,0.0286846504102766,0.0116708953242804));
#5052=CARTESIAN_POINT('',(0.0296471896386909,0.02649068372612,0.0114592286576138));
#5053=CARTESIAN_POINT('',(0.0296852226909637,0.0220368751789034,0.0112475619909471));
#5054=CARTESIAN_POINT('',(0.0271530847188247,0.0219735522591109,0.1778));
#5055=CARTESIAN_POINT('',(0.0273934604599264,0.0205245821500463,0.1778));
#5056=CARTESIAN_POINT('',(0.0268621337218875,0.0182454304582517,0.1778));
#5057=CARTESIAN_POINT('',(0.0246999544061883,0.0162176751381211,0.1778));
#5058=CARTESIAN_POINT('',(0.0226787272541087,0.0153254822012956,0.1778));
#5059=CARTESIAN_POINT('',(0.0204773539297634,0.0151302692229405,0.1778));
#5060=CARTESIAN_POINT('',(0.017623124045346,0.0158545602214142,0.1778));
#5061=CARTESIAN_POINT('',(0.0158834855729488,0.0173087364873019,0.1778));
#5062=CARTESIAN_POINT('',(0.0150688393362882,0.0185251692674647,0.1778));
#5063=CARTESIAN_POINT('',(0.0294725196915703,0.023771214871052,0.0113354960454366));
#5064=CARTESIAN_POINT('',(0.0291362319497422,0.0249757853122879,0.0113814074219685));
#5065=CARTESIAN_POINT('',(0.0278795649632822,0.0271767775271052,0.0114819821886257));
#5066=CARTESIAN_POINT('',(0.0246573420537753,0.0292496299583057,0.0116081634140769));
#5067=CARTESIAN_POINT('',(0.0208205548092239,0.0294920956257332,0.0117640653528594));
#5068=CARTESIAN_POINT('',(0.0173512986999195,0.027855567610617,0.011897019676914));
#5069=CARTESIAN_POINT('',(0.0151607258919038,0.0246825959057704,0.0120581563789731));
#5070=CARTESIAN_POINT('',(0.0148650385037716,0.0208386905494449,0.0121974355583991));
#5071=CARTESIAN_POINT('',(0.016619160782324,0.0173987613175411,0.0123662076161937));
#5072=CARTESIAN_POINT('',(0.0199328930889793,0.0153783566582348,0.0125115209598262));
#5073=CARTESIAN_POINT('',(0.0238054932393625,0.0154928081200352,0.0126893010323528));
#5074=CARTESIAN_POINT('',(0.0270007557994146,0.0177120195454414,0.0128432983169765));
#5075=CARTESIAN_POINT('',(0.0283630007833451,0.0213769473254159,0.0130263241497303));
#5076=CARTESIAN_POINT('',(0.0273600507167347,0.0251545408195791,0.0131994430519393));
#5077=CARTESIAN_POINT('',(0.0242851570364319,0.027610065817616,0.0133773340341323));
#5078=CARTESIAN_POINT('',(0.0203459239142242,0.0276541261317142,0.0135774494771191));
#5079=CARTESIAN_POINT('',(0.0172313278077925,0.0252131236928437,0.0137632728633618));
#5080=CARTESIAN_POINT('',(0.0167153073231066,0.0226090327546217,0.013903444782291));
#5081=CARTESIAN_POINT('',(0.0169251261404144,0.0213831590409378,0.01397));
#5082=CARTESIAN_POINT('',(0.0169251261404144,0.0213831590409379,0.01397));
#5083=CARTESIAN_POINT('',(0.027051,0.0219709993561753,0.177756154261232));
#5084=CARTESIAN_POINT('',(0.0270509996282876,0.0190380599886921,0.177544487594566));
#5085=CARTESIAN_POINT('',(0.0245109994424315,0.0175715906268628,0.177332820927899));
#5086=CARTESIAN_POINT('',(0.0219709992565753,0.0161051212650334,0.177121154261232));
#5087=CARTESIAN_POINT('',(0.0194309994424315,0.0175715912706874,0.176909487594565));
#5088=CARTESIAN_POINT('',(0.0168909996282877,0.0190380612763413,0.176697820927899));
#5089=CARTESIAN_POINT('',(0.016891,0.0219710006438246,0.176486154261232));
#5090=CARTESIAN_POINT('',(0.0168910003717124,0.0249039400113079,0.176274487594565));
#5091=CARTESIAN_POINT('',(0.0194310005575685,0.0263704093731373,0.176062820927899));
#5092=CARTESIAN_POINT('',(0.0219710007434247,0.0278368787349665,0.175851154261232));
#5093=CARTESIAN_POINT('',(0.0245110005575685,0.0263704087293126,0.175639487594565));
#5094=CARTESIAN_POINT('',(0.0270510003717123,0.0249039387236586,0.175427820927899));
#5095=CARTESIAN_POINT('',(0.027051,0.0219709993561753,0.175216154261232));
#5096=CARTESIAN_POINT('',(0.0270509996282876,0.0190380599886921,0.175004487594566));
#5097=CARTESIAN_POINT('',(0.0245109994424315,0.0175715906268628,0.174792820927899));
#5098=CARTESIAN_POINT('',(0.0219709992565753,0.0161051212650334,0.174581154261232));
#5099=CARTESIAN_POINT('',(0.0194309994424315,0.0175715912706874,0.174369487594565));
#5100=CARTESIAN_POINT('',(0.0168909996282877,0.0190380612763413,0.174157820927899));
#5101=CARTESIAN_POINT('',(0.016891,0.0219710006438246,0.173946154261232));
#5102=CARTESIAN_POINT('',(0.0168910003717124,0.0249039400113079,0.173734487594565));
#5103=CARTESIAN_POINT('',(0.0194310005575685,0.0263704093731373,0.173522820927899));
#5104=CARTESIAN_POINT('',(0.0219710007434247,0.0278368787349665,0.173311154261232));
#5105=CARTESIAN_POINT('',(0.0245110005575685,0.0263704087293126,0.173099487594566));
#5106=CARTESIAN_POINT('',(0.0270510003717123,0.0249039387236586,0.172887820927899));
#5107=CARTESIAN_POINT('',(0.027051,0.0219709993561753,0.172676154261232));
#5108=CARTESIAN_POINT('',(0.0270509996282876,0.0190380599886921,0.172464487594566));
#5109=CARTESIAN_POINT('',(0.0245109994424315,0.0175715906268628,0.172252820927899));
#5110=CARTESIAN_POINT('',(0.0219709992565753,0.0161051212650334,0.172041154261232));
#5111=CARTESIAN_POINT('',(0.0194309994424315,0.0175715912706874,0.171829487594565));
#5112=CARTESIAN_POINT('',(0.0168909996282877,0.0190380612763413,0.171617820927899));
#5113=CARTESIAN_POINT('',(0.016891,0.0219710006438246,0.171406154261232));
#5114=CARTESIAN_POINT('',(0.0168910003717124,0.0249039400113079,0.171194487594566));
#5115=CARTESIAN_POINT('',(0.0194310005575685,0.0263704093731373,0.170982820927899));
#5116=CARTESIAN_POINT('',(0.0219710007434247,0.0278368787349665,0.170771154261232));
#5117=CARTESIAN_POINT('',(0.0245110005575685,0.0263704087293126,0.170559487594565));
#5118=CARTESIAN_POINT('',(0.0270510003717123,0.0249039387236586,0.170347820927899));
#5119=CARTESIAN_POINT('',(0.027051,0.0219709993561753,0.170136154261232));
#5120=CARTESIAN_POINT('',(0.0270509996282876,0.0190380599886921,0.169924487594565));
#5121=CARTESIAN_POINT('',(0.0245109994424315,0.0175715906268628,0.169712820927899));
#5122=CARTESIAN_POINT('',(0.0219709992565753,0.0161051212650334,0.169501154261232));
#5123=CARTESIAN_POINT('',(0.0194309994424315,0.0175715912706874,0.169289487594565));
#5124=CARTESIAN_POINT('',(0.0168909996282877,0.0190380612763413,0.169077820927899));
#5125=CARTESIAN_POINT('',(0.016891,0.0219710006438246,0.168866154261232));
#5126=CARTESIAN_POINT('',(0.0168910003717124,0.0249039400113079,0.168654487594565));
#5127=CARTESIAN_POINT('',(0.0194310005575685,0.0263704093731373,0.168442820927899));
#5128=CARTESIAN_POINT('',(0.0219710007434247,0.0278368787349665,0.168231154261232));
#5129=CARTESIAN_POINT('',(0.0245110005575685,0.0263704087293126,0.168019487594566));
#5130=CARTESIAN_POINT('',(0.0270510003717123,0.0249039387236586,0.167807820927899));
#5131=CARTESIAN_POINT('',(0.027051,0.0219709993561753,0.167596154261233));
#5132=CARTESIAN_POINT('',(0.0270509996282876,0.0190380599886921,0.167384487594566));
#5133=CARTESIAN_POINT('',(0.0245109994424315,0.0175715906268628,0.167172820927899));
#5134=CARTESIAN_POINT('',(0.0219709992565753,0.0161051212650334,0.166961154261232));
#5135=CARTESIAN_POINT('',(0.0194309994424315,0.0175715912706874,0.166749487594565));
#5136=CARTESIAN_POINT('',(0.0168909996282877,0.0190380612763413,0.166537820927899));
#5137=CARTESIAN_POINT('',(0.016891,0.0219710006438246,0.166326154261232));
#5138=CARTESIAN_POINT('',(0.0168910003717124,0.0249039400113079,0.166114487594566));
#5139=CARTESIAN_POINT('',(0.0194310005575685,0.0263704093731373,0.165902820927899));
#5140=CARTESIAN_POINT('',(0.0219710007434247,0.0278368787349665,0.165691154261232));
#5141=CARTESIAN_POINT('',(0.0245110005575685,0.0263704087293126,0.165479487594565));
#5142=CARTESIAN_POINT('',(0.0270510003717123,0.0249039387236586,0.165267820927899));
#5143=CARTESIAN_POINT('',(0.027051,0.0219709993561753,0.165056154261232));
#5144=CARTESIAN_POINT('',(0.0270509996282876,0.0190380599886921,0.164844487594565));
#5145=CARTESIAN_POINT('',(0.0245109994424315,0.0175715906268628,0.164632820927899));
#5146=CARTESIAN_POINT('',(0.0219709992565753,0.0161051212650334,0.164421154261232));
#5147=CARTESIAN_POINT('',(0.0194309994424315,0.0175715912706874,0.164209487594565));
#5148=CARTESIAN_POINT('',(0.0168909996282877,0.0190380612763413,0.163997820927899));
#5149=CARTESIAN_POINT('',(0.016891,0.0219710006438246,0.163786154261232));
#5150=CARTESIAN_POINT('',(0.0168910003717124,0.0249039400113079,0.163574487594565));
#5151=CARTESIAN_POINT('',(0.0194310005575685,0.0263704093731373,0.163362820927899));
#5152=CARTESIAN_POINT('',(0.0219710007434247,0.0278368787349665,0.163151154261232));
#5153=CARTESIAN_POINT('',(0.0245110005575685,0.0263704087293126,0.162939487594566));
#5154=CARTESIAN_POINT('',(0.0270510003717123,0.0249039387236586,0.162727820927899));
#5155=CARTESIAN_POINT('',(0.027051,0.0219709993561753,0.162516154261233));
#5156=CARTESIAN_POINT('',(0.0270509996282876,0.0190380599886921,0.162304487594565));
#5157=CARTESIAN_POINT('',(0.0245109994424315,0.0175715906268628,0.162092820927899));
#5158=CARTESIAN_POINT('',(0.0219709992565753,0.0161051212650334,0.161881154261232));
#5159=CARTESIAN_POINT('',(0.0194309994424315,0.0175715912706874,0.161669487594565));
#5160=CARTESIAN_POINT('',(0.0168909996282877,0.0190380612763413,0.161457820927899));
#5161=CARTESIAN_POINT('',(0.016891,0.0219710006438246,0.161246154261232));
#5162=CARTESIAN_POINT('',(0.0168910003717124,0.0249039400113079,0.161034487594566));
#5163=CARTESIAN_POINT('',(0.0194310005575685,0.0263704093731373,0.160822820927899));
#5164=CARTESIAN_POINT('',(0.0219710007434247,0.0278368787349665,0.160611154261232));
#5165=CARTESIAN_POINT('',(0.0245110005575685,0.0263704087293126,0.160399487594565));
#5166=CARTESIAN_POINT('',(0.0270510003717123,0.0249039387236586,0.160187820927899));
#5167=CARTESIAN_POINT('',(0.027051,0.0219709993561753,0.159976154261232));
#5168=CARTESIAN_POINT('',(0.0270509996282876,0.0190380599886921,0.159764487594566));
#5169=CARTESIAN_POINT('',(0.0245109994424315,0.0175715906268628,0.159552820927899));
#5170=CARTESIAN_POINT('',(0.0219709992565753,0.0161051212650334,0.159341154261232));
#5171=CARTESIAN_POINT('',(0.0194309994424315,0.0175715912706874,0.159129487594565));
#5172=CARTESIAN_POINT('',(0.0168909996282877,0.0190380612763413,0.158917820927899));
#5173=CARTESIAN_POINT('',(0.016891,0.0219710006438246,0.158706154261232));
#5174=CARTESIAN_POINT('',(0.0168910003717124,0.0249039400113079,0.158494487594566));
#5175=CARTESIAN_POINT('',(0.0194310005575685,0.0263704093731373,0.158282820927899));
#5176=CARTESIAN_POINT('',(0.0219710007434247,0.0278368787349665,0.158071154261232));
#5177=CARTESIAN_POINT('',(0.0245110005575685,0.0263704087293126,0.157859487594566));
#5178=CARTESIAN_POINT('',(0.0270510003717123,0.0249039387236586,0.157647820927899));
#5179=CARTESIAN_POINT('',(0.027051,0.0219709993561753,0.157436154261233));
#5180=CARTESIAN_POINT('',(0.0270509996282876,0.0190380599886921,0.157224487594565));
#5181=CARTESIAN_POINT('',(0.0245109994424315,0.0175715906268628,0.157012820927899));
#5182=CARTESIAN_POINT('',(0.0219709992565753,0.0161051212650334,0.156801154261232));
#5183=CARTESIAN_POINT('',(0.0194309994424315,0.0175715912706874,0.156589487594566));
#5184=CARTESIAN_POINT('',(0.0168909996282877,0.0190380612763413,0.156377820927899));
#5185=CARTESIAN_POINT('',(0.016891,0.0219710006438246,0.156166154261232));
#5186=CARTESIAN_POINT('',(0.0168910003717124,0.0249039400113079,0.155954487594566));
#5187=CARTESIAN_POINT('',(0.0194310005575685,0.0263704093731373,0.155742820927899));
#5188=CARTESIAN_POINT('',(0.0219710007434247,0.0278368787349665,0.155531154261232));
#5189=CARTESIAN_POINT('',(0.0245110005575685,0.0263704087293126,0.155319487594565));
#5190=CARTESIAN_POINT('',(0.0270510003717123,0.0249039387236586,0.155107820927899));
#5191=CARTESIAN_POINT('',(0.027051,0.0219709993561753,0.154896154261232));
#5192=CARTESIAN_POINT('',(0.0270509996282876,0.0190380599886921,0.154684487594565));
#5193=CARTESIAN_POINT('',(0.0245109994424315,0.0175715906268628,0.154472820927899));
#5194=CARTESIAN_POINT('',(0.0219709992565753,0.0161051212650334,0.154261154261232));
#5195=CARTESIAN_POINT('',(0.0194309994424315,0.0175715912706874,0.154049487594565));
#5196=CARTESIAN_POINT('',(0.0168909996282877,0.0190380612763413,0.153837820927899));
#5197=CARTESIAN_POINT('',(0.016891,0.0219710006438246,0.153626154261232));
#5198=CARTESIAN_POINT('',(0.0168910003717124,0.0249039400113079,0.153414487594566));
#5199=CARTESIAN_POINT('',(0.0194310005575685,0.0263704093731373,0.153202820927899));
#5200=CARTESIAN_POINT('',(0.0219710007434247,0.0278368787349665,0.152991154261232));
#5201=CARTESIAN_POINT('',(0.0245110005575685,0.0263704087293126,0.152779487594565));
#5202=CARTESIAN_POINT('',(0.0270510003717123,0.0249039387236586,0.152567820927899));
#5203=CARTESIAN_POINT('',(0.027051,0.0219709993561753,0.152356154261233));
#5204=CARTESIAN_POINT('',(0.0270509996282876,0.0190380599886921,0.152144487594566));
#5205=CARTESIAN_POINT('',(0.0245109994424315,0.0175715906268628,0.151932820927899));
#5206=CARTESIAN_POINT('',(0.0219709992565753,0.0161051212650334,0.151721154261232));
#5207=CARTESIAN_POINT('',(0.0194309994424315,0.0175715912706874,0.151509487594566));
#5208=CARTESIAN_POINT('',(0.0168909996282877,0.0190380612763413,0.151297820927899));
#5209=CARTESIAN_POINT('',(0.016891,0.0219710006438246,0.151086154261232));
#5210=CARTESIAN_POINT('',(0.0168910003717124,0.0249039400113079,0.150874487594566));
#5211=CARTESIAN_POINT('',(0.0194310005575685,0.0263704093731373,0.150662820927899));
#5212=CARTESIAN_POINT('',(0.0219710007434247,0.0278368787349665,0.150451154261232));
#5213=CARTESIAN_POINT('',(0.0245110005575685,0.0263704087293126,0.150239487594565));
#5214=CARTESIAN_POINT('',(0.0270510003717123,0.0249039387236586,0.150027820927899));
#5215=CARTESIAN_POINT('',(0.027051,0.0219709993561753,0.149816154261232));
#5216=CARTESIAN_POINT('',(0.0270509996282876,0.0190380599886921,0.149604487594565));
#5217=CARTESIAN_POINT('',(0.0245109994424315,0.0175715906268628,0.149392820927899));
#5218=CARTESIAN_POINT('',(0.0219709992565753,0.0161051212650334,0.149181154261232));
#5219=CARTESIAN_POINT('',(0.0194309994424315,0.0175715912706874,0.148969487594566));
#5220=CARTESIAN_POINT('',(0.0168909996282877,0.0190380612763413,0.148757820927899));
#5221=CARTESIAN_POINT('',(0.016891,0.0219710006438246,0.148546154261232));
#5222=CARTESIAN_POINT('',(0.0168910003717124,0.0249039400113079,0.148334487594565));
#5223=CARTESIAN_POINT('',(0.0194310005575685,0.0263704093731373,0.148122820927899));
#5224=CARTESIAN_POINT('',(0.0219710007434247,0.0278368787349665,0.147911154261232));
#5225=CARTESIAN_POINT('',(0.0245110005575685,0.0263704087293126,0.147699487594566));
#5226=CARTESIAN_POINT('',(0.0270510003717123,0.0249039387236586,0.147487820927899));
#5227=CARTESIAN_POINT('',(0.027051,0.0219709993561753,0.147276154261232));
#5228=CARTESIAN_POINT('',(0.0270509996282876,0.0190380599886921,0.147064487594565));
#5229=CARTESIAN_POINT('',(0.0245109994424315,0.0175715906268628,0.146852820927899));
#5230=CARTESIAN_POINT('',(0.0219709992565753,0.0161051212650334,0.146641154261232));
#5231=CARTESIAN_POINT('',(0.0194309994424315,0.0175715912706874,0.146429487594566));
#5232=CARTESIAN_POINT('',(0.0168909996282877,0.0190380612763413,0.146217820927899));
#5233=CARTESIAN_POINT('',(0.016891,0.0219710006438246,0.146006154261232));
#5234=CARTESIAN_POINT('',(0.0168910003717124,0.0249039400113079,0.145794487594566));
#5235=CARTESIAN_POINT('',(0.0194310005575685,0.0263704093731373,0.145582820927899));
#5236=CARTESIAN_POINT('',(0.0219710007434247,0.0278368787349665,0.145371154261232));
#5237=CARTESIAN_POINT('',(0.0245110005575685,0.0263704087293126,0.145159487594566));
#5238=CARTESIAN_POINT('',(0.0270510003717123,0.0249039387236586,0.144947820927899));
#5239=CARTESIAN_POINT('',(0.027051,0.0219709993561753,0.144736154261232));
#5240=CARTESIAN_POINT('',(0.0270509996282876,0.0190380599886921,0.144524487594566));
#5241=CARTESIAN_POINT('',(0.0245109994424315,0.0175715906268628,0.144312820927899));
#5242=CARTESIAN_POINT('',(0.0219709992565753,0.0161051212650334,0.144101154261232));
#5243=CARTESIAN_POINT('',(0.0194309994424315,0.0175715912706874,0.143889487594566));
#5244=CARTESIAN_POINT('',(0.0168909996282877,0.0190380612763413,0.143677820927899));
#5245=CARTESIAN_POINT('',(0.016891,0.0219710006438246,0.143466154261232));
#5246=CARTESIAN_POINT('',(0.0168910003717124,0.0249039400113079,0.143254487594565));
#5247=CARTESIAN_POINT('',(0.0194310005575685,0.0263704093731373,0.143042820927899));
#5248=CARTESIAN_POINT('',(0.0219710007434247,0.0278368787349665,0.142831154261232));
#5249=CARTESIAN_POINT('',(0.0245110005575685,0.0263704087293126,0.142619487594566));
#5250=CARTESIAN_POINT('',(0.0270510003717123,0.0249039387236586,0.142407820927899));
#5251=CARTESIAN_POINT('',(0.027051,0.0219709993561753,0.142196154261232));
#5252=CARTESIAN_POINT('',(0.0270509996282876,0.0190380599886921,0.141984487594565));
#5253=CARTESIAN_POINT('',(0.0245109994424315,0.0175715906268628,0.141772820927899));
#5254=CARTESIAN_POINT('',(0.0219709992565753,0.0161051212650334,0.141561154261232));
#5255=CARTESIAN_POINT('',(0.0194309994424315,0.0175715912706874,0.141349487594566));
#5256=CARTESIAN_POINT('',(0.0168909996282877,0.0190380612763413,0.141137820927899));
#5257=CARTESIAN_POINT('',(0.016891,0.0219710006438246,0.140926154261232));
#5258=CARTESIAN_POINT('',(0.0168910003717124,0.0249039400113079,0.140714487594565));
#5259=CARTESIAN_POINT('',(0.0194310005575685,0.0263704093731373,0.140502820927899));
#5260=CARTESIAN_POINT('',(0.0219710007434247,0.0278368787349665,0.140291154261232));
#5261=CARTESIAN_POINT('',(0.0245110005575685,0.0263704087293126,0.140079487594566));
#5262=CARTESIAN_POINT('',(0.0270510003717123,0.0249039387236586,0.139867820927899));
#5263=CARTESIAN_POINT('',(0.027051,0.0219709993561753,0.139656154261232));
#5264=CARTESIAN_POINT('',(0.0270509996282876,0.0190380599886921,0.139444487594566));
#5265=CARTESIAN_POINT('',(0.0245109994424315,0.0175715906268628,0.139232820927899));
#5266=CARTESIAN_POINT('',(0.0219709992565753,0.0161051212650334,0.139021154261232));
#5267=CARTESIAN_POINT('',(0.0194309994424315,0.0175715912706874,0.138809487594566));
#5268=CARTESIAN_POINT('',(0.0168909996282877,0.0190380612763413,0.138597820927899));
#5269=CARTESIAN_POINT('',(0.016891,0.0219710006438246,0.138386154261232));
#5270=CARTESIAN_POINT('',(0.0168910003717124,0.0249039400113079,0.138174487594566));
#5271=CARTESIAN_POINT('',(0.0194310005575685,0.0263704093731373,0.137962820927899));
#5272=CARTESIAN_POINT('',(0.0219710007434247,0.0278368787349665,0.137751154261232));
#5273=CARTESIAN_POINT('',(0.0245110005575685,0.0263704087293126,0.137539487594566));
#5274=CARTESIAN_POINT('',(0.0270510003717123,0.0249039387236586,0.137327820927899));
#5275=CARTESIAN_POINT('',(0.027051,0.0219709993561753,0.137116154261232));
#5276=CARTESIAN_POINT('',(0.0270509996282876,0.0190380599886921,0.136904487594566));
#5277=CARTESIAN_POINT('',(0.0245109994424315,0.0175715906268628,0.136692820927899));
#5278=CARTESIAN_POINT('',(0.0219709992565753,0.0161051212650334,0.136481154261232));
#5279=CARTESIAN_POINT('',(0.0194309994424315,0.0175715912706874,0.136269487594566));
#5280=CARTESIAN_POINT('',(0.0168909996282877,0.0190380612763413,0.136057820927899));
#5281=CARTESIAN_POINT('',(0.016891,0.0219710006438246,0.135846154261232));
#5282=CARTESIAN_POINT('',(0.0168910003717124,0.0249039400113079,0.135634487594565));
#5283=CARTESIAN_POINT('',(0.0194310005575685,0.0263704093731373,0.135422820927899));
#5284=CARTESIAN_POINT('',(0.0219710007434247,0.0278368787349665,0.135211154261232));
#5285=CARTESIAN_POINT('',(0.0245110005575685,0.0263704087293126,0.134999487594566));
#5286=CARTESIAN_POINT('',(0.0270510003717123,0.0249039387236586,0.134787820927899));
#5287=CARTESIAN_POINT('',(0.027051,0.0219709993561753,0.134576154261232));
#5288=CARTESIAN_POINT('',(0.0270509996282876,0.0190380599886921,0.134364487594566));
#5289=CARTESIAN_POINT('',(0.0245109994424315,0.0175715906268628,0.134152820927899));
#5290=CARTESIAN_POINT('',(0.0219709992565753,0.0161051212650334,0.133941154261232));
#5291=CARTESIAN_POINT('',(0.0194309994424315,0.0175715912706874,0.133729487594566));
#5292=CARTESIAN_POINT('',(0.0168909996282877,0.0190380612763413,0.133517820927899));
#5293=CARTESIAN_POINT('',(0.016891,0.0219710006438246,0.133306154261232));
#5294=CARTESIAN_POINT('',(0.0168910003717124,0.0249039400113079,0.133094487594566));
#5295=CARTESIAN_POINT('',(0.0194310005575685,0.0263704093731373,0.132882820927899));
#5296=CARTESIAN_POINT('',(0.0219710007434247,0.0278368787349665,0.132671154261232));
#5297=CARTESIAN_POINT('',(0.0245110005575685,0.0263704087293126,0.132459487594566));
#5298=CARTESIAN_POINT('',(0.0270510003717123,0.0249039387236586,0.132247820927899));
#5299=CARTESIAN_POINT('',(0.027051,0.0219709993561753,0.132036154261232));
#5300=CARTESIAN_POINT('',(0.0270509996282876,0.0190380599886921,0.131824487594566));
#5301=CARTESIAN_POINT('',(0.0245109994424315,0.0175715906268628,0.131612820927899));
#5302=CARTESIAN_POINT('',(0.0219709992565753,0.0161051212650334,0.131401154261232));
#5303=CARTESIAN_POINT('',(0.0194309994424315,0.0175715912706874,0.131189487594566));
#5304=CARTESIAN_POINT('',(0.0168909996282877,0.0190380612763413,0.130977820927899));
#5305=CARTESIAN_POINT('',(0.016891,0.0219710006438246,0.130766154261232));
#5306=CARTESIAN_POINT('',(0.0168910003717124,0.0249039400113079,0.130554487594566));
#5307=CARTESIAN_POINT('',(0.0194310005575685,0.0263704093731373,0.130342820927899));
#5308=CARTESIAN_POINT('',(0.0219710007434247,0.0278368787349665,0.130131154261232));
#5309=CARTESIAN_POINT('',(0.0245110005575685,0.0263704087293126,0.129919487594566));
#5310=CARTESIAN_POINT('',(0.0270510003717123,0.0249039387236586,0.129707820927899));
#5311=CARTESIAN_POINT('',(0.027051,0.0219709993561753,0.129496154261232));
#5312=CARTESIAN_POINT('',(0.0270509996282876,0.0190380599886921,0.129284487594566));
#5313=CARTESIAN_POINT('',(0.0245109994424315,0.0175715906268628,0.129072820927899));
#5314=CARTESIAN_POINT('',(0.0219709992565753,0.0161051212650334,0.128861154261232));
#5315=CARTESIAN_POINT('',(0.0194309994424315,0.0175715912706874,0.128649487594566));
#5316=CARTESIAN_POINT('',(0.0168909996282877,0.0190380612763413,0.128437820927899));
#5317=CARTESIAN_POINT('',(0.016891,0.0219710006438246,0.128226154261232));
#5318=CARTESIAN_POINT('',(0.0168910003717124,0.0249039400113079,0.128014487594565));
#5319=CARTESIAN_POINT('',(0.0194310005575685,0.0263704093731373,0.127802820927899));
#5320=CARTESIAN_POINT('',(0.0219710007434247,0.0278368787349665,0.127591154261232));
#5321=CARTESIAN_POINT('',(0.0245110005575685,0.0263704087293126,0.127379487594566));
#5322=CARTESIAN_POINT('',(0.0270510003717123,0.0249039387236586,0.127167820927899));
#5323=CARTESIAN_POINT('',(0.027051,0.0219709993561753,0.126956154261232));
#5324=CARTESIAN_POINT('',(0.0270509996282876,0.0190380599886921,0.126744487594565));
#5325=CARTESIAN_POINT('',(0.0245109994424315,0.0175715906268628,0.126532820927899));
#5326=CARTESIAN_POINT('',(0.0219709992565753,0.0161051212650334,0.126321154261232));
#5327=CARTESIAN_POINT('',(0.0194309994424315,0.0175715912706874,0.126109487594566));
#5328=CARTESIAN_POINT('',(0.0168909996282877,0.0190380612763413,0.125897820927899));
#5329=CARTESIAN_POINT('',(0.016891,0.0219710006438246,0.125686154261232));
#5330=CARTESIAN_POINT('',(0.0168910003717124,0.0249039400113079,0.125474487594566));
#5331=CARTESIAN_POINT('',(0.0194310005575685,0.0263704093731373,0.125262820927899));
#5332=CARTESIAN_POINT('',(0.0219710007434247,0.0278368787349665,0.125051154261232));
#5333=CARTESIAN_POINT('',(0.0245110005575685,0.0263704087293126,0.124839487594566));
#5334=CARTESIAN_POINT('',(0.0270510003717123,0.0249039387236586,0.124627820927899));
#5335=CARTESIAN_POINT('',(0.027051,0.0219709993561753,0.124416154261232));
#5336=CARTESIAN_POINT('',(0.0270509996282876,0.0190380599886921,0.124204487594566));
#5337=CARTESIAN_POINT('',(0.0245109994424315,0.0175715906268628,0.123992820927899));
#5338=CARTESIAN_POINT('',(0.0219709992565753,0.0161051212650334,0.123781154261232));
#5339=CARTESIAN_POINT('',(0.0194309994424315,0.0175715912706874,0.123569487594566));
#5340=CARTESIAN_POINT('',(0.0168909996282877,0.0190380612763413,0.123357820927899));
#5341=CARTESIAN_POINT('',(0.016891,0.0219710006438246,0.123146154261232));
#5342=CARTESIAN_POINT('',(0.0168910003717124,0.0249039400113079,0.122934487594565));
#5343=CARTESIAN_POINT('',(0.0194310005575685,0.0263704093731373,0.122722820927899));
#5344=CARTESIAN_POINT('',(0.0219710007434247,0.0278368787349665,0.122511154261232));
#5345=CARTESIAN_POINT('',(0.0245110005575685,0.0263704087293126,0.122299487594566));
#5346=CARTESIAN_POINT('',(0.0270510003717123,0.0249039387236586,0.122087820927899));
#5347=CARTESIAN_POINT('',(0.027051,0.0219709993561753,0.121876154261232));
#5348=CARTESIAN_POINT('',(0.0270509996282876,0.0190380599886921,0.121664487594565));
#5349=CARTESIAN_POINT('',(0.0245109994424315,0.0175715906268628,0.121452820927899));
#5350=CARTESIAN_POINT('',(0.0219709992565753,0.0161051212650334,0.121241154261232));
#5351=CARTESIAN_POINT('',(0.0194309994424315,0.0175715912706874,0.121029487594566));
#5352=CARTESIAN_POINT('',(0.0168909996282877,0.0190380612763413,0.120817820927899));
#5353=CARTESIAN_POINT('',(0.016891,0.0219710006438246,0.120606154261232));
#5354=CARTESIAN_POINT('',(0.0168910003717124,0.0249039400113079,0.120394487594565));
#5355=CARTESIAN_POINT('',(0.0194310005575685,0.0263704093731373,0.120182820927899));
#5356=CARTESIAN_POINT('',(0.0219710007434247,0.0278368787349665,0.119971154261232));
#5357=CARTESIAN_POINT('',(0.0245110005575685,0.0263704087293126,0.119759487594566));
#5358=CARTESIAN_POINT('',(0.0270510003717123,0.0249039387236586,0.119547820927899));
#5359=CARTESIAN_POINT('',(0.027051,0.0219709993561753,0.119336154261232));
#5360=CARTESIAN_POINT('',(0.0270509996282876,0.0190380599886921,0.119124487594566));
#5361=CARTESIAN_POINT('',(0.0245109994424315,0.0175715906268628,0.118912820927899));
#5362=CARTESIAN_POINT('',(0.0219709992565753,0.0161051212650334,0.118701154261232));
#5363=CARTESIAN_POINT('',(0.0194309994424315,0.0175715912706874,0.118489487594566));
#5364=CARTESIAN_POINT('',(0.0168909996282877,0.0190380612763413,0.118277820927899));
#5365=CARTESIAN_POINT('',(0.016891,0.0219710006438246,0.118066154261232));
#5366=CARTESIAN_POINT('',(0.0168910003717124,0.0249039400113079,0.117854487594566));
#5367=CARTESIAN_POINT('',(0.0194310005575685,0.0263704093731373,0.117642820927899));
#5368=CARTESIAN_POINT('',(0.0219710007434247,0.0278368787349665,0.117431154261232));
#5369=CARTESIAN_POINT('',(0.0245110005575685,0.0263704087293126,0.117219487594566));
#5370=CARTESIAN_POINT('',(0.0270510003717123,0.0249039387236586,0.117007820927899));
#5371=CARTESIAN_POINT('',(0.027051,0.0219709993561753,0.116796154261232));
#5372=CARTESIAN_POINT('',(0.0270509996282876,0.0190380599886921,0.116584487594565));
#5373=CARTESIAN_POINT('',(0.0245109994424315,0.0175715906268628,0.116372820927899));
#5374=CARTESIAN_POINT('',(0.0219709992565753,0.0161051212650334,0.116161154261232));
#5375=CARTESIAN_POINT('',(0.0194309994424315,0.0175715912706874,0.115949487594566));
#5376=CARTESIAN_POINT('',(0.0168909996282877,0.0190380612763413,0.115737820927899));
#5377=CARTESIAN_POINT('',(0.016891,0.0219710006438246,0.115526154261232));
#5378=CARTESIAN_POINT('',(0.0168910003717124,0.0249039400113079,0.115314487594566));
#5379=CARTESIAN_POINT('',(0.0194310005575685,0.0263704093731373,0.115102820927899));
#5380=CARTESIAN_POINT('',(0.0219710007434247,0.0278368787349665,0.114891154261232));
#5381=CARTESIAN_POINT('',(0.0245110005575685,0.0263704087293126,0.114679487594566));
#5382=CARTESIAN_POINT('',(0.0270510003717123,0.0249039387236586,0.114467820927899));
#5383=CARTESIAN_POINT('',(0.027051,0.0219709993561753,0.114256154261232));
#5384=CARTESIAN_POINT('',(0.0270509996282876,0.0190380599886921,0.114044487594566));
#5385=CARTESIAN_POINT('',(0.0245109994424315,0.0175715906268628,0.113832820927899));
#5386=CARTESIAN_POINT('',(0.0219709992565753,0.0161051212650334,0.113621154261232));
#5387=CARTESIAN_POINT('',(0.0194309994424315,0.0175715912706874,0.113409487594566));
#5388=CARTESIAN_POINT('',(0.0168909996282877,0.0190380612763413,0.113197820927899));
#5389=CARTESIAN_POINT('',(0.016891,0.0219710006438246,0.112986154261232));
#5390=CARTESIAN_POINT('',(0.0168910003717124,0.0249039400113079,0.112774487594566));
#5391=CARTESIAN_POINT('',(0.0194310005575685,0.0263704093731373,0.112562820927899));
#5392=CARTESIAN_POINT('',(0.0219710007434247,0.0278368787349665,0.112351154261232));
#5393=CARTESIAN_POINT('',(0.0245110005575685,0.0263704087293126,0.112139487594566));
#5394=CARTESIAN_POINT('',(0.0270510003717123,0.0249039387236586,0.111927820927899));
#5395=CARTESIAN_POINT('',(0.027051,0.0219709993561753,0.111716154261232));
#5396=CARTESIAN_POINT('',(0.0270509996282876,0.0190380599886921,0.111504487594566));
#5397=CARTESIAN_POINT('',(0.0245109994424315,0.0175715906268628,0.111292820927899));
#5398=CARTESIAN_POINT('',(0.0219709992565753,0.0161051212650334,0.111081154261232));
#5399=CARTESIAN_POINT('',(0.0194309994424315,0.0175715912706874,0.110869487594566));
#5400=CARTESIAN_POINT('',(0.0168909996282877,0.0190380612763413,0.110657820927899));
#5401=CARTESIAN_POINT('',(0.016891,0.0219710006438246,0.110446154261232));
#5402=CARTESIAN_POINT('',(0.0168910003717124,0.0249039400113079,0.110234487594566));
#5403=CARTESIAN_POINT('',(0.0194310005575685,0.0263704093731373,0.110022820927899));
#5404=CARTESIAN_POINT('',(0.0219710007434247,0.0278368787349665,0.109811154261232));
#5405=CARTESIAN_POINT('',(0.0245110005575685,0.0263704087293126,0.109599487594566));
#5406=CARTESIAN_POINT('',(0.0270510003717123,0.0249039387236586,0.109387820927899));
#5407=CARTESIAN_POINT('',(0.027051,0.0219709993561753,0.109176154261232));
#5408=CARTESIAN_POINT('',(0.0270509996282876,0.0190380599886921,0.108964487594566));
#5409=CARTESIAN_POINT('',(0.0245109994424315,0.0175715906268628,0.108752820927899));
#5410=CARTESIAN_POINT('',(0.0219709992565753,0.0161051212650334,0.108541154261232));
#5411=CARTESIAN_POINT('',(0.0194309994424315,0.0175715912706874,0.108329487594566));
#5412=CARTESIAN_POINT('',(0.0168909996282877,0.0190380612763413,0.108117820927899));
#5413=CARTESIAN_POINT('',(0.016891,0.0219710006438246,0.107906154261232));
#5414=CARTESIAN_POINT('',(0.0168910003717124,0.0249039400113079,0.107694487594566));
#5415=CARTESIAN_POINT('',(0.0194310005575685,0.0263704093731373,0.107482820927899));
#5416=CARTESIAN_POINT('',(0.0219710007434247,0.0278368787349665,0.107271154261232));
#5417=CARTESIAN_POINT('',(0.0245110005575685,0.0263704087293126,0.107059487594566));
#5418=CARTESIAN_POINT('',(0.0270510003717123,0.0249039387236586,0.106847820927899));
#5419=CARTESIAN_POINT('',(0.027051,0.0219709993561753,0.106636154261232));
#5420=CARTESIAN_POINT('',(0.0270509996282876,0.0190380599886921,0.106424487594565));
#5421=CARTESIAN_POINT('',(0.0245109994424315,0.0175715906268628,0.106212820927899));
#5422=CARTESIAN_POINT('',(0.0219709992565753,0.0161051212650334,0.106001154261232));
#5423=CARTESIAN_POINT('',(0.0194309994424315,0.0175715912706874,0.105789487594566));
#5424=CARTESIAN_POINT('',(0.0168909996282877,0.0190380612763413,0.105577820927899));
#5425=CARTESIAN_POINT('',(0.016891,0.0219710006438246,0.105366154261232));
#5426=CARTESIAN_POINT('',(0.0168910003717124,0.0249039400113079,0.105154487594566));
#5427=CARTESIAN_POINT('',(0.0194310005575685,0.0263704093731373,0.104942820927899));
#5428=CARTESIAN_POINT('',(0.0219710007434247,0.0278368787349665,0.104731154261232));
#5429=CARTESIAN_POINT('',(0.0245110005575685,0.0263704087293126,0.104519487594566));
#5430=CARTESIAN_POINT('',(0.0270510003717123,0.0249039387236586,0.104307820927899));
#5431=CARTESIAN_POINT('',(0.027051,0.0219709993561753,0.104096154261232));
#5432=CARTESIAN_POINT('',(0.0270509996282876,0.0190380599886921,0.103884487594566));
#5433=CARTESIAN_POINT('',(0.0245109994424315,0.0175715906268628,0.103672820927899));
#5434=CARTESIAN_POINT('',(0.0219709992565753,0.0161051212650334,0.103461154261232));
#5435=CARTESIAN_POINT('',(0.0194309994424315,0.0175715912706874,0.103249487594566));
#5436=CARTESIAN_POINT('',(0.0168909996282877,0.0190380612763413,0.103037820927899));
#5437=CARTESIAN_POINT('',(0.016891,0.0219710006438246,0.102826154261232));
#5438=CARTESIAN_POINT('',(0.0168910003717124,0.0249039400113079,0.102614487594566));
#5439=CARTESIAN_POINT('',(0.0194310005575685,0.0263704093731373,0.102402820927899));
#5440=CARTESIAN_POINT('',(0.0219710007434247,0.0278368787349665,0.102191154261232));
#5441=CARTESIAN_POINT('',(0.0245110005575685,0.0263704087293126,0.101979487594566));
#5442=CARTESIAN_POINT('',(0.0270510003717123,0.0249039387236586,0.101767820927899));
#5443=CARTESIAN_POINT('',(0.027051,0.0219709993561753,0.101556154261232));
#5444=CARTESIAN_POINT('',(0.0270509996282876,0.0190380599886921,0.101344487594566));
#5445=CARTESIAN_POINT('',(0.0245109994424315,0.0175715906268628,0.101132820927899));
#5446=CARTESIAN_POINT('',(0.0219709992565753,0.0161051212650334,0.100921154261232));
#5447=CARTESIAN_POINT('',(0.0194309994424315,0.0175715912706874,0.100709487594566));
#5448=CARTESIAN_POINT('',(0.0168909996282877,0.0190380612763413,0.100497820927899));
#5449=CARTESIAN_POINT('',(0.016891,0.0219710006438246,0.100286154261232));
#5450=CARTESIAN_POINT('',(0.0168910003717124,0.0249039400113079,0.100074487594565));
#5451=CARTESIAN_POINT('',(0.0194310005575685,0.0263704093731373,0.0998628209278989));
#5452=CARTESIAN_POINT('',(0.0219710007434247,0.0278368787349665,0.0996511542612322));
#5453=CARTESIAN_POINT('',(0.0245110005575685,0.0263704087293126,0.0994394875945656));
#5454=CARTESIAN_POINT('',(0.0270510003717123,0.0249039387236586,0.0992278209278988));
#5455=CARTESIAN_POINT('',(0.027051,0.0219709993561753,0.0990161542612322));
#5456=CARTESIAN_POINT('',(0.0270509996282876,0.0190380599886921,0.0988044875945655));
#5457=CARTESIAN_POINT('',(0.0245109994424315,0.0175715906268628,0.0985928209278989));
#5458=CARTESIAN_POINT('',(0.0219709992565753,0.0161051212650334,0.0983811542612322));
#5459=CARTESIAN_POINT('',(0.0194309994424315,0.0175715912706874,0.0981694875945656));
#5460=CARTESIAN_POINT('',(0.0168909996282877,0.0190380612763413,0.0979578209278989));
#5461=CARTESIAN_POINT('',(0.016891,0.0219710006438246,0.0977461542612322));
#5462=CARTESIAN_POINT('',(0.0168910003717124,0.0249039400113079,0.0975344875945656));
#5463=CARTESIAN_POINT('',(0.0194310005575685,0.0263704093731373,0.0973228209278989));
#5464=CARTESIAN_POINT('',(0.0219710007434247,0.0278368787349665,0.0971111542612323));
#5465=CARTESIAN_POINT('',(0.0245110005575685,0.0263704087293126,0.0968994875945656));
#5466=CARTESIAN_POINT('',(0.0270510003717123,0.0249039387236586,0.0966878209278989));
#5467=CARTESIAN_POINT('',(0.027051,0.0219709993561753,0.0964761542612322));
#5468=CARTESIAN_POINT('',(0.0270509996282876,0.0190380599886921,0.0962644875945655));
#5469=CARTESIAN_POINT('',(0.0245109994424315,0.0175715906268628,0.0960528209278989));
#5470=CARTESIAN_POINT('',(0.0219709992565753,0.0161051212650334,0.0958411542612322));
#5471=CARTESIAN_POINT('',(0.0194309994424315,0.0175715912706874,0.0956294875945656));
#5472=CARTESIAN_POINT('',(0.0168909996282877,0.0190380612763413,0.0954178209278989));
#5473=CARTESIAN_POINT('',(0.016891,0.0219710006438246,0.0952061542612322));
#5474=CARTESIAN_POINT('',(0.0168910003717124,0.0249039400113079,0.0949944875945655));
#5475=CARTESIAN_POINT('',(0.0194310005575685,0.0263704093731373,0.0947828209278989));
#5476=CARTESIAN_POINT('',(0.0219710007434247,0.0278368787349665,0.0945711542612322));
#5477=CARTESIAN_POINT('',(0.0245110005575685,0.0263704087293126,0.0943594875945656));
#5478=CARTESIAN_POINT('',(0.0270510003717123,0.0249039387236586,0.0941478209278989));
#5479=CARTESIAN_POINT('',(0.027051,0.0219709993561753,0.0939361542612322));
#5480=CARTESIAN_POINT('',(0.0270509996282876,0.0190380599886921,0.0937244875945656));
#5481=CARTESIAN_POINT('',(0.0245109994424315,0.0175715906268628,0.0935128209278989));
#5482=CARTESIAN_POINT('',(0.0219709992565753,0.0161051212650334,0.0933011542612321));
#5483=CARTESIAN_POINT('',(0.0194309994424315,0.0175715912706874,0.0930894875945655));
#5484=CARTESIAN_POINT('',(0.0168909996282877,0.0190380612763413,0.0928778209278988));
#5485=CARTESIAN_POINT('',(0.016891,0.0219710006438246,0.0926661542612322));
#5486=CARTESIAN_POINT('',(0.0168910003717124,0.0249039400113079,0.0924544875945655));
#5487=CARTESIAN_POINT('',(0.0194310005575685,0.0263704093731373,0.0922428209278989));
#5488=CARTESIAN_POINT('',(0.0219710007434247,0.0278368787349665,0.0920311542612322));
#5489=CARTESIAN_POINT('',(0.0245110005575685,0.0263704087293126,0.0918194875945656));
#5490=CARTESIAN_POINT('',(0.0270510003717123,0.0249039387236586,0.0916078209278989));
#5491=CARTESIAN_POINT('',(0.027051,0.0219709993561753,0.0913961542612322));
#5492=CARTESIAN_POINT('',(0.0270509996282876,0.0190380599886921,0.0911844875945656));
#5493=CARTESIAN_POINT('',(0.0245109994424315,0.0175715906268628,0.0909728209278989));
#5494=CARTESIAN_POINT('',(0.0219709992565753,0.0161051212650334,0.0907611542612322));
#5495=CARTESIAN_POINT('',(0.0194309994424315,0.0175715912706874,0.0905494875945655));
#5496=CARTESIAN_POINT('',(0.0168909996282877,0.0190380612763413,0.0903378209278989));
#5497=CARTESIAN_POINT('',(0.016891,0.0219710006438246,0.0901261542612322));
#5498=CARTESIAN_POINT('',(0.0168910003717124,0.0249039400113079,0.0899144875945656));
#5499=CARTESIAN_POINT('',(0.0194310005575685,0.0263704093731373,0.0897028209278989));
#5500=CARTESIAN_POINT('',(0.0219710007434247,0.0278368787349665,0.0894911542612322));
#5501=CARTESIAN_POINT('',(0.0245110005575685,0.0263704087293126,0.0892794875945656));
#5502=CARTESIAN_POINT('',(0.0270510003717123,0.0249039387236586,0.0890678209278988));
#5503=CARTESIAN_POINT('',(0.027051,0.0219709993561753,0.0888561542612322));
#5504=CARTESIAN_POINT('',(0.0270509996282876,0.0190380599886921,0.0886444875945655));
#5505=CARTESIAN_POINT('',(0.0245109994424315,0.0175715906268628,0.0884328209278989));
#5506=CARTESIAN_POINT('',(0.0219709992565753,0.0161051212650334,0.0882211542612322));
#5507=CARTESIAN_POINT('',(0.0194309994424315,0.0175715912706874,0.0880094875945656));
#5508=CARTESIAN_POINT('',(0.0168909996282877,0.0190380612763413,0.0877978209278989));
#5509=CARTESIAN_POINT('',(0.016891,0.0219710006438246,0.0875861542612322));
#5510=CARTESIAN_POINT('',(0.0168910003717124,0.0249039400113079,0.0873744875945656));
#5511=CARTESIAN_POINT('',(0.0194310005575685,0.0263704093731373,0.0871628209278989));
#5512=CARTESIAN_POINT('',(0.0219710007434247,0.0278368787349665,0.0869511542612323));
#5513=CARTESIAN_POINT('',(0.0245110005575685,0.0263704087293126,0.0867394875945656));
#5514=CARTESIAN_POINT('',(0.0270510003717123,0.0249039387236586,0.0865278209278988));
#5515=CARTESIAN_POINT('',(0.027051,0.0219709993561753,0.0863161542612322));
#5516=CARTESIAN_POINT('',(0.0270509996282876,0.0190380599886921,0.0861044875945655));
#5517=CARTESIAN_POINT('',(0.0245109994424315,0.0175715906268628,0.0858928209278989));
#5518=CARTESIAN_POINT('',(0.0219709992565753,0.0161051212650334,0.0856811542612322));
#5519=CARTESIAN_POINT('',(0.0194309994424315,0.0175715912706874,0.0854694875945656));
#5520=CARTESIAN_POINT('',(0.0168909996282877,0.0190380612763413,0.0852578209278989));
#5521=CARTESIAN_POINT('',(0.016891,0.0219710006438246,0.0850461542612322));
#5522=CARTESIAN_POINT('',(0.0168910003717124,0.0249039400113079,0.0848344875945655));
#5523=CARTESIAN_POINT('',(0.0194310005575685,0.0263704093731373,0.0846228209278989));
#5524=CARTESIAN_POINT('',(0.0219710007434247,0.0278368787349665,0.0844111542612322));
#5525=CARTESIAN_POINT('',(0.0245110005575685,0.0263704087293126,0.0841994875945656));
#5526=CARTESIAN_POINT('',(0.0270510003717123,0.0249039387236586,0.0839878209278989));
#5527=CARTESIAN_POINT('',(0.027051,0.0219709993561753,0.0837761542612322));
#5528=CARTESIAN_POINT('',(0.0270509996282876,0.0190380599886921,0.0835644875945656));
#5529=CARTESIAN_POINT('',(0.0245109994424315,0.0175715906268628,0.0833528209278989));
#5530=CARTESIAN_POINT('',(0.0219709992565753,0.0161051212650334,0.0831411542612322));
#5531=CARTESIAN_POINT('',(0.0194309994424315,0.0175715912706874,0.0829294875945656));
#5532=CARTESIAN_POINT('',(0.0168909996282877,0.0190380612763413,0.0827178209278988));
#5533=CARTESIAN_POINT('',(0.016891,0.0219710006438246,0.0825061542612322));
#5534=CARTESIAN_POINT('',(0.0168910003717124,0.0249039400113079,0.0822944875945655));
#5535=CARTESIAN_POINT('',(0.0194310005575685,0.0263704093731373,0.0820828209278989));
#5536=CARTESIAN_POINT('',(0.0219710007434247,0.0278368787349665,0.0818711542612322));
#5537=CARTESIAN_POINT('',(0.0245110005575685,0.0263704087293126,0.0816594875945656));
#5538=CARTESIAN_POINT('',(0.0270510003717123,0.0249039387236586,0.0814478209278989));
#5539=CARTESIAN_POINT('',(0.027051,0.0219709993561753,0.0812361542612322));
#5540=CARTESIAN_POINT('',(0.0270509996282876,0.0190380599886921,0.0810244875945656));
#5541=CARTESIAN_POINT('',(0.0245109994424315,0.0175715906268628,0.0808128209278989));
#5542=CARTESIAN_POINT('',(0.0219709992565753,0.0161051212650334,0.0806011542612322));
#5543=CARTESIAN_POINT('',(0.0194309994424315,0.0175715912706874,0.0803894875945656));
#5544=CARTESIAN_POINT('',(0.0168909996282877,0.0190380612763413,0.0801778209278989));
#5545=CARTESIAN_POINT('',(0.016891,0.0219710006438246,0.0799661542612322));
#5546=CARTESIAN_POINT('',(0.0168910003717124,0.0249039400113079,0.0797544875945655));
#5547=CARTESIAN_POINT('',(0.0194310005575685,0.0263704093731373,0.0795428209278989));
#5548=CARTESIAN_POINT('',(0.0219710007434247,0.0278368787349665,0.0793311542612322));
#5549=CARTESIAN_POINT('',(0.0245110005575685,0.0263704087293126,0.0791194875945656));
#5550=CARTESIAN_POINT('',(0.0270510003717123,0.0249039387236586,0.0789078209278988));
#5551=CARTESIAN_POINT('',(0.027051,0.0219709993561753,0.0786961542612322));
#5552=CARTESIAN_POINT('',(0.0270509996282876,0.0190380599886921,0.0784844875945655));
#5553=CARTESIAN_POINT('',(0.0245109994424315,0.0175715906268628,0.0782728209278989));
#5554=CARTESIAN_POINT('',(0.0219709992565753,0.0161051212650334,0.0780611542612322));
#5555=CARTESIAN_POINT('',(0.0194309994424315,0.0175715912706874,0.0778494875945656));
#5556=CARTESIAN_POINT('',(0.0168909996282877,0.0190380612763413,0.0776378209278989));
#5557=CARTESIAN_POINT('',(0.016891,0.0219710006438246,0.0774261542612322));
#5558=CARTESIAN_POINT('',(0.0168910003717124,0.0249039400113079,0.0772144875945656));
#5559=CARTESIAN_POINT('',(0.0194310005575685,0.0263704093731373,0.0770028209278989));
#5560=CARTESIAN_POINT('',(0.0219710007434247,0.0278368787349665,0.0767911542612323));
#5561=CARTESIAN_POINT('',(0.0245110005575685,0.0263704087293126,0.0765794875945656));
#5562=CARTESIAN_POINT('',(0.0270510003717123,0.0249039387236586,0.0763678209278989));
#5563=CARTESIAN_POINT('',(0.027051,0.0219709993561753,0.0761561542612322));
#5564=CARTESIAN_POINT('',(0.0270509996282876,0.0190380599886921,0.0759444875945655));
#5565=CARTESIAN_POINT('',(0.0245109994424315,0.0175715906268628,0.0757328209278989));
#5566=CARTESIAN_POINT('',(0.0219709992565753,0.0161051212650334,0.0755211542612322));
#5567=CARTESIAN_POINT('',(0.0194309994424315,0.0175715912706874,0.0753094875945656));
#5568=CARTESIAN_POINT('',(0.0168909996282877,0.0190380612763413,0.0750978209278989));
#5569=CARTESIAN_POINT('',(0.016891,0.0219710006438246,0.0748861542612322));
#5570=CARTESIAN_POINT('',(0.0168910003717124,0.0249039400113079,0.0746744875945655));
#5571=CARTESIAN_POINT('',(0.0194310005575685,0.0263704093731373,0.0744628209278989));
#5572=CARTESIAN_POINT('',(0.0219710007434247,0.0278368787349665,0.0742511542612322));
#5573=CARTESIAN_POINT('',(0.0245110005575685,0.0263704087293126,0.0740394875945656));
#5574=CARTESIAN_POINT('',(0.0270510003717123,0.0249039387236586,0.0738278209278989));
#5575=CARTESIAN_POINT('',(0.027051,0.0219709993561753,0.0736161542612322));
#5576=CARTESIAN_POINT('',(0.0270509996282876,0.0190380599886921,0.0734044875945656));
#5577=CARTESIAN_POINT('',(0.0245109994424315,0.0175715906268628,0.0731928209278989));
#5578=CARTESIAN_POINT('',(0.0219709992565753,0.0161051212650334,0.0729811542612323));
#5579=CARTESIAN_POINT('',(0.0194309994424315,0.0175715912706874,0.0727694875945656));
#5580=CARTESIAN_POINT('',(0.0168909996282877,0.0190380612763413,0.0725578209278988));
#5581=CARTESIAN_POINT('',(0.016891,0.0219710006438246,0.0723461542612322));
#5582=CARTESIAN_POINT('',(0.0168910003717124,0.0249039400113079,0.0721344875945655));
#5583=CARTESIAN_POINT('',(0.0194310005575685,0.0263704093731373,0.0719228209278989));
#5584=CARTESIAN_POINT('',(0.0219710007434247,0.0278368787349665,0.0717111542612322));
#5585=CARTESIAN_POINT('',(0.0245110005575685,0.0263704087293126,0.0714994875945656));
#5586=CARTESIAN_POINT('',(0.0270510003717123,0.0249039387236586,0.0712878209278989));
#5587=CARTESIAN_POINT('',(0.027051,0.0219709993561753,0.0710761542612322));
#5588=CARTESIAN_POINT('',(0.0270509996282876,0.0190380599886921,0.0708644875945656));
#5589=CARTESIAN_POINT('',(0.0245109994424315,0.0175715906268628,0.0706528209278989));
#5590=CARTESIAN_POINT('',(0.0219709992565753,0.0161051212650334,0.0704411542612322));
#5591=CARTESIAN_POINT('',(0.0194309994424315,0.0175715912706874,0.0702294875945656));
#5592=CARTESIAN_POINT('',(0.0168909996282877,0.0190380612763413,0.0700178209278989));
#5593=CARTESIAN_POINT('',(0.016891,0.0219710006438246,0.0698061542612322));
#5594=CARTESIAN_POINT('',(0.0168910003717124,0.0249039400113079,0.0695944875945655));
#5595=CARTESIAN_POINT('',(0.0194310005575685,0.0263704093731373,0.0693828209278989));
#5596=CARTESIAN_POINT('',(0.0219710007434247,0.0278368787349665,0.0691711542612322));
#5597=CARTESIAN_POINT('',(0.0245110005575685,0.0263704087293126,0.0689594875945656));
#5598=CARTESIAN_POINT('',(0.0270510003717123,0.0249039387236586,0.0687478209278988));
#5599=CARTESIAN_POINT('',(0.027051,0.0219709993561753,0.0685361542612322));
#5600=CARTESIAN_POINT('',(0.0270509996282876,0.0190380599886921,0.0683244875945655));
#5601=CARTESIAN_POINT('',(0.0245109994424315,0.0175715906268628,0.0681128209278989));
#5602=CARTESIAN_POINT('',(0.0219709992565753,0.0161051212650334,0.0679011542612322));
#5603=CARTESIAN_POINT('',(0.0194309994424315,0.0175715912706874,0.0676894875945656));
#5604=CARTESIAN_POINT('',(0.0168909996282877,0.0190380612763413,0.0674778209278989));
#5605=CARTESIAN_POINT('',(0.016891,0.0219710006438246,0.0672661542612322));
#5606=CARTESIAN_POINT('',(0.0168910003717124,0.0249039400113079,0.0670544875945656));
#5607=CARTESIAN_POINT('',(0.0194310005575685,0.0263704093731373,0.0668428209278989));
#5608=CARTESIAN_POINT('',(0.0219710007434247,0.0278368787349665,0.0666311542612323));
#5609=CARTESIAN_POINT('',(0.0245110005575685,0.0263704087293126,0.0664194875945656));
#5610=CARTESIAN_POINT('',(0.0270510003717123,0.0249039387236586,0.0662078209278989));
#5611=CARTESIAN_POINT('',(0.027051,0.0219709993561753,0.0659961542612322));
#5612=CARTESIAN_POINT('',(0.0270509996282876,0.0190380599886921,0.0657844875945655));
#5613=CARTESIAN_POINT('',(0.0245109994424315,0.0175715906268628,0.0655728209278989));
#5614=CARTESIAN_POINT('',(0.0219709992565753,0.0161051212650334,0.0653611542612322));
#5615=CARTESIAN_POINT('',(0.0194309994424315,0.0175715912706874,0.0651494875945656));
#5616=CARTESIAN_POINT('',(0.0168909996282877,0.0190380612763413,0.0649378209278989));
#5617=CARTESIAN_POINT('',(0.016891,0.0219710006438246,0.0647261542612322));
#5618=CARTESIAN_POINT('',(0.0168910003717124,0.0249039400113079,0.0645144875945655));
#5619=CARTESIAN_POINT('',(0.0194310005575685,0.0263704093731373,0.0643028209278989));
#5620=CARTESIAN_POINT('',(0.0219710007434247,0.0278368787349665,0.0640911542612322));
#5621=CARTESIAN_POINT('',(0.0245110005575685,0.0263704087293126,0.0638794875945656));
#5622=CARTESIAN_POINT('',(0.0270510003717123,0.0249039387236586,0.0636678209278989));
#5623=CARTESIAN_POINT('',(0.027051,0.0219709993561753,0.0634561542612322));
#5624=CARTESIAN_POINT('',(0.0270509996282876,0.0190380599886921,0.0632444875945656));
#5625=CARTESIAN_POINT('',(0.0245109994424315,0.0175715906268628,0.0630328209278989));
#5626=CARTESIAN_POINT('',(0.0219709992565753,0.0161051212650334,0.0628211542612323));
#5627=CARTESIAN_POINT('',(0.0194309994424315,0.0175715912706874,0.0626094875945656));
#5628=CARTESIAN_POINT('',(0.0168909996282877,0.0190380612763413,0.0623978209278988));
#5629=CARTESIAN_POINT('',(0.016891,0.0219710006438246,0.0621861542612322));
#5630=CARTESIAN_POINT('',(0.0168910003717124,0.0249039400113079,0.0619744875945655));
#5631=CARTESIAN_POINT('',(0.0194310005575685,0.0263704093731373,0.0617628209278989));
#5632=CARTESIAN_POINT('',(0.0219710007434247,0.0278368787349665,0.0615511542612322));
#5633=CARTESIAN_POINT('',(0.0245110005575685,0.0263704087293126,0.0613394875945656));
#5634=CARTESIAN_POINT('',(0.0270510003717123,0.0249039387236586,0.0611278209278989));
#5635=CARTESIAN_POINT('',(0.027051,0.0219709993561753,0.0609161542612322));
#5636=CARTESIAN_POINT('',(0.0270509996282876,0.0190380599886921,0.0607044875945656));
#5637=CARTESIAN_POINT('',(0.0245109994424315,0.0175715906268628,0.0604928209278989));
#5638=CARTESIAN_POINT('',(0.0219709992565753,0.0161051212650334,0.0602811542612322));
#5639=CARTESIAN_POINT('',(0.0194309994424315,0.0175715912706874,0.0600694875945656));
#5640=CARTESIAN_POINT('',(0.0168909996282877,0.0190380612763413,0.0598578209278989));
#5641=CARTESIAN_POINT('',(0.016891,0.0219710006438246,0.0596461542612322));
#5642=CARTESIAN_POINT('',(0.0168910003717124,0.0249039400113079,0.0594344875945656));
#5643=CARTESIAN_POINT('',(0.0194310005575685,0.0263704093731373,0.0592228209278989));
#5644=CARTESIAN_POINT('',(0.0219710007434247,0.0278368787349665,0.0590111542612322));
#5645=CARTESIAN_POINT('',(0.0245110005575685,0.0263704087293126,0.0587994875945656));
#5646=CARTESIAN_POINT('',(0.0270510003717123,0.0249039387236586,0.0585878209278988));
#5647=CARTESIAN_POINT('',(0.027051,0.0219709993561753,0.0583761542612322));
#5648=CARTESIAN_POINT('',(0.0270509996282876,0.0190380599886921,0.0581644875945655));
#5649=CARTESIAN_POINT('',(0.0245109994424315,0.0175715906268628,0.0579528209278989));
#5650=CARTESIAN_POINT('',(0.0219709992565753,0.0161051212650334,0.0577411542612322));
#5651=CARTESIAN_POINT('',(0.0194309994424315,0.0175715912706874,0.0575294875945656));
#5652=CARTESIAN_POINT('',(0.0168909996282877,0.0190380612763413,0.0573178209278989));
#5653=CARTESIAN_POINT('',(0.016891,0.0219710006438246,0.0571061542612322));
#5654=CARTESIAN_POINT('',(0.0168910003717124,0.0249039400113079,0.0568944875945656));
#5655=CARTESIAN_POINT('',(0.0194310005575685,0.0263704093731373,0.0566828209278989));
#5656=CARTESIAN_POINT('',(0.0219710007434247,0.0278368787349665,0.0564711542612323));
#5657=CARTESIAN_POINT('',(0.0245110005575685,0.0263704087293126,0.0562594875945656));
#5658=CARTESIAN_POINT('',(0.0270510003717123,0.0249039387236586,0.0560478209278989));
#5659=CARTESIAN_POINT('',(0.027051,0.0219709993561753,0.0558361542612322));
#5660=CARTESIAN_POINT('',(0.0270509996282876,0.0190380599886921,0.0556244875945656));
#5661=CARTESIAN_POINT('',(0.0245109994424315,0.0175715906268628,0.0554128209278989));
#5662=CARTESIAN_POINT('',(0.0219709992565753,0.0161051212650334,0.0552011542612322));
#5663=CARTESIAN_POINT('',(0.0194309994424315,0.0175715912706874,0.0549894875945656));
#5664=CARTESIAN_POINT('',(0.0168909996282877,0.0190380612763413,0.0547778209278989));
#5665=CARTESIAN_POINT('',(0.016891,0.0219710006438246,0.0545661542612322));
#5666=CARTESIAN_POINT('',(0.0168910003717124,0.0249039400113079,0.0543544875945655));
#5667=CARTESIAN_POINT('',(0.0194310005575685,0.0263704093731373,0.0541428209278989));
#5668=CARTESIAN_POINT('',(0.0219710007434247,0.0278368787349665,0.0539311542612322));
#5669=CARTESIAN_POINT('',(0.0245110005575685,0.0263704087293126,0.0537194875945656));
#5670=CARTESIAN_POINT('',(0.0270510003717123,0.0249039387236586,0.0535078209278989));
#5671=CARTESIAN_POINT('',(0.027051,0.0219709993561753,0.0532961542612322));
#5672=CARTESIAN_POINT('',(0.0270509996282876,0.0190380599886921,0.0530844875945656));
#5673=CARTESIAN_POINT('',(0.0245109994424315,0.0175715906268628,0.0528728209278989));
#5674=CARTESIAN_POINT('',(0.0219709992565753,0.0161051212650334,0.0526611542612322));
#5675=CARTESIAN_POINT('',(0.0194309994424315,0.0175715912706874,0.0524494875945656));
#5676=CARTESIAN_POINT('',(0.0168909996282877,0.0190380612763413,0.0522378209278988));
#5677=CARTESIAN_POINT('',(0.016891,0.0219710006438246,0.0520261542612322));
#5678=CARTESIAN_POINT('',(0.0168910003717124,0.0249039400113079,0.0518144875945656));
#5679=CARTESIAN_POINT('',(0.0194310005575685,0.0263704093731373,0.0516028209278989));
#5680=CARTESIAN_POINT('',(0.0219710007434247,0.0278368787349665,0.0513911542612322));
#5681=CARTESIAN_POINT('',(0.0245110005575685,0.0263704087293126,0.0511794875945656));
#5682=CARTESIAN_POINT('',(0.0270510003717123,0.0249039387236586,0.0509678209278989));
#5683=CARTESIAN_POINT('',(0.027051,0.0219709993561753,0.0507561542612322));
#5684=CARTESIAN_POINT('',(0.0270509996282876,0.0190380599886921,0.0505444875945656));
#5685=CARTESIAN_POINT('',(0.0245109994424315,0.0175715906268628,0.0503328209278989));
#5686=CARTESIAN_POINT('',(0.0219709992565753,0.0161051212650334,0.0501211542612322));
#5687=CARTESIAN_POINT('',(0.0194309994424315,0.0175715912706874,0.0499094875945656));
#5688=CARTESIAN_POINT('',(0.0168909996282877,0.0190380612763413,0.0496978209278989));
#5689=CARTESIAN_POINT('',(0.016891,0.0219710006438246,0.0494861542612322));
#5690=CARTESIAN_POINT('',(0.0168910003717124,0.0249039400113079,0.0492744875945655));
#5691=CARTESIAN_POINT('',(0.0194310005575685,0.0263704093731373,0.0490628209278989));
#5692=CARTESIAN_POINT('',(0.0219710007434247,0.0278368787349665,0.0488511542612322));
#5693=CARTESIAN_POINT('',(0.0245110005575685,0.0263704087293126,0.0486394875945655));
#5694=CARTESIAN_POINT('',(0.0270510003717123,0.0249039387236586,0.0484278209278988));
#5695=CARTESIAN_POINT('',(0.027051,0.0219709993561753,0.0482161542612322));
#5696=CARTESIAN_POINT('',(0.0270509996282876,0.0190380599886921,0.0480044875945655));
#5697=CARTESIAN_POINT('',(0.0245109994424315,0.0175715906268628,0.0477928209278989));
#5698=CARTESIAN_POINT('',(0.0219709992565753,0.0161051212650334,0.0475811542612322));
#5699=CARTESIAN_POINT('',(0.0194309994424315,0.0175715912706874,0.0473694875945656));
#5700=CARTESIAN_POINT('',(0.0168909996282877,0.0190380612763413,0.0471578209278989));
#5701=CARTESIAN_POINT('',(0.016891,0.0219710006438246,0.0469461542612322));
#5702=CARTESIAN_POINT('',(0.0168910003717124,0.0249039400113079,0.0467344875945656));
#5703=CARTESIAN_POINT('',(0.0194310005575685,0.0263704093731373,0.0465228209278989));
#5704=CARTESIAN_POINT('',(0.0219710007434247,0.0278368787349665,0.0463111542612322));
#5705=CARTESIAN_POINT('',(0.0245110005575685,0.0263704087293126,0.0460994875945656));
#5706=CARTESIAN_POINT('',(0.0270510003717123,0.0249039387236586,0.0458878209278989));
#5707=CARTESIAN_POINT('',(0.027051,0.0219709993561753,0.0456761542612322));
#5708=CARTESIAN_POINT('',(0.0270509996282876,0.0190380599886921,0.0454644875945656));
#5709=CARTESIAN_POINT('',(0.0245109994424315,0.0175715906268628,0.0452528209278989));
#5710=CARTESIAN_POINT('',(0.0219709992565753,0.0161051212650334,0.0450411542612322));
#5711=CARTESIAN_POINT('',(0.0194309994424315,0.0175715912706874,0.0448294875945656));
#5712=CARTESIAN_POINT('',(0.0168909996282877,0.0190380612763413,0.0446178209278989));
#5713=CARTESIAN_POINT('',(0.016891,0.0219710006438246,0.0444061542612322));
#5714=CARTESIAN_POINT('',(0.0168910003717124,0.0249039400113079,0.0441944875945655));
#5715=CARTESIAN_POINT('',(0.0194310005575685,0.0263704093731373,0.0439828209278989));
#5716=CARTESIAN_POINT('',(0.0219710007434247,0.0278368787349665,0.0437711542612322));
#5717=CARTESIAN_POINT('',(0.0245110005575685,0.0263704087293126,0.0435594875945656));
#5718=CARTESIAN_POINT('',(0.0270510003717123,0.0249039387236586,0.0433478209278989));
#5719=CARTESIAN_POINT('',(0.027051,0.0219709993561753,0.0431361542612322));
#5720=CARTESIAN_POINT('',(0.0270509996282876,0.0190380599886921,0.0429244875945655));
#5721=CARTESIAN_POINT('',(0.0245109994424315,0.0175715906268628,0.0427128209278989));
#5722=CARTESIAN_POINT('',(0.0219709992565753,0.0161051212650334,0.0425011542612322));
#5723=CARTESIAN_POINT('',(0.0194309994424315,0.0175715912706874,0.0422894875945656));
#5724=CARTESIAN_POINT('',(0.0168909996282877,0.0190380612763413,0.0420778209278989));
#5725=CARTESIAN_POINT('',(0.016891,0.0219710006438246,0.0418661542612322));
#5726=CARTESIAN_POINT('',(0.0168910003717124,0.0249039400113079,0.0416544875945655));
#5727=CARTESIAN_POINT('',(0.0194310005575685,0.0263704093731373,0.0414428209278989));
#5728=CARTESIAN_POINT('',(0.0219710007434247,0.0278368787349665,0.0412311542612322));
#5729=CARTESIAN_POINT('',(0.0245110005575685,0.0263704087293126,0.0410194875945655));
#5730=CARTESIAN_POINT('',(0.0270510003717123,0.0249039387236586,0.0408078209278989));
#5731=CARTESIAN_POINT('',(0.027051,0.0219709993561753,0.0405961542612322));
#5732=CARTESIAN_POINT('',(0.0270509996282876,0.0190380599886921,0.0403844875945656));
#5733=CARTESIAN_POINT('',(0.0245109994424315,0.0175715906268628,0.0401728209278989));
#5734=CARTESIAN_POINT('',(0.0219709992565753,0.0161051212650334,0.0399611542612322));
#5735=CARTESIAN_POINT('',(0.0194309994424315,0.0175715912706874,0.0397494875945655));
#5736=CARTESIAN_POINT('',(0.0168909996282877,0.0190380612763413,0.0395378209278989));
#5737=CARTESIAN_POINT('',(0.016891,0.0219710006438246,0.0393261542612322));
#5738=CARTESIAN_POINT('',(0.0168910003717124,0.0249039400113079,0.0391144875945655));
#5739=CARTESIAN_POINT('',(0.0194310005575685,0.0263704093731373,0.0389028209278989));
#5740=CARTESIAN_POINT('',(0.0219710007434247,0.0278368787349665,0.0386911542612322));
#5741=CARTESIAN_POINT('',(0.0245110005575685,0.0263704087293126,0.0384794875945655));
#5742=CARTESIAN_POINT('',(0.0270510003717123,0.0249039387236586,0.0382678209278988));
#5743=CARTESIAN_POINT('',(0.027051,0.0219709993561753,0.0380561542612322));
#5744=CARTESIAN_POINT('',(0.0270509996282876,0.0190380599886921,0.0378444875945655));
#5745=CARTESIAN_POINT('',(0.0245109994424315,0.0175715906268628,0.0376328209278989));
#5746=CARTESIAN_POINT('',(0.0219709992565753,0.0161051212650334,0.0374211542612322));
#5747=CARTESIAN_POINT('',(0.0194309994424315,0.0175715912706874,0.0372094875945655));
#5748=CARTESIAN_POINT('',(0.0168909996282877,0.0190380612763413,0.0369978209278989));
#5749=CARTESIAN_POINT('',(0.016891,0.0219710006438246,0.0367861542612322));
#5750=CARTESIAN_POINT('',(0.0168910003717124,0.0249039400113079,0.0365744875945656));
#5751=CARTESIAN_POINT('',(0.0194310005575685,0.0263704093731373,0.0363628209278989));
#5752=CARTESIAN_POINT('',(0.0219710007434247,0.0278368787349665,0.0361511542612322));
#5753=CARTESIAN_POINT('',(0.0245110005575685,0.0263704087293126,0.0359394875945655));
#5754=CARTESIAN_POINT('',(0.0270510003717123,0.0249039387236586,0.0357278209278989));
#5755=CARTESIAN_POINT('',(0.027051,0.0219709993561753,0.0355161542612322));
#5756=CARTESIAN_POINT('',(0.0270509996282876,0.0190380599886921,0.0353044875945656));
#5757=CARTESIAN_POINT('',(0.0245109994424315,0.0175715906268628,0.0350928209278989));
#5758=CARTESIAN_POINT('',(0.0219709992565753,0.0161051212650334,0.0348811542612322));
#5759=CARTESIAN_POINT('',(0.0194309994424315,0.0175715912706874,0.0346694875945655));
#5760=CARTESIAN_POINT('',(0.0168909996282877,0.0190380612763413,0.0344578209278989));
#5761=CARTESIAN_POINT('',(0.016891,0.0219710006438246,0.0342461542612322));
#5762=CARTESIAN_POINT('',(0.0168910003717124,0.0249039400113079,0.0340344875945655));
#5763=CARTESIAN_POINT('',(0.0194310005575685,0.0263704093731373,0.0338228209278989));
#5764=CARTESIAN_POINT('',(0.0219710007434247,0.0278368787349665,0.0336111542612322));
#5765=CARTESIAN_POINT('',(0.0245110005575685,0.0263704087293126,0.0333994875945655));
#5766=CARTESIAN_POINT('',(0.0270510003717123,0.0249039387236586,0.0331878209278988));
#5767=CARTESIAN_POINT('',(0.027051,0.0219709993561753,0.0329761542612322));
#5768=CARTESIAN_POINT('',(0.0270509996282876,0.0190380599886921,0.0327644875945655));
#5769=CARTESIAN_POINT('',(0.0245109994424315,0.0175715906268628,0.0325528209278989));
#5770=CARTESIAN_POINT('',(0.0219709992565753,0.0161051212650334,0.0323411542612322));
#5771=CARTESIAN_POINT('',(0.0194309994424315,0.0175715912706874,0.0321294875945655));
#5772=CARTESIAN_POINT('',(0.0168909996282877,0.0190380612763413,0.0319178209278989));
#5773=CARTESIAN_POINT('',(0.016891,0.0219710006438246,0.0317061542612322));
#5774=CARTESIAN_POINT('',(0.0168910003717124,0.0249039400113079,0.0314944875945656));
#5775=CARTESIAN_POINT('',(0.0194310005575685,0.0263704093731373,0.0312828209278989));
#5776=CARTESIAN_POINT('',(0.0219710007434247,0.0278368787349665,0.0310711542612322));
#5777=CARTESIAN_POINT('',(0.0245110005575685,0.0263704087293126,0.0308594875945656));
#5778=CARTESIAN_POINT('',(0.0270510003717123,0.0249039387236586,0.0306478209278989));
#5779=CARTESIAN_POINT('',(0.027051,0.0219709993561753,0.0304361542612322));
#5780=CARTESIAN_POINT('',(0.0270509996282876,0.0190380599886921,0.0302244875945656));
#5781=CARTESIAN_POINT('',(0.0245109994424315,0.0175715906268628,0.0300128209278989));
#5782=CARTESIAN_POINT('',(0.0219709992565753,0.0161051212650334,0.0298011542612322));
#5783=CARTESIAN_POINT('',(0.0194309994424315,0.0175715912706874,0.0295894875945656));
#5784=CARTESIAN_POINT('',(0.0168909996282877,0.0190380612763413,0.0293778209278989));
#5785=CARTESIAN_POINT('',(0.016891,0.0219710006438246,0.0291661542612322));
#5786=CARTESIAN_POINT('',(0.0168910003717124,0.0249039400113079,0.0289544875945655));
#5787=CARTESIAN_POINT('',(0.0194310005575685,0.0263704093731373,0.0287428209278989));
#5788=CARTESIAN_POINT('',(0.0219710007434247,0.0278368787349665,0.0285311542612322));
#5789=CARTESIAN_POINT('',(0.0245110005575685,0.0263704087293126,0.0283194875945656));
#5790=CARTESIAN_POINT('',(0.0270510003717123,0.0249039387236586,0.0281078209278988));
#5791=CARTESIAN_POINT('',(0.027051,0.0219709993561753,0.0278961542612322));
#5792=CARTESIAN_POINT('',(0.0270509996282876,0.0190380599886921,0.0276844875945655));
#5793=CARTESIAN_POINT('',(0.0245109994424315,0.0175715906268628,0.0274728209278989));
#5794=CARTESIAN_POINT('',(0.0219709992565753,0.0161051212650334,0.0272611542612322));
#5795=CARTESIAN_POINT('',(0.0194309994424315,0.0175715912706874,0.0270494875945656));
#5796=CARTESIAN_POINT('',(0.0168909996282877,0.0190380612763413,0.0268378209278989));
#5797=CARTESIAN_POINT('',(0.016891,0.0219710006438246,0.0266261542612322));
#5798=CARTESIAN_POINT('',(0.0168910003717124,0.0249039400113079,0.0264144875945656));
#5799=CARTESIAN_POINT('',(0.0194310005575685,0.0263704093731373,0.0262028209278989));
#5800=CARTESIAN_POINT('',(0.0219710007434247,0.0278368787349665,0.0259911542612322));
#5801=CARTESIAN_POINT('',(0.0245110005575685,0.0263704087293126,0.0257794875945655));
#5802=CARTESIAN_POINT('',(0.0270510003717123,0.0249039387236586,0.0255678209278989));
#5803=CARTESIAN_POINT('',(0.027051,0.0219709993561753,0.0253561542612322));
#5804=CARTESIAN_POINT('',(0.0270509996282876,0.0190380599886921,0.0251444875945656));
#5805=CARTESIAN_POINT('',(0.0245109994424315,0.0175715906268628,0.0249328209278989));
#5806=CARTESIAN_POINT('',(0.0219709992565753,0.0161051212650334,0.0247211542612322));
#5807=CARTESIAN_POINT('',(0.0194309994424315,0.0175715912706874,0.0245094875945655));
#5808=CARTESIAN_POINT('',(0.0168909996282877,0.0190380612763413,0.0242978209278989));
#5809=CARTESIAN_POINT('',(0.016891,0.0219710006438246,0.0240861542612322));
#5810=CARTESIAN_POINT('',(0.0168910003717124,0.0249039400113079,0.0238744875945655));
#5811=CARTESIAN_POINT('',(0.0194310005575685,0.0263704093731373,0.0236628209278988));
#5812=CARTESIAN_POINT('',(0.0219710007434247,0.0278368787349665,0.0234511542612322));
#5813=CARTESIAN_POINT('',(0.0245110005575685,0.0263704087293126,0.0232394875945655));
#5814=CARTESIAN_POINT('',(0.0270510003717123,0.0249039387236586,0.0230278209278988));
#5815=CARTESIAN_POINT('',(0.027051,0.0219709993561753,0.0228161542612322));
#5816=CARTESIAN_POINT('',(0.0270509996282876,0.0190380599886921,0.0226044875945655));
#5817=CARTESIAN_POINT('',(0.0245109994424315,0.0175715906268628,0.0223928209278989));
#5818=CARTESIAN_POINT('',(0.0219709992565753,0.0161051212650334,0.0221811542612322));
#5819=CARTESIAN_POINT('',(0.0194309994424315,0.0175715912706874,0.0219694875945655));
#5820=CARTESIAN_POINT('',(0.0168909996282877,0.0190380612763413,0.0217578209278989));
#5821=CARTESIAN_POINT('',(0.016891,0.0219710006438246,0.0215461542612322));
#5822=CARTESIAN_POINT('',(0.0168910003717124,0.0249039400113079,0.0213344875945656));
#5823=CARTESIAN_POINT('',(0.0194310005575685,0.0263704093731373,0.0211228209278989));
#5824=CARTESIAN_POINT('',(0.0219710007434247,0.0278368787349665,0.0209111542612322));
#5825=CARTESIAN_POINT('',(0.0245110005575685,0.0263704087293126,0.0206994875945655));
#5826=CARTESIAN_POINT('',(0.0270510003717123,0.0249039387236586,0.0204878209278989));
#5827=CARTESIAN_POINT('',(0.027051,0.0219709993561753,0.0202761542612322));
#5828=CARTESIAN_POINT('',(0.0270509996282876,0.0190380599886921,0.0200644875945656));
#5829=CARTESIAN_POINT('',(0.0245109994424315,0.0175715906268628,0.0198528209278989));
#5830=CARTESIAN_POINT('',(0.0219709992565753,0.0161051212650334,0.0196411542612322));
#5831=CARTESIAN_POINT('',(0.0194309994424315,0.0175715912706874,0.0194294875945655));
#5832=CARTESIAN_POINT('',(0.0168909996282877,0.0190380612763413,0.0192178209278989));
#5833=CARTESIAN_POINT('',(0.016891,0.0219710006438246,0.0190061542612323));
#5834=CARTESIAN_POINT('',(0.0168910003717124,0.0249039400113079,0.0187944875945655));
#5835=CARTESIAN_POINT('',(0.0194310005575685,0.0263704093731373,0.0185828209278989));
#5836=CARTESIAN_POINT('',(0.0219710007434247,0.0278368787349665,0.0183711542612322));
#5837=CARTESIAN_POINT('',(0.0245110005575685,0.0263704087293126,0.0181594875945655));
#5838=CARTESIAN_POINT('',(0.0270510003717123,0.0249039387236586,0.0179478209278988));
#5839=CARTESIAN_POINT('',(0.027051,0.0219709993561753,0.0177361542612322));
#5840=CARTESIAN_POINT('',(0.0270509996282876,0.0190380599886921,0.0175244875945655));
#5841=CARTESIAN_POINT('',(0.0245109994424315,0.0175715906268628,0.0173128209278989));
#5842=CARTESIAN_POINT('',(0.0219709992565753,0.0161051212650334,0.0171011542612322));
#5843=CARTESIAN_POINT('',(0.0194309994424315,0.0175715912706874,0.0168894875945655));
#5844=CARTESIAN_POINT('',(0.0168909996282877,0.0190380612763413,0.0166778209278989));
#5845=CARTESIAN_POINT('',(0.016891,0.0219710006438246,0.0164661542612322));
#5846=CARTESIAN_POINT('',(0.0168910003717124,0.0249039400113079,0.0162544875945655));
#5847=CARTESIAN_POINT('',(0.0194310005575685,0.0263704093731373,0.0160428209278989));
#5848=CARTESIAN_POINT('',(0.0219710007434247,0.0278368787349665,0.0158311542612322));
#5849=CARTESIAN_POINT('',(0.0245110005575685,0.0263704087293126,0.0156194875945655));
#5850=CARTESIAN_POINT('',(0.0270510003717123,0.0249039387236586,0.0154078209278989));
#5851=CARTESIAN_POINT('',(0.027051,0.0219709993561753,0.0151961542612322));
#5852=CARTESIAN_POINT('',(0.0270509996282876,0.0190380599886921,0.0149844875945655));
#5853=CARTESIAN_POINT('',(0.0245109994424315,0.0175715906268628,0.0147728209278989));
#5854=CARTESIAN_POINT('',(0.0219709992565753,0.0161051212650334,0.0145611542612322));
#5855=CARTESIAN_POINT('',(0.0194309994424315,0.0175715912706874,0.0143494875945656));
#5856=CARTESIAN_POINT('',(0.0168909996282877,0.0190380612763413,0.0141378209278989));
#5857=CARTESIAN_POINT('',(0.016891,0.0219710006438246,0.0139261542612322));
#5858=CARTESIAN_POINT('',(0.0168910003717124,0.0249039400113079,0.0137144875945655));
#5859=CARTESIAN_POINT('',(0.0194310005575685,0.0263704093731373,0.0135028209278989));
#5860=CARTESIAN_POINT('',(0.0219710007434247,0.0278368787349665,0.0132911542612322));
#5861=CARTESIAN_POINT('',(0.0245110005575685,0.0263704087293126,0.0130794875945655));
#5862=CARTESIAN_POINT('',(0.0270510003717123,0.0249039387236586,0.0128678209278989));
#5863=CARTESIAN_POINT('',(0.027051,0.0219709993561753,0.0126561542612322));
#5864=CARTESIAN_POINT('',(0.0270509996282876,0.0190380599886921,0.0124444875945655));
#5865=CARTESIAN_POINT('',(0.0245109994424315,0.0175715906268628,0.0122328209278989));
#5866=CARTESIAN_POINT('',(0.0219709992565753,0.0161051212650334,0.0120211542612322));
#5867=CARTESIAN_POINT('',(0.0194309994424315,0.0175715912706874,0.0118094875945655));
#5868=CARTESIAN_POINT('',(0.0168909996282877,0.0190380612763413,0.0115978209278989));
#5869=CARTESIAN_POINT('',(0.016891,0.0219710006438246,0.0113861542612322));
#5870=CARTESIAN_POINT('',(0.0168910003717124,0.0249039400113079,0.0111744875945655));
#5871=CARTESIAN_POINT('',(0.0194310005575685,0.0263704093731373,0.0109628209278989));
#5872=CARTESIAN_POINT('',(0.0219710007434247,0.0278368787349665,0.0107511542612322));
#5873=CARTESIAN_POINT('',(0.0245110005575685,0.0263704087293126,0.0105394875945655));
#5874=CARTESIAN_POINT('',(0.0270510003717123,0.0249039387236586,0.0103278209278989));
#5875=CARTESIAN_POINT('',(0.027051,0.0219709993561753,0.0101161542612322));
#5876=CARTESIAN_POINT('',(0.021971,0.021971,0.1778));
#5877=CARTESIAN_POINT('',(0.021971,0.021971,0.1778));
#5878=CARTESIAN_POINT('',(0.025654,0.021971,0.1778));
#5879=CARTESIAN_POINT('',(0.021971,0.021971,0.1778));
#5880=CARTESIAN_POINT('',(0.021971,0.0201244383966268,0.01016));
#5881=CARTESIAN_POINT('',(0.021971,0.0201244383966268,0.));
#5882=CARTESIAN_POINT('',(0.0204124045181566,0.0201244383966268,0.));
#5883=CARTESIAN_POINT('',(0.0235295954818434,0.0201244383966268,0.));
#5884=CARTESIAN_POINT('',(0.0204124045181566,0.0201244383966268,0.01016));
#5885=CARTESIAN_POINT('',(0.0204124045181566,0.0201244383966268,0.0254));
#5886=CARTESIAN_POINT('',(0.021971,0.0201244383966268,0.0254));
#5887=CARTESIAN_POINT('',(0.0235295954818434,0.0201244383966268,0.0254));
#5888=CARTESIAN_POINT('',(0.0235295954818434,0.0201244383966268,0.01016));
#5889=CARTESIAN_POINT('',(0.021971,0.021971,0.01016));
#5890=CARTESIAN_POINT('',(0.021971,0.021971,0.01016));
#5891=CARTESIAN_POINT('',(0.030861,0.021971,0.01016));
#5892=CARTESIAN_POINT('',(0.021971,0.021971,0.));
#5893=CARTESIAN_POINT('',(0.030861,0.021971,0.));
#5894=CARTESIAN_POINT('',(0.021971,0.021971,0.01016));
#5895=CARTESIAN_POINT('',(0.021971,0.021971,0.));
#5896=CARTESIAN_POINT('',(0.021971,0.021971,0.0254));
#5897=CARTESIAN_POINT('',(0.021971,0.0238241329789162,0.));
#5898=CARTESIAN_POINT('',(0.021971,0.021971,0.0254));
#5899=CARTESIAN_POINT('',(0.021971,0.021971,0.01397));
#5900=CARTESIAN_POINT('',(0.021971,0.021971,0.0254));
#5901=CARTESIAN_POINT('',(0.021971,0.021971,0.01016));
#5902=CARTESIAN_POINT('',(0.021971,0.021971,0.165608));
#5903=CARTESIAN_POINT('',(0.021971,0.021971,0.18161));
#5904=CARTESIAN_POINT('',(0.025654,0.021971,0.18161));
#5905=CARTESIAN_POINT('',(0.021971,0.021971,0.18161));
#5906=MECHANICAL_DESIGN_GEOMETRIC_PRESENTATION_REPRESENTATION('',(#186),
#5907);
#5907=(
GEOMETRIC_REPRESENTATION_CONTEXT(3)
GLOBAL_UNCERTAINTY_ASSIGNED_CONTEXT((#5908))
GLOBAL_UNIT_ASSIGNED_CONTEXT((#5911,#5910,#5909))
REPRESENTATION_CONTEXT('Part 8','TOP_LEVEL_ASSEMBLY_PART')
);
#5908=UNCERTAINTY_MEASURE_WITH_UNIT(LENGTH_MEASURE(2.E-5),#5911,
'DISTANCE_ACCURACY_VALUE','Maximum Tolerance applied to model');
#5909=(
NAMED_UNIT(*)
SI_UNIT($,.STERADIAN.)
SOLID_ANGLE_UNIT()
);
#5910=(
NAMED_UNIT(*)
PLANE_ANGLE_UNIT()
SI_UNIT($,.RADIAN.)
);
#5911=(
LENGTH_UNIT()
NAMED_UNIT(*)
SI_UNIT($,.METRE.)
);
#5912=PRODUCT_DEFINITION_SHAPE('','',#5913);
#5913=PRODUCT_DEFINITION('','',#5915,#5914);
#5914=PRODUCT_DEFINITION_CONTEXT('',#5921,'design');
#5915=PRODUCT_DEFINITION_FORMATION_WITH_SPECIFIED_SOURCE('','',#5917,
 .NOT_KNOWN.);
#5916=PRODUCT_RELATED_PRODUCT_CATEGORY('','',(#5917));
#5917=PRODUCT('Part 8','Part 8','Part 8',(#5919));
#5918=PRODUCT_CATEGORY('','');
#5919=PRODUCT_CONTEXT('',#5921,'mechanical');
#5920=APPLICATION_PROTOCOL_DEFINITION('international standard',
'ap242_managed_model_based_3d_engineering',2020,#5921);
#5921=APPLICATION_CONTEXT('managed model based 3d engineering');
ENDSEC;
END-ISO-10303-21;
